SensorLogID,Timestamp,MachineID,Temperature,Pressure,Vibration
"SENS-1","2025-09-18 00:00:00","MAC-20","99.21","307.67","1.254"
"SENS-2","2025-09-18 00:00:00","MAC-21","93.76","316.59","0.906"
"SENS-3","2025-09-18 01:00:00","MAC-20","107.34","305.54","1.412"
"SENS-4","2025-09-18 01:00:00","MAC-21","117.4","332.41","0.712"
"SENS-5","2025-09-18 02:00:00","MAC-20","80.9","317.54","1.269"
"SENS-6","2025-09-18 02:00:00","MAC-21","109.7","345.26","1.11"
"SENS-7","2026-03-15 00:00:00","MAC-10","97.97","329.17","1.349"
"SENS-8","2026-03-15 00:00:00","MAC-11","85.07","344.77","0.945"
"SENS-9","2026-03-15 01:00:00","MAC-10","103.11","343.94","1.135"
"SENS-10","2026-03-15 01:00:00","MAC-11","86.12","300.29","1.416"
"SENS-11","2026-03-15 02:00:00","MAC-10","89","327.89","1.31"
"SENS-12","2026-03-15 02:00:00","MAC-11","99.01","317.01","1.393"
"SENS-13","2026-03-15 03:00:00","MAC-10","91.57","310.12","1.009"
"SENS-14","2026-03-15 03:00:00","MAC-11","104.63","338.27","1.272"
"SENS-15","2026-03-15 04:00:00","MAC-10","91.83","342.04","0.731"
"SENS-16","2026-03-15 04:00:00","MAC-11","90.65","325.38","0.741"
"SENS-17","2026-03-15 05:00:00","MAC-10","115.39","321.15","1.11"
"SENS-18","2026-03-15 05:00:00","MAC-11","102.7","303.61","1.203"
"SENS-19","2026-01-01 00:00:00","MAC-10","108.27","300.45","0.675"
"SENS-20","2026-01-01 00:00:00","MAC-11","97.45","341.07","0.825"
"SENS-21","2026-01-01 01:00:00","MAC-10","83.95","328.34","0.854"
"SENS-22","2026-01-01 01:00:00","MAC-11","115.74","308.48","1.05"
"SENS-23","2026-01-01 02:00:00","MAC-10","88.17","314.51","0.63"
"SENS-24","2026-01-01 02:00:00","MAC-11","96.5","341.09","0.785"
"SENS-25","2026-01-01 03:00:00","MAC-10","115.06","333.63","0.537"
"SENS-26","2026-01-01 03:00:00","MAC-11","117.19","316.5","1.296"
"SENS-27","2026-01-01 04:00:00","MAC-10","80.79","304.19","0.988"
"SENS-28","2026-01-01 04:00:00","MAC-11","92.7","312.54","1.043"
"SENS-29","2026-01-01 05:00:00","MAC-10","110.91","302.72","0.797"
"SENS-30","2026-01-01 05:00:00","MAC-11","84.75","349.57","1.265"
"SENS-31","2026-01-01 06:00:00","MAC-10","89.92","332.03","0.781"
"SENS-32","2026-01-01 06:00:00","MAC-11","81.4","326.35","0.947"
"SENS-33","2026-01-01 07:00:00","MAC-10","80.52","335.61","0.576"
"SENS-34","2026-01-01 07:00:00","MAC-11","80.36","322.89","0.901"
"SENS-35","2026-01-01 08:00:00","MAC-10","96.92","337.93","1.208"
"SENS-36","2026-01-01 08:00:00","MAC-11","118.1","332.95","0.615"
"SENS-37","2025-09-08 00:00:00","MAC-10","105.6","303.62","0.781"
"SENS-38","2025-09-08 00:00:00","MAC-11","114.99","347.94","1.441"
"SENS-39","2025-09-08 01:00:00","MAC-10","85.35","311.74","0.924"
"SENS-40","2025-09-08 01:00:00","MAC-11","97.23","345.75","0.608"
"SENS-41","2025-09-08 02:00:00","MAC-10","114.98","330.95","1.266"
"SENS-42","2025-09-08 02:00:00","MAC-11","111.93","329","0.757"
"SENS-43","2025-09-08 03:00:00","MAC-10","100.18","309.25","1.468"
"SENS-44","2025-09-08 03:00:00","MAC-11","81.04","327.26","1.42"
"SENS-45","2025-09-08 04:00:00","MAC-10","105.96","318.58","1.067"
"SENS-46","2025-09-08 04:00:00","MAC-11","91.31","345.36","0.92"
"SENS-47","2025-09-08 05:00:00","MAC-10","85.88","339.75","0.545"
"SENS-48","2025-09-08 05:00:00","MAC-11","116.26","309.95","0.681"
"SENS-49","2025-09-08 06:00:00","MAC-10","117.53","308.93","0.787"
"SENS-50","2025-09-08 06:00:00","MAC-11","86.75","340.6","1.216"
"SENS-51","2025-09-08 07:00:00","MAC-10","82.07","310.71","1.334"
"SENS-52","2025-09-08 07:00:00","MAC-11","115.36","340.54","1.059"
"SENS-53","2025-09-08 08:00:00","MAC-10","95.04","327.58","0.86"
"SENS-54","2025-09-08 08:00:00","MAC-11","81.47","326.02","1.263"
"SENS-55","2025-09-08 09:00:00","MAC-10","85.53","303.22","1.3"
"SENS-56","2025-09-08 09:00:00","MAC-11","105","310.6","1.231"
"SENS-57","2026-02-09 00:00:00","MAC-30","81.79","330.91","1.049"
"SENS-58","2026-02-09 00:00:00","MAC-31","116.87","313.33","0.558"
"SENS-59","2026-02-09 01:00:00","MAC-30","118.59","305.12","0.628"
"SENS-60","2026-02-09 01:00:00","MAC-31","93.81","308.68","0.928"
"SENS-61","2026-02-09 02:00:00","MAC-30","85.86","326.35","1.476"
"SENS-62","2026-02-09 02:00:00","MAC-31","106.69","347.15","0.967"
"SENS-63","2026-02-09 03:00:00","MAC-30","99.86","303.64","1.171"
"SENS-64","2026-02-09 03:00:00","MAC-31","85.08","330.76","0.692"
"SENS-65","2026-02-09 04:00:00","MAC-30","116.99","330.87","0.67"
"SENS-66","2026-02-09 04:00:00","MAC-31","98.61","333.99","1.049"
"SENS-67","2026-02-09 05:00:00","MAC-30","94.68","333.09","0.759"
"SENS-68","2026-02-09 05:00:00","MAC-31","85.4","305.55","1.192"
"SENS-69","2026-02-09 06:00:00","MAC-30","105.14","320.31","1.056"
"SENS-70","2026-02-09 06:00:00","MAC-31","99.63","315.51","0.752"
"SENS-71","2026-02-09 07:00:00","MAC-30","103.06","328.44","0.588"
"SENS-72","2026-02-09 07:00:00","MAC-31","118.63","310.32","1.057"
"SENS-73","2026-02-09 08:00:00","MAC-30","107.98","326.66","0.987"
"SENS-74","2026-02-09 08:00:00","MAC-31","113.11","315.16","0.935"
"SENS-75","2026-02-09 09:00:00","MAC-30","119.83","343.29","1.291"
"SENS-76","2026-02-09 09:00:00","MAC-31","90.71","328.71","0.789"
"SENS-77","2026-02-09 10:00:00","MAC-30","85.83","320.57","1.334"
"SENS-78","2026-02-09 10:00:00","MAC-31","97.04","343.79","1.203"
"SENS-79","2026-02-09 11:00:00","MAC-30","104.18","328.71","1.484"
"SENS-80","2026-02-09 11:00:00","MAC-31","88.8","333.87","0.886"
"SENS-81","2026-02-09 12:00:00","MAC-30","97.2","337.2","0.952"
"SENS-82","2026-02-09 12:00:00","MAC-31","97.92","348.27","1.059"
"SENS-83","2026-02-09 13:00:00","MAC-30","100.61","311.07","1.3"
"SENS-84","2026-02-09 13:00:00","MAC-31","118.9","307.74","0.739"
"SENS-85","2025-11-04 00:00:00","MAC-30","101.77","310.69","0.529"
"SENS-86","2025-11-04 00:00:00","MAC-31","82.99","330.17","1.11"
"SENS-87","2025-11-04 01:00:00","MAC-30","115.1","320.66","1.247"
"SENS-88","2025-11-04 01:00:00","MAC-31","109.68","339.98","0.931"
"SENS-89","2025-11-04 02:00:00","MAC-30","99.75","346.56","0.811"
"SENS-90","2025-11-04 02:00:00","MAC-31","92.1","316.78","1.465"
"SENS-91","2025-11-04 03:00:00","MAC-30","81.74","319.81","0.874"
"SENS-92","2025-11-04 03:00:00","MAC-31","92.92","310.04","0.519"
"SENS-93","2025-11-04 04:00:00","MAC-30","103.28","309.94","0.843"
"SENS-94","2025-11-04 04:00:00","MAC-31","108.19","338.7","0.827"
"SENS-95","2025-11-04 05:00:00","MAC-30","87.03","338.98","1.376"
"SENS-96","2025-11-04 05:00:00","MAC-31","87.45","310.72","1.392"
"SENS-97","2025-11-04 06:00:00","MAC-30","80.49","316.71","0.65"
"SENS-98","2025-11-04 06:00:00","MAC-31","108.35","343.84","1.442"
"SENS-99","2025-11-04 07:00:00","MAC-30","104.4","329.92","1.027"
"SENS-100","2025-11-04 07:00:00","MAC-31","101.34","301.96","0.753"
"SENS-101","2025-11-04 08:00:00","MAC-30","88.52","342.51","0.918"
"SENS-102","2025-11-04 08:00:00","MAC-31","81","318.85","1.021"
"SENS-103","2026-01-13 00:00:00","MAC-20","88.01","321","0.843"
"SENS-104","2026-01-13 00:00:00","MAC-21","87.52","302.59","0.652"
"SENS-105","2026-01-13 01:00:00","MAC-20","112.84","333.12","0.576"
"SENS-106","2026-01-13 01:00:00","MAC-21","110.39","318.54","0.933"
"SENS-107","2026-01-13 02:00:00","MAC-20","90.14","312.87","0.532"
"SENS-108","2026-01-13 02:00:00","MAC-21","119.79","327.76","1.187"
"SENS-109","2025-08-28 00:00:00","MAC-10","103.34","311.51","1.328"
"SENS-110","2025-08-28 00:00:00","MAC-11","90.78","337.66","0.646"
"SENS-111","2025-08-28 01:00:00","MAC-10","91.8","334.02","0.915"
"SENS-112","2025-08-28 01:00:00","MAC-11","117.72","337.99","0.868"
"SENS-113","2025-10-25 00:00:00","MAC-30","97.99","315.91","0.97"
"SENS-114","2025-10-25 00:00:00","MAC-31","99.94","317.96","1.177"
"SENS-115","2025-10-25 01:00:00","MAC-30","104.9","348.91","0.832"
"SENS-116","2025-10-25 01:00:00","MAC-31","87.47","335.17","0.949"
"SENS-117","2025-10-25 02:00:00","MAC-30","106.4","321.97","1.092"
"SENS-118","2025-10-25 02:00:00","MAC-31","98.7","333.05","0.646"
"SENS-119","2025-10-25 03:00:00","MAC-30","99.29","308.73","0.713"
"SENS-120","2025-10-25 03:00:00","MAC-31","86.92","325.56","0.631"
"SENS-121","2025-10-25 04:00:00","MAC-30","88.05","337.41","1.473"
"SENS-122","2025-10-25 04:00:00","MAC-31","118.93","326.3","0.868"
"SENS-123","2025-10-25 05:00:00","MAC-30","101.34","332.66","1.252"
"SENS-124","2025-10-25 05:00:00","MAC-31","119.82","330.72","0.824"
"SENS-125","2025-10-25 06:00:00","MAC-30","117.87","325.77","1.044"
"SENS-126","2025-10-25 06:00:00","MAC-31","89.72","333.02","0.591"
"SENS-127","2025-10-25 07:00:00","MAC-30","113.13","320.34","1.217"
"SENS-128","2025-10-25 07:00:00","MAC-31","116.36","324.64","1.211"
"SENS-129","2025-10-25 08:00:00","MAC-30","94.32","331.55","1.47"
"SENS-130","2025-10-25 08:00:00","MAC-31","105.74","314.09","1.075"
"SENS-131","2025-10-25 09:00:00","MAC-30","94.24","349.47","0.782"
"SENS-132","2025-10-25 09:00:00","MAC-31","83.93","339.86","1.397"
"SENS-133","2025-10-25 10:00:00","MAC-30","102.47","304.87","0.629"
"SENS-134","2025-10-25 10:00:00","MAC-31","117.77","314.88","1.088"
"SENS-135","2026-02-09 00:00:00","MAC-20","92.72","347.87","0.725"
"SENS-136","2026-02-09 00:00:00","MAC-21","117.05","321.68","0.59"
"SENS-137","2026-02-09 01:00:00","MAC-20","113.62","336.36","1.324"
"SENS-138","2026-02-09 01:00:00","MAC-21","111.33","342.88","1.071"
"SENS-139","2026-02-09 02:00:00","MAC-20","103.46","333.5","0.965"
"SENS-140","2026-02-09 02:00:00","MAC-21","93.24","326.2","0.552"
"SENS-141","2026-02-09 03:00:00","MAC-20","101.95","338.66","1.305"
"SENS-142","2026-02-09 03:00:00","MAC-21","95.53","310.48","1.386"
"SENS-143","2026-02-09 04:00:00","MAC-20","81.6","326.33","1.113"
"SENS-144","2026-02-09 04:00:00","MAC-21","117.77","344.19","1.469"
"SENS-145","2026-02-09 05:00:00","MAC-20","98.75","303.31","1.092"
"SENS-146","2026-02-09 05:00:00","MAC-21","86.96","342.86","1.221"
"SENS-147","2026-02-09 06:00:00","MAC-20","113.07","325.87","0.874"
"SENS-148","2026-02-09 06:00:00","MAC-21","90.89","343.22","0.812"
"SENS-149","2026-02-09 07:00:00","MAC-20","99.91","336.89","1.275"
"SENS-150","2026-02-09 07:00:00","MAC-21","88.63","345.32","1.456"
"SENS-151","2026-02-09 08:00:00","MAC-20","100.67","332.56","0.952"
"SENS-152","2026-02-09 08:00:00","MAC-21","87.74","317.21","0.656"
"SENS-153","2026-02-09 09:00:00","MAC-20","103.07","330.92","0.62"
"SENS-154","2026-02-09 09:00:00","MAC-21","102.45","304.95","1.143"
"SENS-155","2026-01-19 00:00:00","MAC-20","93.79","319.69","1.402"
"SENS-156","2026-01-19 00:00:00","MAC-21","105.65","311.14","0.651"
"SENS-157","2026-01-19 01:00:00","MAC-20","88.74","315.84","0.876"
"SENS-158","2026-01-19 01:00:00","MAC-21","81.08","322.91","0.601"
"SENS-159","2026-01-19 02:00:00","MAC-20","105.31","300.64","1.064"
"SENS-160","2026-01-19 02:00:00","MAC-21","117.49","311.06","1.127"
"SENS-161","2026-01-19 03:00:00","MAC-20","109.16","317.28","1.111"
"SENS-162","2026-01-19 03:00:00","MAC-21","106.78","331.78","1.077"
"SENS-163","2026-01-19 04:00:00","MAC-20","96.02","316.74","0.748"
"SENS-164","2026-01-19 04:00:00","MAC-21","80.8","304.85","1.176"
"SENS-165","2026-01-19 05:00:00","MAC-20","116.71","310.63","0.923"
"SENS-166","2026-01-19 05:00:00","MAC-21","103.04","338.92","1.229"
"SENS-167","2026-01-19 06:00:00","MAC-20","118.91","336.83","1.353"
"SENS-168","2026-01-19 06:00:00","MAC-21","107.6","306.62","0.616"
"SENS-169","2026-01-19 07:00:00","MAC-20","81.1","321.35","0.953"
"SENS-170","2026-01-19 07:00:00","MAC-21","89.68","309.56","1.327"
"SENS-171","2026-01-19 08:00:00","MAC-20","97.4","349.32","0.789"
"SENS-172","2026-01-19 08:00:00","MAC-21","90.4","325.23","1.172"
"SENS-173","2026-01-19 09:00:00","MAC-20","95.99","346.77","0.596"
"SENS-174","2026-01-19 09:00:00","MAC-21","118.51","323.91","0.652"
"SENS-175","2025-09-20 00:00:00","MAC-10","100.42","320.2","0.595"
"SENS-176","2025-09-20 00:00:00","MAC-11","112.72","305.88","1.494"
"SENS-177","2025-09-20 01:00:00","MAC-10","80.02","318.56","1.172"
"SENS-178","2025-09-20 01:00:00","MAC-11","111.89","324.59","0.853"
"SENS-179","2025-09-20 02:00:00","MAC-10","100.79","302.91","0.702"
"SENS-180","2025-09-20 02:00:00","MAC-11","93.95","313.83","1.208"
"SENS-181","2025-09-20 03:00:00","MAC-10","119.4","349.83","1.469"
"SENS-182","2025-09-20 03:00:00","MAC-11","96.08","331.16","0.987"
"SENS-183","2025-09-20 04:00:00","MAC-10","102.08","321.42","0.683"
"SENS-184","2025-09-20 04:00:00","MAC-11","110.96","320.2","1.165"
"SENS-185","2025-09-20 05:00:00","MAC-10","92.12","334.17","0.935"
"SENS-186","2025-09-20 05:00:00","MAC-11","101.71","331.26","1.301"
"SENS-187","2025-09-20 06:00:00","MAC-10","100.65","319.6","1.077"
"SENS-188","2025-09-20 06:00:00","MAC-11","103.07","309.36","1.025"
"SENS-189","2026-02-14 00:00:00","MAC-30","115.4","307.47","1.02"
"SENS-190","2026-02-14 00:00:00","MAC-31","94.18","332.47","1.081"
"SENS-191","2026-02-14 01:00:00","MAC-30","93.86","339.69","1.301"
"SENS-192","2026-02-14 01:00:00","MAC-31","109.69","329.45","1.091"
"SENS-193","2026-02-14 02:00:00","MAC-30","107.59","342.2","1.056"
"SENS-194","2026-02-14 02:00:00","MAC-31","108.02","326.77","0.692"
"SENS-195","2026-02-14 03:00:00","MAC-30","87.04","321.54","1.032"
"SENS-196","2026-02-14 03:00:00","MAC-31","102.74","341.03","0.564"
"SENS-197","2025-06-29 00:00:00","MAC-20","108.74","349.36","0.575"
"SENS-198","2025-06-29 00:00:00","MAC-21","106.52","322.85","1.207"
"SENS-199","2025-06-29 01:00:00","MAC-20","99.64","321.38","1.196"
"SENS-200","2025-06-29 01:00:00","MAC-21","102.63","341.72","0.638"
"SENS-201","2025-06-29 02:00:00","MAC-20","107.58","332.3","0.866"
"SENS-202","2025-06-29 02:00:00","MAC-21","85.19","328.57","1.015"
"SENS-203","2025-06-29 03:00:00","MAC-20","113.68","340.78","0.919"
"SENS-204","2025-06-29 03:00:00","MAC-21","109.47","331.13","1.232"
"SENS-205","2025-06-29 04:00:00","MAC-20","111.81","312.29","1.418"
"SENS-206","2025-06-29 04:00:00","MAC-21","101.34","341.11","0.579"
"SENS-207","2025-06-29 05:00:00","MAC-20","101.7","329.95","0.501"
"SENS-208","2025-06-29 05:00:00","MAC-21","111.42","323.36","0.811"
"SENS-209","2025-06-29 06:00:00","MAC-20","106.72","304.1","1.01"
"SENS-210","2025-06-29 06:00:00","MAC-21","101.31","319.72","1.317"
"SENS-211","2025-06-29 07:00:00","MAC-20","93.58","305.54","1.191"
"SENS-212","2025-06-29 07:00:00","MAC-21","115.29","321.85","0.556"
"SENS-213","2025-06-29 08:00:00","MAC-20","100.43","313.21","1.324"
"SENS-214","2025-06-29 08:00:00","MAC-21","114.4","345.28","0.942"
"SENS-215","2025-06-29 09:00:00","MAC-20","112.27","316.88","1.287"
"SENS-216","2025-06-29 09:00:00","MAC-21","115.09","317.95","1.098"
"SENS-217","2025-09-14 00:00:00","MAC-10","91.45","301.95","0.594"
"SENS-218","2025-09-14 00:00:00","MAC-11","96.9","317.91","1.041"
"SENS-219","2025-09-14 01:00:00","MAC-10","87.53","349.73","1.329"
"SENS-220","2025-09-14 01:00:00","MAC-11","114.76","340.12","1.363"
"SENS-221","2025-09-14 02:00:00","MAC-10","116.53","339.93","1.081"
"SENS-222","2025-09-14 02:00:00","MAC-11","100.07","313.72","1.137"
"SENS-223","2025-09-14 03:00:00","MAC-10","101.95","306.17","0.77"
"SENS-224","2025-09-14 03:00:00","MAC-11","112.62","300.14","0.647"
"SENS-225","2025-09-14 04:00:00","MAC-10","95.59","326","1.175"
"SENS-226","2025-09-14 04:00:00","MAC-11","102.22","329.41","0.803"
"SENS-227","2025-09-14 05:00:00","MAC-10","115.88","312.16","1.309"
"SENS-228","2025-09-14 05:00:00","MAC-11","113.05","304.56","1.477"
"SENS-229","2025-09-14 06:00:00","MAC-10","100.23","346.54","1.387"
"SENS-230","2025-09-14 06:00:00","MAC-11","114.18","334.42","0.521"
"SENS-231","2025-09-14 07:00:00","MAC-10","92.08","314.36","0.894"
"SENS-232","2025-09-14 07:00:00","MAC-11","91.96","340.89","1.122"
"SENS-233","2025-09-14 08:00:00","MAC-10","115.21","339.47","0.644"
"SENS-234","2025-09-14 08:00:00","MAC-11","90.76","316.69","1.1"
"SENS-235","2025-11-14 00:00:00","MAC-20","96.55","314.3","1.467"
"SENS-236","2025-11-14 00:00:00","MAC-21","81.83","332.85","0.523"
"SENS-237","2025-11-14 01:00:00","MAC-20","102.29","335.17","0.644"
"SENS-238","2025-11-14 01:00:00","MAC-21","86.11","317.59","1.142"
"SENS-239","2025-11-14 02:00:00","MAC-20","104.5","323.09","1.024"
"SENS-240","2025-11-14 02:00:00","MAC-21","116","308.95","0.632"
"SENS-241","2025-12-08 00:00:00","MAC-30","82.26","341.71","1.4"
"SENS-242","2025-12-08 00:00:00","MAC-31","106.77","325.14","1.382"
"SENS-243","2025-12-08 01:00:00","MAC-30","114.11","306.82","0.984"
"SENS-244","2025-12-08 01:00:00","MAC-31","80.8","329.59","0.515"
"SENS-245","2025-12-08 02:00:00","MAC-30","116.24","337.49","1.273"
"SENS-246","2025-12-08 02:00:00","MAC-31","117.15","316.07","0.711"
"SENS-247","2025-12-08 03:00:00","MAC-30","103.52","311.27","1.307"
"SENS-248","2025-12-08 03:00:00","MAC-31","99.44","346.94","0.678"
"SENS-249","2025-12-08 04:00:00","MAC-30","87.56","308.66","1.328"
"SENS-250","2025-12-08 04:00:00","MAC-31","111.31","347.98","0.61"
"SENS-251","2025-12-08 05:00:00","MAC-30","89.49","300.65","0.671"
"SENS-252","2025-12-08 05:00:00","MAC-31","81.2","331.75","0.525"
"SENS-253","2025-12-08 06:00:00","MAC-30","114","344.69","0.752"
"SENS-254","2025-12-08 06:00:00","MAC-31","117.48","310.15","0.763"
"SENS-255","2025-12-08 07:00:00","MAC-30","106.63","339.8","0.681"
"SENS-256","2025-12-08 07:00:00","MAC-31","94.89","312.82","1"
"SENS-257","2025-12-08 08:00:00","MAC-30","113.05","330.15","0.63"
"SENS-258","2025-12-08 08:00:00","MAC-31","106.85","307.51","1.463"
"SENS-259","2025-12-08 09:00:00","MAC-30","83.76","306.8","1.227"
"SENS-260","2025-12-08 09:00:00","MAC-31","107.4","347.65","1.217"
"SENS-261","2025-12-08 10:00:00","MAC-30","118.11","313.48","1.052"
"SENS-262","2025-12-08 10:00:00","MAC-31","117.27","317.16","0.91"
"SENS-263","2026-01-10 00:00:00","MAC-10","114.04","313.09","0.721"
"SENS-264","2026-01-10 00:00:00","MAC-11","86.54","322.38","1.474"
"SENS-265","2026-01-10 01:00:00","MAC-10","116.15","318.22","1.431"
"SENS-266","2026-01-10 01:00:00","MAC-11","115.11","317.53","0.706"
"SENS-267","2026-01-10 02:00:00","MAC-10","113.51","315.28","0.848"
"SENS-268","2026-01-10 02:00:00","MAC-11","112.26","330.6","0.672"
"SENS-269","2026-01-10 03:00:00","MAC-10","112.21","329.39","1.206"
"SENS-270","2026-01-10 03:00:00","MAC-11","97.56","303.98","0.841"
"SENS-271","2026-01-10 04:00:00","MAC-10","107.6","309.94","0.871"
"SENS-272","2026-01-10 04:00:00","MAC-11","110.53","325.8","1.441"
"SENS-273","2026-01-10 05:00:00","MAC-10","85.6","328.09","0.808"
"SENS-274","2026-01-10 05:00:00","MAC-11","94.72","343.7","0.505"
"SENS-275","2026-01-10 06:00:00","MAC-10","117.12","313.31","1.294"
"SENS-276","2026-01-10 06:00:00","MAC-11","112.85","311.73","1.202"
"SENS-277","2026-01-10 07:00:00","MAC-10","101.36","305.11","0.816"
"SENS-278","2026-01-10 07:00:00","MAC-11","108.32","300.56","0.943"
"SENS-279","2026-01-22 00:00:00","MAC-10","102.43","310.78","0.553"
"SENS-280","2026-01-22 00:00:00","MAC-11","80.12","338.7","0.669"
"SENS-281","2026-01-22 01:00:00","MAC-10","87.92","337.5","1.179"
"SENS-282","2026-01-22 01:00:00","MAC-11","103.18","326.86","1.07"
"SENS-283","2026-01-22 02:00:00","MAC-10","83.46","312.8","0.553"
"SENS-284","2026-01-22 02:00:00","MAC-11","86.38","339.79","1.46"
"SENS-285","2025-06-24 00:00:00","MAC-10","107.34","308.4","0.914"
"SENS-286","2025-06-24 00:00:00","MAC-11","94.25","347.41","0.534"
"SENS-287","2025-06-24 01:00:00","MAC-10","93.4","339.9","0.58"
"SENS-288","2025-06-24 01:00:00","MAC-11","80.78","318.26","0.993"
"SENS-289","2025-06-24 02:00:00","MAC-10","96.99","348.55","1.352"
"SENS-290","2025-06-24 02:00:00","MAC-11","88.01","321.33","1.17"
"SENS-291","2025-06-24 03:00:00","MAC-10","88.52","313.11","1.263"
"SENS-292","2025-06-24 03:00:00","MAC-11","84.75","341.88","1.017"
"SENS-293","2025-06-24 04:00:00","MAC-10","107.56","302.79","0.925"
"SENS-294","2025-06-24 04:00:00","MAC-11","119.33","306.62","1.39"
"SENS-295","2025-06-24 05:00:00","MAC-10","84.06","316.11","0.811"
"SENS-296","2025-06-24 05:00:00","MAC-11","107.2","326.38","0.849"
"SENS-297","2025-06-24 06:00:00","MAC-10","115.58","324.42","1.239"
"SENS-298","2025-06-24 06:00:00","MAC-11","113.67","305.49","1.163"
"SENS-299","2025-06-24 07:00:00","MAC-10","102.08","301.34","0.964"
"SENS-300","2025-06-24 07:00:00","MAC-11","95.84","310.28","0.79"
"SENS-301","2025-06-24 08:00:00","MAC-10","103.07","313.78","1.316"
"SENS-302","2025-06-24 08:00:00","MAC-11","84.39","307.18","0.923"
"SENS-303","2025-06-24 09:00:00","MAC-10","86.9","319.22","0.742"
"SENS-304","2025-06-24 09:00:00","MAC-11","93.79","343.64","0.79"
"SENS-305","2025-06-24 10:00:00","MAC-10","83.23","320.68","0.966"
"SENS-306","2025-06-24 10:00:00","MAC-11","119.66","306.79","1.393"
"SENS-307","2025-06-24 11:00:00","MAC-10","104.16","346.65","0.688"
"SENS-308","2025-06-24 11:00:00","MAC-11","105.53","305.13","1.348"
"SENS-309","2025-06-24 12:00:00","MAC-10","97.22","301.22","1.386"
"SENS-310","2025-06-24 12:00:00","MAC-11","108.52","336.56","1.245"
"SENS-311","2025-12-04 00:00:00","MAC-30","83.89","311.07","1.31"
"SENS-312","2025-12-04 00:00:00","MAC-31","101.61","338.37","1.454"
"SENS-313","2025-12-04 01:00:00","MAC-30","97.62","301.57","1.005"
"SENS-314","2025-12-04 01:00:00","MAC-31","91.56","347.08","0.707"
"SENS-315","2025-12-04 02:00:00","MAC-30","83.16","301.57","0.526"
"SENS-316","2025-12-04 02:00:00","MAC-31","105.68","315.31","1.287"
"SENS-317","2025-12-04 03:00:00","MAC-30","89.49","314.29","1.337"
"SENS-318","2025-12-04 03:00:00","MAC-31","91.59","313.9","1.182"
"SENS-319","2025-12-04 04:00:00","MAC-30","85.74","311.66","1.073"
"SENS-320","2025-12-04 04:00:00","MAC-31","91.15","317.33","0.863"
"SENS-321","2025-12-04 05:00:00","MAC-30","84.51","308.22","1.158"
"SENS-322","2025-12-04 05:00:00","MAC-31","87.44","332.47","0.669"
"SENS-323","2025-12-04 06:00:00","MAC-30","108.54","349.1","0.735"
"SENS-324","2025-12-04 06:00:00","MAC-31","92.25","306.04","0.841"
"SENS-325","2025-12-04 07:00:00","MAC-30","100.93","343.47","1.397"
"SENS-326","2025-12-04 07:00:00","MAC-31","83.89","342.9","1.066"
"SENS-327","2025-12-04 08:00:00","MAC-30","106.29","337.66","1.132"
"SENS-328","2025-12-04 08:00:00","MAC-31","115.57","333.64","0.621"
"SENS-329","2025-12-04 09:00:00","MAC-30","88.67","318.19","1.024"
"SENS-330","2025-12-04 09:00:00","MAC-31","80.04","338.26","0.985"
"SENS-331","2025-12-04 10:00:00","MAC-30","91.29","323.93","0.684"
"SENS-332","2025-12-04 10:00:00","MAC-31","91.89","334.81","0.951"
"SENS-333","2025-12-08 00:00:00","MAC-20","108.23","318.23","0.598"
"SENS-334","2025-12-08 00:00:00","MAC-21","99.37","328.07","1.055"
"SENS-335","2025-12-08 01:00:00","MAC-20","97.88","347.7","0.759"
"SENS-336","2025-12-08 01:00:00","MAC-21","114.33","340.56","1.048"
"SENS-337","2025-12-08 02:00:00","MAC-20","86.73","343","0.732"
"SENS-338","2025-12-08 02:00:00","MAC-21","106.4","301.34","1.124"
"SENS-339","2025-12-08 03:00:00","MAC-20","117.45","316.41","1.041"
"SENS-340","2025-12-08 03:00:00","MAC-21","85.11","321.32","1.318"
"SENS-341","2025-12-08 04:00:00","MAC-20","110.79","324.21","0.567"
"SENS-342","2025-12-08 04:00:00","MAC-21","114.01","342.08","1.212"
"SENS-343","2025-12-08 05:00:00","MAC-20","111.83","347.01","1.315"
"SENS-344","2025-12-08 05:00:00","MAC-21","95.18","302.48","1.408"
"SENS-345","2025-12-08 06:00:00","MAC-20","112.72","319.74","0.529"
"SENS-346","2025-12-08 06:00:00","MAC-21","111.61","304.56","1.404"
"SENS-347","2025-12-08 07:00:00","MAC-20","110.05","328.14","0.761"
"SENS-348","2025-12-08 07:00:00","MAC-21","95.4","306.64","1.419"
"SENS-349","2025-12-08 08:00:00","MAC-20","118.4","313.75","0.88"
"SENS-350","2025-12-08 08:00:00","MAC-21","109.28","326.82","1.202"
"SENS-351","2025-12-08 09:00:00","MAC-20","83.03","304.55","0.643"
"SENS-352","2025-12-08 09:00:00","MAC-21","96.87","326.81","0.648"
"SENS-353","2025-12-08 10:00:00","MAC-20","108.26","321.01","1.412"
"SENS-354","2025-12-08 10:00:00","MAC-21","112.4","335.71","0.953"
"SENS-355","2025-12-08 11:00:00","MAC-20","107.81","335.27","1.489"
"SENS-356","2025-12-08 11:00:00","MAC-21","88.41","308.54","1.275"
"SENS-357","2025-12-08 12:00:00","MAC-20","85.31","318.41","1.108"
"SENS-358","2025-12-08 12:00:00","MAC-21","96.87","306","0.9"
"SENS-359","2025-12-08 13:00:00","MAC-20","106.77","327.38","0.573"
"SENS-360","2025-12-08 13:00:00","MAC-21","107.12","345.55","0.735"
"SENS-361","2025-12-08 14:00:00","MAC-20","113.78","341.91","1.38"
"SENS-362","2025-12-08 14:00:00","MAC-21","108.28","304.49","1.374"
"SENS-363","2025-12-08 15:00:00","MAC-20","89.43","328.48","1.308"
"SENS-364","2025-12-08 15:00:00","MAC-21","96.44","349.19","1.409"
"SENS-365","2025-08-09 00:00:00","MAC-10","95.84","330","1.325"
"SENS-366","2025-08-09 00:00:00","MAC-11","87.16","346.9","0.827"
"SENS-367","2025-08-09 01:00:00","MAC-10","106.21","324.99","0.634"
"SENS-368","2025-08-09 01:00:00","MAC-11","112.2","312.01","0.55"
"SENS-369","2025-08-09 02:00:00","MAC-10","105.96","313.46","1.127"
"SENS-370","2025-08-09 02:00:00","MAC-11","87.16","313.07","0.827"
"SENS-371","2025-08-09 03:00:00","MAC-10","113.99","321.85","1.355"
"SENS-372","2025-08-09 03:00:00","MAC-11","98.1","322.91","0.782"
"SENS-373","2025-08-09 04:00:00","MAC-10","104.12","339.57","1.254"
"SENS-374","2025-08-09 04:00:00","MAC-11","118.16","313.27","0.524"
"SENS-375","2025-08-09 05:00:00","MAC-10","102.72","317.02","1.047"
"SENS-376","2025-08-09 05:00:00","MAC-11","96.9","323.38","1.305"
"SENS-377","2025-08-09 06:00:00","MAC-10","114.71","339.26","0.645"
"SENS-378","2025-08-09 06:00:00","MAC-11","87.73","347","0.943"
"SENS-379","2025-07-16 00:00:00","MAC-30","89.11","321.68","1.187"
"SENS-380","2025-07-16 00:00:00","MAC-31","91.17","300.95","0.636"
"SENS-381","2025-07-16 01:00:00","MAC-30","98.75","348.97","1.413"
"SENS-382","2025-07-16 01:00:00","MAC-31","118.64","348.35","1.252"
"SENS-383","2025-07-16 02:00:00","MAC-30","106.19","325.17","0.81"
"SENS-384","2025-07-16 02:00:00","MAC-31","118.98","323.89","1.187"
"SENS-385","2025-07-16 03:00:00","MAC-30","98.24","340.33","1.311"
"SENS-386","2025-07-16 03:00:00","MAC-31","97.68","342.59","1.017"
"SENS-387","2025-07-16 04:00:00","MAC-30","105","307.05","1.201"
"SENS-388","2025-07-16 04:00:00","MAC-31","115.25","310.62","0.948"
"SENS-389","2025-07-16 05:00:00","MAC-30","101.48","314.81","1.268"
"SENS-390","2025-07-16 05:00:00","MAC-31","84.59","310.21","1.427"
"SENS-391","2025-07-16 06:00:00","MAC-30","107","309.66","0.708"
"SENS-392","2025-07-16 06:00:00","MAC-31","109.28","341.37","1.093"
"SENS-393","2025-07-16 07:00:00","MAC-30","101","300.4","0.711"
"SENS-394","2025-07-16 07:00:00","MAC-31","82.09","316.42","1.4"
"SENS-395","2025-05-31 00:00:00","MAC-10","84.31","349.82","0.536"
"SENS-396","2025-05-31 00:00:00","MAC-11","112.4","305.49","1.416"
"SENS-397","2025-05-31 01:00:00","MAC-10","98.66","349.33","1.256"
"SENS-398","2025-05-31 01:00:00","MAC-11","103.87","314.62","0.557"
"SENS-399","2025-05-31 02:00:00","MAC-10","108.04","300.13","1.295"
"SENS-400","2025-05-31 02:00:00","MAC-11","110.17","307.32","1.25"
"SENS-401","2025-05-31 03:00:00","MAC-10","86.53","307.65","1.455"
"SENS-402","2025-05-31 03:00:00","MAC-11","82.48","317.63","0.706"
"SENS-403","2025-05-31 04:00:00","MAC-10","84.94","335.19","1.209"
"SENS-404","2025-05-31 04:00:00","MAC-11","111.12","321.72","1.163"
"SENS-405","2025-05-31 05:00:00","MAC-10","94.59","318.3","1.384"
"SENS-406","2025-05-31 05:00:00","MAC-11","85.96","301.46","0.782"
"SENS-407","2025-05-31 06:00:00","MAC-10","96.48","332.44","1.19"
"SENS-408","2025-05-31 06:00:00","MAC-11","82.94","320.83","1.313"
"SENS-409","2025-05-31 07:00:00","MAC-10","88.17","340.39","1.201"
"SENS-410","2025-05-31 07:00:00","MAC-11","110.64","340.56","1.159"
"SENS-411","2025-05-31 08:00:00","MAC-10","103.78","322.09","0.635"
"SENS-412","2025-05-31 08:00:00","MAC-11","113.17","313.13","1.198"
"SENS-413","2025-05-31 09:00:00","MAC-10","117.67","325.98","1.2"
"SENS-414","2025-05-31 09:00:00","MAC-11","107.47","333.32","0.905"
"SENS-415","2025-05-31 10:00:00","MAC-10","95.01","333.17","1.198"
"SENS-416","2025-05-31 10:00:00","MAC-11","100.1","315.39","1.094"
"SENS-417","2025-05-31 11:00:00","MAC-10","119.26","303.86","1.071"
"SENS-418","2025-05-31 11:00:00","MAC-11","118.92","325.97","0.741"
"SENS-419","2025-10-21 00:00:00","MAC-10","93.3","305.22","0.689"
"SENS-420","2025-10-21 00:00:00","MAC-11","114.33","346.78","1.043"
"SENS-421","2025-10-21 01:00:00","MAC-10","90.21","315.79","0.79"
"SENS-422","2025-10-21 01:00:00","MAC-11","99","315.69","1.269"
"SENS-423","2025-10-21 02:00:00","MAC-10","80.3","300.65","1.302"
"SENS-424","2025-10-21 02:00:00","MAC-11","97.83","343.65","1.46"
"SENS-425","2025-10-21 03:00:00","MAC-10","83.24","301.59","1.452"
"SENS-426","2025-10-21 03:00:00","MAC-11","87.84","302.51","0.742"
"SENS-427","2025-10-21 04:00:00","MAC-10","86.93","342.59","0.792"
"SENS-428","2025-10-21 04:00:00","MAC-11","100.14","322.5","1.402"
"SENS-429","2025-10-21 05:00:00","MAC-10","86.3","348.94","1.176"
"SENS-430","2025-10-21 05:00:00","MAC-11","100.69","344.09","1.471"
"SENS-431","2026-01-09 00:00:00","MAC-30","87.15","317.06","0.602"
"SENS-432","2026-01-09 00:00:00","MAC-31","103.12","324.81","0.521"
"SENS-433","2026-01-09 01:00:00","MAC-30","87.08","310.07","0.654"
"SENS-434","2026-01-09 01:00:00","MAC-31","90.36","327.71","1.174"
"SENS-435","2026-01-09 02:00:00","MAC-30","117.27","302.64","1.138"
"SENS-436","2026-01-09 02:00:00","MAC-31","90.1","349.65","0.809"
"SENS-437","2026-01-09 03:00:00","MAC-30","105.64","315.22","0.718"
"SENS-438","2026-01-09 03:00:00","MAC-31","113.88","316.02","1.413"
"SENS-439","2026-01-09 04:00:00","MAC-30","109.19","310.66","1.079"
"SENS-440","2026-01-09 04:00:00","MAC-31","107.6","338.04","1.225"
"SENS-441","2026-01-09 05:00:00","MAC-30","104.35","326.75","1.444"
"SENS-442","2026-01-09 05:00:00","MAC-31","86.06","332.99","0.608"
"SENS-443","2026-01-09 06:00:00","MAC-30","80.35","341.92","0.515"
"SENS-444","2026-01-09 06:00:00","MAC-31","113.71","346.51","0.711"
"SENS-445","2025-08-20 00:00:00","MAC-20","103.56","348.37","1.366"
"SENS-446","2025-08-20 00:00:00","MAC-21","101.11","337.83","0.661"
"SENS-447","2025-08-20 01:00:00","MAC-20","110.87","337.67","1.151"
"SENS-448","2025-08-20 01:00:00","MAC-21","114.2","335.2","1.21"
"SENS-449","2025-08-20 02:00:00","MAC-20","118.78","305.59","1.005"
"SENS-450","2025-08-20 02:00:00","MAC-21","95.06","315.8","0.916"
"SENS-451","2025-08-20 03:00:00","MAC-20","90.29","325.1","0.569"
"SENS-452","2025-08-20 03:00:00","MAC-21","111.29","334.72","0.535"
"SENS-453","2025-08-20 04:00:00","MAC-20","86.54","344.58","0.814"
"SENS-454","2025-08-20 04:00:00","MAC-21","108.63","332.89","1.225"
"SENS-455","2025-08-20 05:00:00","MAC-20","82.13","309.26","0.927"
"SENS-456","2025-08-20 05:00:00","MAC-21","101.78","305.63","1.484"
"SENS-457","2025-08-20 06:00:00","MAC-20","92.91","345.43","1.182"
"SENS-458","2025-08-20 06:00:00","MAC-21","115.24","307.24","0.908"
"SENS-459","2025-08-20 07:00:00","MAC-20","84.68","324.58","1.203"
"SENS-460","2025-08-20 07:00:00","MAC-21","87.2","318.53","0.815"
"SENS-461","2025-07-28 00:00:00","MAC-10","81.84","300.65","0.571"
"SENS-462","2025-07-28 00:00:00","MAC-11","111.94","304.21","1.393"
"SENS-463","2025-07-28 01:00:00","MAC-10","82.83","329.57","0.815"
"SENS-464","2025-07-28 01:00:00","MAC-11","119.72","314.38","1.084"
"SENS-465","2025-07-28 02:00:00","MAC-10","80.7","336.17","1.497"
"SENS-466","2025-07-28 02:00:00","MAC-11","89.03","342.45","0.966"
"SENS-467","2025-07-28 03:00:00","MAC-10","81.07","301.49","1.428"
"SENS-468","2025-07-28 03:00:00","MAC-11","110.21","314.36","1.139"
"SENS-469","2025-07-28 04:00:00","MAC-10","101.47","338.99","1.372"
"SENS-470","2025-07-28 04:00:00","MAC-11","104.3","327.99","0.873"
"SENS-471","2025-07-28 05:00:00","MAC-10","99.93","319.42","0.594"
"SENS-472","2025-07-28 05:00:00","MAC-11","93.39","328.09","1.281"
"SENS-473","2025-07-28 06:00:00","MAC-10","80.7","330.19","0.662"
"SENS-474","2025-07-28 06:00:00","MAC-11","110.09","305.09","0.818"
"SENS-475","2025-07-28 07:00:00","MAC-10","111.59","343.26","0.934"
"SENS-476","2025-07-28 07:00:00","MAC-11","89.82","310.63","1.464"
"SENS-477","2025-10-26 00:00:00","MAC-20","111.04","334.29","1.472"
"SENS-478","2025-10-26 00:00:00","MAC-21","116.48","339","1.097"
"SENS-479","2025-10-26 01:00:00","MAC-20","119.69","336.03","1.231"
"SENS-480","2025-10-26 01:00:00","MAC-21","99.67","313.72","0.741"
"SENS-481","2025-10-26 02:00:00","MAC-20","95.7","316.22","1.249"
"SENS-482","2025-10-26 02:00:00","MAC-21","102.63","321.93","1.464"
"SENS-483","2025-10-26 03:00:00","MAC-20","88.08","305.79","1.439"
"SENS-484","2025-10-26 03:00:00","MAC-21","102.82","333.27","1.272"
"SENS-485","2025-04-04 00:00:00","MAC-20","98.4","304.01","0.693"
"SENS-486","2025-04-04 00:00:00","MAC-21","91.32","306.45","0.508"
"SENS-487","2025-04-04 01:00:00","MAC-20","92.79","324.86","1.106"
"SENS-488","2025-04-04 01:00:00","MAC-21","87.99","317.86","0.763"
"SENS-489","2025-12-08 00:00:00","MAC-20","84.34","328.84","0.776"
"SENS-490","2025-12-08 00:00:00","MAC-21","108.75","332.19","1.125"
"SENS-491","2025-12-08 01:00:00","MAC-20","85.9","333.52","1.115"
"SENS-492","2025-12-08 01:00:00","MAC-21","84.37","310.07","0.565"
"SENS-493","2025-12-08 02:00:00","MAC-20","81.32","310.59","1.369"
"SENS-494","2025-12-08 02:00:00","MAC-21","99.73","330.6","0.689"
"SENS-495","2025-12-08 03:00:00","MAC-20","90.42","325.09","0.743"
"SENS-496","2025-12-08 03:00:00","MAC-21","85.5","325.31","0.989"
"SENS-497","2025-12-08 04:00:00","MAC-20","99.84","306.76","1.474"
"SENS-498","2025-12-08 04:00:00","MAC-21","83.71","329.52","1.301"
"SENS-499","2025-12-08 05:00:00","MAC-20","95.74","310.59","0.862"
"SENS-500","2025-12-08 05:00:00","MAC-21","113.62","306.95","1.492"
"SENS-501","2025-12-08 06:00:00","MAC-20","86.47","317.09","1.402"
"SENS-502","2025-12-08 06:00:00","MAC-21","119.01","348.37","0.942"
"SENS-503","2025-12-08 07:00:00","MAC-20","87.57","304.93","1.118"
"SENS-504","2025-12-08 07:00:00","MAC-21","102.02","340.16","1.261"
"SENS-505","2025-12-08 08:00:00","MAC-20","90.47","344.08","0.521"
"SENS-506","2025-12-08 08:00:00","MAC-21","82.89","323.53","0.712"
"SENS-507","2025-12-08 09:00:00","MAC-20","104.5","339.22","0.905"
"SENS-508","2025-12-08 09:00:00","MAC-21","98.18","336.5","1.424"
"SENS-509","2025-12-08 10:00:00","MAC-20","92.74","307.76","0.592"
"SENS-510","2025-12-08 10:00:00","MAC-21","115.42","337.68","1.475"
"SENS-511","2025-12-08 11:00:00","MAC-20","94.35","319.62","0.637"
"SENS-512","2025-12-08 11:00:00","MAC-21","82.83","324.27","0.903"
"SENS-513","2025-12-08 12:00:00","MAC-20","94.78","322.06","0.533"
"SENS-514","2025-12-08 12:00:00","MAC-21","86.49","307.2","0.701"
"SENS-515","2025-12-08 13:00:00","MAC-20","113.42","324.05","0.708"
"SENS-516","2025-12-08 13:00:00","MAC-21","90.36","339.71","0.955"
"SENS-517","2025-12-08 14:00:00","MAC-20","85.13","320.78","0.869"
"SENS-518","2025-12-08 14:00:00","MAC-21","93.19","303.6","0.97"
"SENS-519","2025-12-08 15:00:00","MAC-20","104.73","316.59","1.389"
"SENS-520","2025-12-08 15:00:00","MAC-21","86.55","326.35","1.175"
"SENS-521","2025-05-27 00:00:00","MAC-20","101.99","328.1","1.286"
"SENS-522","2025-05-27 00:00:00","MAC-21","100.03","320.55","0.88"
"SENS-523","2025-05-27 01:00:00","MAC-20","118.73","328","1.451"
"SENS-524","2025-05-27 01:00:00","MAC-21","83.89","330.3","0.523"
"SENS-525","2025-05-27 02:00:00","MAC-20","100.35","339.19","1.37"
"SENS-526","2025-05-27 02:00:00","MAC-21","108.44","345.53","1.053"
"SENS-527","2025-05-27 03:00:00","MAC-20","95.3","303.76","0.963"
"SENS-528","2025-05-27 03:00:00","MAC-21","100.61","343.95","0.906"
"SENS-529","2025-05-27 04:00:00","MAC-20","92.94","349.62","1.247"
"SENS-530","2025-05-27 04:00:00","MAC-21","81.03","329.56","0.931"
"SENS-531","2025-05-27 05:00:00","MAC-20","96.7","307.52","1.115"
"SENS-532","2025-05-27 05:00:00","MAC-21","99.45","318.41","1.455"
"SENS-533","2026-02-20 00:00:00","MAC-20","116.35","334.9","1.07"
"SENS-534","2026-02-20 00:00:00","MAC-21","87.76","322.71","0.884"
"SENS-535","2026-02-20 01:00:00","MAC-20","118.02","302.02","1.078"
"SENS-536","2026-02-20 01:00:00","MAC-21","98.92","337.7","0.6"
"SENS-537","2026-02-20 02:00:00","MAC-20","90.64","341.18","1.41"
"SENS-538","2026-02-20 02:00:00","MAC-21","95.16","342.59","1.185"
"SENS-539","2026-02-20 03:00:00","MAC-20","106.25","305.89","1.384"
"SENS-540","2026-02-20 03:00:00","MAC-21","98.73","310.99","1.187"
"SENS-541","2026-02-20 04:00:00","MAC-20","82.54","325.77","1.404"
"SENS-542","2026-02-20 04:00:00","MAC-21","106.79","340.29","0.843"
"SENS-543","2026-02-20 05:00:00","MAC-20","81.85","323.34","1.477"
"SENS-544","2026-02-20 05:00:00","MAC-21","113.47","342.82","0.967"
"SENS-545","2026-02-20 06:00:00","MAC-20","97.07","339.2","0.763"
"SENS-546","2026-02-20 06:00:00","MAC-21","94.92","303.71","1.479"
"SENS-547","2026-02-20 07:00:00","MAC-20","118.66","307.53","0.79"
"SENS-548","2026-02-20 07:00:00","MAC-21","83.05","317.27","0.562"
"SENS-549","2026-02-20 08:00:00","MAC-20","92.6","316.09","0.73"
"SENS-550","2026-02-20 08:00:00","MAC-21","117.93","342.99","1.487"
"SENS-551","2026-02-20 09:00:00","MAC-20","97.74","328.65","1.028"
"SENS-552","2026-02-20 09:00:00","MAC-21","88.45","306.61","1.367"
"SENS-553","2026-02-20 10:00:00","MAC-20","101.72","333.52","1.443"
"SENS-554","2026-02-20 10:00:00","MAC-21","117.88","343.3","0.883"
"SENS-555","2026-02-25 00:00:00","MAC-20","119.53","349.27","1.395"
"SENS-556","2026-02-25 00:00:00","MAC-21","101.79","309.67","1.399"
"SENS-557","2026-02-25 01:00:00","MAC-20","101.12","345.92","1.262"
"SENS-558","2026-02-25 01:00:00","MAC-21","105.8","335.69","0.761"
"SENS-559","2026-02-25 02:00:00","MAC-20","114.46","315.35","1.266"
"SENS-560","2026-02-25 02:00:00","MAC-21","115.69","342.21","1.404"
"SENS-561","2026-02-25 03:00:00","MAC-20","101.7","345.37","0.66"
"SENS-562","2026-02-25 03:00:00","MAC-21","101.04","349.53","1.01"
"SENS-563","2026-02-25 04:00:00","MAC-20","82.1","311.42","0.695"
"SENS-564","2026-02-25 04:00:00","MAC-21","94.03","321.42","1.007"
"SENS-565","2026-02-25 05:00:00","MAC-20","88.65","320.65","1.269"
"SENS-566","2026-02-25 05:00:00","MAC-21","113.02","347.39","1.18"
"SENS-567","2026-02-25 06:00:00","MAC-20","118.29","309.12","0.662"
"SENS-568","2026-02-25 06:00:00","MAC-21","104.79","333.23","0.695"
"SENS-569","2026-02-25 07:00:00","MAC-20","117.08","338.82","1.369"
"SENS-570","2026-02-25 07:00:00","MAC-21","82.57","318.46","0.707"
"SENS-571","2026-02-25 08:00:00","MAC-20","86.64","325.02","1.097"
"SENS-572","2026-02-25 08:00:00","MAC-21","108.3","326.11","1.195"
"SENS-573","2025-09-07 00:00:00","MAC-30","106.5","317.33","1.151"
"SENS-574","2025-09-07 00:00:00","MAC-31","113.4","300.89","0.947"
"SENS-575","2025-09-07 01:00:00","MAC-30","97.84","327.08","1.138"
"SENS-576","2025-09-07 01:00:00","MAC-31","84.08","330.59","1.003"
"SENS-577","2025-09-07 02:00:00","MAC-30","111.66","335.2","0.959"
"SENS-578","2025-09-07 02:00:00","MAC-31","106.27","308.72","0.764"
"SENS-579","2025-12-03 00:00:00","MAC-10","102","303.2","0.521"
"SENS-580","2025-12-03 00:00:00","MAC-11","116.66","337.23","1.071"
"SENS-581","2025-12-03 01:00:00","MAC-10","83.45","340.2","0.812"
"SENS-582","2025-12-03 01:00:00","MAC-11","116.09","347.88","1.494"
"SENS-583","2025-12-03 02:00:00","MAC-10","87.92","318.93","0.785"
"SENS-584","2025-12-03 02:00:00","MAC-11","112.45","320.74","1.051"
"SENS-585","2025-04-12 00:00:00","MAC-30","87.43","326.14","1.311"
"SENS-586","2025-04-12 00:00:00","MAC-31","113.04","303.13","0.525"
"SENS-587","2025-04-12 01:00:00","MAC-30","110.21","341.19","0.793"
"SENS-588","2025-04-12 01:00:00","MAC-31","103.3","311.93","1.423"
"SENS-589","2025-04-12 02:00:00","MAC-30","87.38","302.62","0.918"
"SENS-590","2025-04-12 02:00:00","MAC-31","84.54","334.97","1.266"
"SENS-591","2025-04-12 03:00:00","MAC-30","112.97","327.75","1.289"
"SENS-592","2025-04-12 03:00:00","MAC-31","95.41","317.12","0.76"
"SENS-593","2025-04-12 04:00:00","MAC-30","99.57","313.6","1.218"
"SENS-594","2025-04-12 04:00:00","MAC-31","83.23","304.22","0.93"
"SENS-595","2025-04-12 05:00:00","MAC-30","101.71","326.83","1.236"
"SENS-596","2025-04-12 05:00:00","MAC-31","112.85","332.1","0.59"
"SENS-597","2025-04-12 06:00:00","MAC-30","98.6","315.03","1.12"
"SENS-598","2025-04-12 06:00:00","MAC-31","85.84","349.64","0.915"
"SENS-599","2025-09-16 00:00:00","MAC-30","82.92","339.7","0.691"
"SENS-600","2025-09-16 00:00:00","MAC-31","104.42","302.52","1.102"
"SENS-601","2025-09-16 01:00:00","MAC-30","119.25","321.12","0.75"
"SENS-602","2025-09-16 01:00:00","MAC-31","110.6","305.27","1.25"
"SENS-603","2025-09-16 02:00:00","MAC-30","103.56","335.58","1.178"
"SENS-604","2025-09-16 02:00:00","MAC-31","82.18","338.66","1.474"
"SENS-605","2025-09-16 03:00:00","MAC-30","86.58","348.62","1.027"
"SENS-606","2025-09-16 03:00:00","MAC-31","119.47","314.52","1.468"
"SENS-607","2025-09-16 04:00:00","MAC-30","112.45","315.15","0.884"
"SENS-608","2025-09-16 04:00:00","MAC-31","114.8","316.57","0.513"
"SENS-609","2025-09-16 05:00:00","MAC-30","116.48","311.91","1.383"
"SENS-610","2025-09-16 05:00:00","MAC-31","104.07","328.82","1.064"
"SENS-611","2025-09-16 06:00:00","MAC-30","105.02","325.34","1.436"
"SENS-612","2025-09-16 06:00:00","MAC-31","110.75","313.58","0.841"
"SENS-613","2025-09-16 07:00:00","MAC-30","111.29","331.41","0.569"
"SENS-614","2025-09-16 07:00:00","MAC-31","119.43","312.37","0.967"
"SENS-615","2025-09-16 08:00:00","MAC-30","107.49","318.1","1.309"
"SENS-616","2025-09-16 08:00:00","MAC-31","83.63","334.44","1.068"
"SENS-617","2025-10-10 00:00:00","MAC-10","83.84","340.44","0.538"
"SENS-618","2025-10-10 00:00:00","MAC-11","96.85","336","1.078"
"SENS-619","2025-10-10 01:00:00","MAC-10","118.57","332.62","1.022"
"SENS-620","2025-10-10 01:00:00","MAC-11","104.46","308.54","1.025"
"SENS-621","2025-10-10 02:00:00","MAC-10","117.32","339.69","0.617"
"SENS-622","2025-10-10 02:00:00","MAC-11","103.42","333.97","1.342"
"SENS-623","2025-10-10 03:00:00","MAC-10","93.23","335.63","1.116"
"SENS-624","2025-10-10 03:00:00","MAC-11","104.56","339.78","0.778"
"SENS-625","2025-10-10 04:00:00","MAC-10","97.25","349","1.311"
"SENS-626","2025-10-10 04:00:00","MAC-11","87.19","338.7","1.497"
"SENS-627","2025-10-10 05:00:00","MAC-10","104","334.09","1.492"
"SENS-628","2025-10-10 05:00:00","MAC-11","110.07","328.4","1.459"
"SENS-629","2025-10-10 06:00:00","MAC-10","83.81","345.82","1.116"
"SENS-630","2025-10-10 06:00:00","MAC-11","107.98","326.85","1.063"
"SENS-631","2025-10-10 07:00:00","MAC-10","97.13","312.58","1.014"
"SENS-632","2025-10-10 07:00:00","MAC-11","113.89","329.29","1.141"
"SENS-633","2025-10-10 08:00:00","MAC-10","99.9","321.51","0.526"
"SENS-634","2025-10-10 08:00:00","MAC-11","112.78","301.19","0.651"
"SENS-635","2025-10-10 09:00:00","MAC-10","105.3","329.3","1.365"
"SENS-636","2025-10-10 09:00:00","MAC-11","95.04","347.05","1.021"
"SENS-637","2025-10-10 10:00:00","MAC-10","83.8","344.94","0.825"
"SENS-638","2025-10-10 10:00:00","MAC-11","82.05","306.79","0.569"
"SENS-639","2025-12-30 00:00:00","MAC-10","95.66","323.44","1.491"
"SENS-640","2025-12-30 00:00:00","MAC-11","94.32","326.83","0.808"
"SENS-641","2025-12-30 01:00:00","MAC-10","110.61","330.23","0.743"
"SENS-642","2025-12-30 01:00:00","MAC-11","103.97","345.33","0.502"
"SENS-643","2025-12-30 02:00:00","MAC-10","100.1","344.29","1.228"
"SENS-644","2025-12-30 02:00:00","MAC-11","107.83","309.35","1.06"
"SENS-645","2025-12-30 03:00:00","MAC-10","96.09","328.95","1.033"
"SENS-646","2025-12-30 03:00:00","MAC-11","109.53","323.04","1.48"
"SENS-647","2025-12-30 04:00:00","MAC-10","106.32","311.95","1.149"
"SENS-648","2025-12-30 04:00:00","MAC-11","87.13","321.88","0.744"
"SENS-649","2025-12-30 05:00:00","MAC-10","100.32","331.36","1.144"
"SENS-650","2025-12-30 05:00:00","MAC-11","80.3","332.49","1.426"
"SENS-651","2025-12-30 06:00:00","MAC-10","86.44","320.81","0.62"
"SENS-652","2025-12-30 06:00:00","MAC-11","112.1","318.56","1.276"
"SENS-653","2025-08-20 00:00:00","MAC-20","96.01","302.35","1.026"
"SENS-654","2025-08-20 00:00:00","MAC-21","93.54","343.73","1.127"
"SENS-655","2025-08-20 01:00:00","MAC-20","108.46","335.1","1.049"
"SENS-656","2025-08-20 01:00:00","MAC-21","88.66","349.67","1.283"
"SENS-657","2025-08-20 02:00:00","MAC-20","105.91","342.07","0.874"
"SENS-658","2025-08-20 02:00:00","MAC-21","113.16","300.06","1.092"
"SENS-659","2025-08-20 03:00:00","MAC-20","94.2","332.72","0.698"
"SENS-660","2025-08-20 03:00:00","MAC-21","93.38","349.3","0.959"
"SENS-661","2025-08-20 04:00:00","MAC-20","87.38","345.76","1.436"
"SENS-662","2025-08-20 04:00:00","MAC-21","107.07","309.51","0.803"
"SENS-663","2025-08-20 05:00:00","MAC-20","87.9","331.68","0.912"
"SENS-664","2025-08-20 05:00:00","MAC-21","87.61","326.4","0.596"
"SENS-665","2025-08-20 06:00:00","MAC-20","103.71","307.54","1.217"
"SENS-666","2025-08-20 06:00:00","MAC-21","83.46","315.2","0.839"
"SENS-667","2025-04-13 00:00:00","MAC-30","105.27","348.25","1.061"
"SENS-668","2025-04-13 00:00:00","MAC-31","113.83","318.09","0.724"
"SENS-669","2025-04-13 01:00:00","MAC-30","84.23","316.52","0.809"
"SENS-670","2025-04-13 01:00:00","MAC-31","115.11","338.54","0.724"
"SENS-671","2025-04-13 02:00:00","MAC-30","119.65","330.79","0.894"
"SENS-672","2025-04-13 02:00:00","MAC-31","112.85","325.46","1.358"
"SENS-673","2025-04-13 03:00:00","MAC-30","98.91","316.35","0.731"
"SENS-674","2025-04-13 03:00:00","MAC-31","114.33","318.62","1.129"
"SENS-675","2025-04-13 04:00:00","MAC-30","107.12","322.06","0.726"
"SENS-676","2025-04-13 04:00:00","MAC-31","104.48","334.54","1.433"
"SENS-677","2026-03-22 00:00:00","MAC-10","99.66","313.97","0.988"
"SENS-678","2026-03-22 00:00:00","MAC-11","80.05","335.46","1.476"
"SENS-679","2026-03-22 01:00:00","MAC-10","117.57","311.19","0.808"
"SENS-680","2026-03-22 01:00:00","MAC-11","103.73","340.48","0.712"
"SENS-681","2026-03-22 02:00:00","MAC-10","112.85","313.72","1.327"
"SENS-682","2026-03-22 02:00:00","MAC-11","114.89","328.01","0.576"
"SENS-683","2026-02-27 00:00:00","MAC-30","84.37","326.73","1.022"
"SENS-684","2026-02-27 00:00:00","MAC-31","89.36","312.89","1.205"
"SENS-685","2026-02-27 01:00:00","MAC-30","84.34","347.96","0.644"
"SENS-686","2026-02-27 01:00:00","MAC-31","104.08","319.01","0.969"
"SENS-687","2026-02-27 02:00:00","MAC-30","103.93","330.97","1.003"
"SENS-688","2026-02-27 02:00:00","MAC-31","118.7","316.84","0.684"
"SENS-689","2026-02-27 03:00:00","MAC-30","83.67","349.91","0.766"
"SENS-690","2026-02-27 03:00:00","MAC-31","110.64","335.89","1.046"
"SENS-691","2026-02-27 04:00:00","MAC-30","98.91","322.56","0.978"
"SENS-692","2026-02-27 04:00:00","MAC-31","105.61","338.69","0.906"
"SENS-693","2026-02-27 05:00:00","MAC-30","91.16","311.59","0.506"
"SENS-694","2026-02-27 05:00:00","MAC-31","104.02","345.38","0.643"
"SENS-695","2026-02-27 06:00:00","MAC-30","108.3","339.99","0.791"
"SENS-696","2026-02-27 06:00:00","MAC-31","108.19","323.43","0.907"
"SENS-697","2026-02-27 07:00:00","MAC-30","110.43","324.49","0.525"
"SENS-698","2026-02-27 07:00:00","MAC-31","84.25","329.11","0.718"
"SENS-699","2025-05-31 00:00:00","MAC-20","81.52","323.77","1.178"
"SENS-700","2025-05-31 00:00:00","MAC-21","118.94","311.84","0.813"
"SENS-701","2025-05-31 01:00:00","MAC-20","86.32","306.76","1.165"
"SENS-702","2025-05-31 01:00:00","MAC-21","113.36","305.72","1.29"
"SENS-703","2025-05-31 02:00:00","MAC-20","87.07","326.8","1.135"
"SENS-704","2025-05-31 02:00:00","MAC-21","103.63","333.64","0.663"
"SENS-705","2025-05-31 03:00:00","MAC-20","89.98","344.33","0.704"
"SENS-706","2025-05-31 03:00:00","MAC-21","104.5","340.34","1.163"
"SENS-707","2025-05-31 04:00:00","MAC-20","98.37","348.36","1.196"
"SENS-708","2025-05-31 04:00:00","MAC-21","95.74","341.19","1.15"
"SENS-709","2025-05-31 05:00:00","MAC-20","106.59","325.36","1.099"
"SENS-710","2025-05-31 05:00:00","MAC-21","83.72","316.7","1.441"
"SENS-711","2025-05-31 06:00:00","MAC-20","80.38","300.88","1.186"
"SENS-712","2025-05-31 06:00:00","MAC-21","90.54","344.51","0.595"
"SENS-713","2025-05-31 07:00:00","MAC-20","81.51","312.76","1.341"
"SENS-714","2025-05-31 07:00:00","MAC-21","104.35","302.9","0.661"
"SENS-715","2025-05-31 08:00:00","MAC-20","90.91","327.09","0.677"
"SENS-716","2025-05-31 08:00:00","MAC-21","113.41","348.55","1.001"
"SENS-717","2025-05-31 09:00:00","MAC-20","84.32","346.89","0.951"
"SENS-718","2025-05-31 09:00:00","MAC-21","88.27","304.75","1.171"
"SENS-719","2025-05-31 10:00:00","MAC-20","105.49","346.05","1.442"
"SENS-720","2025-05-31 10:00:00","MAC-21","107.66","334.21","0.568"
"SENS-721","2026-02-01 00:00:00","MAC-30","96.19","313.76","0.67"
"SENS-722","2026-02-01 00:00:00","MAC-31","102.59","320.55","0.727"
"SENS-723","2026-02-01 01:00:00","MAC-30","88.77","334.1","0.77"
"SENS-724","2026-02-01 01:00:00","MAC-31","81.6","328.11","0.691"
"SENS-725","2026-02-01 02:00:00","MAC-30","100.17","328.55","0.862"
"SENS-726","2026-02-01 02:00:00","MAC-31","80.42","325.08","0.826"
"SENS-727","2026-02-01 03:00:00","MAC-30","116.55","333.24","1.36"
"SENS-728","2026-02-01 03:00:00","MAC-31","93.49","311.7","1.132"
"SENS-729","2026-02-01 04:00:00","MAC-30","105.75","318.76","1.452"
"SENS-730","2026-02-01 04:00:00","MAC-31","97.39","334.66","1.193"
"SENS-731","2026-02-01 05:00:00","MAC-30","100.15","339.89","0.652"
"SENS-732","2026-02-01 05:00:00","MAC-31","101.18","306.98","1.243"
"SENS-733","2026-02-01 06:00:00","MAC-30","90.72","321.61","1.111"
"SENS-734","2026-02-01 06:00:00","MAC-31","99.25","348.68","0.6"
"SENS-735","2026-02-01 07:00:00","MAC-30","103.48","339.33","1.359"
"SENS-736","2026-02-01 07:00:00","MAC-31","82.01","313.36","1.189"
"SENS-737","2026-02-01 08:00:00","MAC-30","114.06","310.78","0.981"
"SENS-738","2026-02-01 08:00:00","MAC-31","91.51","321.51","0.513"
"SENS-739","2026-02-01 09:00:00","MAC-30","113.93","332.5","1.092"
"SENS-740","2026-02-01 09:00:00","MAC-31","93.35","330.33","0.945"
"SENS-741","2025-10-21 00:00:00","MAC-10","113.2","309.22","0.516"
"SENS-742","2025-10-21 00:00:00","MAC-11","119.38","321.41","1.25"
"SENS-743","2025-10-21 01:00:00","MAC-10","117.4","306.45","0.828"
"SENS-744","2025-10-21 01:00:00","MAC-11","81.01","343.82","0.722"
"SENS-745","2025-10-21 02:00:00","MAC-10","107.21","328.88","1.442"
"SENS-746","2025-10-21 02:00:00","MAC-11","111.84","348.24","1.156"
"SENS-747","2025-10-21 03:00:00","MAC-10","97.36","305.42","1.151"
"SENS-748","2025-10-21 03:00:00","MAC-11","103.48","343.18","0.723"
"SENS-749","2025-11-11 00:00:00","MAC-30","95.39","308.52","0.959"
"SENS-750","2025-11-11 00:00:00","MAC-31","86.72","343.36","0.584"
"SENS-751","2025-11-11 01:00:00","MAC-30","98.74","310.83","0.699"
"SENS-752","2025-11-11 01:00:00","MAC-31","105.01","303.01","0.521"
"SENS-753","2025-11-11 02:00:00","MAC-30","98.95","308.84","0.97"
"SENS-754","2025-11-11 02:00:00","MAC-31","115.5","339.17","1.428"
"SENS-755","2025-11-11 03:00:00","MAC-30","87.77","336.05","0.506"
"SENS-756","2025-11-11 03:00:00","MAC-31","118.24","348.37","1.464"
"SENS-757","2025-11-11 04:00:00","MAC-30","91.17","326.72","1.071"
"SENS-758","2025-11-11 04:00:00","MAC-31","95.77","329.22","1.41"
"SENS-759","2025-07-20 00:00:00","MAC-10","84.83","315.56","0.639"
"SENS-760","2025-07-20 00:00:00","MAC-11","104.46","300.38","1.123"
"SENS-761","2025-07-20 01:00:00","MAC-10","109.86","337.06","0.994"
"SENS-762","2025-07-20 01:00:00","MAC-11","99.21","322.6","1.326"
"SENS-763","2025-07-20 02:00:00","MAC-10","98.15","344.4","1.31"
"SENS-764","2025-07-20 02:00:00","MAC-11","87.11","308.74","1.417"
"SENS-765","2025-07-20 03:00:00","MAC-10","80.1","331.58","0.701"
"SENS-766","2025-07-20 03:00:00","MAC-11","94.63","344.01","0.533"
"SENS-767","2025-07-20 04:00:00","MAC-10","85.35","334.91","0.912"
"SENS-768","2025-07-20 04:00:00","MAC-11","107.11","327.03","0.888"
"SENS-769","2025-07-20 05:00:00","MAC-10","109.15","341.28","1.299"
"SENS-770","2025-07-20 05:00:00","MAC-11","106.64","305.67","0.945"
"SENS-771","2025-07-20 06:00:00","MAC-10","104.99","348.78","0.677"
"SENS-772","2025-07-20 06:00:00","MAC-11","85.49","317.69","0.676"
"SENS-773","2025-07-20 07:00:00","MAC-10","114.89","316.54","0.627"
"SENS-774","2025-07-20 07:00:00","MAC-11","94.82","313.47","1.223"
"SENS-775","2025-07-20 08:00:00","MAC-10","89.08","301.54","1.369"
"SENS-776","2025-07-20 08:00:00","MAC-11","91.84","320.68","1.407"
"SENS-777","2025-07-20 09:00:00","MAC-10","95.49","311.92","0.881"
"SENS-778","2025-07-20 09:00:00","MAC-11","88.7","341.56","0.724"
"SENS-779","2026-03-26 00:00:00","MAC-30","115.82","331.54","0.908"
"SENS-780","2026-03-26 00:00:00","MAC-31","100.84","305.55","1.018"
"SENS-781","2026-03-26 01:00:00","MAC-30","113.1","301.34","1.344"
"SENS-782","2026-03-26 01:00:00","MAC-31","88.72","335.89","1.343"
"SENS-783","2026-03-26 02:00:00","MAC-30","81.85","319.94","0.536"
"SENS-784","2026-03-26 02:00:00","MAC-31","94.36","316.45","1.266"
"SENS-785","2026-03-26 03:00:00","MAC-30","102.8","345.44","0.72"
"SENS-786","2026-03-26 03:00:00","MAC-31","115.61","327.05","0.899"
"SENS-787","2026-03-26 04:00:00","MAC-30","95.19","339.69","1.147"
"SENS-788","2026-03-26 04:00:00","MAC-31","86.93","340.91","0.651"
"SENS-789","2025-08-28 00:00:00","MAC-30","93.15","329.03","0.966"
"SENS-790","2025-08-28 00:00:00","MAC-31","100.77","337.41","0.592"
"SENS-791","2025-08-28 01:00:00","MAC-30","108.92","307.76","0.842"
"SENS-792","2025-08-28 01:00:00","MAC-31","96.16","349.35","1.116"
"SENS-793","2025-08-28 02:00:00","MAC-30","110.81","349.37","1.179"
"SENS-794","2025-08-28 02:00:00","MAC-31","99.11","318.44","0.866"
"SENS-795","2025-08-28 03:00:00","MAC-30","118.66","308.57","1.29"
"SENS-796","2025-08-28 03:00:00","MAC-31","95.54","320.89","1.394"
"SENS-797","2025-08-28 04:00:00","MAC-30","87.44","333.12","0.749"
"SENS-798","2025-08-28 04:00:00","MAC-31","100.74","336.11","1.208"
"SENS-799","2025-08-28 05:00:00","MAC-30","81.5","316.12","0.698"
"SENS-800","2025-08-28 05:00:00","MAC-31","81.3","317.93","1.3"
"SENS-801","2025-08-28 06:00:00","MAC-30","99.28","309.83","1.102"
"SENS-802","2025-08-28 06:00:00","MAC-31","109.59","349.01","1.291"
"SENS-803","2025-08-28 07:00:00","MAC-30","111.69","325.66","0.665"
"SENS-804","2025-08-28 07:00:00","MAC-31","99.2","339.04","0.853"
"SENS-805","2025-08-28 08:00:00","MAC-30","83.55","339.26","0.532"
"SENS-806","2025-08-28 08:00:00","MAC-31","102.34","343.22","1.009"
"SENS-807","2025-08-28 09:00:00","MAC-30","102.13","339.6","1.177"
"SENS-808","2025-08-28 09:00:00","MAC-31","113.98","345.52","1.465"
"SENS-809","2025-08-28 10:00:00","MAC-30","96.89","311.57","1.363"
"SENS-810","2025-08-28 10:00:00","MAC-31","95.42","344.3","0.8"
"SENS-811","2025-09-19 00:00:00","MAC-10","104.1","345.71","0.521"
"SENS-812","2025-09-19 00:00:00","MAC-11","104.86","320.14","1.085"
"SENS-813","2025-09-19 01:00:00","MAC-10","115.19","308.52","0.898"
"SENS-814","2025-09-19 01:00:00","MAC-11","99.2","343.54","1.022"
"SENS-815","2025-09-19 02:00:00","MAC-10","81.23","310.83","0.788"
"SENS-816","2025-09-19 02:00:00","MAC-11","85.69","300.72","0.915"
"SENS-817","2025-06-22 00:00:00","MAC-10","96.48","314.62","0.648"
"SENS-818","2025-06-22 00:00:00","MAC-11","107.61","305.57","1.343"
"SENS-819","2025-06-22 01:00:00","MAC-10","87.27","326.78","1.307"
"SENS-820","2025-06-22 01:00:00","MAC-11","116.77","330.23","0.861"
"SENS-821","2025-06-22 02:00:00","MAC-10","114.81","317.78","0.586"
"SENS-822","2025-06-22 02:00:00","MAC-11","116.58","302.64","1.125"
"SENS-823","2025-06-22 03:00:00","MAC-10","83.69","302.73","0.588"
"SENS-824","2025-06-22 03:00:00","MAC-11","98.4","314.82","1.398"
"SENS-825","2025-06-22 04:00:00","MAC-10","115.67","327.14","1.364"
"SENS-826","2025-06-22 04:00:00","MAC-11","100.94","304.84","1.462"
"SENS-827","2025-06-22 05:00:00","MAC-10","94.16","340.02","1.296"
"SENS-828","2025-06-22 05:00:00","MAC-11","96.52","320.59","1.061"
"SENS-829","2025-06-22 06:00:00","MAC-10","117.61","344.57","1.469"
"SENS-830","2025-06-22 06:00:00","MAC-11","101.91","325.92","0.699"
"SENS-831","2025-06-22 07:00:00","MAC-10","89.42","330.41","1.138"
"SENS-832","2025-06-22 07:00:00","MAC-11","88.93","344.98","1.137"
"SENS-833","2025-06-22 08:00:00","MAC-10","117.59","346.44","0.827"
"SENS-834","2025-06-22 08:00:00","MAC-11","103.3","302.94","1.362"
"SENS-835","2025-06-22 09:00:00","MAC-10","87","333.31","1.469"
"SENS-836","2025-06-22 09:00:00","MAC-11","103.86","316.01","0.757"
"SENS-837","2025-06-22 10:00:00","MAC-10","97.05","332.06","0.617"
"SENS-838","2025-06-22 10:00:00","MAC-11","80.44","336.15","1.203"
"SENS-839","2025-06-22 11:00:00","MAC-10","90.24","325.81","0.723"
"SENS-840","2025-06-22 11:00:00","MAC-11","95.6","336.07","0.888"
"SENS-841","2026-02-23 00:00:00","MAC-10","109.71","348.6","1.203"
"SENS-842","2026-02-23 00:00:00","MAC-11","88.87","328.87","1.492"
"SENS-843","2026-02-23 01:00:00","MAC-10","112.41","349.07","1.176"
"SENS-844","2026-02-23 01:00:00","MAC-11","114.82","326.64","1.124"
"SENS-845","2026-02-23 02:00:00","MAC-10","104.25","342.81","0.931"
"SENS-846","2026-02-23 02:00:00","MAC-11","108.99","327.23","0.73"
"SENS-847","2026-02-23 03:00:00","MAC-10","109.04","308.45","1.308"
"SENS-848","2026-02-23 03:00:00","MAC-11","109","310.77","1.236"
"SENS-849","2026-02-23 04:00:00","MAC-10","114.75","337.05","1.366"
"SENS-850","2026-02-23 04:00:00","MAC-11","97.18","347.36","0.984"
"SENS-851","2026-02-23 05:00:00","MAC-10","81.82","310.72","1.026"
"SENS-852","2026-02-23 05:00:00","MAC-11","88.33","314.32","1.064"
"SENS-853","2026-02-23 06:00:00","MAC-10","86.49","324.67","0.97"
"SENS-854","2026-02-23 06:00:00","MAC-11","94.64","310.62","0.505"
"SENS-855","2026-02-23 07:00:00","MAC-10","110.44","319.29","1.146"
"SENS-856","2026-02-23 07:00:00","MAC-11","112.43","344.03","1.474"
"SENS-857","2025-04-10 00:00:00","MAC-10","100.81","322.66","1.072"
"SENS-858","2025-04-10 00:00:00","MAC-11","80.74","317.24","1.329"
"SENS-859","2025-04-10 01:00:00","MAC-10","111.88","331.16","1.17"
"SENS-860","2025-04-10 01:00:00","MAC-11","88.93","321.2","1.229"
"SENS-861","2025-04-10 02:00:00","MAC-10","114.83","328.65","1.14"
"SENS-862","2025-04-10 02:00:00","MAC-11","111.55","314.78","0.544"
"SENS-863","2025-04-10 03:00:00","MAC-10","111.64","323.2","0.667"
"SENS-864","2025-04-10 03:00:00","MAC-11","111.75","340.51","0.755"
"SENS-865","2025-04-10 04:00:00","MAC-10","86.44","315.45","0.605"
"SENS-866","2025-04-10 04:00:00","MAC-11","100.42","337.95","1.065"
"SENS-867","2025-04-10 05:00:00","MAC-10","89.24","302.35","1.446"
"SENS-868","2025-04-10 05:00:00","MAC-11","116.79","308.44","1.065"
"SENS-869","2026-01-26 00:00:00","MAC-20","85.59","329.57","0.673"
"SENS-870","2026-01-26 00:00:00","MAC-21","91.55","329.25","1.34"
"SENS-871","2026-01-26 01:00:00","MAC-20","83.24","349.3","1.481"
"SENS-872","2026-01-26 01:00:00","MAC-21","93.69","340.59","1.259"
"SENS-873","2026-01-26 02:00:00","MAC-20","85.87","340.8","1.389"
"SENS-874","2026-01-26 02:00:00","MAC-21","82.08","310.47","1.025"
"SENS-875","2026-01-26 03:00:00","MAC-20","106.72","324.62","0.839"
"SENS-876","2026-01-26 03:00:00","MAC-21","109.03","340.06","1.305"
"SENS-877","2026-01-26 04:00:00","MAC-20","115.79","314.03","0.663"
"SENS-878","2026-01-26 04:00:00","MAC-21","114.17","310.44","1.265"
"SENS-879","2026-01-26 05:00:00","MAC-20","106.76","308.35","1.276"
"SENS-880","2026-01-26 05:00:00","MAC-21","105.62","305.08","0.827"
"SENS-881","2026-01-26 06:00:00","MAC-20","106.15","335.71","0.945"
"SENS-882","2026-01-26 06:00:00","MAC-21","91.64","311.45","1.416"
"SENS-883","2026-01-26 07:00:00","MAC-20","116.13","303.51","1.334"
"SENS-884","2026-01-26 07:00:00","MAC-21","90.09","338.02","1.329"
"SENS-885","2026-03-01 00:00:00","MAC-30","115.94","346.27","1.293"
"SENS-886","2026-03-01 00:00:00","MAC-31","92.74","337.29","1.007"
"SENS-887","2026-03-01 01:00:00","MAC-30","98.5","302.17","0.963"
"SENS-888","2026-03-01 01:00:00","MAC-31","110.08","321.39","0.971"
"SENS-889","2026-03-01 02:00:00","MAC-30","97.85","314.14","1.174"
"SENS-890","2026-03-01 02:00:00","MAC-31","111.82","324.46","0.617"
"SENS-891","2026-03-01 03:00:00","MAC-30","102.04","348.48","1.141"
"SENS-892","2026-03-01 03:00:00","MAC-31","117.58","347.36","1.469"
"SENS-893","2026-03-01 04:00:00","MAC-30","88.23","311.65","0.907"
"SENS-894","2026-03-01 04:00:00","MAC-31","105.36","329.53","1.386"
"SENS-895","2026-03-01 05:00:00","MAC-30","86.11","345.21","1.005"
"SENS-896","2026-03-01 05:00:00","MAC-31","102.85","327.2","1.391"
"SENS-897","2026-03-01 06:00:00","MAC-30","83.64","333.45","0.934"
"SENS-898","2026-03-01 06:00:00","MAC-31","108.32","330.26","0.592"
"SENS-899","2026-03-01 07:00:00","MAC-30","82.35","321","1.414"
"SENS-900","2026-03-01 07:00:00","MAC-31","104.87","304.59","1"
"SENS-901","2025-04-25 00:00:00","MAC-30","111.17","307.03","1.093"
"SENS-902","2025-04-25 00:00:00","MAC-31","103.36","300.11","1.313"
"SENS-903","2025-04-25 01:00:00","MAC-30","89.19","316.42","0.584"
"SENS-904","2025-04-25 01:00:00","MAC-31","98.87","337.23","0.809"
"SENS-905","2025-04-25 02:00:00","MAC-30","99.67","312.18","1.378"
"SENS-906","2025-04-25 02:00:00","MAC-31","88.09","342.57","1.434"
"SENS-907","2025-04-25 03:00:00","MAC-30","89.38","308.51","1.448"
"SENS-908","2025-04-25 03:00:00","MAC-31","93.32","348.25","0.881"
"SENS-909","2025-04-25 04:00:00","MAC-30","81.05","331.06","0.566"
"SENS-910","2025-04-25 04:00:00","MAC-31","92.47","335.72","1.255"
"SENS-911","2025-09-30 00:00:00","MAC-30","87.71","326.26","0.526"
"SENS-912","2025-09-30 00:00:00","MAC-31","87.99","338.02","1.474"
"SENS-913","2025-09-30 01:00:00","MAC-30","83.48","339.38","1.162"
"SENS-914","2025-09-30 01:00:00","MAC-31","93.87","301.22","1.436"
"SENS-915","2025-09-30 02:00:00","MAC-30","105.94","328.15","0.629"
"SENS-916","2025-09-30 02:00:00","MAC-31","117.78","319.79","1.035"
"SENS-917","2025-09-30 03:00:00","MAC-30","106.83","306.4","0.774"
"SENS-918","2025-09-30 03:00:00","MAC-31","113.88","347.76","1.208"
"SENS-919","2025-09-30 04:00:00","MAC-30","93.67","342.64","0.973"
"SENS-920","2025-09-30 04:00:00","MAC-31","86.65","301.83","0.587"
"SENS-921","2025-09-30 05:00:00","MAC-30","92.65","331.88","1.471"
"SENS-922","2025-09-30 05:00:00","MAC-31","86.82","326.36","1.247"
"SENS-923","2025-09-30 06:00:00","MAC-30","117.4","311.52","1.308"
"SENS-924","2025-09-30 06:00:00","MAC-31","108.16","336.12","0.602"
"SENS-925","2025-09-30 07:00:00","MAC-30","95.83","341.48","1.275"
"SENS-926","2025-09-30 07:00:00","MAC-31","92.79","306.84","0.733"
"SENS-927","2025-12-29 00:00:00","MAC-20","118.41","328.3","1.461"
"SENS-928","2025-12-29 00:00:00","MAC-21","86.09","326.69","0.604"
"SENS-929","2025-12-29 01:00:00","MAC-20","80.6","324.81","0.51"
"SENS-930","2025-12-29 01:00:00","MAC-21","80.05","318.7","1.077"
"SENS-931","2025-12-29 02:00:00","MAC-20","88.32","332.08","0.573"
"SENS-932","2025-12-29 02:00:00","MAC-21","107.08","331.82","1.17"
"SENS-933","2025-12-29 03:00:00","MAC-20","113.22","308.45","0.852"
"SENS-934","2025-12-29 03:00:00","MAC-21","104.27","310.64","1.3"
"SENS-935","2025-12-29 04:00:00","MAC-20","80.04","303.71","1.274"
"SENS-936","2025-12-29 04:00:00","MAC-21","91.37","326.92","1.476"
"SENS-937","2025-12-29 05:00:00","MAC-20","99.8","322.03","0.956"
"SENS-938","2025-12-29 05:00:00","MAC-21","118.2","316.02","0.801"
"SENS-939","2025-12-29 06:00:00","MAC-20","96.35","334.5","0.937"
"SENS-940","2025-12-29 06:00:00","MAC-21","97.43","340.62","0.903"
"SENS-941","2025-12-29 07:00:00","MAC-20","93.14","314.73","0.572"
"SENS-942","2025-12-29 07:00:00","MAC-21","87.07","313.47","0.59"
"SENS-943","2025-12-29 08:00:00","MAC-20","100.05","339.06","0.578"
"SENS-944","2025-12-29 08:00:00","MAC-21","106.1","311.81","1.255"
"SENS-945","2025-12-29 09:00:00","MAC-20","94.87","335.58","1.277"
"SENS-946","2025-12-29 09:00:00","MAC-21","99.44","318.54","0.931"
"SENS-947","2025-12-29 10:00:00","MAC-20","95.34","342.49","0.844"
"SENS-948","2025-12-29 10:00:00","MAC-21","118.22","326.81","1.333"
"SENS-949","2025-12-29 11:00:00","MAC-20","119.45","321.03","0.683"
"SENS-950","2025-12-29 11:00:00","MAC-21","81.34","347.76","0.824"
"SENS-951","2025-12-29 12:00:00","MAC-20","95.23","340.32","0.588"
"SENS-952","2025-12-29 12:00:00","MAC-21","88.02","320.99","1.004"
"SENS-953","2025-06-22 00:00:00","MAC-20","98.85","303.97","1.356"
"SENS-954","2025-06-22 00:00:00","MAC-21","112.4","342.42","1.408"
"SENS-955","2025-06-22 01:00:00","MAC-20","119.31","341.19","1.491"
"SENS-956","2025-06-22 01:00:00","MAC-21","88.74","305.56","0.967"
"SENS-957","2025-06-22 02:00:00","MAC-20","99.74","343.25","0.513"
"SENS-958","2025-06-22 02:00:00","MAC-21","111.26","345.45","1.003"
"SENS-959","2025-06-22 03:00:00","MAC-20","102.2","302.11","0.965"
"SENS-960","2025-06-22 03:00:00","MAC-21","117.82","343.06","0.611"
"SENS-961","2025-11-18 00:00:00","MAC-30","112.85","338.76","1.236"
"SENS-962","2025-11-18 00:00:00","MAC-31","112.46","309.27","0.617"
"SENS-963","2025-11-18 01:00:00","MAC-30","109.25","301.82","0.577"
"SENS-964","2025-11-18 01:00:00","MAC-31","81.6","329.02","0.583"
"SENS-965","2025-04-10 00:00:00","MAC-10","84.91","339.08","1.344"
"SENS-966","2025-04-10 00:00:00","MAC-11","81.47","339.78","0.831"
"SENS-967","2025-04-10 01:00:00","MAC-10","88.49","314.69","0.956"
"SENS-968","2025-04-10 01:00:00","MAC-11","117.72","346.12","0.615"
"SENS-969","2025-04-10 02:00:00","MAC-10","81.87","326.33","0.604"
"SENS-970","2025-04-10 02:00:00","MAC-11","88.62","348.32","0.88"
"SENS-971","2025-04-10 03:00:00","MAC-10","106.1","305.26","0.77"
"SENS-972","2025-04-10 03:00:00","MAC-11","102.61","326.49","0.735"
"SENS-973","2025-05-23 00:00:00","MAC-20","88.13","349.65","1.442"
"SENS-974","2025-05-23 00:00:00","MAC-21","118.15","310.41","1.168"
"SENS-975","2025-05-23 01:00:00","MAC-20","99.73","301.51","1.171"
"SENS-976","2025-05-23 01:00:00","MAC-21","92.5","302.57","1.314"
"SENS-977","2025-05-23 02:00:00","MAC-20","83.45","309.32","1.361"
"SENS-978","2025-05-23 02:00:00","MAC-21","106.21","313.53","0.821"
"SENS-979","2025-05-23 03:00:00","MAC-20","119.43","305.4","0.973"
"SENS-980","2025-05-23 03:00:00","MAC-21","102.71","328.42","1.073"
"SENS-981","2025-05-23 04:00:00","MAC-20","108.8","305.75","0.608"
"SENS-982","2025-05-23 04:00:00","MAC-21","80.98","316.54","0.765"
"SENS-983","2025-06-04 00:00:00","MAC-10","87.78","322.19","1.166"
"SENS-984","2025-06-04 00:00:00","MAC-11","87.7","311.33","0.519"
"SENS-985","2025-06-04 01:00:00","MAC-10","116.56","336.98","0.503"
"SENS-986","2025-06-04 01:00:00","MAC-11","100.49","316.32","0.757"
"SENS-987","2025-06-04 02:00:00","MAC-10","110.37","324.03","0.883"
"SENS-988","2025-06-04 02:00:00","MAC-11","99.72","338.61","0.902"
"SENS-989","2025-06-04 03:00:00","MAC-10","87.83","334.94","1.111"
"SENS-990","2025-06-04 03:00:00","MAC-11","101.06","330.2","0.588"
"SENS-991","2025-06-04 04:00:00","MAC-10","102.81","308.34","1.338"
"SENS-992","2025-06-04 04:00:00","MAC-11","104.75","315.13","1.449"
"SENS-993","2025-06-04 05:00:00","MAC-10","115.38","332.72","1.491"
"SENS-994","2025-06-04 05:00:00","MAC-11","97.54","300.24","0.895"
"SENS-995","2025-06-04 06:00:00","MAC-10","103.07","316.33","1.254"
"SENS-996","2025-06-04 06:00:00","MAC-11","89.51","333.77","1.058"
"SENS-997","2025-12-18 00:00:00","MAC-30","102.7","341.24","1.242"
"SENS-998","2025-12-18 00:00:00","MAC-31","81.74","319.75","0.872"
"SENS-999","2025-12-18 01:00:00","MAC-30","93.23","324.06","0.588"
"SENS-1000","2025-12-18 01:00:00","MAC-31","99.26","303.17","1.099"
"SENS-1001","2025-12-18 02:00:00","MAC-30","100.04","321.46","0.571"
"SENS-1002","2025-12-18 02:00:00","MAC-31","93.31","305.86","0.772"
"SENS-1003","2025-12-18 03:00:00","MAC-30","105.01","324.35","1.091"
"SENS-1004","2025-12-18 03:00:00","MAC-31","107.33","304.49","1.045"
"SENS-1005","2025-12-18 04:00:00","MAC-30","113.38","331.13","0.713"
"SENS-1006","2025-12-18 04:00:00","MAC-31","89.28","322.21","1.479"
"SENS-1007","2025-12-18 05:00:00","MAC-30","83.12","344.33","1.1"
"SENS-1008","2025-12-18 05:00:00","MAC-31","82.31","334.86","0.932"
"SENS-1009","2025-12-18 06:00:00","MAC-30","105.48","333.31","1.126"
"SENS-1010","2025-12-18 06:00:00","MAC-31","94.07","321.26","0.56"
"SENS-1011","2025-12-18 07:00:00","MAC-30","109.08","329.11","0.664"
"SENS-1012","2025-12-18 07:00:00","MAC-31","94.05","324.53","1.476"
"SENS-1013","2025-12-18 08:00:00","MAC-30","95.24","334.62","0.872"
"SENS-1014","2025-12-18 08:00:00","MAC-31","113.11","334.25","0.93"
"SENS-1015","2025-12-18 09:00:00","MAC-30","88.4","307.71","0.989"
"SENS-1016","2025-12-18 09:00:00","MAC-31","106.89","349.4","1.079"
"SENS-1017","2025-12-18 10:00:00","MAC-30","95.24","304.46","0.824"
"SENS-1018","2025-12-18 10:00:00","MAC-31","102.5","309.82","0.566"
"SENS-1019","2025-12-18 11:00:00","MAC-30","119.78","329.37","1.238"
"SENS-1020","2025-12-18 11:00:00","MAC-31","82.72","332.63","0.672"
"SENS-1021","2025-12-18 12:00:00","MAC-30","114.08","345.39","1.23"
"SENS-1022","2025-12-18 12:00:00","MAC-31","89.45","319.66","1.318"
"SENS-1023","2025-12-18 13:00:00","MAC-30","83.91","316.4","0.674"
"SENS-1024","2025-12-18 13:00:00","MAC-31","85.9","327.88","1.071"
"SENS-1025","2025-12-18 14:00:00","MAC-30","101.44","323.51","0.902"
"SENS-1026","2025-12-18 14:00:00","MAC-31","85.74","310.52","1.027"
"SENS-1027","2025-12-18 15:00:00","MAC-30","109.47","328.79","0.512"
"SENS-1028","2025-12-18 15:00:00","MAC-31","103.1","323.93","0.66"
"SENS-1029","2026-02-15 00:00:00","MAC-20","84.33","302.37","0.834"
"SENS-1030","2026-02-15 00:00:00","MAC-21","119.28","309.82","0.874"
"SENS-1031","2026-02-15 01:00:00","MAC-20","83.1","310.71","0.688"
"SENS-1032","2026-02-15 01:00:00","MAC-21","111.3","328.7","1.193"
"SENS-1033","2026-02-15 02:00:00","MAC-20","80.15","325.64","1.345"
"SENS-1034","2026-02-15 02:00:00","MAC-21","83.61","308.39","1.062"
"SENS-1035","2026-02-15 03:00:00","MAC-20","109.15","346.93","1.254"
"SENS-1036","2026-02-15 03:00:00","MAC-21","89.78","348.03","1.359"
"SENS-1037","2026-02-15 04:00:00","MAC-20","80.93","346.16","0.695"
"SENS-1038","2026-02-15 04:00:00","MAC-21","103.9","319.82","0.5"
"SENS-1039","2026-02-15 05:00:00","MAC-20","103.99","343.48","1.355"
"SENS-1040","2026-02-15 05:00:00","MAC-21","116.33","304.55","1.084"
"SENS-1041","2026-02-15 06:00:00","MAC-20","107.54","340.11","0.857"
"SENS-1042","2026-02-15 06:00:00","MAC-21","119.09","322.59","1.203"
"SENS-1043","2026-02-15 07:00:00","MAC-20","106.17","336.94","0.666"
"SENS-1044","2026-02-15 07:00:00","MAC-21","84.41","342.39","0.936"
"SENS-1045","2026-02-15 08:00:00","MAC-20","112.24","326.92","1.206"
"SENS-1046","2026-02-15 08:00:00","MAC-21","82.37","312.22","0.726"
"SENS-1047","2026-02-15 09:00:00","MAC-20","84.91","323.12","1.445"
"SENS-1048","2026-02-15 09:00:00","MAC-21","113.38","305.59","1.191"
"SENS-1049","2026-01-26 00:00:00","MAC-10","88.21","305.68","1.217"
"SENS-1050","2026-01-26 00:00:00","MAC-11","96.58","309.67","0.675"
"SENS-1051","2026-01-26 01:00:00","MAC-10","84.11","310.5","0.916"
"SENS-1052","2026-01-26 01:00:00","MAC-11","112.55","302.45","1.281"
"SENS-1053","2026-01-26 02:00:00","MAC-10","83.69","349.45","1.404"
"SENS-1054","2026-01-26 02:00:00","MAC-11","95.96","341.16","1.192"
"SENS-1055","2026-01-26 03:00:00","MAC-10","81.66","323.79","0.74"
"SENS-1056","2026-01-26 03:00:00","MAC-11","101.66","339.62","1.332"
"SENS-1057","2026-01-26 04:00:00","MAC-10","80.21","319","1.194"
"SENS-1058","2026-01-26 04:00:00","MAC-11","118.93","319.97","1.489"
"SENS-1059","2026-01-26 05:00:00","MAC-10","119.52","314.4","1.146"
"SENS-1060","2026-01-26 05:00:00","MAC-11","96.43","323","0.799"
"SENS-1061","2026-01-26 06:00:00","MAC-10","110.37","312.87","0.592"
"SENS-1062","2026-01-26 06:00:00","MAC-11","100.41","304.27","1.259"
"SENS-1063","2026-01-26 07:00:00","MAC-10","115.65","337.92","0.606"
"SENS-1064","2026-01-26 07:00:00","MAC-11","92.45","347.79","0.541"
"SENS-1065","2025-06-10 00:00:00","MAC-20","85.07","309.98","0.55"
"SENS-1066","2025-06-10 00:00:00","MAC-21","83.99","334.14","1.178"
"SENS-1067","2025-06-10 01:00:00","MAC-20","116.85","318.36","1.314"
"SENS-1068","2025-06-10 01:00:00","MAC-21","99.93","349.13","1.253"
"SENS-1069","2025-06-10 02:00:00","MAC-20","89.19","332.48","0.936"
"SENS-1070","2025-06-10 02:00:00","MAC-21","85.23","320.51","1.474"
"SENS-1071","2025-06-10 03:00:00","MAC-20","101.41","301.78","1.344"
"SENS-1072","2025-06-10 03:00:00","MAC-21","103.32","303.84","1.027"
"SENS-1073","2025-06-10 04:00:00","MAC-20","107.54","338.69","0.583"
"SENS-1074","2025-06-10 04:00:00","MAC-21","112.21","330.48","1.004"
"SENS-1075","2025-06-10 05:00:00","MAC-20","108.46","347.93","0.632"
"SENS-1076","2025-06-10 05:00:00","MAC-21","112.42","301.85","0.588"
"SENS-1077","2025-06-10 06:00:00","MAC-20","116.46","348.13","1.091"
"SENS-1078","2025-06-10 06:00:00","MAC-21","118.82","305.26","0.532"
"SENS-1079","2025-06-10 07:00:00","MAC-20","108.52","323.5","0.641"
"SENS-1080","2025-06-10 07:00:00","MAC-21","93.44","349.08","1.403"
"SENS-1081","2025-07-28 00:00:00","MAC-20","90.33","339.47","0.63"
"SENS-1082","2025-07-28 00:00:00","MAC-21","111.56","338.08","1.176"
"SENS-1083","2025-07-28 01:00:00","MAC-20","108.36","325.69","0.568"
"SENS-1084","2025-07-28 01:00:00","MAC-21","87.4","338.06","1.218"
"SENS-1085","2025-07-28 02:00:00","MAC-20","87.02","305.65","0.869"
"SENS-1086","2025-07-28 02:00:00","MAC-21","104.54","306.24","1.149"
"SENS-1087","2025-07-28 03:00:00","MAC-20","111.57","329.08","1.429"
"SENS-1088","2025-07-28 03:00:00","MAC-21","91.97","318.53","0.925"
"SENS-1089","2025-07-28 04:00:00","MAC-20","112.51","345.66","0.906"
"SENS-1090","2025-07-28 04:00:00","MAC-21","109.78","308.14","1.368"
"SENS-1091","2025-07-28 05:00:00","MAC-20","105.11","322.08","1.151"
"SENS-1092","2025-07-28 05:00:00","MAC-21","94.09","317.92","1.013"
"SENS-1093","2025-07-28 06:00:00","MAC-20","114.71","307.16","1.03"
"SENS-1094","2025-07-28 06:00:00","MAC-21","93.35","302.45","1.48"
"SENS-1095","2025-07-28 07:00:00","MAC-20","91.96","319.07","1.152"
"SENS-1096","2025-07-28 07:00:00","MAC-21","98.05","310.77","1.015"
"SENS-1097","2025-09-10 00:00:00","MAC-10","93.36","334.51","1.011"
"SENS-1098","2025-09-10 00:00:00","MAC-11","114.7","348.76","0.609"
"SENS-1099","2025-09-10 01:00:00","MAC-10","110.46","348.56","0.636"
"SENS-1100","2025-09-10 01:00:00","MAC-11","96.61","313.16","1.344"
"SENS-1101","2025-09-10 02:00:00","MAC-10","103.77","309.02","0.601"
"SENS-1102","2025-09-10 02:00:00","MAC-11","113.74","331.51","1.436"
"SENS-1103","2025-09-10 03:00:00","MAC-10","101.75","310.93","1.15"
"SENS-1104","2025-09-10 03:00:00","MAC-11","96.32","349.93","0.83"
"SENS-1105","2025-09-10 04:00:00","MAC-10","80.84","349.47","0.566"
"SENS-1106","2025-09-10 04:00:00","MAC-11","81.45","342.51","0.842"
"SENS-1107","2025-09-10 05:00:00","MAC-10","118.28","309.12","0.853"
"SENS-1108","2025-09-10 05:00:00","MAC-11","90.31","323.53","1.079"
"SENS-1109","2025-09-10 06:00:00","MAC-10","105.58","320.49","1.258"
"SENS-1110","2025-09-10 06:00:00","MAC-11","99.58","316.21","1.284"
"SENS-1111","2025-09-10 07:00:00","MAC-10","88.59","329.1","0.525"
"SENS-1112","2025-09-10 07:00:00","MAC-11","82.58","303.86","0.944"
"SENS-1113","2025-04-09 00:00:00","MAC-10","84.22","300.46","0.78"
"SENS-1114","2025-04-09 00:00:00","MAC-11","99.33","328.37","1.409"
"SENS-1115","2025-04-09 01:00:00","MAC-10","105.39","346.68","1.127"
"SENS-1116","2025-04-09 01:00:00","MAC-11","84.11","343.94","1.347"
"SENS-1117","2025-04-09 02:00:00","MAC-10","89.51","319.5","1.445"
"SENS-1118","2025-04-09 02:00:00","MAC-11","82.29","336.59","1.405"
"SENS-1119","2025-04-09 03:00:00","MAC-10","91.12","306.66","0.893"
"SENS-1120","2025-04-09 03:00:00","MAC-11","100.66","310.24","1.182"
"SENS-1121","2025-04-09 04:00:00","MAC-10","115.31","326.48","0.92"
"SENS-1122","2025-04-09 04:00:00","MAC-11","94.27","347.2","1.007"
"SENS-1123","2025-04-09 05:00:00","MAC-10","84.34","306.93","1.219"
"SENS-1124","2025-04-09 05:00:00","MAC-11","99.66","337.88","1.38"
"SENS-1125","2025-04-09 06:00:00","MAC-10","98.48","348.85","0.794"
"SENS-1126","2025-04-09 06:00:00","MAC-11","119.72","329.6","0.819"
"SENS-1127","2025-04-09 07:00:00","MAC-10","99.46","300.51","0.617"
"SENS-1128","2025-04-09 07:00:00","MAC-11","87.8","323.26","1.104"
"SENS-1129","2025-04-09 08:00:00","MAC-10","98.37","327.92","0.6"
"SENS-1130","2025-04-09 08:00:00","MAC-11","100.36","323.86","0.763"
"SENS-1131","2025-04-06 00:00:00","MAC-10","94.94","347.39","1.02"
"SENS-1132","2025-04-06 00:00:00","MAC-11","104.3","307.95","0.565"
"SENS-1133","2025-04-06 01:00:00","MAC-10","83.25","337.48","1.288"
"SENS-1134","2025-04-06 01:00:00","MAC-11","105.94","310.78","0.794"
"SENS-1135","2025-04-06 02:00:00","MAC-10","114.46","333.55","1.035"
"SENS-1136","2025-04-06 02:00:00","MAC-11","99.39","334.94","0.948"
"SENS-1137","2025-04-06 03:00:00","MAC-10","84.49","334.17","1.292"
"SENS-1138","2025-04-06 03:00:00","MAC-11","85.09","332.8","1.224"
"SENS-1139","2025-04-06 04:00:00","MAC-10","104.92","349.23","1.418"
"SENS-1140","2025-04-06 04:00:00","MAC-11","92.75","325.63","1.298"
"SENS-1141","2025-04-06 05:00:00","MAC-10","114.91","313.2","1.32"
"SENS-1142","2025-04-06 05:00:00","MAC-11","117.13","313.18","1.402"
"SENS-1143","2025-04-06 06:00:00","MAC-10","109.5","308.76","1.458"
"SENS-1144","2025-04-06 06:00:00","MAC-11","103.21","323.4","0.502"
"SENS-1145","2025-04-06 07:00:00","MAC-10","97.25","316.32","1.376"
"SENS-1146","2025-04-06 07:00:00","MAC-11","96.77","306.88","0.76"
"SENS-1147","2025-04-06 08:00:00","MAC-10","91.47","324.75","1.002"
"SENS-1148","2025-04-06 08:00:00","MAC-11","116.13","332.88","0.667"
"SENS-1149","2025-04-06 09:00:00","MAC-10","115.15","336.2","0.565"
"SENS-1150","2025-04-06 09:00:00","MAC-11","98.71","349.72","0.751"
"SENS-1151","2025-12-06 00:00:00","MAC-10","85.3","335.36","0.537"
"SENS-1152","2025-12-06 00:00:00","MAC-11","86","326.65","0.791"
"SENS-1153","2025-12-06 01:00:00","MAC-10","114.01","346.67","0.541"
"SENS-1154","2025-12-06 01:00:00","MAC-11","82.48","303.69","0.575"
"SENS-1155","2025-12-06 02:00:00","MAC-10","95.44","304.55","1.439"
"SENS-1156","2025-12-06 02:00:00","MAC-11","108.47","300.2","1.015"
"SENS-1157","2025-12-06 03:00:00","MAC-10","119.6","310.36","1.385"
"SENS-1158","2025-12-06 03:00:00","MAC-11","90.37","313.24","0.626"
"SENS-1159","2025-08-26 00:00:00","MAC-20","89.18","329.92","0.986"
"SENS-1160","2025-08-26 00:00:00","MAC-21","80.7","325.76","1.457"
"SENS-1161","2025-08-26 01:00:00","MAC-20","80.22","300.07","0.781"
"SENS-1162","2025-08-26 01:00:00","MAC-21","86.95","309.91","0.998"
"SENS-1163","2025-08-26 02:00:00","MAC-20","82.6","348.4","0.936"
"SENS-1164","2025-08-26 02:00:00","MAC-21","86.1","320.47","0.588"
"SENS-1165","2026-03-12 00:00:00","MAC-30","84.84","322.57","0.659"
"SENS-1166","2026-03-12 00:00:00","MAC-31","83.59","321.31","1.178"
"SENS-1167","2026-03-12 01:00:00","MAC-30","89.18","340.87","0.787"
"SENS-1168","2026-03-12 01:00:00","MAC-31","107.25","345.08","0.628"
"SENS-1169","2026-03-12 02:00:00","MAC-30","113.08","321.6","1.259"
"SENS-1170","2026-03-12 02:00:00","MAC-31","83.47","348.26","1.102"
"SENS-1171","2026-03-12 03:00:00","MAC-30","96.69","348.51","1.389"
"SENS-1172","2026-03-12 03:00:00","MAC-31","103.14","316.09","1.047"
"SENS-1173","2026-03-12 04:00:00","MAC-30","101.83","313.07","1.318"
"SENS-1174","2026-03-12 04:00:00","MAC-31","115.84","300.21","0.956"
"SENS-1175","2026-03-12 05:00:00","MAC-30","119.99","334.45","1.457"
"SENS-1176","2026-03-12 05:00:00","MAC-31","108.57","332.24","0.925"
"SENS-1177","2026-03-12 06:00:00","MAC-30","96.73","317.29","1.049"
"SENS-1178","2026-03-12 06:00:00","MAC-31","84.54","325.47","1.245"
"SENS-1179","2026-03-12 07:00:00","MAC-30","93.25","339.54","0.803"
"SENS-1180","2026-03-12 07:00:00","MAC-31","115.81","324.72","1.077"
"SENS-1181","2026-03-12 08:00:00","MAC-30","117.93","333.66","0.629"
"SENS-1182","2026-03-12 08:00:00","MAC-31","99.84","310.19","0.863"
"SENS-1183","2026-03-12 09:00:00","MAC-30","103.49","306.32","0.913"
"SENS-1184","2026-03-12 09:00:00","MAC-31","99.78","310.27","1.201"
"SENS-1185","2026-03-12 10:00:00","MAC-30","88.81","329.21","0.99"
"SENS-1186","2026-03-12 10:00:00","MAC-31","108.09","335.02","1.41"
"SENS-1187","2026-03-12 11:00:00","MAC-30","98.64","315.69","0.898"
"SENS-1188","2026-03-12 11:00:00","MAC-31","86.25","300.21","1.109"
"SENS-1189","2025-12-14 00:00:00","MAC-10","103.35","306.41","1.019"
"SENS-1190","2025-12-14 00:00:00","MAC-11","101.75","331.52","0.833"
"SENS-1191","2025-12-14 01:00:00","MAC-10","119.03","305.53","1.331"
"SENS-1192","2025-12-14 01:00:00","MAC-11","101.93","342.07","0.63"
"SENS-1193","2025-12-14 02:00:00","MAC-10","91.74","331.26","1.366"
"SENS-1194","2025-12-14 02:00:00","MAC-11","111.19","322.15","1.015"
"SENS-1195","2025-12-14 03:00:00","MAC-10","101.24","333.68","0.823"
"SENS-1196","2025-12-14 03:00:00","MAC-11","102.4","312.57","1.339"
"SENS-1197","2025-12-14 04:00:00","MAC-10","118.67","315.91","0.989"
"SENS-1198","2025-12-14 04:00:00","MAC-11","81.29","301.75","1.311"
"SENS-1199","2025-12-13 00:00:00","MAC-30","99.23","310.72","0.571"
"SENS-1200","2025-12-13 00:00:00","MAC-31","103.78","335.87","0.835"
"SENS-1201","2025-12-13 01:00:00","MAC-30","117.26","300.44","0.975"
"SENS-1202","2025-12-13 01:00:00","MAC-31","93.54","327.7","1.338"
"SENS-1203","2025-12-13 02:00:00","MAC-30","118.78","313.87","0.523"
"SENS-1204","2025-12-13 02:00:00","MAC-31","111.96","325.51","1.325"
"SENS-1205","2025-12-13 03:00:00","MAC-30","96.75","344.62","0.737"
"SENS-1206","2025-12-13 03:00:00","MAC-31","89.6","330.63","1.194"
"SENS-1207","2025-09-16 00:00:00","MAC-30","105.39","312.97","0.581"
"SENS-1208","2025-09-16 00:00:00","MAC-31","103.96","346.28","1.132"
"SENS-1209","2025-09-16 01:00:00","MAC-30","109.65","303.72","1.479"
"SENS-1210","2025-09-16 01:00:00","MAC-31","90.13","308.46","0.871"
"SENS-1211","2025-09-16 02:00:00","MAC-30","91.24","303.99","1.171"
"SENS-1212","2025-09-16 02:00:00","MAC-31","101.01","328","1.109"
"SENS-1213","2025-09-16 03:00:00","MAC-30","99.81","300.8","1.006"
"SENS-1214","2025-09-16 03:00:00","MAC-31","83.82","309.05","0.849"
"SENS-1215","2025-09-16 04:00:00","MAC-30","116.24","302.36","0.779"
"SENS-1216","2025-09-16 04:00:00","MAC-31","107.18","310.87","1.195"
"SENS-1217","2025-09-16 05:00:00","MAC-30","90.95","313.51","0.615"
"SENS-1218","2025-09-16 05:00:00","MAC-31","98.43","319.3","1.302"
"SENS-1219","2025-08-29 00:00:00","MAC-30","83.61","328.57","0.567"
"SENS-1220","2025-08-29 00:00:00","MAC-31","117.38","305.46","1.337"
"SENS-1221","2025-08-29 01:00:00","MAC-30","91.48","306.08","1.374"
"SENS-1222","2025-08-29 01:00:00","MAC-31","119.79","342.4","0.507"
"SENS-1223","2025-08-29 02:00:00","MAC-30","96.53","311.09","0.875"
"SENS-1224","2025-08-29 02:00:00","MAC-31","106.56","328.28","0.584"
"SENS-1225","2025-08-29 03:00:00","MAC-30","93.73","316.45","1.279"
"SENS-1226","2025-08-29 03:00:00","MAC-31","94.45","311.89","1.094"
"SENS-1227","2025-08-29 04:00:00","MAC-30","83.38","321.85","0.983"
"SENS-1228","2025-08-29 04:00:00","MAC-31","83.1","316.83","0.517"
"SENS-1229","2025-08-29 05:00:00","MAC-30","93.56","330.89","0.632"
"SENS-1230","2025-08-29 05:00:00","MAC-31","105.13","312.26","1.083"
"SENS-1231","2025-08-29 06:00:00","MAC-30","101.11","302.51","1.08"
"SENS-1232","2025-08-29 06:00:00","MAC-31","92.5","327.22","0.53"
"SENS-1233","2025-08-29 07:00:00","MAC-30","88.94","313.75","1.473"
"SENS-1234","2025-08-29 07:00:00","MAC-31","94.59","318","0.587"
"SENS-1235","2025-08-29 08:00:00","MAC-30","106.16","333.07","0.628"
"SENS-1236","2025-08-29 08:00:00","MAC-31","112.48","345.84","1.39"
"SENS-1237","2025-08-29 09:00:00","MAC-30","115.62","315.27","1.264"
"SENS-1238","2025-08-29 09:00:00","MAC-31","97.41","334.13","0.92"
"SENS-1239","2025-08-29 10:00:00","MAC-30","96.24","343.82","0.728"
"SENS-1240","2025-08-29 10:00:00","MAC-31","105.47","300.47","1.158"
"SENS-1241","2026-03-05 00:00:00","MAC-30","114.9","303.31","1.229"
"SENS-1242","2026-03-05 00:00:00","MAC-31","92.06","306","1.404"
"SENS-1243","2026-03-05 01:00:00","MAC-30","86.99","347.54","1.108"
"SENS-1244","2026-03-05 01:00:00","MAC-31","115.04","331.65","1.156"
"SENS-1245","2026-03-05 02:00:00","MAC-30","110.51","339.1","1.494"
"SENS-1246","2026-03-05 02:00:00","MAC-31","117.85","328.44","1.316"
"SENS-1247","2026-03-05 03:00:00","MAC-30","117.61","335.88","0.692"
"SENS-1248","2026-03-05 03:00:00","MAC-31","99.19","322.39","1.135"
"SENS-1249","2025-04-16 00:00:00","MAC-30","86.63","332.49","0.706"
"SENS-1250","2025-04-16 00:00:00","MAC-31","93.17","334.64","1.4"
"SENS-1251","2025-04-16 01:00:00","MAC-30","82.79","303.64","0.62"
"SENS-1252","2025-04-16 01:00:00","MAC-31","90.84","337.55","0.804"
"SENS-1253","2025-04-16 02:00:00","MAC-30","89.82","326.21","0.545"
"SENS-1254","2025-04-16 02:00:00","MAC-31","117.8","349.05","1.432"
"SENS-1255","2025-04-16 03:00:00","MAC-30","105.91","347.53","1.372"
"SENS-1256","2025-04-16 03:00:00","MAC-31","80.18","314.23","0.981"
"SENS-1257","2025-04-16 04:00:00","MAC-30","108.54","308.88","0.897"
"SENS-1258","2025-04-16 04:00:00","MAC-31","84.88","336.02","0.844"
"SENS-1259","2025-04-16 05:00:00","MAC-30","115.92","312.65","0.825"
"SENS-1260","2025-04-16 05:00:00","MAC-31","103.26","304.61","1.46"
"SENS-1261","2025-04-16 06:00:00","MAC-30","99.52","349.65","0.891"
"SENS-1262","2025-04-16 06:00:00","MAC-31","105.06","344.24","1.379"
"SENS-1263","2025-04-16 07:00:00","MAC-30","91.79","321.9","1.138"
"SENS-1264","2025-04-16 07:00:00","MAC-31","97.19","301.96","1.228"
"SENS-1265","2025-04-16 08:00:00","MAC-30","85.72","331.25","1.067"
"SENS-1266","2025-04-16 08:00:00","MAC-31","102.25","333.32","0.623"
"SENS-1267","2025-04-16 09:00:00","MAC-30","93.05","317.48","0.769"
"SENS-1268","2025-04-16 09:00:00","MAC-31","84.18","315.28","1.117"
"SENS-1269","2025-04-16 10:00:00","MAC-30","93.38","306.27","1.338"
"SENS-1270","2025-04-16 10:00:00","MAC-31","86.73","339.91","0.722"
"SENS-1271","2025-04-16 11:00:00","MAC-30","89.16","305.59","1.038"
"SENS-1272","2025-04-16 11:00:00","MAC-31","107.1","313.15","1.499"
"SENS-1273","2025-04-16 12:00:00","MAC-30","92.47","316.99","1.219"
"SENS-1274","2025-04-16 12:00:00","MAC-31","87.94","347.72","0.858"
"SENS-1275","2026-03-29 00:00:00","MAC-20","104.2","308.68","0.609"
"SENS-1276","2026-03-29 00:00:00","MAC-21","109.63","339.97","0.713"
"SENS-1277","2026-03-29 01:00:00","MAC-20","106.21","322.08","1.326"
"SENS-1278","2026-03-29 01:00:00","MAC-21","108.61","338.82","1.462"
"SENS-1279","2026-03-29 02:00:00","MAC-20","93.96","310.22","0.995"
"SENS-1280","2026-03-29 02:00:00","MAC-21","81.48","327.71","0.728"
"SENS-1281","2026-03-29 03:00:00","MAC-20","117.29","331.78","1.232"
"SENS-1282","2026-03-29 03:00:00","MAC-21","119.87","302.9","0.572"
"SENS-1283","2026-03-29 04:00:00","MAC-20","92.41","320.01","1.426"
"SENS-1284","2026-03-29 04:00:00","MAC-21","80.5","328.83","1.259"
"SENS-1285","2026-03-29 05:00:00","MAC-20","101.97","348.91","1.295"
"SENS-1286","2026-03-29 05:00:00","MAC-21","89.08","342.27","0.84"
"SENS-1287","2025-08-19 00:00:00","MAC-10","93.84","307.52","1.251"
"SENS-1288","2025-08-19 00:00:00","MAC-11","106.83","317.46","0.858"
"SENS-1289","2025-08-19 01:00:00","MAC-10","80.5","346.97","1.129"
"SENS-1290","2025-08-19 01:00:00","MAC-11","84.08","341.54","0.591"
"SENS-1291","2025-08-19 02:00:00","MAC-10","111.23","314.42","1.152"
"SENS-1292","2025-08-19 02:00:00","MAC-11","84.12","331.95","0.835"
"SENS-1293","2025-08-19 03:00:00","MAC-10","99.51","309.64","0.784"
"SENS-1294","2025-08-19 03:00:00","MAC-11","85.77","324.06","1.008"
"SENS-1295","2025-08-19 04:00:00","MAC-10","97.76","307.68","1.293"
"SENS-1296","2025-08-19 04:00:00","MAC-11","99.22","339.91","0.513"
"SENS-1297","2025-08-19 05:00:00","MAC-10","113.9","304.52","1.029"
"SENS-1298","2025-08-19 05:00:00","MAC-11","97.57","332.58","0.979"
"SENS-1299","2025-08-19 06:00:00","MAC-10","111.24","311.66","0.988"
"SENS-1300","2025-08-19 06:00:00","MAC-11","93.08","343.94","0.67"
"SENS-1301","2025-08-19 07:00:00","MAC-10","82.12","305.4","0.592"
"SENS-1302","2025-08-19 07:00:00","MAC-11","98.98","310.82","1.372"
"SENS-1303","2025-08-19 08:00:00","MAC-10","118.61","305.75","1.284"
"SENS-1304","2025-08-19 08:00:00","MAC-11","89.5","328.34","1.143"
"SENS-1305","2025-08-19 09:00:00","MAC-10","80.61","348.48","0.541"
"SENS-1306","2025-08-19 09:00:00","MAC-11","85.43","300.63","1.224"
"SENS-1307","2025-08-19 10:00:00","MAC-10","112.44","347.17","0.763"
"SENS-1308","2025-08-19 10:00:00","MAC-11","80.52","324.07","1.157"
"SENS-1309","2025-08-25 00:00:00","MAC-10","80.45","320.72","1.499"
"SENS-1310","2025-08-25 00:00:00","MAC-11","108","333.04","1.082"
"SENS-1311","2025-08-25 01:00:00","MAC-10","109.71","316.76","0.739"
"SENS-1312","2025-08-25 01:00:00","MAC-11","118.16","346.97","1.086"
"SENS-1313","2025-08-25 02:00:00","MAC-10","119.94","300.43","1.485"
"SENS-1314","2025-08-25 02:00:00","MAC-11","88.71","330.55","0.927"
"SENS-1315","2025-08-25 03:00:00","MAC-10","104.51","340.56","1.485"
"SENS-1316","2025-08-25 03:00:00","MAC-11","111.03","302.66","1.195"
"SENS-1317","2025-06-13 00:00:00","MAC-30","106.52","307.44","1.34"
"SENS-1318","2025-06-13 00:00:00","MAC-31","95.3","303.79","1.408"
"SENS-1319","2025-06-13 01:00:00","MAC-30","117.13","311.83","1.301"
"SENS-1320","2025-06-13 01:00:00","MAC-31","106.39","319.44","0.966"
"SENS-1321","2025-06-13 02:00:00","MAC-30","106.14","347.11","0.866"
"SENS-1322","2025-06-13 02:00:00","MAC-31","109.53","317.89","0.783"
"SENS-1323","2025-05-14 00:00:00","MAC-30","110.81","341.15","0.957"
"SENS-1324","2025-05-14 00:00:00","MAC-31","115.05","301.13","1.252"
"SENS-1325","2025-05-14 01:00:00","MAC-30","111.76","314.24","1.037"
"SENS-1326","2025-05-14 01:00:00","MAC-31","109.41","334.01","0.535"
"SENS-1327","2025-05-14 02:00:00","MAC-30","100.47","342.57","1.34"
"SENS-1328","2025-05-14 02:00:00","MAC-31","94.12","342.62","1.465"
"SENS-1329","2025-05-14 03:00:00","MAC-30","110.88","342.2","0.978"
"SENS-1330","2025-05-14 03:00:00","MAC-31","108.67","328.85","0.795"
"SENS-1331","2025-05-14 04:00:00","MAC-30","82.37","331.05","0.604"
"SENS-1332","2025-05-14 04:00:00","MAC-31","87.46","345.8","1.099"
"SENS-1333","2025-08-30 00:00:00","MAC-10","90.98","334.96","1.269"
"SENS-1334","2025-08-30 00:00:00","MAC-11","86.35","306.8","1.413"
"SENS-1335","2025-08-30 01:00:00","MAC-10","105.02","301.7","1.265"
"SENS-1336","2025-08-30 01:00:00","MAC-11","117.54","320.74","0.876"
"SENS-1337","2025-08-30 02:00:00","MAC-10","110.54","310.82","0.881"
"SENS-1338","2025-08-30 02:00:00","MAC-11","103.05","307.38","1.481"
"SENS-1339","2025-08-30 03:00:00","MAC-10","92.7","313.03","0.741"
"SENS-1340","2025-08-30 03:00:00","MAC-11","85.98","315.83","0.741"
"SENS-1341","2025-08-30 04:00:00","MAC-10","102.38","323.75","0.849"
"SENS-1342","2025-08-30 04:00:00","MAC-11","116.88","305.5","1.138"
"SENS-1343","2025-08-30 05:00:00","MAC-10","88","326.05","1.341"
"SENS-1344","2025-08-30 05:00:00","MAC-11","97.59","335.45","1.058"
"SENS-1345","2025-08-30 06:00:00","MAC-10","110.44","313.51","0.977"
"SENS-1346","2025-08-30 06:00:00","MAC-11","119.15","312.55","1.347"
"SENS-1347","2025-08-30 07:00:00","MAC-10","112.19","348.52","1.151"
"SENS-1348","2025-08-30 07:00:00","MAC-11","83.31","334.62","1.393"
"SENS-1349","2025-08-30 08:00:00","MAC-10","82.01","309.96","1.271"
"SENS-1350","2025-08-30 08:00:00","MAC-11","88.33","324.99","0.668"
"SENS-1351","2025-08-30 09:00:00","MAC-10","114.5","331.34","0.525"
"SENS-1352","2025-08-30 09:00:00","MAC-11","96.76","301.38","0.979"
"SENS-1353","2025-08-30 10:00:00","MAC-10","95.08","331.11","0.862"
"SENS-1354","2025-08-30 10:00:00","MAC-11","112.53","349.03","0.842"
"SENS-1355","2026-02-24 00:00:00","MAC-30","98.43","340.05","1.088"
"SENS-1356","2026-02-24 00:00:00","MAC-31","101.33","301.49","1.41"
"SENS-1357","2026-02-24 01:00:00","MAC-30","115.51","310.3","1.316"
"SENS-1358","2026-02-24 01:00:00","MAC-31","119.91","331.94","1.014"
"SENS-1359","2026-02-24 02:00:00","MAC-30","109.85","332.34","0.683"
"SENS-1360","2026-02-24 02:00:00","MAC-31","88.6","345.07","1.144"
"SENS-1361","2025-07-14 00:00:00","MAC-10","105.67","316","0.957"
"SENS-1362","2025-07-14 00:00:00","MAC-11","97.36","313.84","0.59"
"SENS-1363","2025-07-14 01:00:00","MAC-10","100.38","329.89","1.483"
"SENS-1364","2025-07-14 01:00:00","MAC-11","104.43","345.43","1.061"
"SENS-1365","2025-07-14 02:00:00","MAC-10","95.83","302.02","1.154"
"SENS-1366","2025-07-14 02:00:00","MAC-11","89.28","308.6","0.989"
"SENS-1367","2025-07-14 03:00:00","MAC-10","92.32","303.71","0.554"
"SENS-1368","2025-07-14 03:00:00","MAC-11","119.72","346.08","0.57"
"SENS-1369","2025-07-14 04:00:00","MAC-10","82.44","327.33","1.299"
"SENS-1370","2025-07-14 04:00:00","MAC-11","101.57","326.1","0.857"
"SENS-1371","2025-07-14 05:00:00","MAC-10","118.1","341.99","1.292"
"SENS-1372","2025-07-14 05:00:00","MAC-11","98.68","301.62","0.934"
"SENS-1373","2025-07-14 06:00:00","MAC-10","102.44","309.82","1.055"
"SENS-1374","2025-07-14 06:00:00","MAC-11","85.19","338.71","1.353"
"SENS-1375","2025-07-14 07:00:00","MAC-10","85.17","302.74","0.819"
"SENS-1376","2025-07-14 07:00:00","MAC-11","108.54","315.79","0.975"
"SENS-1377","2025-08-08 00:00:00","MAC-30","109.46","330.88","1.446"
"SENS-1378","2025-08-08 00:00:00","MAC-31","83.1","317.8","0.513"
"SENS-1379","2025-08-08 01:00:00","MAC-30","110.9","300.72","1.46"
"SENS-1380","2025-08-08 01:00:00","MAC-31","103.2","334.87","0.544"
"SENS-1381","2025-08-08 02:00:00","MAC-30","110.76","308.87","1.417"
"SENS-1382","2025-08-08 02:00:00","MAC-31","114.56","336.76","0.537"
"SENS-1383","2025-08-08 03:00:00","MAC-30","89.82","343.87","1.351"
"SENS-1384","2025-08-08 03:00:00","MAC-31","87.41","316.19","0.909"
"SENS-1385","2025-08-08 04:00:00","MAC-30","81.16","323.98","0.567"
"SENS-1386","2025-08-08 04:00:00","MAC-31","116.47","321.28","0.979"
"SENS-1387","2025-08-08 05:00:00","MAC-30","116.05","306.7","1.361"
"SENS-1388","2025-08-08 05:00:00","MAC-31","101.05","303.59","0.669"
"SENS-1389","2025-08-08 06:00:00","MAC-30","94.63","304.97","0.541"
"SENS-1390","2025-08-08 06:00:00","MAC-31","108.3","346.89","1.193"
"SENS-1391","2025-08-08 07:00:00","MAC-30","85.5","306.89","1.153"
"SENS-1392","2025-08-08 07:00:00","MAC-31","103.95","321.06","1.165"
"SENS-1393","2025-08-08 08:00:00","MAC-30","102.26","308.41","0.87"
"SENS-1394","2025-08-08 08:00:00","MAC-31","86.17","335.3","0.768"
"SENS-1395","2025-08-08 09:00:00","MAC-30","95.95","309.99","1.446"
"SENS-1396","2025-08-08 09:00:00","MAC-31","115.28","318.03","1.403"
"SENS-1397","2026-03-18 00:00:00","MAC-20","82.59","315.43","0.64"
"SENS-1398","2026-03-18 00:00:00","MAC-21","106.47","313.22","0.804"
"SENS-1399","2026-03-18 01:00:00","MAC-20","100.94","306.55","1.445"
"SENS-1400","2026-03-18 01:00:00","MAC-21","91.01","349.97","1.159"
"SENS-1401","2026-03-18 02:00:00","MAC-20","98.05","319.68","0.875"
"SENS-1402","2026-03-18 02:00:00","MAC-21","85.07","337.2","0.663"
"SENS-1403","2026-03-18 03:00:00","MAC-20","117.78","345.27","1.443"
"SENS-1404","2026-03-18 03:00:00","MAC-21","107.44","347.14","1.118"
"SENS-1405","2026-03-18 04:00:00","MAC-20","88","327.49","1.056"
"SENS-1406","2026-03-18 04:00:00","MAC-21","101.75","337.4","0.668"
"SENS-1407","2026-03-18 05:00:00","MAC-20","106.68","334.93","0.853"
"SENS-1408","2026-03-18 05:00:00","MAC-21","86.16","335.61","0.769"
"SENS-1409","2026-03-18 06:00:00","MAC-20","81.12","316.62","1.016"
"SENS-1410","2026-03-18 06:00:00","MAC-21","115.92","331.58","1.445"
"SENS-1411","2026-03-18 07:00:00","MAC-20","90.84","320.91","1.173"
"SENS-1412","2026-03-18 07:00:00","MAC-21","80.37","347.97","0.526"
"SENS-1413","2026-03-18 08:00:00","MAC-20","104.09","349.82","1.058"
"SENS-1414","2026-03-18 08:00:00","MAC-21","118.18","344.72","0.897"
"SENS-1415","2026-03-18 09:00:00","MAC-20","91.41","344.31","0.925"
"SENS-1416","2026-03-18 09:00:00","MAC-21","80.31","324.49","1.032"
"SENS-1417","2026-03-18 10:00:00","MAC-20","87.31","327.04","1.092"
"SENS-1418","2026-03-18 10:00:00","MAC-21","105.71","308.76","0.907"
"SENS-1419","2026-03-18 11:00:00","MAC-20","89.03","321.93","1.307"
"SENS-1420","2026-03-18 11:00:00","MAC-21","92.95","302.06","1.361"
"SENS-1421","2026-01-31 00:00:00","MAC-20","98.82","305.88","0.834"
"SENS-1422","2026-01-31 00:00:00","MAC-21","94.61","324.68","0.85"
"SENS-1423","2026-01-31 01:00:00","MAC-20","94.43","313.57","1.305"
"SENS-1424","2026-01-31 01:00:00","MAC-21","95.76","327.12","1.323"
"SENS-1425","2026-01-31 02:00:00","MAC-20","90.42","318.74","1.181"
"SENS-1426","2026-01-31 02:00:00","MAC-21","111.51","335.17","1.368"
"SENS-1427","2026-01-31 03:00:00","MAC-20","80.52","343.94","0.677"
"SENS-1428","2026-01-31 03:00:00","MAC-21","99.37","303.31","0.989"
"SENS-1429","2026-01-31 04:00:00","MAC-20","101.76","325.9","0.545"
"SENS-1430","2026-01-31 04:00:00","MAC-21","97.12","300.07","1.343"
"SENS-1431","2026-01-31 05:00:00","MAC-20","81.18","332.13","1.034"
"SENS-1432","2026-01-31 05:00:00","MAC-21","96.8","317.91","1.267"
"SENS-1433","2026-01-31 06:00:00","MAC-20","97.14","317.72","1.164"
"SENS-1434","2026-01-31 06:00:00","MAC-21","104.32","340.87","1.444"
"SENS-1435","2026-01-31 07:00:00","MAC-20","107.67","348.59","1.329"
"SENS-1436","2026-01-31 07:00:00","MAC-21","94.77","340.03","0.843"
"SENS-1437","2026-01-31 08:00:00","MAC-20","108.11","345.3","0.641"
"SENS-1438","2026-01-31 08:00:00","MAC-21","91.35","343.61","1.445"
"SENS-1439","2026-01-31 09:00:00","MAC-20","82.27","323.68","0.5"
"SENS-1440","2026-01-31 09:00:00","MAC-21","93","336.03","0.649"
"SENS-1441","2026-01-31 10:00:00","MAC-20","112.42","321.95","1.138"
"SENS-1442","2026-01-31 10:00:00","MAC-21","92.11","325.09","0.855"
"SENS-1443","2026-01-31 11:00:00","MAC-20","119.4","327.83","1.227"
"SENS-1444","2026-01-31 11:00:00","MAC-21","104.91","335.68","1.09"
"SENS-1445","2026-01-31 12:00:00","MAC-20","114.09","320.07","1.152"
"SENS-1446","2026-01-31 12:00:00","MAC-21","108.81","344.33","0.587"
"SENS-1447","2026-01-31 13:00:00","MAC-20","106.88","313.25","1.361"
"SENS-1448","2026-01-31 13:00:00","MAC-21","110.09","315.42","0.677"
"SENS-1449","2026-03-21 00:00:00","MAC-30","102.7","334.91","1.463"
"SENS-1450","2026-03-21 00:00:00","MAC-31","119.44","343.18","0.554"
"SENS-1451","2026-03-21 01:00:00","MAC-30","106.97","317.79","1.202"
"SENS-1452","2026-03-21 01:00:00","MAC-31","93.71","320.39","1.075"
"SENS-1453","2026-03-21 02:00:00","MAC-30","103.53","316.12","1.419"
"SENS-1454","2026-03-21 02:00:00","MAC-31","96.97","327.18","1.234"
"SENS-1455","2025-10-13 00:00:00","MAC-30","104.2","300.99","1.134"
"SENS-1456","2025-10-13 00:00:00","MAC-31","115.21","321.9","1.159"
"SENS-1457","2025-10-13 01:00:00","MAC-30","104.14","335.44","0.666"
"SENS-1458","2025-10-13 01:00:00","MAC-31","90.41","308.03","0.621"
"SENS-1459","2025-10-13 02:00:00","MAC-30","80.12","344.01","0.799"
"SENS-1460","2025-10-13 02:00:00","MAC-31","118.52","316.83","1.118"
"SENS-1461","2025-10-13 03:00:00","MAC-30","99.08","304.86","0.866"
"SENS-1462","2025-10-13 03:00:00","MAC-31","111.21","306.01","1.183"
"SENS-1463","2025-10-13 04:00:00","MAC-30","112.37","316.19","0.945"
"SENS-1464","2025-10-13 04:00:00","MAC-31","106.41","323.61","1.42"
"SENS-1465","2025-10-13 05:00:00","MAC-30","99.74","306.22","1.067"
"SENS-1466","2025-10-13 05:00:00","MAC-31","119.78","328.43","0.512"
"SENS-1467","2025-10-13 06:00:00","MAC-30","97.36","341.65","0.973"
"SENS-1468","2025-10-13 06:00:00","MAC-31","113.72","349.69","0.929"
"SENS-1469","2026-02-01 00:00:00","MAC-10","116.73","329.61","1.273"
"SENS-1470","2026-02-01 00:00:00","MAC-11","98.37","329.04","0.618"
"SENS-1471","2026-02-01 01:00:00","MAC-10","90.64","315.05","1.363"
"SENS-1472","2026-02-01 01:00:00","MAC-11","114.98","333.53","1.339"
"SENS-1473","2026-02-01 02:00:00","MAC-10","101.14","325.33","1.258"
"SENS-1474","2026-02-01 02:00:00","MAC-11","84.92","338.35","1.324"
"SENS-1475","2026-02-01 03:00:00","MAC-10","83.63","314.19","1.386"
"SENS-1476","2026-02-01 03:00:00","MAC-11","106.19","321.29","1.397"
"SENS-1477","2026-01-09 00:00:00","MAC-30","90.68","322.79","1.017"
"SENS-1478","2026-01-09 00:00:00","MAC-31","103.08","347.44","1.478"
"SENS-1479","2026-01-09 01:00:00","MAC-30","86.38","327.12","1.151"
"SENS-1480","2026-01-09 01:00:00","MAC-31","116.48","328.76","0.992"
"SENS-1481","2026-01-09 02:00:00","MAC-30","96.51","319.03","1.408"
"SENS-1482","2026-01-09 02:00:00","MAC-31","85.51","305.47","0.665"
"SENS-1483","2025-10-13 00:00:00","MAC-10","96.22","342.35","0.85"
"SENS-1484","2025-10-13 00:00:00","MAC-11","85.08","334.1","1.002"
"SENS-1485","2025-10-13 01:00:00","MAC-10","115.73","341.11","0.834"
"SENS-1486","2025-10-13 01:00:00","MAC-11","90.39","340.63","0.55"
"SENS-1487","2025-10-13 02:00:00","MAC-10","103.13","335.58","1.362"
"SENS-1488","2025-10-13 02:00:00","MAC-11","118.48","300.46","1.042"
"SENS-1489","2026-02-15 00:00:00","MAC-20","86.13","330.93","0.786"
"SENS-1490","2026-02-15 00:00:00","MAC-21","90.54","302.11","0.872"
"SENS-1491","2026-02-15 01:00:00","MAC-20","97.31","339.53","1.368"
"SENS-1492","2026-02-15 01:00:00","MAC-21","93.68","349.36","1.215"
"SENS-1493","2026-02-15 02:00:00","MAC-20","104","321.75","0.526"
"SENS-1494","2026-02-15 02:00:00","MAC-21","119.98","323.72","0.752"
"SENS-1495","2026-02-15 03:00:00","MAC-20","109.39","341.08","0.844"
"SENS-1496","2026-02-15 03:00:00","MAC-21","99.17","345.35","1.081"
"SENS-1497","2026-02-15 04:00:00","MAC-20","108.96","338.1","1.113"
"SENS-1498","2026-02-15 04:00:00","MAC-21","107.94","348.72","0.961"
"SENS-1499","2026-02-15 05:00:00","MAC-20","82.92","311.82","0.669"
"SENS-1500","2026-02-15 05:00:00","MAC-21","92.27","335.43","1.111"
"SENS-1501","2025-09-26 00:00:00","MAC-20","106.01","302.59","1.165"
"SENS-1502","2025-09-26 00:00:00","MAC-21","83.84","310.31","1.08"
"SENS-1503","2025-09-26 01:00:00","MAC-20","92.49","309.23","0.842"
"SENS-1504","2025-09-26 01:00:00","MAC-21","90.12","317.04","0.873"
"SENS-1505","2025-09-26 02:00:00","MAC-20","89.38","349.3","1.28"
"SENS-1506","2025-09-26 02:00:00","MAC-21","102.39","307.88","1.311"
"SENS-1507","2025-09-26 03:00:00","MAC-20","95.96","335.64","1.413"
"SENS-1508","2025-09-26 03:00:00","MAC-21","86.27","332.82","0.868"
"SENS-1509","2025-09-26 04:00:00","MAC-20","83.07","321.68","1.263"
"SENS-1510","2025-09-26 04:00:00","MAC-21","89.17","332.22","0.867"
"SENS-1511","2025-09-26 05:00:00","MAC-20","106.59","314.77","1.053"
"SENS-1512","2025-09-26 05:00:00","MAC-21","89.05","301.61","1.436"
"SENS-1513","2025-09-26 06:00:00","MAC-20","91.43","342.21","1.313"
"SENS-1514","2025-09-26 06:00:00","MAC-21","92.92","344.49","1.484"
"SENS-1515","2025-09-26 07:00:00","MAC-20","84.46","317.29","1.157"
"SENS-1516","2025-09-26 07:00:00","MAC-21","119.77","302.79","1.145"
"SENS-1517","2025-09-26 08:00:00","MAC-20","115.8","344.32","0.641"
"SENS-1518","2025-09-26 08:00:00","MAC-21","113.28","346.69","1.08"
"SENS-1519","2025-09-26 09:00:00","MAC-20","112.6","345.24","1"
"SENS-1520","2025-09-26 09:00:00","MAC-21","87.6","349.05","1.425"
"SENS-1521","2025-09-26 10:00:00","MAC-20","117.31","323.06","0.513"
"SENS-1522","2025-09-26 10:00:00","MAC-21","98.25","309.86","1.118"
"SENS-1523","2025-04-15 00:00:00","MAC-30","107.8","303.3","0.664"
"SENS-1524","2025-04-15 00:00:00","MAC-31","86.64","324.26","0.942"
"SENS-1525","2025-04-15 01:00:00","MAC-30","100.34","340.55","0.971"
"SENS-1526","2025-04-15 01:00:00","MAC-31","97.71","326.75","0.584"
"SENS-1527","2025-04-15 02:00:00","MAC-30","92","307.62","0.597"
"SENS-1528","2025-04-15 02:00:00","MAC-31","89.25","329","1.371"
"SENS-1529","2025-04-15 03:00:00","MAC-30","92.77","335.45","0.517"
"SENS-1530","2025-04-15 03:00:00","MAC-31","83.33","331.57","1.069"
"SENS-1531","2025-04-15 04:00:00","MAC-30","98.64","337.17","1.455"
"SENS-1532","2025-04-15 04:00:00","MAC-31","83.79","341.66","1.234"
"SENS-1533","2026-01-14 00:00:00","MAC-30","108.77","326.82","0.556"
"SENS-1534","2026-01-14 00:00:00","MAC-31","94.74","310.27","0.744"
"SENS-1535","2026-01-14 01:00:00","MAC-30","119.59","307.41","0.778"
"SENS-1536","2026-01-14 01:00:00","MAC-31","117.09","331.24","1.13"
"SENS-1537","2026-01-14 02:00:00","MAC-30","104.9","320.72","0.837"
"SENS-1538","2026-01-14 02:00:00","MAC-31","101.57","306.72","1.26"
"SENS-1539","2026-01-14 03:00:00","MAC-30","81.69","327.39","0.626"
"SENS-1540","2026-01-14 03:00:00","MAC-31","112.89","324.63","0.727"
"SENS-1541","2026-01-14 04:00:00","MAC-30","108.05","316.01","1.298"
"SENS-1542","2026-01-14 04:00:00","MAC-31","118.28","320.08","0.833"
"SENS-1543","2026-01-14 05:00:00","MAC-30","92.72","327.58","0.837"
"SENS-1544","2026-01-14 05:00:00","MAC-31","118.49","315.83","0.583"
"SENS-1545","2026-01-14 06:00:00","MAC-30","102.63","301.1","1.01"
"SENS-1546","2026-01-14 06:00:00","MAC-31","103.06","320.17","0.985"
"SENS-1547","2026-01-14 07:00:00","MAC-30","114.98","304.39","1.111"
"SENS-1548","2026-01-14 07:00:00","MAC-31","86.27","301.74","0.551"
"SENS-1549","2026-01-14 08:00:00","MAC-30","101.8","339.37","1.45"
"SENS-1550","2026-01-14 08:00:00","MAC-31","119.86","313.53","0.576"
"SENS-1551","2026-01-14 09:00:00","MAC-30","86.5","339.4","0.66"
"SENS-1552","2026-01-14 09:00:00","MAC-31","104.44","329.96","1.352"
"SENS-1553","2026-01-14 10:00:00","MAC-30","84.92","305.29","1.193"
"SENS-1554","2026-01-14 10:00:00","MAC-31","114.26","334.81","1.344"
"SENS-1555","2026-01-14 11:00:00","MAC-30","118.05","335.98","0.727"
"SENS-1556","2026-01-14 11:00:00","MAC-31","89.74","313.12","0.655"
"SENS-1557","2025-09-02 00:00:00","MAC-30","84.15","349.38","1.356"
"SENS-1558","2025-09-02 00:00:00","MAC-31","114.88","334.64","0.847"
"SENS-1559","2025-09-02 01:00:00","MAC-30","95.13","315.76","0.805"
"SENS-1560","2025-09-02 01:00:00","MAC-31","111.89","333.27","0.617"
"SENS-1561","2025-09-02 02:00:00","MAC-30","96.21","331.56","1.183"
"SENS-1562","2025-09-02 02:00:00","MAC-31","94.25","340.26","0.868"
"SENS-1563","2025-09-02 03:00:00","MAC-30","105.41","320.05","1.36"
"SENS-1564","2025-09-02 03:00:00","MAC-31","105.55","338.73","1.382"
"SENS-1565","2026-03-30 00:00:00","MAC-10","91.78","328.86","1.374"
"SENS-1566","2026-03-30 00:00:00","MAC-11","111.56","300.96","0.745"
"SENS-1567","2026-03-30 01:00:00","MAC-10","117.55","305.38","1.216"
"SENS-1568","2026-03-30 01:00:00","MAC-11","82.04","322.24","0.941"
"SENS-1569","2026-03-30 02:00:00","MAC-10","108.1","325.12","0.856"
"SENS-1570","2026-03-30 02:00:00","MAC-11","118.31","312.84","1.186"
"SENS-1571","2026-03-30 03:00:00","MAC-10","96.43","308.79","0.68"
"SENS-1572","2026-03-30 03:00:00","MAC-11","103.41","305.16","0.754"
"SENS-1573","2026-03-30 04:00:00","MAC-10","90.07","309.26","1.023"
"SENS-1574","2026-03-30 04:00:00","MAC-11","102.52","310.15","1.448"
"SENS-1575","2026-03-30 05:00:00","MAC-10","116.53","330.59","0.742"
"SENS-1576","2026-03-30 05:00:00","MAC-11","119.34","314.64","1.156"
"SENS-1577","2026-03-30 06:00:00","MAC-10","83.94","315.08","1.378"
"SENS-1578","2026-03-30 06:00:00","MAC-11","97.92","333.79","0.54"
"SENS-1579","2026-03-30 07:00:00","MAC-10","82.1","335.45","1.462"
"SENS-1580","2026-03-30 07:00:00","MAC-11","97.63","306.25","0.902"
"SENS-1581","2026-03-30 08:00:00","MAC-10","92.23","330.04","1.314"
"SENS-1582","2026-03-30 08:00:00","MAC-11","105.17","348.82","1.388"
"SENS-1583","2026-03-30 09:00:00","MAC-10","88.27","303.43","0.626"
"SENS-1584","2026-03-30 09:00:00","MAC-11","108.95","308.2","0.713"
"SENS-1585","2026-03-30 10:00:00","MAC-10","88.93","306.58","0.785"
"SENS-1586","2026-03-30 10:00:00","MAC-11","106.87","335.43","0.863"
"SENS-1587","2025-04-15 00:00:00","MAC-20","110.17","346.04","0.817"
"SENS-1588","2025-04-15 00:00:00","MAC-21","112.89","306.1","1.258"
"SENS-1589","2025-04-15 01:00:00","MAC-20","105.22","323.15","1.067"
"SENS-1590","2025-04-15 01:00:00","MAC-21","107.49","316.64","0.713"
"SENS-1591","2025-04-15 02:00:00","MAC-20","91.84","333.14","1.448"
"SENS-1592","2025-04-15 02:00:00","MAC-21","115.05","324.36","0.572"
"SENS-1593","2025-04-15 03:00:00","MAC-20","92.28","347.4","1.329"
"SENS-1594","2025-04-15 03:00:00","MAC-21","113.31","348.98","0.914"
"SENS-1595","2025-04-15 04:00:00","MAC-20","94.15","312.22","1.342"
"SENS-1596","2025-04-15 04:00:00","MAC-21","107.05","341.47","1.443"
"SENS-1597","2025-04-15 05:00:00","MAC-20","110.39","335.6","0.613"
"SENS-1598","2025-04-15 05:00:00","MAC-21","83.21","301.65","1.268"
"SENS-1599","2025-11-06 00:00:00","MAC-20","97.06","343.48","0.56"
"SENS-1600","2025-11-06 00:00:00","MAC-21","99.69","349.76","1.312"
"SENS-1601","2025-11-06 01:00:00","MAC-20","101.45","332.12","1.365"
"SENS-1602","2025-11-06 01:00:00","MAC-21","89.49","346.39","0.859"
"SENS-1603","2025-11-06 02:00:00","MAC-20","116.1","345.5","0.758"
"SENS-1604","2025-11-06 02:00:00","MAC-21","90.66","312.26","1.239"
"SENS-1605","2025-11-06 03:00:00","MAC-20","98.57","341.17","1.445"
"SENS-1606","2025-11-06 03:00:00","MAC-21","87.98","344.33","0.643"
"SENS-1607","2025-11-06 04:00:00","MAC-20","94.01","340.77","1.11"
"SENS-1608","2025-11-06 04:00:00","MAC-21","116.29","348.86","0.6"
"SENS-1609","2025-11-06 05:00:00","MAC-20","112.79","333.58","0.569"
"SENS-1610","2025-11-06 05:00:00","MAC-21","116.7","340.48","0.737"
"SENS-1611","2026-02-06 00:00:00","MAC-20","81.08","339.11","1.342"
"SENS-1612","2026-02-06 00:00:00","MAC-21","96.43","306.55","0.872"
"SENS-1613","2026-02-06 01:00:00","MAC-20","119.31","348.7","1.272"
"SENS-1614","2026-02-06 01:00:00","MAC-21","117.3","348.09","0.566"
"SENS-1615","2026-02-06 02:00:00","MAC-20","80.52","341.37","1.166"
"SENS-1616","2026-02-06 02:00:00","MAC-21","109.7","338.66","1.202"
"SENS-1617","2025-07-26 00:00:00","MAC-30","84.98","305.91","1.015"
"SENS-1618","2025-07-26 00:00:00","MAC-31","103.71","345.76","0.713"
"SENS-1619","2025-07-26 01:00:00","MAC-30","100.82","347.05","0.76"
"SENS-1620","2025-07-26 01:00:00","MAC-31","103.19","309.34","1.45"
"SENS-1621","2025-07-26 02:00:00","MAC-30","82.96","341.08","0.92"
"SENS-1622","2025-07-26 02:00:00","MAC-31","91.96","302.04","1.455"
"SENS-1623","2025-07-26 03:00:00","MAC-30","112.73","311.64","1.04"
"SENS-1624","2025-07-26 03:00:00","MAC-31","108.25","319.76","1.192"
"SENS-1625","2025-07-26 04:00:00","MAC-30","97.7","317.63","0.793"
"SENS-1626","2025-07-26 04:00:00","MAC-31","99.54","334.75","1.256"
"SENS-1627","2025-07-26 05:00:00","MAC-30","84.23","302.73","1.417"
"SENS-1628","2025-07-26 05:00:00","MAC-31","111.85","327.55","1.382"
"SENS-1629","2025-07-26 06:00:00","MAC-30","89.13","334.65","0.573"
"SENS-1630","2025-07-26 06:00:00","MAC-31","119.42","323.59","1.499"
"SENS-1631","2025-07-26 07:00:00","MAC-30","92.73","336.24","0.818"
"SENS-1632","2025-07-26 07:00:00","MAC-31","80.16","332.69","1.248"
"SENS-1633","2026-02-19 00:00:00","MAC-20","111.23","326.12","0.706"
"SENS-1634","2026-02-19 00:00:00","MAC-21","107.16","326.42","0.713"
"SENS-1635","2026-02-19 01:00:00","MAC-20","91.07","323.48","1.389"
"SENS-1636","2026-02-19 01:00:00","MAC-21","104.96","303.06","0.662"
"SENS-1637","2026-02-19 02:00:00","MAC-20","118.29","317.06","0.78"
"SENS-1638","2026-02-19 02:00:00","MAC-21","84.78","331.14","0.861"
"SENS-1639","2026-02-19 03:00:00","MAC-20","87.24","338.6","0.72"
"SENS-1640","2026-02-19 03:00:00","MAC-21","99","317.84","0.663"
"SENS-1641","2026-02-19 04:00:00","MAC-20","103.19","300.49","0.542"
"SENS-1642","2026-02-19 04:00:00","MAC-21","100.13","306.29","1.431"
"SENS-1643","2026-02-19 05:00:00","MAC-20","98.03","314.36","1.466"
"SENS-1644","2026-02-19 05:00:00","MAC-21","91.31","309.91","0.523"
"SENS-1645","2026-02-19 06:00:00","MAC-20","92.05","322.1","0.886"
"SENS-1646","2026-02-19 06:00:00","MAC-21","92.21","323.87","0.67"
"SENS-1647","2026-02-19 07:00:00","MAC-20","109.77","335.11","0.643"
"SENS-1648","2026-02-19 07:00:00","MAC-21","104.59","316.98","1.316"
"SENS-1649","2026-02-19 08:00:00","MAC-20","117.15","317.88","1.319"
"SENS-1650","2026-02-19 08:00:00","MAC-21","94.29","323.09","0.742"
"SENS-1651","2026-02-19 09:00:00","MAC-20","100.9","330.96","1.467"
"SENS-1652","2026-02-19 09:00:00","MAC-21","114.25","334.45","1.006"
"SENS-1653","2026-02-19 10:00:00","MAC-20","84.78","326.11","0.602"
"SENS-1654","2026-02-19 10:00:00","MAC-21","119.99","318.4","1.118"
"SENS-1655","2026-02-19 11:00:00","MAC-20","102.28","329.37","0.591"
"SENS-1656","2026-02-19 11:00:00","MAC-21","81.1","328.01","1.341"
"SENS-1657","2026-02-19 12:00:00","MAC-20","82.05","305.78","0.607"
"SENS-1658","2026-02-19 12:00:00","MAC-21","102.78","315.35","0.587"
"SENS-1659","2026-02-19 13:00:00","MAC-20","86.78","346.69","1.025"
"SENS-1660","2026-02-19 13:00:00","MAC-21","119.89","326.7","1.24"
"SENS-1661","2025-07-05 00:00:00","MAC-20","113.31","303.03","1.01"
"SENS-1662","2025-07-05 00:00:00","MAC-21","82.19","333.65","0.759"
"SENS-1663","2025-07-05 01:00:00","MAC-20","97.36","324.99","1.002"
"SENS-1664","2025-07-05 01:00:00","MAC-21","91.7","320.48","0.852"
"SENS-1665","2025-07-05 02:00:00","MAC-20","116.99","349.29","1.022"
"SENS-1666","2025-07-05 02:00:00","MAC-21","110.58","301.68","0.601"
"SENS-1667","2025-07-05 03:00:00","MAC-20","95.66","343.94","0.943"
"SENS-1668","2025-07-05 03:00:00","MAC-21","112.31","325.02","0.717"
"SENS-1669","2025-07-05 04:00:00","MAC-20","91.85","337.49","1.479"
"SENS-1670","2025-07-05 04:00:00","MAC-21","118.11","302.25","0.948"
"SENS-1671","2025-07-05 05:00:00","MAC-20","89.21","342.13","0.583"
"SENS-1672","2025-07-05 05:00:00","MAC-21","102.21","336.34","0.793"
"SENS-1673","2025-07-05 06:00:00","MAC-20","117.8","330.94","0.753"
"SENS-1674","2025-07-05 06:00:00","MAC-21","113.69","341.62","0.952"
"SENS-1675","2025-11-29 00:00:00","MAC-20","117.52","321.99","1.309"
"SENS-1676","2025-11-29 00:00:00","MAC-21","97.27","331.48","1.289"
"SENS-1677","2025-11-29 01:00:00","MAC-20","81.25","312.01","0.723"
"SENS-1678","2025-11-29 01:00:00","MAC-21","90.72","311.05","0.757"
"SENS-1679","2025-11-29 02:00:00","MAC-20","113.52","310.81","0.851"
"SENS-1680","2025-11-29 02:00:00","MAC-21","91.94","329.94","1.433"
"SENS-1681","2025-11-29 03:00:00","MAC-20","109.64","337.81","1.001"
"SENS-1682","2025-11-29 03:00:00","MAC-21","98.17","321.93","0.93"
"SENS-1683","2025-11-29 04:00:00","MAC-20","119.28","331.24","1.375"
"SENS-1684","2025-11-29 04:00:00","MAC-21","86.29","321.78","1.064"
"SENS-1685","2025-11-29 05:00:00","MAC-20","108.85","327.17","0.544"
"SENS-1686","2025-11-29 05:00:00","MAC-21","115.49","336.55","1.442"
"SENS-1687","2025-11-29 06:00:00","MAC-20","109.59","338.62","0.876"
"SENS-1688","2025-11-29 06:00:00","MAC-21","115.62","307.3","1.499"
"SENS-1689","2025-11-29 07:00:00","MAC-20","84.96","304.99","1.377"
"SENS-1690","2025-11-29 07:00:00","MAC-21","89.31","316.86","1.268"
"SENS-1691","2025-11-29 08:00:00","MAC-20","118.09","339.77","0.825"
"SENS-1692","2025-11-29 08:00:00","MAC-21","112.45","344.59","1.084"
"SENS-1693","2025-11-29 09:00:00","MAC-20","116.37","336.74","1.467"
"SENS-1694","2025-11-29 09:00:00","MAC-21","96.78","307.09","0.551"
"SENS-1695","2025-11-29 10:00:00","MAC-20","83.57","337.24","0.713"
"SENS-1696","2025-11-29 10:00:00","MAC-21","93.69","307.57","0.974"
"SENS-1697","2025-11-29 11:00:00","MAC-20","109.67","327.42","0.632"
"SENS-1698","2025-11-29 11:00:00","MAC-21","114.2","324.71","1.34"
"SENS-1699","2025-11-29 12:00:00","MAC-20","95.94","331.75","1.151"
"SENS-1700","2025-11-29 12:00:00","MAC-21","102.22","341.04","1.165"
"SENS-1701","2025-10-01 00:00:00","MAC-30","105.08","347.12","1.208"
"SENS-1702","2025-10-01 00:00:00","MAC-31","108.75","331.19","1.179"
"SENS-1703","2025-10-01 01:00:00","MAC-30","83.74","308.1","1.163"
"SENS-1704","2025-10-01 01:00:00","MAC-31","83.91","342.34","1.135"
"SENS-1705","2025-10-01 02:00:00","MAC-30","84.07","342.1","1.373"
"SENS-1706","2025-10-01 02:00:00","MAC-31","95.5","328.63","0.535"
"SENS-1707","2025-10-01 03:00:00","MAC-30","119.08","303.61","0.948"
"SENS-1708","2025-10-01 03:00:00","MAC-31","118.59","338.19","1.225"
"SENS-1709","2025-10-01 04:00:00","MAC-30","101.7","335.44","1.017"
"SENS-1710","2025-10-01 04:00:00","MAC-31","118.29","312.81","0.732"
"SENS-1711","2025-10-01 05:00:00","MAC-30","111.43","339.18","0.732"
"SENS-1712","2025-10-01 05:00:00","MAC-31","119.86","308.92","1.253"
"SENS-1713","2025-10-01 06:00:00","MAC-30","94.35","317.1","0.603"
"SENS-1714","2025-10-01 06:00:00","MAC-31","119.66","339.27","1.109"
"SENS-1715","2025-10-01 07:00:00","MAC-30","82.19","332.47","0.567"
"SENS-1716","2025-10-01 07:00:00","MAC-31","84.34","335","1.122"
"SENS-1717","2025-10-01 08:00:00","MAC-30","97.58","329.85","0.921"
"SENS-1718","2025-10-01 08:00:00","MAC-31","106.26","338.17","1.223"
"SENS-1719","2025-10-01 09:00:00","MAC-30","90.59","311.51","1.075"
"SENS-1720","2025-10-01 09:00:00","MAC-31","91.94","314.82","0.606"
"SENS-1721","2025-10-01 10:00:00","MAC-30","97.95","345.25","1.307"
"SENS-1722","2025-10-01 10:00:00","MAC-31","113.41","339.38","1.065"
"SENS-1723","2025-10-01 11:00:00","MAC-30","87.95","312.35","1.499"
"SENS-1724","2025-10-01 11:00:00","MAC-31","80.72","349.73","1.042"
"SENS-1725","2025-10-01 12:00:00","MAC-30","88.57","344.17","0.841"
"SENS-1726","2025-10-01 12:00:00","MAC-31","112.74","341.21","0.752"
"SENS-1727","2026-02-08 00:00:00","MAC-10","118.78","314.01","0.838"
"SENS-1728","2026-02-08 00:00:00","MAC-11","84.62","301.23","0.91"
"SENS-1729","2026-02-08 01:00:00","MAC-10","83.97","334.88","1.153"
"SENS-1730","2026-02-08 01:00:00","MAC-11","112.05","309.37","0.993"
"SENS-1731","2026-02-08 02:00:00","MAC-10","80.7","349.08","1.16"
"SENS-1732","2026-02-08 02:00:00","MAC-11","90.16","340.25","1.454"
"SENS-1733","2026-02-08 03:00:00","MAC-10","83.6","345.9","0.569"
"SENS-1734","2026-02-08 03:00:00","MAC-11","112.73","326.41","1.212"
"SENS-1735","2026-02-08 04:00:00","MAC-10","102.04","307.54","1.085"
"SENS-1736","2026-02-08 04:00:00","MAC-11","109.17","326.47","1.078"
"SENS-1737","2026-02-08 05:00:00","MAC-10","81.02","321.06","1.102"
"SENS-1738","2026-02-08 05:00:00","MAC-11","99.12","307.74","0.794"
"SENS-1739","2026-02-08 06:00:00","MAC-10","107.87","313.63","1.411"
"SENS-1740","2026-02-08 06:00:00","MAC-11","82.91","330.84","0.856"
"SENS-1741","2026-02-08 07:00:00","MAC-10","93.37","309.6","0.508"
"SENS-1742","2026-02-08 07:00:00","MAC-11","104.29","313.74","1.43"
"SENS-1743","2026-02-08 08:00:00","MAC-10","86.97","322.52","1.219"
"SENS-1744","2026-02-08 08:00:00","MAC-11","118.48","314.54","0.873"
"SENS-1745","2026-02-08 09:00:00","MAC-10","114.94","340.43","1.382"
"SENS-1746","2026-02-08 09:00:00","MAC-11","86.19","339.8","1.414"
"SENS-1747","2026-02-08 10:00:00","MAC-10","83.38","334.79","0.97"
"SENS-1748","2026-02-08 10:00:00","MAC-11","82.97","333.67","0.559"
"SENS-1749","2026-02-08 11:00:00","MAC-10","80.95","312.45","0.599"
"SENS-1750","2026-02-08 11:00:00","MAC-11","107.64","313.51","0.628"
"SENS-1751","2025-11-01 00:00:00","MAC-10","104.13","321.55","1.474"
"SENS-1752","2025-11-01 00:00:00","MAC-11","96.44","313.45","0.623"
"SENS-1753","2025-11-01 01:00:00","MAC-10","80.59","347.92","1.076"
"SENS-1754","2025-11-01 01:00:00","MAC-11","105.62","319.69","0.756"
"SENS-1755","2026-01-10 00:00:00","MAC-20","107.41","337.56","1.267"
"SENS-1756","2026-01-10 00:00:00","MAC-21","114.15","302.56","0.728"
"SENS-1757","2026-01-10 01:00:00","MAC-20","103.51","343.19","1.294"
"SENS-1758","2026-01-10 01:00:00","MAC-21","93.66","324.99","1.243"
"SENS-1759","2026-01-10 02:00:00","MAC-20","87.56","312.32","0.606"
"SENS-1760","2026-01-10 02:00:00","MAC-21","83.74","324.11","1.039"
"SENS-1761","2026-01-10 03:00:00","MAC-20","114.91","344.3","1.231"
"SENS-1762","2026-01-10 03:00:00","MAC-21","88.16","315.32","1.024"
"SENS-1763","2026-01-10 04:00:00","MAC-20","101.99","305.23","1.279"
"SENS-1764","2026-01-10 04:00:00","MAC-21","94.8","340.67","0.679"
"SENS-1765","2026-01-10 05:00:00","MAC-20","99.24","313.9","1.357"
"SENS-1766","2026-01-10 05:00:00","MAC-21","110.66","310.31","1.381"
"SENS-1767","2026-01-10 06:00:00","MAC-20","102.5","330.96","0.648"
"SENS-1768","2026-01-10 06:00:00","MAC-21","118.67","326.76","0.705"
"SENS-1769","2026-01-10 07:00:00","MAC-20","82.56","331.02","1.15"
"SENS-1770","2026-01-10 07:00:00","MAC-21","110.87","311.06","1.308"
"SENS-1771","2026-01-10 08:00:00","MAC-20","114.17","345.6","1.415"
"SENS-1772","2026-01-10 08:00:00","MAC-21","119.53","340.53","1.234"
"SENS-1773","2026-01-10 09:00:00","MAC-20","108.5","319.6","1.214"
"SENS-1774","2026-01-10 09:00:00","MAC-21","85.19","319.73","0.658"
"SENS-1775","2026-01-10 10:00:00","MAC-20","108.95","340.78","1.128"
"SENS-1776","2026-01-10 10:00:00","MAC-21","113.65","316.47","0.847"
"SENS-1777","2026-01-10 11:00:00","MAC-20","102.07","338.77","0.784"
"SENS-1778","2026-01-10 11:00:00","MAC-21","96.63","332.5","0.578"
"SENS-1779","2026-01-10 12:00:00","MAC-20","92.02","343.84","1.053"
"SENS-1780","2026-01-10 12:00:00","MAC-21","96.36","332.33","0.556"
"SENS-1781","2026-01-10 13:00:00","MAC-20","86.54","300.5","0.976"
"SENS-1782","2026-01-10 13:00:00","MAC-21","92.53","322.29","0.754"
"SENS-1783","2026-01-10 14:00:00","MAC-20","101.32","324.9","0.924"
"SENS-1784","2026-01-10 14:00:00","MAC-21","100.75","324.07","1.195"
"SENS-1785","2025-10-10 00:00:00","MAC-20","86.03","326.31","0.756"
"SENS-1786","2025-10-10 00:00:00","MAC-21","100.26","322.82","0.924"
"SENS-1787","2025-10-10 01:00:00","MAC-20","104.54","318.46","1.121"
"SENS-1788","2025-10-10 01:00:00","MAC-21","110.8","308.24","0.528"
"SENS-1789","2025-10-10 02:00:00","MAC-20","103.79","337.91","0.743"
"SENS-1790","2025-10-10 02:00:00","MAC-21","111.51","340.79","1.416"
"SENS-1791","2025-10-10 03:00:00","MAC-20","94.99","347.63","0.849"
"SENS-1792","2025-10-10 03:00:00","MAC-21","108.04","315.65","0.599"
"SENS-1793","2025-10-10 04:00:00","MAC-20","95.73","329.87","1.466"
"SENS-1794","2025-10-10 04:00:00","MAC-21","111.7","330.77","1.259"
"SENS-1795","2025-10-10 05:00:00","MAC-20","92.05","315.76","1.402"
"SENS-1796","2025-10-10 05:00:00","MAC-21","98.73","321.69","0.559"
"SENS-1797","2025-10-10 06:00:00","MAC-20","100.44","326.24","1.318"
"SENS-1798","2025-10-10 06:00:00","MAC-21","98.33","344.47","1.345"
"SENS-1799","2025-10-10 07:00:00","MAC-20","98.03","340.94","1.142"
"SENS-1800","2025-10-10 07:00:00","MAC-21","92.1","329.57","0.595"
"SENS-1801","2025-10-10 08:00:00","MAC-20","110.45","344.66","0.553"
"SENS-1802","2025-10-10 08:00:00","MAC-21","80.05","305.12","1.219"
"SENS-1803","2025-10-10 09:00:00","MAC-20","103.88","341.43","0.744"
"SENS-1804","2025-10-10 09:00:00","MAC-21","108.76","318.71","1.113"
"SENS-1805","2025-10-10 10:00:00","MAC-20","118.23","343.39","1.35"
"SENS-1806","2025-10-10 10:00:00","MAC-21","119.06","330.32","1.024"
"SENS-1807","2025-10-10 11:00:00","MAC-20","112.6","341.18","1.067"
"SENS-1808","2025-10-10 11:00:00","MAC-21","119.32","322.82","1.083"
"SENS-1809","2025-10-10 12:00:00","MAC-20","106.2","313.84","0.985"
"SENS-1810","2025-10-10 12:00:00","MAC-21","115.89","345.66","0.598"
"SENS-1811","2025-10-23 00:00:00","MAC-20","108.24","347.99","0.562"
"SENS-1812","2025-10-23 00:00:00","MAC-21","80.2","312.09","1.128"
"SENS-1813","2025-10-23 01:00:00","MAC-20","116.27","309.68","1.12"
"SENS-1814","2025-10-23 01:00:00","MAC-21","93.88","345.68","1.117"
"SENS-1815","2025-10-23 02:00:00","MAC-20","113.72","314.03","0.737"
"SENS-1816","2025-10-23 02:00:00","MAC-21","114.89","335.53","1.415"
"SENS-1817","2025-10-23 03:00:00","MAC-20","103.51","319.01","1.002"
"SENS-1818","2025-10-23 03:00:00","MAC-21","89.08","316.86","0.703"
"SENS-1819","2025-10-23 04:00:00","MAC-20","116.06","310.52","0.567"
"SENS-1820","2025-10-23 04:00:00","MAC-21","100.55","308.63","1.375"
"SENS-1821","2025-05-09 00:00:00","MAC-30","80.2","301.29","0.563"
"SENS-1822","2025-05-09 00:00:00","MAC-31","118.24","335.11","1.45"
"SENS-1823","2025-05-09 01:00:00","MAC-30","119.67","303.57","0.657"
"SENS-1824","2025-05-09 01:00:00","MAC-31","113.05","342.52","1.325"
"SENS-1825","2025-05-09 02:00:00","MAC-30","111.34","318.43","1.431"
"SENS-1826","2025-05-09 02:00:00","MAC-31","86.02","324.27","0.943"
"SENS-1827","2025-05-09 03:00:00","MAC-30","106.21","308.23","0.569"
"SENS-1828","2025-05-09 03:00:00","MAC-31","91.57","301.32","0.714"
"SENS-1829","2025-05-09 04:00:00","MAC-30","98.62","321.96","1.468"
"SENS-1830","2025-05-09 04:00:00","MAC-31","96.36","311.48","1.065"
"SENS-1831","2025-05-09 05:00:00","MAC-30","100.53","329.15","0.764"
"SENS-1832","2025-05-09 05:00:00","MAC-31","82.2","330.48","1.411"
"SENS-1833","2025-05-09 06:00:00","MAC-30","102.15","326.04","1.303"
"SENS-1834","2025-05-09 06:00:00","MAC-31","104.54","337.23","1.348"
"SENS-1835","2025-05-09 07:00:00","MAC-30","93.26","301.47","0.984"
"SENS-1836","2025-05-09 07:00:00","MAC-31","106.34","308.06","1.273"
"SENS-1837","2025-05-09 08:00:00","MAC-30","106.75","343.94","1.43"
"SENS-1838","2025-05-09 08:00:00","MAC-31","114.36","318.01","1.373"
"SENS-1839","2025-05-09 09:00:00","MAC-30","94.27","302.23","1.037"
"SENS-1840","2025-05-09 09:00:00","MAC-31","92.7","321.96","1.355"
"SENS-1841","2025-05-09 10:00:00","MAC-30","113.06","336.55","1.247"
"SENS-1842","2025-05-09 10:00:00","MAC-31","115.52","313.01","0.914"
"SENS-1843","2025-05-09 11:00:00","MAC-30","112.77","346.87","0.849"
"SENS-1844","2025-05-09 11:00:00","MAC-31","101.51","332.28","0.534"
"SENS-1845","2025-05-09 12:00:00","MAC-30","84.17","307.22","0.939"
"SENS-1846","2025-05-09 12:00:00","MAC-31","80.04","307.26","0.933"
"SENS-1847","2025-05-09 13:00:00","MAC-30","111.61","328.76","1.08"
"SENS-1848","2025-05-09 13:00:00","MAC-31","102.71","313.84","1.27"
"SENS-1849","2025-12-26 00:00:00","MAC-30","88.3","319.19","1.21"
"SENS-1850","2025-12-26 00:00:00","MAC-31","119.68","328.37","1.029"
"SENS-1851","2025-12-26 01:00:00","MAC-30","96.51","306.15","0.8"
"SENS-1852","2025-12-26 01:00:00","MAC-31","107.97","331.48","0.982"
"SENS-1853","2025-12-26 02:00:00","MAC-30","84.4","341.57","0.986"
"SENS-1854","2025-12-26 02:00:00","MAC-31","99.01","303.72","1.428"
"SENS-1855","2025-12-26 03:00:00","MAC-30","92.59","332.54","1.126"
"SENS-1856","2025-12-26 03:00:00","MAC-31","92.77","307.25","0.958"
"SENS-1857","2025-12-26 04:00:00","MAC-30","92.95","346.23","1.263"
"SENS-1858","2025-12-26 04:00:00","MAC-31","83.37","323.64","0.534"
"SENS-1859","2025-12-26 05:00:00","MAC-30","80.29","326.19","0.926"
"SENS-1860","2025-12-26 05:00:00","MAC-31","100.57","307.27","0.821"
"SENS-1861","2025-12-26 06:00:00","MAC-30","116.97","331.84","1.186"
"SENS-1862","2025-12-26 06:00:00","MAC-31","112.87","335.35","0.757"
"SENS-1863","2026-01-26 00:00:00","MAC-10","103.98","337.52","0.623"
"SENS-1864","2026-01-26 00:00:00","MAC-11","90.16","337.86","1.045"
"SENS-1865","2026-01-26 01:00:00","MAC-10","95.58","302.83","1.35"
"SENS-1866","2026-01-26 01:00:00","MAC-11","119.79","339.24","1.067"
"SENS-1867","2026-01-26 02:00:00","MAC-10","87.47","349.79","0.965"
"SENS-1868","2026-01-26 02:00:00","MAC-11","86.54","337.74","1.11"
"SENS-1869","2026-01-26 03:00:00","MAC-10","93.04","314.15","1.434"
"SENS-1870","2026-01-26 03:00:00","MAC-11","98.85","347.16","1.377"
"SENS-1871","2026-01-26 04:00:00","MAC-10","116.48","320.13","1.072"
"SENS-1872","2026-01-26 04:00:00","MAC-11","92.69","305.94","1.468"
"SENS-1873","2026-01-26 05:00:00","MAC-10","90.02","329.94","0.73"
"SENS-1874","2026-01-26 05:00:00","MAC-11","93.87","340.96","0.909"
"SENS-1875","2026-01-26 06:00:00","MAC-10","110.41","333.98","1.185"
"SENS-1876","2026-01-26 06:00:00","MAC-11","92.13","314.36","0.539"
"SENS-1877","2026-02-05 00:00:00","MAC-20","81.5","336.25","0.595"
"SENS-1878","2026-02-05 00:00:00","MAC-21","118.76","343.5","0.965"
"SENS-1879","2026-02-05 01:00:00","MAC-20","116.19","336.71","0.634"
"SENS-1880","2026-02-05 01:00:00","MAC-21","80.84","342.15","0.993"
"SENS-1881","2026-02-05 02:00:00","MAC-20","104.39","322.69","1.473"
"SENS-1882","2026-02-05 02:00:00","MAC-21","93.75","315.42","0.527"
"SENS-1883","2026-02-05 03:00:00","MAC-20","81.89","326.14","0.647"
"SENS-1884","2026-02-05 03:00:00","MAC-21","89.98","313.48","1.453"
"SENS-1885","2026-02-05 04:00:00","MAC-20","101.6","317.07","1.002"
"SENS-1886","2026-02-05 04:00:00","MAC-21","114.05","303.14","0.788"
"SENS-1887","2026-02-05 05:00:00","MAC-20","96.47","341.5","0.791"
"SENS-1888","2026-02-05 05:00:00","MAC-21","98.83","330.68","1.168"
"SENS-1889","2026-01-19 00:00:00","MAC-30","105.73","341.7","1.13"
"SENS-1890","2026-01-19 00:00:00","MAC-31","98.88","316.52","1.243"
"SENS-1891","2026-01-19 01:00:00","MAC-30","88.5","337.77","1.026"
"SENS-1892","2026-01-19 01:00:00","MAC-31","104.01","331.72","0.912"
"SENS-1893","2026-01-19 02:00:00","MAC-30","113.88","313.54","0.585"
"SENS-1894","2026-01-19 02:00:00","MAC-31","98.54","324.6","0.633"
"SENS-1895","2026-01-19 03:00:00","MAC-30","91.97","343.96","1.036"
"SENS-1896","2026-01-19 03:00:00","MAC-31","113.7","315.02","1.223"
"SENS-1897","2026-01-19 04:00:00","MAC-30","114.26","316.39","0.702"
"SENS-1898","2026-01-19 04:00:00","MAC-31","112.16","314.06","1.445"
"SENS-1899","2026-01-19 05:00:00","MAC-30","111.27","328.27","1.075"
"SENS-1900","2026-01-19 05:00:00","MAC-31","95.37","328.54","0.974"
"SENS-1901","2026-01-19 06:00:00","MAC-30","119.92","332.11","0.694"
"SENS-1902","2026-01-19 06:00:00","MAC-31","107.78","325.33","1.499"
"SENS-1903","2026-01-19 07:00:00","MAC-30","90.67","322.39","1.46"
"SENS-1904","2026-01-19 07:00:00","MAC-31","81.07","327.95","1.079"
"SENS-1905","2026-01-19 08:00:00","MAC-30","106.91","333.2","0.722"
"SENS-1906","2026-01-19 08:00:00","MAC-31","97.98","315.78","0.918"
"SENS-1907","2026-01-19 09:00:00","MAC-30","117.83","345.17","1.392"
"SENS-1908","2026-01-19 09:00:00","MAC-31","112.61","307.64","0.508"
"SENS-1909","2026-01-19 10:00:00","MAC-30","100.47","326.12","0.922"
"SENS-1910","2026-01-19 10:00:00","MAC-31","94.14","325.93","0.861"
"SENS-1911","2026-01-19 11:00:00","MAC-30","98.7","340.62","0.735"
"SENS-1912","2026-01-19 11:00:00","MAC-31","97.67","333.83","0.726"
"SENS-1913","2025-11-10 00:00:00","MAC-20","112.98","315.54","0.738"
"SENS-1914","2025-11-10 00:00:00","MAC-21","100.46","343.6","1.337"
"SENS-1915","2025-11-10 01:00:00","MAC-20","80.4","308.46","0.544"
"SENS-1916","2025-11-10 01:00:00","MAC-21","93.55","307.47","0.882"
"SENS-1917","2025-11-10 02:00:00","MAC-20","101.35","309.68","0.573"
"SENS-1918","2025-11-10 02:00:00","MAC-21","87.17","301.97","0.677"
"SENS-1919","2025-11-10 03:00:00","MAC-20","83.88","340.36","0.95"
"SENS-1920","2025-11-10 03:00:00","MAC-21","89.53","315.21","0.886"
"SENS-1921","2025-11-10 04:00:00","MAC-20","113.79","305.01","1.322"
"SENS-1922","2025-11-10 04:00:00","MAC-21","92.74","339.73","1.226"
"SENS-1923","2025-11-10 05:00:00","MAC-20","103.56","311.61","1.36"
"SENS-1924","2025-11-10 05:00:00","MAC-21","103.35","311.29","0.599"
"SENS-1925","2025-11-10 06:00:00","MAC-20","105.41","321.07","1.204"
"SENS-1926","2025-11-10 06:00:00","MAC-21","102.98","319.17","1.322"
"SENS-1927","2025-11-10 07:00:00","MAC-20","88.56","318.34","0.539"
"SENS-1928","2025-11-10 07:00:00","MAC-21","103.25","346.49","1.098"
"SENS-1929","2025-11-10 08:00:00","MAC-20","89.94","315.91","1.055"
"SENS-1930","2025-11-10 08:00:00","MAC-21","87.02","323.57","0.827"
"SENS-1931","2025-11-10 09:00:00","MAC-20","89.77","310.66","1.281"
"SENS-1932","2025-11-10 09:00:00","MAC-21","98.97","309.16","1.362"
"SENS-1933","2025-11-10 10:00:00","MAC-20","91.53","337.08","0.659"
"SENS-1934","2025-11-10 10:00:00","MAC-21","99.99","342.33","0.717"
"SENS-1935","2025-11-10 11:00:00","MAC-20","107.88","324.17","1.399"
"SENS-1936","2025-11-10 11:00:00","MAC-21","96.33","337.47","0.833"
"SENS-1937","2025-11-10 12:00:00","MAC-20","101.68","319.7","0.569"
"SENS-1938","2025-11-10 12:00:00","MAC-21","105.72","323.12","0.512"
"SENS-1939","2025-11-10 13:00:00","MAC-20","93.01","344.18","0.613"
"SENS-1940","2025-11-10 13:00:00","MAC-21","109.15","335.01","0.608"
"SENS-1941","2026-02-19 00:00:00","MAC-30","88.76","339.23","1.013"
"SENS-1942","2026-02-19 00:00:00","MAC-31","105.79","345.33","1.095"
"SENS-1943","2026-02-19 01:00:00","MAC-30","89.51","325.91","0.855"
"SENS-1944","2026-02-19 01:00:00","MAC-31","94.38","324.18","1.325"
"SENS-1945","2026-02-19 02:00:00","MAC-30","99.05","324.23","1.217"
"SENS-1946","2026-02-19 02:00:00","MAC-31","114.5","314.55","1.364"
"SENS-1947","2026-02-19 03:00:00","MAC-30","101.4","338.33","1.478"
"SENS-1948","2026-02-19 03:00:00","MAC-31","99.77","339.03","0.611"
"SENS-1949","2026-02-19 04:00:00","MAC-30","99.49","346.23","1.082"
"SENS-1950","2026-02-19 04:00:00","MAC-31","117.36","322.33","1.035"
"SENS-1951","2026-02-19 05:00:00","MAC-30","106.47","303.76","0.507"
"SENS-1952","2026-02-19 05:00:00","MAC-31","87.86","326.62","0.657"
"SENS-1953","2026-02-19 06:00:00","MAC-30","88.16","349.31","0.578"
"SENS-1954","2026-02-19 06:00:00","MAC-31","81.11","324.57","1.26"
"SENS-1955","2026-02-19 07:00:00","MAC-30","108","330.88","0.97"
"SENS-1956","2026-02-19 07:00:00","MAC-31","116.45","335.86","1.224"
"SENS-1957","2026-02-19 08:00:00","MAC-30","100.76","333.24","1.403"
"SENS-1958","2026-02-19 08:00:00","MAC-31","99.54","335.58","1.465"
"SENS-1959","2026-02-19 09:00:00","MAC-30","81.64","311.72","0.767"
"SENS-1960","2026-02-19 09:00:00","MAC-31","84.24","325.86","0.607"
"SENS-1961","2026-02-19 10:00:00","MAC-30","107.01","334.84","1.18"
"SENS-1962","2026-02-19 10:00:00","MAC-31","118.69","329.43","0.978"
"SENS-1963","2026-02-19 11:00:00","MAC-30","92.49","307.36","0.629"
"SENS-1964","2026-02-19 11:00:00","MAC-31","102.12","304.66","1.132"
"SENS-1965","2026-02-19 12:00:00","MAC-30","109.28","312.65","0.78"
"SENS-1966","2026-02-19 12:00:00","MAC-31","82.68","320.11","0.576"
"SENS-1967","2026-02-19 13:00:00","MAC-30","108.17","344.78","0.987"
"SENS-1968","2026-02-19 13:00:00","MAC-31","83.02","314.24","1.171"
"SENS-1969","2026-02-19 14:00:00","MAC-30","90.16","305.35","1.119"
"SENS-1970","2026-02-19 14:00:00","MAC-31","81.42","322.23","0.683"
"SENS-1971","2026-02-19 15:00:00","MAC-30","108.45","344.65","0.629"
"SENS-1972","2026-02-19 15:00:00","MAC-31","119.44","343.94","1.24"
"SENS-1973","2026-02-19 16:00:00","MAC-30","89.94","336.53","0.723"
"SENS-1974","2026-02-19 16:00:00","MAC-31","81.93","330.25","1.283"
"SENS-1975","2026-02-19 17:00:00","MAC-30","81.35","302.37","0.681"
"SENS-1976","2026-02-19 17:00:00","MAC-31","81.75","315.24","1.254"
"SENS-1977","2026-02-19 18:00:00","MAC-30","81.42","305.93","0.631"
"SENS-1978","2026-02-19 18:00:00","MAC-31","97.9","339.02","0.619"
"SENS-1979","2025-11-24 00:00:00","MAC-10","97.3","335.4","1.46"
"SENS-1980","2025-11-24 00:00:00","MAC-11","104.91","330.06","0.802"
"SENS-1981","2025-11-24 01:00:00","MAC-10","88.3","310.85","1.374"
"SENS-1982","2025-11-24 01:00:00","MAC-11","101.08","325.2","0.61"
"SENS-1983","2025-11-24 02:00:00","MAC-10","84.35","315.39","1.061"
"SENS-1984","2025-11-24 02:00:00","MAC-11","112.61","328.83","1.064"
"SENS-1985","2025-11-24 03:00:00","MAC-10","82.66","348.6","1.378"
"SENS-1986","2025-11-24 03:00:00","MAC-11","92.12","315.07","1.105"
"SENS-1987","2025-11-24 04:00:00","MAC-10","107.84","329.91","1.141"
"SENS-1988","2025-11-24 04:00:00","MAC-11","107.14","333.02","0.628"
"SENS-1989","2025-11-24 05:00:00","MAC-10","92.22","338.85","1.192"
"SENS-1990","2025-11-24 05:00:00","MAC-11","104.2","314.44","0.639"
"SENS-1991","2025-11-24 06:00:00","MAC-10","104.83","323.27","1.402"
"SENS-1992","2025-11-24 06:00:00","MAC-11","116.03","307.88","0.756"
"SENS-1993","2025-07-30 00:00:00","MAC-20","101.26","337.04","0.986"
"SENS-1994","2025-07-30 00:00:00","MAC-21","86.4","311.77","0.689"
"SENS-1995","2025-07-30 01:00:00","MAC-20","116.21","325.43","0.882"
"SENS-1996","2025-07-30 01:00:00","MAC-21","87.59","325.68","1.1"
"SENS-1997","2025-07-30 02:00:00","MAC-20","87","324.54","1.193"
"SENS-1998","2025-07-30 02:00:00","MAC-21","115.75","317.77","0.824"
"SENS-1999","2025-07-30 03:00:00","MAC-20","89.79","336.18","1.362"
"SENS-2000","2025-07-30 03:00:00","MAC-21","108.13","344.61","1.005"
"SENS-2001","2025-07-30 04:00:00","MAC-20","93.27","306.66","0.843"
"SENS-2002","2025-07-30 04:00:00","MAC-21","94.28","336.7","1.494"
"SENS-2003","2025-06-26 00:00:00","MAC-30","114.14","340.87","1.221"
"SENS-2004","2025-06-26 00:00:00","MAC-31","95.21","310.43","0.547"
"SENS-2005","2025-06-26 01:00:00","MAC-30","107.55","306.46","0.63"
"SENS-2006","2025-06-26 01:00:00","MAC-31","106.51","337.89","0.506"
"SENS-2007","2025-06-26 02:00:00","MAC-30","109.32","303.74","0.801"
"SENS-2008","2025-06-26 02:00:00","MAC-31","119.85","323.81","1.343"
"SENS-2009","2025-06-26 03:00:00","MAC-30","108.46","337.27","0.969"
"SENS-2010","2025-06-26 03:00:00","MAC-31","89.47","341.47","0.761"
"SENS-2011","2025-06-26 04:00:00","MAC-30","98.84","326.97","0.93"
"SENS-2012","2025-06-26 04:00:00","MAC-31","90.41","327.35","0.683"
"SENS-2013","2025-06-26 05:00:00","MAC-30","103.83","325.32","0.806"
"SENS-2014","2025-06-26 05:00:00","MAC-31","118.6","347.09","0.587"
"SENS-2015","2025-06-26 06:00:00","MAC-30","115.26","301.88","0.701"
"SENS-2016","2025-06-26 06:00:00","MAC-31","119.67","300.59","0.922"
"SENS-2017","2025-06-26 07:00:00","MAC-30","108.55","321.79","1.235"
"SENS-2018","2025-06-26 07:00:00","MAC-31","84.39","324.22","0.864"
"SENS-2019","2025-06-26 08:00:00","MAC-30","116.95","332.51","1.313"
"SENS-2020","2025-06-26 08:00:00","MAC-31","84.02","344.79","1.284"
"SENS-2021","2025-06-26 09:00:00","MAC-30","112.56","311.36","1.451"
"SENS-2022","2025-06-26 09:00:00","MAC-31","117.67","332.14","0.578"
"SENS-2023","2025-06-26 10:00:00","MAC-30","95.97","316.14","0.951"
"SENS-2024","2025-06-26 10:00:00","MAC-31","92.39","322.17","0.784"
"SENS-2025","2025-06-26 11:00:00","MAC-30","87.79","303.51","0.927"
"SENS-2026","2025-06-26 11:00:00","MAC-31","107.81","319.96","0.553"
"SENS-2027","2026-01-15 00:00:00","MAC-30","107.8","324.16","1.178"
"SENS-2028","2026-01-15 00:00:00","MAC-31","116.35","312.94","1.144"
"SENS-2029","2026-01-15 01:00:00","MAC-30","92.09","304.52","0.873"
"SENS-2030","2026-01-15 01:00:00","MAC-31","92.36","334.79","1.359"
"SENS-2031","2026-01-15 02:00:00","MAC-30","100.89","343.22","0.602"
"SENS-2032","2026-01-15 02:00:00","MAC-31","112.54","326.17","0.953"
"SENS-2033","2026-01-15 03:00:00","MAC-30","114.24","347.37","0.555"
"SENS-2034","2026-01-15 03:00:00","MAC-31","109.63","344.93","0.858"
"SENS-2035","2026-01-15 04:00:00","MAC-30","93.57","308.95","0.608"
"SENS-2036","2026-01-15 04:00:00","MAC-31","115.49","300.2","1.435"
"SENS-2037","2026-01-15 05:00:00","MAC-30","107.01","345.51","1.036"
"SENS-2038","2026-01-15 05:00:00","MAC-31","100.53","316.02","0.772"
"SENS-2039","2026-01-15 06:00:00","MAC-30","107.01","323.86","1.138"
"SENS-2040","2026-01-15 06:00:00","MAC-31","85.09","323.28","0.858"
"SENS-2041","2026-02-23 00:00:00","MAC-30","108.12","306.42","0.502"
"SENS-2042","2026-02-23 00:00:00","MAC-31","102.93","345.66","0.925"
"SENS-2043","2026-02-23 01:00:00","MAC-30","107.89","308.39","1.429"
"SENS-2044","2026-02-23 01:00:00","MAC-31","83.93","342.63","0.776"
"SENS-2045","2026-02-23 02:00:00","MAC-30","111.62","302.18","0.77"
"SENS-2046","2026-02-23 02:00:00","MAC-31","95.8","303.37","0.885"
"SENS-2047","2026-02-23 03:00:00","MAC-30","83.19","342.97","1.115"
"SENS-2048","2026-02-23 03:00:00","MAC-31","103.32","312.41","1.12"
"SENS-2049","2026-02-23 04:00:00","MAC-30","94.26","307.44","1.492"
"SENS-2050","2026-02-23 04:00:00","MAC-31","87.38","331.48","1.134"
"SENS-2051","2026-02-23 05:00:00","MAC-30","87.91","311.2","0.879"
"SENS-2052","2026-02-23 05:00:00","MAC-31","95.62","312.38","0.83"
"SENS-2053","2026-02-23 06:00:00","MAC-30","98.2","305.93","1.42"
"SENS-2054","2026-02-23 06:00:00","MAC-31","97.67","331.81","0.543"
"SENS-2055","2026-02-23 07:00:00","MAC-30","93.06","346.66","1.21"
"SENS-2056","2026-02-23 07:00:00","MAC-31","88.7","300.35","0.788"
"SENS-2057","2026-02-23 08:00:00","MAC-30","81.56","311.79","1.341"
"SENS-2058","2026-02-23 08:00:00","MAC-31","115.81","309.57","0.841"
"SENS-2059","2025-07-21 00:00:00","MAC-10","80.69","303.88","0.711"
"SENS-2060","2025-07-21 00:00:00","MAC-11","108.43","321.84","1.061"
"SENS-2061","2025-07-21 01:00:00","MAC-10","99.91","333.38","0.874"
"SENS-2062","2025-07-21 01:00:00","MAC-11","83.64","345.85","1.208"
"SENS-2063","2025-07-21 02:00:00","MAC-10","96.65","334.14","0.98"
"SENS-2064","2025-07-21 02:00:00","MAC-11","113.44","347.92","1.109"
"SENS-2065","2025-07-21 03:00:00","MAC-10","91.36","349.72","0.739"
"SENS-2066","2025-07-21 03:00:00","MAC-11","103.11","320.04","1.447"
"SENS-2067","2025-07-21 04:00:00","MAC-10","82.39","303.77","0.721"
"SENS-2068","2025-07-21 04:00:00","MAC-11","99.19","304.59","0.988"
"SENS-2069","2025-07-21 05:00:00","MAC-10","89.65","349.68","1.498"
"SENS-2070","2025-07-21 05:00:00","MAC-11","99.12","315.33","0.78"
"SENS-2071","2025-07-21 06:00:00","MAC-10","98.85","309","0.829"
"SENS-2072","2025-07-21 06:00:00","MAC-11","90.81","300.86","0.78"
"SENS-2073","2025-07-21 07:00:00","MAC-10","103.67","345.41","0.97"
"SENS-2074","2025-07-21 07:00:00","MAC-11","103.32","303.66","0.616"
"SENS-2075","2025-07-21 08:00:00","MAC-10","95.75","312.08","0.608"
"SENS-2076","2025-07-21 08:00:00","MAC-11","82.99","300.9","0.964"
"SENS-2077","2025-07-21 09:00:00","MAC-10","106.1","301.5","1.443"
"SENS-2078","2025-07-21 09:00:00","MAC-11","90.97","346.79","1.384"
"SENS-2079","2025-07-21 10:00:00","MAC-10","100.9","344.83","0.959"
"SENS-2080","2025-07-21 10:00:00","MAC-11","114.65","324.69","1.27"
"SENS-2081","2025-07-21 11:00:00","MAC-10","87.74","341.57","0.667"
"SENS-2082","2025-07-21 11:00:00","MAC-11","118.61","336.99","0.855"
"SENS-2083","2025-07-21 12:00:00","MAC-10","83.44","346.77","0.881"
"SENS-2084","2025-07-21 12:00:00","MAC-11","100.93","319.9","0.526"
"SENS-2085","2025-07-21 13:00:00","MAC-10","118.92","309.03","0.928"
"SENS-2086","2025-07-21 13:00:00","MAC-11","94.65","326.65","1.134"
"SENS-2087","2025-07-21 14:00:00","MAC-10","107.16","318.35","1.243"
"SENS-2088","2025-07-21 14:00:00","MAC-11","106.35","307.73","1.309"
"SENS-2089","2025-07-21 15:00:00","MAC-10","84.16","310.98","0.887"
"SENS-2090","2025-07-21 15:00:00","MAC-11","92.34","343.64","0.625"
"SENS-2091","2025-07-21 16:00:00","MAC-10","103.76","306.82","0.727"
"SENS-2092","2025-07-21 16:00:00","MAC-11","91.57","335.11","1.379"
"SENS-2093","2025-07-21 17:00:00","MAC-10","82.11","321.46","0.708"
"SENS-2094","2025-07-21 17:00:00","MAC-11","114.88","341.53","0.506"
"SENS-2095","2025-07-21 18:00:00","MAC-10","93.7","305.45","1.07"
"SENS-2096","2025-07-21 18:00:00","MAC-11","87.19","336.2","1.291"
"SENS-2097","2025-07-21 19:00:00","MAC-10","118.23","300.77","1.326"
"SENS-2098","2025-07-21 19:00:00","MAC-11","115.92","333.62","1.002"
"SENS-2099","2025-10-31 00:00:00","MAC-20","86.85","325.26","0.949"
"SENS-2100","2025-10-31 00:00:00","MAC-21","105.55","309.97","0.829"
"SENS-2101","2025-10-31 01:00:00","MAC-20","109.1","323.89","0.512"
"SENS-2102","2025-10-31 01:00:00","MAC-21","103.35","320.88","1.104"
"SENS-2103","2025-10-31 02:00:00","MAC-20","111.16","338.21","0.747"
"SENS-2104","2025-10-31 02:00:00","MAC-21","91.26","347.76","0.786"
"SENS-2105","2025-10-31 03:00:00","MAC-20","108.7","304.8","0.98"
"SENS-2106","2025-10-31 03:00:00","MAC-21","98.12","308.92","1.171"
"SENS-2107","2025-10-31 04:00:00","MAC-20","86.77","301.48","1.233"
"SENS-2108","2025-10-31 04:00:00","MAC-21","112.71","310","1.4"
"SENS-2109","2025-10-31 05:00:00","MAC-20","84.29","326.62","1.47"
"SENS-2110","2025-10-31 05:00:00","MAC-21","89.96","349.51","0.546"
"SENS-2111","2025-10-31 06:00:00","MAC-20","110.21","332.24","1.402"
"SENS-2112","2025-10-31 06:00:00","MAC-21","92.21","305.94","0.747"
"SENS-2113","2026-02-27 00:00:00","MAC-10","83.29","320.52","0.59"
"SENS-2114","2026-02-27 00:00:00","MAC-11","97.18","309.72","1.347"
"SENS-2115","2026-02-27 01:00:00","MAC-10","116.72","326.64","0.565"
"SENS-2116","2026-02-27 01:00:00","MAC-11","89.83","308.11","1.334"
"SENS-2117","2026-02-27 02:00:00","MAC-10","103.08","308.07","1.366"
"SENS-2118","2026-02-27 02:00:00","MAC-11","91.8","308.26","0.771"
"SENS-2119","2026-02-27 03:00:00","MAC-10","101.21","306.98","1.275"
"SENS-2120","2026-02-27 03:00:00","MAC-11","82.31","324.71","1.174"
"SENS-2121","2026-02-27 04:00:00","MAC-10","116.2","314.47","1.121"
"SENS-2122","2026-02-27 04:00:00","MAC-11","100.31","345.58","0.585"
"SENS-2123","2026-02-27 05:00:00","MAC-10","94.59","348.35","1.418"
"SENS-2124","2026-02-27 05:00:00","MAC-11","106.14","311.8","0.735"
"SENS-2125","2026-02-27 06:00:00","MAC-10","106.7","300.54","1.321"
"SENS-2126","2026-02-27 06:00:00","MAC-11","119.43","322.84","1.5"
"SENS-2127","2026-02-27 07:00:00","MAC-10","117.14","340.7","1.409"
"SENS-2128","2026-02-27 07:00:00","MAC-11","114.68","310.96","1.021"
"SENS-2129","2026-02-27 08:00:00","MAC-10","117.14","320.97","1.151"
"SENS-2130","2026-02-27 08:00:00","MAC-11","87.23","304.39","1.023"
"SENS-2131","2026-02-27 09:00:00","MAC-10","118","330.63","0.948"
"SENS-2132","2026-02-27 09:00:00","MAC-11","117.57","340.87","0.987"
"SENS-2133","2026-02-27 10:00:00","MAC-10","83.17","343.5","1.328"
"SENS-2134","2026-02-27 10:00:00","MAC-11","81.19","324.2","1.116"
"SENS-2135","2026-02-27 11:00:00","MAC-10","117.99","337.41","1.138"
"SENS-2136","2026-02-27 11:00:00","MAC-11","109.12","336.9","1.134"
"SENS-2137","2026-02-27 12:00:00","MAC-10","83.6","324.99","0.72"
"SENS-2138","2026-02-27 12:00:00","MAC-11","86.92","331.29","0.964"
"SENS-2139","2026-02-27 13:00:00","MAC-10","87.77","309.49","0.945"
"SENS-2140","2026-02-27 13:00:00","MAC-11","86.8","321.62","1.49"
"SENS-2141","2025-06-18 00:00:00","MAC-10","92.15","328.95","0.789"
"SENS-2142","2025-06-18 00:00:00","MAC-11","97.92","313.56","0.569"
"SENS-2143","2025-06-18 01:00:00","MAC-10","118.74","327.57","1.16"
"SENS-2144","2025-06-18 01:00:00","MAC-11","96.63","321.7","0.704"
"SENS-2145","2025-06-18 02:00:00","MAC-10","109.8","325.11","0.641"
"SENS-2146","2025-06-18 02:00:00","MAC-11","82.59","344.2","0.654"
"SENS-2147","2025-06-18 03:00:00","MAC-10","90.31","337.16","0.932"
"SENS-2148","2025-06-18 03:00:00","MAC-11","80.35","323.97","0.712"
"SENS-2149","2025-06-18 04:00:00","MAC-10","99.42","335.86","1.173"
"SENS-2150","2025-06-18 04:00:00","MAC-11","86.42","349.32","1.464"
"SENS-2151","2025-06-18 05:00:00","MAC-10","106.2","325.25","1.075"
"SENS-2152","2025-06-18 05:00:00","MAC-11","108.81","316.01","1.355"
"SENS-2153","2025-06-18 06:00:00","MAC-10","118.81","332.69","1.196"
"SENS-2154","2025-06-18 06:00:00","MAC-11","86.14","324","0.68"
"SENS-2155","2025-06-18 07:00:00","MAC-10","84.59","323.89","0.622"
"SENS-2156","2025-06-18 07:00:00","MAC-11","103.76","335.31","0.653"
"SENS-2157","2025-06-18 08:00:00","MAC-10","110.18","325.03","0.982"
"SENS-2158","2025-06-18 08:00:00","MAC-11","98.89","341.19","0.846"
"SENS-2159","2025-06-18 09:00:00","MAC-10","87.57","312.53","1.49"
"SENS-2160","2025-06-18 09:00:00","MAC-11","83.31","341.06","0.622"
"SENS-2161","2025-06-18 10:00:00","MAC-10","89.18","305.02","1.191"
"SENS-2162","2025-06-18 10:00:00","MAC-11","96.71","346.68","0.526"
"SENS-2163","2025-06-18 11:00:00","MAC-10","80.35","343.16","1.184"
"SENS-2164","2025-06-18 11:00:00","MAC-11","94.85","345.83","0.907"
"SENS-2165","2025-06-18 12:00:00","MAC-10","88.22","346.07","1.145"
"SENS-2166","2025-06-18 12:00:00","MAC-11","84.27","335.68","0.735"
"SENS-2167","2025-06-18 13:00:00","MAC-10","94.41","339.42","0.527"
"SENS-2168","2025-06-18 13:00:00","MAC-11","86.67","318.31","0.749"
"SENS-2169","2025-10-25 00:00:00","MAC-30","101.12","304.76","1.16"
"SENS-2170","2025-10-25 00:00:00","MAC-31","108.64","330.12","0.535"
"SENS-2171","2025-10-25 01:00:00","MAC-30","109.64","319.42","1.285"
"SENS-2172","2025-10-25 01:00:00","MAC-31","114.29","318.12","1.401"
"SENS-2173","2025-10-25 02:00:00","MAC-30","92.35","312.76","0.614"
"SENS-2174","2025-10-25 02:00:00","MAC-31","83.51","301.67","0.739"
"SENS-2175","2025-10-25 03:00:00","MAC-30","99.24","318.38","1.304"
"SENS-2176","2025-10-25 03:00:00","MAC-31","82.76","311.76","0.862"
"SENS-2177","2025-10-25 04:00:00","MAC-30","100.98","348.32","0.838"
"SENS-2178","2025-10-25 04:00:00","MAC-31","119.39","316.09","1.395"
"SENS-2179","2025-04-15 00:00:00","MAC-20","98.79","303.96","0.673"
"SENS-2180","2025-04-15 00:00:00","MAC-21","88.25","334.9","0.936"
"SENS-2181","2025-04-15 01:00:00","MAC-20","97.67","324.37","1.326"
"SENS-2182","2025-04-15 01:00:00","MAC-21","92.91","315.72","1.33"
"SENS-2183","2025-04-15 02:00:00","MAC-20","108.7","304.95","1.23"
"SENS-2184","2025-04-15 02:00:00","MAC-21","109.63","316.81","0.73"
"SENS-2185","2025-04-15 03:00:00","MAC-20","83.38","315.89","0.929"
"SENS-2186","2025-04-15 03:00:00","MAC-21","87.86","317.01","1.064"
"SENS-2187","2025-04-15 04:00:00","MAC-20","93.21","303.21","1.279"
"SENS-2188","2025-04-15 04:00:00","MAC-21","104.64","325.87","1.028"
"SENS-2189","2025-09-28 00:00:00","MAC-10","118.58","339.81","0.97"
"SENS-2190","2025-09-28 00:00:00","MAC-11","114.68","336.47","1.253"
"SENS-2191","2025-09-28 01:00:00","MAC-10","95.41","316.05","1.349"
"SENS-2192","2025-09-28 01:00:00","MAC-11","98.86","323.35","0.875"
"SENS-2193","2025-09-28 02:00:00","MAC-10","118.69","336.79","1.291"
"SENS-2194","2025-09-28 02:00:00","MAC-11","83.67","339.83","0.664"
"SENS-2195","2025-09-28 03:00:00","MAC-10","102.33","347.57","1.47"
"SENS-2196","2025-09-28 03:00:00","MAC-11","84.17","304.98","1.088"
"SENS-2197","2025-09-28 04:00:00","MAC-10","118.95","336.13","0.993"
"SENS-2198","2025-09-28 04:00:00","MAC-11","86.48","305.78","0.918"
"SENS-2199","2025-09-28 05:00:00","MAC-10","107.89","341.8","0.569"
"SENS-2200","2025-09-28 05:00:00","MAC-11","96.05","343.07","0.993"
"SENS-2201","2025-09-28 06:00:00","MAC-10","84.34","303.11","0.738"
"SENS-2202","2025-09-28 06:00:00","MAC-11","83.94","323.37","0.743"
"SENS-2203","2025-09-28 07:00:00","MAC-10","106.1","331.38","1.498"
"SENS-2204","2025-09-28 07:00:00","MAC-11","117.38","321.05","1.194"
"SENS-2205","2025-09-28 08:00:00","MAC-10","93.91","334.46","0.774"
"SENS-2206","2025-09-28 08:00:00","MAC-11","117.72","318.59","0.825"
"SENS-2207","2025-09-28 09:00:00","MAC-10","111.84","314.22","1.313"
"SENS-2208","2025-09-28 09:00:00","MAC-11","115.16","324.46","0.889"
"SENS-2209","2025-09-28 10:00:00","MAC-10","98.69","347.49","0.845"
"SENS-2210","2025-09-28 10:00:00","MAC-11","98.88","338.18","0.993"
"SENS-2211","2025-09-28 11:00:00","MAC-10","109.88","336.82","0.988"
"SENS-2212","2025-09-28 11:00:00","MAC-11","87.05","339.62","1.001"
"SENS-2213","2025-07-30 00:00:00","MAC-20","96.37","314.55","1.261"
"SENS-2214","2025-07-30 00:00:00","MAC-21","90.05","332.61","0.63"
"SENS-2215","2025-07-30 01:00:00","MAC-20","82.99","315.01","1.331"
"SENS-2216","2025-07-30 01:00:00","MAC-21","85.15","334.1","1.486"
"SENS-2217","2025-05-17 00:00:00","MAC-30","90.98","307.14","0.931"
"SENS-2218","2025-05-17 00:00:00","MAC-31","96.99","308.1","1.219"
"SENS-2219","2025-05-17 01:00:00","MAC-30","97.6","342.71","0.799"
"SENS-2220","2025-05-17 01:00:00","MAC-31","104.51","305.39","0.841"
"SENS-2221","2025-05-17 02:00:00","MAC-30","101.18","319.58","1.204"
"SENS-2222","2025-05-17 02:00:00","MAC-31","112.51","318.86","1.469"
"SENS-2223","2025-05-17 03:00:00","MAC-30","89.08","335.81","0.505"
"SENS-2224","2025-05-17 03:00:00","MAC-31","87.55","324.86","0.974"
"SENS-2225","2025-07-17 00:00:00","MAC-30","86.07","339.83","0.838"
"SENS-2226","2025-07-17 00:00:00","MAC-31","101.34","312.25","1"
"SENS-2227","2025-07-17 01:00:00","MAC-30","119.48","349.11","1.408"
"SENS-2228","2025-07-17 01:00:00","MAC-31","87.28","332.78","0.596"
"SENS-2229","2025-07-17 02:00:00","MAC-30","86.29","301.02","1.219"
"SENS-2230","2025-07-17 02:00:00","MAC-31","107.2","327.32","1.02"
"SENS-2231","2026-01-30 00:00:00","MAC-10","80.01","343.84","0.549"
"SENS-2232","2026-01-30 00:00:00","MAC-11","102.49","334.81","1.23"
"SENS-2233","2026-01-30 01:00:00","MAC-10","94.1","303.78","1.446"
"SENS-2234","2026-01-30 01:00:00","MAC-11","91.36","311.16","0.991"
"SENS-2235","2026-01-30 02:00:00","MAC-10","118.53","314.89","1.095"
"SENS-2236","2026-01-30 02:00:00","MAC-11","88.83","330.93","1.255"
"SENS-2237","2026-01-30 03:00:00","MAC-10","91.84","313.67","1.192"
"SENS-2238","2026-01-30 03:00:00","MAC-11","90.71","320.26","1.318"
"SENS-2239","2026-01-30 04:00:00","MAC-10","107.71","315.14","0.557"
"SENS-2240","2026-01-30 04:00:00","MAC-11","99.98","323.52","1.13"
"SENS-2241","2026-01-30 05:00:00","MAC-10","109.35","338.33","0.591"
"SENS-2242","2026-01-30 05:00:00","MAC-11","110.67","308.27","0.953"
"SENS-2243","2026-01-30 06:00:00","MAC-10","86.12","301.6","1.332"
"SENS-2244","2026-01-30 06:00:00","MAC-11","116.25","327.3","0.654"
"SENS-2245","2026-01-30 07:00:00","MAC-10","102.61","314.08","0.74"
"SENS-2246","2026-01-30 07:00:00","MAC-11","103.18","321.72","0.91"
"SENS-2247","2026-01-30 08:00:00","MAC-10","111.66","309.52","0.988"
"SENS-2248","2026-01-30 08:00:00","MAC-11","107.23","339.09","0.533"
"SENS-2249","2026-01-30 09:00:00","MAC-10","113.32","311.86","0.899"
"SENS-2250","2026-01-30 09:00:00","MAC-11","95.51","313.7","1.103"
"SENS-2251","2026-01-30 10:00:00","MAC-10","118.32","316.72","1.122"
"SENS-2252","2026-01-30 10:00:00","MAC-11","94.76","340.81","0.678"
"SENS-2253","2026-01-30 11:00:00","MAC-10","90.4","302.26","1.339"
"SENS-2254","2026-01-30 11:00:00","MAC-11","116.42","306.16","1.432"
"SENS-2255","2026-03-05 00:00:00","MAC-30","87.85","303.94","0.666"
"SENS-2256","2026-03-05 00:00:00","MAC-31","108.01","348.45","1.271"
"SENS-2257","2026-03-05 01:00:00","MAC-30","88.99","347.81","1.416"
"SENS-2258","2026-03-05 01:00:00","MAC-31","108.96","301.28","0.84"
"SENS-2259","2026-03-05 02:00:00","MAC-30","95.61","334.82","1.113"
"SENS-2260","2026-03-05 02:00:00","MAC-31","87.09","300.14","0.73"
"SENS-2261","2026-03-13 00:00:00","MAC-30","105.54","340.8","1.423"
"SENS-2262","2026-03-13 00:00:00","MAC-31","102.45","327.42","1.486"
"SENS-2263","2026-03-13 01:00:00","MAC-30","117.06","348.47","1.032"
"SENS-2264","2026-03-13 01:00:00","MAC-31","86.23","300.31","1.216"
"SENS-2265","2026-03-13 02:00:00","MAC-30","117.06","308.47","1.33"
"SENS-2266","2026-03-13 02:00:00","MAC-31","92.94","331.33","1.359"
"SENS-2267","2026-03-13 03:00:00","MAC-30","80.08","311.02","1.028"
"SENS-2268","2026-03-13 03:00:00","MAC-31","109.38","333.16","1.277"
"SENS-2269","2026-03-13 04:00:00","MAC-30","92.49","337.87","1.466"
"SENS-2270","2026-03-13 04:00:00","MAC-31","94.91","336.31","1.053"
"SENS-2271","2026-03-13 05:00:00","MAC-30","84.32","313.49","0.689"
"SENS-2272","2026-03-13 05:00:00","MAC-31","109.47","348.3","0.936"
"SENS-2273","2026-02-09 00:00:00","MAC-20","109.58","333.26","1.223"
"SENS-2274","2026-02-09 00:00:00","MAC-21","95.23","326.82","0.882"
"SENS-2275","2026-02-09 01:00:00","MAC-20","98.49","344.81","0.884"
"SENS-2276","2026-02-09 01:00:00","MAC-21","100.84","312.55","0.891"
"SENS-2277","2026-02-09 02:00:00","MAC-20","100.13","333.01","1.182"
"SENS-2278","2026-02-09 02:00:00","MAC-21","101.18","325.47","0.697"
"SENS-2279","2026-02-09 03:00:00","MAC-20","95.82","336.74","0.551"
"SENS-2280","2026-02-09 03:00:00","MAC-21","91.08","336.49","1.18"
"SENS-2281","2026-02-09 04:00:00","MAC-20","114.26","333.02","0.589"
"SENS-2282","2026-02-09 04:00:00","MAC-21","109.91","347.45","1.479"
"SENS-2283","2026-02-09 05:00:00","MAC-20","102.47","319.44","0.876"
"SENS-2284","2026-02-09 05:00:00","MAC-21","102.96","305.99","0.959"
"SENS-2285","2026-02-09 06:00:00","MAC-20","91.07","314.96","1.061"
"SENS-2286","2026-02-09 06:00:00","MAC-21","93.09","337.96","1.043"
"SENS-2287","2026-02-09 07:00:00","MAC-20","89.7","315.17","0.896"
"SENS-2288","2026-02-09 07:00:00","MAC-21","87.86","343.34","1.317"
"SENS-2289","2026-02-09 08:00:00","MAC-20","88.73","337.64","0.529"
"SENS-2290","2026-02-09 08:00:00","MAC-21","113.34","334.8","0.848"
"SENS-2291","2026-02-09 09:00:00","MAC-20","110.77","305.33","0.976"
"SENS-2292","2026-02-09 09:00:00","MAC-21","89.65","332.95","1.419"
"SENS-2293","2026-02-09 10:00:00","MAC-20","107.19","314.94","1.206"
"SENS-2294","2026-02-09 10:00:00","MAC-21","102.01","320.98","1.451"
"SENS-2295","2026-02-09 11:00:00","MAC-20","96.82","346.96","0.63"
"SENS-2296","2026-02-09 11:00:00","MAC-21","112.96","316.17","1.388"
"SENS-2297","2026-02-09 12:00:00","MAC-20","118.79","339.01","1.11"
"SENS-2298","2026-02-09 12:00:00","MAC-21","98.83","312.3","1.198"
"SENS-2299","2026-02-09 13:00:00","MAC-20","86.14","328.28","1.271"
"SENS-2300","2026-02-09 13:00:00","MAC-21","113.88","320.69","0.995"
"SENS-2301","2026-02-09 14:00:00","MAC-20","80.99","345.59","0.953"
"SENS-2302","2026-02-09 14:00:00","MAC-21","98.94","347.15","1.361"
"SENS-2303","2026-02-09 15:00:00","MAC-20","107.01","314.61","0.818"
"SENS-2304","2026-02-09 15:00:00","MAC-21","80.31","341.56","1.32"
"SENS-2305","2026-02-09 16:00:00","MAC-20","102.25","347.51","0.852"
"SENS-2306","2026-02-09 16:00:00","MAC-21","115.44","349.19","0.685"
"SENS-2307","2026-02-09 17:00:00","MAC-20","97.13","322.51","1.178"
"SENS-2308","2026-02-09 17:00:00","MAC-21","97.42","312.71","1.167"
"SENS-2309","2026-02-09 18:00:00","MAC-20","119.86","325.9","0.703"
"SENS-2310","2026-02-09 18:00:00","MAC-21","92.25","321.72","1.278"
"SENS-2311","2026-02-25 00:00:00","MAC-30","109.68","314.26","0.958"
"SENS-2312","2026-02-25 00:00:00","MAC-31","88.38","315.13","0.704"
"SENS-2313","2026-02-25 01:00:00","MAC-30","108.67","322.92","1.164"
"SENS-2314","2026-02-25 01:00:00","MAC-31","117.94","318.41","0.781"
"SENS-2315","2026-02-25 02:00:00","MAC-30","87.59","301.16","0.696"
"SENS-2316","2026-02-25 02:00:00","MAC-31","100.56","318.28","1.129"
"SENS-2317","2026-02-25 03:00:00","MAC-30","109.76","325.08","0.561"
"SENS-2318","2026-02-25 03:00:00","MAC-31","94.98","306.8","1.241"
"SENS-2319","2026-02-25 04:00:00","MAC-30","89.32","310.59","0.862"
"SENS-2320","2026-02-25 04:00:00","MAC-31","97.79","320.77","1.226"
"SENS-2321","2026-02-25 05:00:00","MAC-30","89.4","302.46","1.265"
"SENS-2322","2026-02-25 05:00:00","MAC-31","84.3","311.7","0.908"
"SENS-2323","2026-02-25 06:00:00","MAC-30","107.38","349.11","1.418"
"SENS-2324","2026-02-25 06:00:00","MAC-31","94.3","346.77","0.944"
"SENS-2325","2026-02-25 07:00:00","MAC-30","89.86","324.92","0.906"
"SENS-2326","2026-02-25 07:00:00","MAC-31","87.43","306.25","1.314"
"SENS-2327","2026-02-25 08:00:00","MAC-30","101.72","302.96","1.041"
"SENS-2328","2026-02-25 08:00:00","MAC-31","108.2","307.14","0.793"
"SENS-2329","2026-02-25 09:00:00","MAC-30","88.41","313.81","0.625"
"SENS-2330","2026-02-25 09:00:00","MAC-31","100.49","309.06","1.051"
"SENS-2331","2026-02-25 10:00:00","MAC-30","116.73","345.84","1.133"
"SENS-2332","2026-02-25 10:00:00","MAC-31","94.45","323.37","1.332"
"SENS-2333","2026-02-25 11:00:00","MAC-30","84.93","308.33","0.694"
"SENS-2334","2026-02-25 11:00:00","MAC-31","106.85","344.93","1.034"
"SENS-2335","2026-02-25 12:00:00","MAC-30","101.76","338.91","0.995"
"SENS-2336","2026-02-25 12:00:00","MAC-31","106.63","312.79","0.604"
"SENS-2337","2026-02-25 13:00:00","MAC-30","98.14","337.06","0.774"
"SENS-2338","2026-02-25 13:00:00","MAC-31","116.7","327.85","1.295"
"SENS-2339","2026-02-25 14:00:00","MAC-30","80.59","315.59","1.008"
"SENS-2340","2026-02-25 14:00:00","MAC-31","103.71","325.71","0.603"
"SENS-2341","2026-03-04 00:00:00","MAC-10","105.41","333","0.707"
"SENS-2342","2026-03-04 00:00:00","MAC-11","81.5","339.47","0.516"
"SENS-2343","2026-03-04 01:00:00","MAC-10","100.03","333.68","1.261"
"SENS-2344","2026-03-04 01:00:00","MAC-11","106.4","347.18","0.709"
"SENS-2345","2025-04-22 00:00:00","MAC-30","107.32","338.59","0.667"
"SENS-2346","2025-04-22 00:00:00","MAC-31","97.28","307.82","0.815"
"SENS-2347","2025-04-22 01:00:00","MAC-30","92.63","309.87","1.387"
"SENS-2348","2025-04-22 01:00:00","MAC-31","118.3","316.5","1.056"
"SENS-2349","2025-04-22 02:00:00","MAC-30","89.86","349.32","0.678"
"SENS-2350","2025-04-22 02:00:00","MAC-31","97.06","326.16","0.82"
"SENS-2351","2025-04-22 03:00:00","MAC-30","97.79","312.68","0.667"
"SENS-2352","2025-04-22 03:00:00","MAC-31","108.78","346.77","1.14"
"SENS-2353","2025-04-22 04:00:00","MAC-30","84.89","318.66","1.187"
"SENS-2354","2025-04-22 04:00:00","MAC-31","111.3","317.32","1.047"
"SENS-2355","2025-04-22 05:00:00","MAC-30","80.89","300.38","0.776"
"SENS-2356","2025-04-22 05:00:00","MAC-31","104.4","312.78","1.281"
"SENS-2357","2025-04-22 06:00:00","MAC-30","80.26","314.5","0.629"
"SENS-2358","2025-04-22 06:00:00","MAC-31","89.72","343.14","1.385"
"SENS-2359","2026-03-12 00:00:00","MAC-10","102.24","324.56","1.135"
"SENS-2360","2026-03-12 00:00:00","MAC-11","80.25","317.27","0.638"
"SENS-2361","2026-03-12 01:00:00","MAC-10","87.1","310.93","0.507"
"SENS-2362","2026-03-12 01:00:00","MAC-11","88.35","305.26","1.499"
"SENS-2363","2026-03-12 02:00:00","MAC-10","115.34","305.91","0.729"
"SENS-2364","2026-03-12 02:00:00","MAC-11","93.6","323.46","1.195"
"SENS-2365","2026-03-12 03:00:00","MAC-10","86.77","332.7","1.404"
"SENS-2366","2026-03-12 03:00:00","MAC-11","87.2","309.45","0.76"
"SENS-2367","2026-03-12 04:00:00","MAC-10","86.08","319.15","0.911"
"SENS-2368","2026-03-12 04:00:00","MAC-11","84.17","326.28","0.684"
"SENS-2369","2026-03-12 05:00:00","MAC-10","103.9","314.66","1.161"
"SENS-2370","2026-03-12 05:00:00","MAC-11","105.29","318.02","0.696"
"SENS-2371","2026-03-12 06:00:00","MAC-10","106.66","345.79","0.514"
"SENS-2372","2026-03-12 06:00:00","MAC-11","87.92","321.29","1.046"
"SENS-2373","2025-05-30 00:00:00","MAC-10","112.06","309.66","0.531"
"SENS-2374","2025-05-30 00:00:00","MAC-11","85.97","313.66","1.282"
"SENS-2375","2025-05-30 01:00:00","MAC-10","89.33","347.94","1.41"
"SENS-2376","2025-05-30 01:00:00","MAC-11","113.85","327.74","1.329"
"SENS-2377","2025-07-15 00:00:00","MAC-20","87.25","342.33","0.832"
"SENS-2378","2025-07-15 00:00:00","MAC-21","108.4","337.71","0.949"
"SENS-2379","2025-07-15 01:00:00","MAC-20","96.33","341.79","1.213"
"SENS-2380","2025-07-15 01:00:00","MAC-21","114.32","303.24","1.202"
"SENS-2381","2025-07-15 02:00:00","MAC-20","88.69","342.15","0.988"
"SENS-2382","2025-07-15 02:00:00","MAC-21","105.1","335.82","0.657"
"SENS-2383","2025-07-15 03:00:00","MAC-20","108.75","318.03","1.21"
"SENS-2384","2025-07-15 03:00:00","MAC-21","81.25","323.9","0.947"
"SENS-2385","2025-07-15 04:00:00","MAC-20","109.8","320.89","0.811"
"SENS-2386","2025-07-15 04:00:00","MAC-21","86.81","347.6","1.224"
"SENS-2387","2025-07-15 05:00:00","MAC-20","119.59","305.91","0.841"
"SENS-2388","2025-07-15 05:00:00","MAC-21","90.14","303.76","0.501"
"SENS-2389","2025-07-15 06:00:00","MAC-20","91.56","335.15","0.707"
"SENS-2390","2025-07-15 06:00:00","MAC-21","80.23","335.93","1.451"
"SENS-2391","2025-07-15 07:00:00","MAC-20","107.57","302.96","0.995"
"SENS-2392","2025-07-15 07:00:00","MAC-21","98.82","348.49","0.695"
"SENS-2393","2025-07-15 08:00:00","MAC-20","91.59","344.36","0.507"
"SENS-2394","2025-07-15 08:00:00","MAC-21","97.96","300.38","0.63"
"SENS-2395","2025-12-29 00:00:00","MAC-20","111.95","334.21","0.913"
"SENS-2396","2025-12-29 00:00:00","MAC-21","82.35","348.28","1.319"
"SENS-2397","2025-12-29 01:00:00","MAC-20","98.54","333.09","1.405"
"SENS-2398","2025-12-29 01:00:00","MAC-21","82.74","308.14","0.805"
"SENS-2399","2025-12-29 02:00:00","MAC-20","110.9","324.45","1.053"
"SENS-2400","2025-12-29 02:00:00","MAC-21","90.04","307.39","1.415"
"SENS-2401","2025-12-29 03:00:00","MAC-20","103.92","318.23","1.338"
"SENS-2402","2025-12-29 03:00:00","MAC-21","119.3","314","1.359"
"SENS-2403","2025-12-29 04:00:00","MAC-20","112.84","319.75","1.289"
"SENS-2404","2025-12-29 04:00:00","MAC-21","93.21","349.12","0.812"
"SENS-2405","2025-12-29 05:00:00","MAC-20","98.56","315.22","0.507"
"SENS-2406","2025-12-29 05:00:00","MAC-21","84.22","335.31","1.029"
"SENS-2407","2025-04-24 00:00:00","MAC-20","113.54","330.59","0.832"
"SENS-2408","2025-04-24 00:00:00","MAC-21","97.2","320.47","1.429"
"SENS-2409","2025-04-24 01:00:00","MAC-20","106.92","346","1.153"
"SENS-2410","2025-04-24 01:00:00","MAC-21","93.91","311.34","0.967"
"SENS-2411","2025-04-24 02:00:00","MAC-20","83.47","343.21","0.871"
"SENS-2412","2025-04-24 02:00:00","MAC-21","106.67","344.97","0.745"
"SENS-2413","2025-04-24 03:00:00","MAC-20","101.18","310.67","1.126"
"SENS-2414","2025-04-24 03:00:00","MAC-21","82.39","306.38","1.09"
"SENS-2415","2025-04-24 04:00:00","MAC-20","107.73","304.93","0.598"
"SENS-2416","2025-04-24 04:00:00","MAC-21","90.9","345.74","0.969"
"SENS-2417","2025-04-24 05:00:00","MAC-20","108.71","310.91","1.004"
"SENS-2418","2025-04-24 05:00:00","MAC-21","96.15","300.07","0.589"
"SENS-2419","2025-04-24 06:00:00","MAC-20","91.95","314.17","1.49"
"SENS-2420","2025-04-24 06:00:00","MAC-21","113.64","322.27","0.851"
"SENS-2421","2025-06-14 00:00:00","MAC-30","119.92","343.08","1.251"
"SENS-2422","2025-06-14 00:00:00","MAC-31","95.73","305.21","1.343"
"SENS-2423","2025-06-14 01:00:00","MAC-30","90.59","308.08","1.48"
"SENS-2424","2025-06-14 01:00:00","MAC-31","95.84","319.57","1"
"SENS-2425","2025-06-14 02:00:00","MAC-30","118.17","309.09","0.659"
"SENS-2426","2025-06-14 02:00:00","MAC-31","113.66","331.42","0.748"
"SENS-2427","2025-06-14 03:00:00","MAC-30","119.7","349.76","0.625"
"SENS-2428","2025-06-14 03:00:00","MAC-31","103.08","331.07","1.282"
"SENS-2429","2025-06-14 04:00:00","MAC-30","85.54","316.1","1.293"
"SENS-2430","2025-06-14 04:00:00","MAC-31","113.29","326.44","1.461"
"SENS-2431","2025-06-14 05:00:00","MAC-30","92.24","320.37","0.572"
"SENS-2432","2025-06-14 05:00:00","MAC-31","112.38","312.96","1.236"
"SENS-2433","2025-06-14 06:00:00","MAC-30","114.08","330.71","1.137"
"SENS-2434","2025-06-14 06:00:00","MAC-31","94.25","320.92","1.449"
"SENS-2435","2025-11-19 00:00:00","MAC-20","107.66","333.27","1.095"
"SENS-2436","2025-11-19 00:00:00","MAC-21","95.37","320.86","1.252"
"SENS-2437","2025-11-19 01:00:00","MAC-20","86.81","348.27","0.828"
"SENS-2438","2025-11-19 01:00:00","MAC-21","97.84","334.44","1.23"
"SENS-2439","2025-11-19 02:00:00","MAC-20","115.94","348.25","0.567"
"SENS-2440","2025-11-19 02:00:00","MAC-21","114.47","315.35","1.179"
"SENS-2441","2025-11-19 03:00:00","MAC-20","96.39","320.7","0.571"
"SENS-2442","2025-11-19 03:00:00","MAC-21","103.75","345.93","1.025"
"SENS-2443","2025-11-19 04:00:00","MAC-20","104.19","332.72","1.453"
"SENS-2444","2025-11-19 04:00:00","MAC-21","80.54","342.3","1.255"
"SENS-2445","2025-11-19 05:00:00","MAC-20","114.61","312.31","0.763"
"SENS-2446","2025-11-19 05:00:00","MAC-21","85.93","330.67","0.957"
"SENS-2447","2025-11-19 06:00:00","MAC-20","106","331.51","1.228"
"SENS-2448","2025-11-19 06:00:00","MAC-21","84.91","326.63","1.288"
"SENS-2449","2026-02-27 00:00:00","MAC-30","107.67","313.84","1.357"
"SENS-2450","2026-02-27 00:00:00","MAC-31","112.93","312.8","1.031"
"SENS-2451","2026-02-27 01:00:00","MAC-30","101.24","316.42","0.768"
"SENS-2452","2026-02-27 01:00:00","MAC-31","112.42","317.8","1.345"
"SENS-2453","2026-02-27 02:00:00","MAC-30","118.26","307.39","1.045"
"SENS-2454","2026-02-27 02:00:00","MAC-31","82.69","305.22","1.311"
"SENS-2455","2026-02-27 03:00:00","MAC-30","86.05","328.87","1.411"
"SENS-2456","2026-02-27 03:00:00","MAC-31","89.92","318.4","1.479"
"SENS-2457","2026-02-27 04:00:00","MAC-30","96.24","330.69","0.581"
"SENS-2458","2026-02-27 04:00:00","MAC-31","95.51","348.74","1.086"
"SENS-2459","2026-02-27 05:00:00","MAC-30","107.24","333.92","1.004"
"SENS-2460","2026-02-27 05:00:00","MAC-31","93.26","342.97","1.111"
"SENS-2461","2026-02-27 06:00:00","MAC-30","106.48","301.75","1.04"
"SENS-2462","2026-02-27 06:00:00","MAC-31","99.59","328.45","1.494"
"SENS-2463","2025-10-06 00:00:00","MAC-30","101.44","336.49","1.302"
"SENS-2464","2025-10-06 00:00:00","MAC-31","103.54","337.09","0.609"
"SENS-2465","2025-10-06 01:00:00","MAC-30","93.59","347.14","0.536"
"SENS-2466","2025-10-06 01:00:00","MAC-31","107.93","320.23","0.591"
"SENS-2467","2025-10-06 02:00:00","MAC-30","93.17","325.62","1.318"
"SENS-2468","2025-10-06 02:00:00","MAC-31","106.56","309.64","0.77"
"SENS-2469","2025-08-24 00:00:00","MAC-10","97.3","338.02","0.948"
"SENS-2470","2025-08-24 00:00:00","MAC-11","84.62","332.15","0.612"
"SENS-2471","2025-08-24 01:00:00","MAC-10","91.49","316.04","0.727"
"SENS-2472","2025-08-24 01:00:00","MAC-11","84.2","342.21","0.745"
"SENS-2473","2025-08-24 02:00:00","MAC-10","119.19","339.37","0.795"
"SENS-2474","2025-08-24 02:00:00","MAC-11","113.14","348.38","1.416"
"SENS-2475","2025-08-24 03:00:00","MAC-10","109.12","345.51","0.879"
"SENS-2476","2025-08-24 03:00:00","MAC-11","82.42","319.42","1.265"
"SENS-2477","2025-08-24 04:00:00","MAC-10","85.6","334.09","0.866"
"SENS-2478","2025-08-24 04:00:00","MAC-11","101.71","334.71","1.075"
"SENS-2479","2025-08-24 05:00:00","MAC-10","90.72","344.86","1.273"
"SENS-2480","2025-08-24 05:00:00","MAC-11","101.17","334.54","1.413"
"SENS-2481","2025-08-24 06:00:00","MAC-10","114.19","302.95","0.602"
"SENS-2482","2025-08-24 06:00:00","MAC-11","86.59","327.88","0.863"
"SENS-2483","2025-08-24 07:00:00","MAC-10","95.19","324.35","0.505"
"SENS-2484","2025-08-24 07:00:00","MAC-11","93.75","329.88","0.952"
"SENS-2485","2025-08-24 08:00:00","MAC-10","117.62","334.16","1.281"
"SENS-2486","2025-08-24 08:00:00","MAC-11","115.07","324.6","1.231"
"SENS-2487","2025-08-24 09:00:00","MAC-10","94.96","311.35","1.031"
"SENS-2488","2025-08-24 09:00:00","MAC-11","97.08","302.99","1.259"
"SENS-2489","2025-08-24 10:00:00","MAC-10","99.76","303.39","0.841"
"SENS-2490","2025-08-24 10:00:00","MAC-11","104.36","349.15","0.501"
"SENS-2491","2025-10-21 00:00:00","MAC-20","102.86","308.57","0.888"
"SENS-2492","2025-10-21 00:00:00","MAC-21","90.96","324.17","1.086"
"SENS-2493","2025-10-21 01:00:00","MAC-20","80.7","309.54","0.783"
"SENS-2494","2025-10-21 01:00:00","MAC-21","97.81","343.28","0.706"
"SENS-2495","2025-10-21 02:00:00","MAC-20","95.14","314.23","0.617"
"SENS-2496","2025-10-21 02:00:00","MAC-21","81.48","302.77","1.225"
"SENS-2497","2025-10-21 03:00:00","MAC-20","114.06","322.74","1.331"
"SENS-2498","2025-10-21 03:00:00","MAC-21","110.58","310.99","0.816"
"SENS-2499","2025-10-21 04:00:00","MAC-20","99.02","347.21","1.132"
"SENS-2500","2025-10-21 04:00:00","MAC-21","104.39","322.58","0.583"
"SENS-2501","2025-10-21 05:00:00","MAC-20","80.9","308.5","1.061"
"SENS-2502","2025-10-21 05:00:00","MAC-21","102.61","316.13","1.328"
"SENS-2503","2025-10-21 06:00:00","MAC-20","96.49","317.09","0.543"
"SENS-2504","2025-10-21 06:00:00","MAC-21","108.18","304.28","1.063"
"SENS-2505","2025-10-21 07:00:00","MAC-20","95.72","338.13","0.794"
"SENS-2506","2025-10-21 07:00:00","MAC-21","102.87","324.15","1.123"
"SENS-2507","2025-10-21 08:00:00","MAC-20","80.38","321.07","0.796"
"SENS-2508","2025-10-21 08:00:00","MAC-21","81.4","321.09","0.801"
"SENS-2509","2025-10-27 00:00:00","MAC-20","102.51","306.94","0.728"
"SENS-2510","2025-10-27 00:00:00","MAC-21","98.02","323.5","1.313"
"SENS-2511","2025-10-27 01:00:00","MAC-20","113.8","302.88","0.625"
"SENS-2512","2025-10-27 01:00:00","MAC-21","110.97","319.93","0.688"
"SENS-2513","2025-10-27 02:00:00","MAC-20","82.39","308.75","0.548"
"SENS-2514","2025-10-27 02:00:00","MAC-21","114.57","324.14","0.778"
"SENS-2515","2025-10-27 03:00:00","MAC-20","113.85","301.99","0.733"
"SENS-2516","2025-10-27 03:00:00","MAC-21","95.83","337.71","0.862"
"SENS-2517","2025-10-27 04:00:00","MAC-20","92.65","328.74","1.25"
"SENS-2518","2025-10-27 04:00:00","MAC-21","115.8","314.82","1.267"
"SENS-2519","2025-10-27 05:00:00","MAC-20","100.48","303.68","1.066"
"SENS-2520","2025-10-27 05:00:00","MAC-21","92.03","310.34","0.751"
"SENS-2521","2025-10-27 06:00:00","MAC-20","115.7","318.58","1.469"
"SENS-2522","2025-10-27 06:00:00","MAC-21","80.22","315.05","0.59"
"SENS-2523","2025-10-27 07:00:00","MAC-20","119.8","315.44","1.452"
"SENS-2524","2025-10-27 07:00:00","MAC-21","119.27","309.55","1.122"
"SENS-2525","2025-12-23 00:00:00","MAC-30","111.65","300.01","0.68"
"SENS-2526","2025-12-23 00:00:00","MAC-31","109.01","340.92","0.561"
"SENS-2527","2025-12-23 01:00:00","MAC-30","82.7","325.78","0.797"
"SENS-2528","2025-12-23 01:00:00","MAC-31","111.13","328","1.213"
"SENS-2529","2025-12-23 02:00:00","MAC-30","115.23","316.02","0.945"
"SENS-2530","2025-12-23 02:00:00","MAC-31","82.01","347.84","1.303"
"SENS-2531","2025-12-23 03:00:00","MAC-30","91.96","334.64","0.987"
"SENS-2532","2025-12-23 03:00:00","MAC-31","104.16","325.6","1.479"
"SENS-2533","2025-12-23 04:00:00","MAC-30","82.77","347.3","1.151"
"SENS-2534","2025-12-23 04:00:00","MAC-31","92.93","340.22","0.958"
"SENS-2535","2025-12-23 05:00:00","MAC-30","117.77","339.55","1.107"
"SENS-2536","2025-12-23 05:00:00","MAC-31","100.65","328.26","1.285"
"SENS-2537","2025-12-23 06:00:00","MAC-30","97.33","313.67","1.242"
"SENS-2538","2025-12-23 06:00:00","MAC-31","115.65","313.89","0.566"
"SENS-2539","2025-12-23 07:00:00","MAC-30","106.09","301.11","1.027"
"SENS-2540","2025-12-23 07:00:00","MAC-31","119.79","340","1.371"
"SENS-2541","2025-12-23 08:00:00","MAC-30","104.06","321.76","0.585"
"SENS-2542","2025-12-23 08:00:00","MAC-31","84.11","322.67","0.534"
"SENS-2543","2025-12-23 09:00:00","MAC-30","116.59","315.73","0.931"
"SENS-2544","2025-12-23 09:00:00","MAC-31","80.18","314.57","1.399"
"SENS-2545","2025-12-23 10:00:00","MAC-30","117.8","313.46","0.625"
"SENS-2546","2025-12-23 10:00:00","MAC-31","112.65","334.4","0.864"
"SENS-2547","2025-09-07 00:00:00","MAC-30","82.49","349.17","1.02"
"SENS-2548","2025-09-07 00:00:00","MAC-31","95.27","341.61","1.307"
"SENS-2549","2025-09-07 01:00:00","MAC-30","118.47","307.55","1.246"
"SENS-2550","2025-09-07 01:00:00","MAC-31","93.73","344.32","0.62"
"SENS-2551","2025-09-07 02:00:00","MAC-30","83.49","329.33","0.523"
"SENS-2552","2025-09-07 02:00:00","MAC-31","101.46","303.14","1.037"
"SENS-2553","2025-10-10 00:00:00","MAC-30","116.93","334.73","1.456"
"SENS-2554","2025-10-10 00:00:00","MAC-31","107.62","311.35","1.489"
"SENS-2555","2025-10-10 01:00:00","MAC-30","116.48","345.72","0.816"
"SENS-2556","2025-10-10 01:00:00","MAC-31","105.45","324.6","1.23"
"SENS-2557","2025-10-10 02:00:00","MAC-30","84.78","337.88","1.126"
"SENS-2558","2025-10-10 02:00:00","MAC-31","93.68","313.8","1.072"
"SENS-2559","2025-10-10 03:00:00","MAC-30","99.66","306.63","1.114"
"SENS-2560","2025-10-10 03:00:00","MAC-31","93.67","331.05","0.661"
"SENS-2561","2025-10-10 04:00:00","MAC-30","110.58","308.77","1.007"
"SENS-2562","2025-10-10 04:00:00","MAC-31","91.18","343.84","1.398"
"SENS-2563","2025-10-10 05:00:00","MAC-30","104.66","311.16","0.527"
"SENS-2564","2025-10-10 05:00:00","MAC-31","109.05","338.98","0.576"
"SENS-2565","2025-10-10 06:00:00","MAC-30","116.68","340.24","1.438"
"SENS-2566","2025-10-10 06:00:00","MAC-31","118.88","348.54","1.475"
"SENS-2567","2025-10-10 07:00:00","MAC-30","88.81","328.66","1.469"
"SENS-2568","2025-10-10 07:00:00","MAC-31","84.4","313.45","0.768"
"SENS-2569","2025-10-10 08:00:00","MAC-30","96.62","316.25","0.995"
"SENS-2570","2025-10-10 08:00:00","MAC-31","99.77","303.42","1.446"
"SENS-2571","2025-10-10 09:00:00","MAC-30","83.02","309.38","1.174"
"SENS-2572","2025-10-10 09:00:00","MAC-31","86.14","300.44","0.617"
"SENS-2573","2025-05-19 00:00:00","MAC-30","84.79","309.66","0.595"
"SENS-2574","2025-05-19 00:00:00","MAC-31","92.73","306.86","0.831"
"SENS-2575","2025-05-19 01:00:00","MAC-30","80.95","311.81","0.783"
"SENS-2576","2025-05-19 01:00:00","MAC-31","93.11","324.76","0.566"
"SENS-2577","2025-05-19 02:00:00","MAC-30","81.18","331.7","1.054"
"SENS-2578","2025-05-19 02:00:00","MAC-31","94.5","304.71","1.223"
"SENS-2579","2025-05-19 03:00:00","MAC-30","115.09","342.1","0.737"
"SENS-2580","2025-05-19 03:00:00","MAC-31","89.84","349.71","0.889"
"SENS-2581","2025-05-19 04:00:00","MAC-30","80.44","309.43","0.76"
"SENS-2582","2025-05-19 04:00:00","MAC-31","112.93","328.88","1.402"
"SENS-2583","2025-05-19 05:00:00","MAC-30","104.44","332.93","1.142"
"SENS-2584","2025-05-19 05:00:00","MAC-31","91.26","307.55","1.326"
"SENS-2585","2025-05-19 06:00:00","MAC-30","94.05","342.92","1.127"
"SENS-2586","2025-05-19 06:00:00","MAC-31","80.09","310.02","0.684"
"SENS-2587","2025-05-19 07:00:00","MAC-30","101.55","314.78","1.257"
"SENS-2588","2025-05-19 07:00:00","MAC-31","117.57","329.85","0.831"
"SENS-2589","2025-05-19 08:00:00","MAC-30","111.81","329.84","1.191"
"SENS-2590","2025-05-19 08:00:00","MAC-31","95.99","329.56","1.232"
"SENS-2591","2025-05-19 09:00:00","MAC-30","114.69","309.8","0.768"
"SENS-2592","2025-05-19 09:00:00","MAC-31","103.51","349.22","1.417"
"SENS-2593","2025-11-15 00:00:00","MAC-20","95.22","333.13","0.768"
"SENS-2594","2025-11-15 00:00:00","MAC-21","94.87","305","1.246"
"SENS-2595","2025-11-15 01:00:00","MAC-20","91.45","349.57","1.256"
"SENS-2596","2025-11-15 01:00:00","MAC-21","106.32","301.17","1.202"
"SENS-2597","2025-11-15 02:00:00","MAC-20","110.76","348.42","0.569"
"SENS-2598","2025-11-15 02:00:00","MAC-21","82.99","327.67","1.146"
"SENS-2599","2025-11-15 03:00:00","MAC-20","117.62","340.2","0.855"
"SENS-2600","2025-11-15 03:00:00","MAC-21","107.77","301.71","0.708"
"SENS-2601","2025-11-15 04:00:00","MAC-20","111.87","326.19","1.315"
"SENS-2602","2025-11-15 04:00:00","MAC-21","110.4","330.34","1.43"
"SENS-2603","2025-11-15 05:00:00","MAC-20","94.29","336.41","1.255"
"SENS-2604","2025-11-15 05:00:00","MAC-21","107.41","303.47","1.469"
"SENS-2605","2025-11-15 06:00:00","MAC-20","97.83","314.41","1.328"
"SENS-2606","2025-11-15 06:00:00","MAC-21","91.91","316.04","0.802"
"SENS-2607","2025-11-15 07:00:00","MAC-20","117.78","329","0.813"
"SENS-2608","2025-11-15 07:00:00","MAC-21","92.85","308.58","0.937"
"SENS-2609","2025-11-15 08:00:00","MAC-20","100.17","333.12","0.741"
"SENS-2610","2025-11-15 08:00:00","MAC-21","98.88","301.81","1.161"
"SENS-2611","2025-11-15 09:00:00","MAC-20","119.39","333.44","1.454"
"SENS-2612","2025-11-15 09:00:00","MAC-21","116.4","333.33","1.16"
"SENS-2613","2025-11-15 10:00:00","MAC-20","87.7","329.1","0.512"
"SENS-2614","2025-11-15 10:00:00","MAC-21","81.45","302.86","0.944"
"SENS-2615","2026-02-16 00:00:00","MAC-30","92.15","347.26","0.793"
"SENS-2616","2026-02-16 00:00:00","MAC-31","112.51","316.3","1.475"
"SENS-2617","2026-02-16 01:00:00","MAC-30","96.43","313.85","0.877"
"SENS-2618","2026-02-16 01:00:00","MAC-31","86.96","348.26","1.321"
"SENS-2619","2026-02-16 02:00:00","MAC-30","103.85","307.12","1.459"
"SENS-2620","2026-02-16 02:00:00","MAC-31","114.71","332.93","0.596"
"SENS-2621","2025-08-10 00:00:00","MAC-20","82.18","324.31","0.505"
"SENS-2622","2025-08-10 00:00:00","MAC-21","107.06","324.5","0.591"
"SENS-2623","2025-08-10 01:00:00","MAC-20","82.66","310.53","1.217"
"SENS-2624","2025-08-10 01:00:00","MAC-21","88.23","329.23","1.342"
"SENS-2625","2025-05-10 00:00:00","MAC-20","119.31","341.13","0.64"
"SENS-2626","2025-05-10 00:00:00","MAC-21","90.47","333.47","0.915"
"SENS-2627","2025-05-10 01:00:00","MAC-20","104.68","307.76","0.53"
"SENS-2628","2025-05-10 01:00:00","MAC-21","91.84","311.33","0.943"
"SENS-2629","2025-05-10 02:00:00","MAC-20","89.58","312.25","1.268"
"SENS-2630","2025-05-10 02:00:00","MAC-21","99.07","344.89","1.475"
"SENS-2631","2025-05-10 03:00:00","MAC-20","119.2","345.72","1.077"
"SENS-2632","2025-05-10 03:00:00","MAC-21","103.39","300.32","1.145"
"SENS-2633","2025-05-10 04:00:00","MAC-20","93.79","322.68","0.895"
"SENS-2634","2025-05-10 04:00:00","MAC-21","109.21","341.31","1.371"
"SENS-2635","2025-05-10 05:00:00","MAC-20","106.73","301.81","1.291"
"SENS-2636","2025-05-10 05:00:00","MAC-21","90.6","315.58","0.648"
"SENS-2637","2025-05-10 06:00:00","MAC-20","111.44","344.63","0.774"
"SENS-2638","2025-05-10 06:00:00","MAC-21","91.96","331.55","0.668"
"SENS-2639","2025-05-10 07:00:00","MAC-20","113.15","310.76","1.432"
"SENS-2640","2025-05-10 07:00:00","MAC-21","114.2","314.52","1.288"
"SENS-2641","2025-05-10 08:00:00","MAC-20","112.01","338.58","1.435"
"SENS-2642","2025-05-10 08:00:00","MAC-21","118.94","325.14","1.456"
"SENS-2643","2025-05-10 09:00:00","MAC-20","94.86","346.92","1.467"
"SENS-2644","2025-05-10 09:00:00","MAC-21","89.68","324.41","0.56"
"SENS-2645","2025-12-23 00:00:00","MAC-10","81.14","319.69","1.02"
"SENS-2646","2025-12-23 00:00:00","MAC-11","114.11","348.05","0.739"
"SENS-2647","2025-12-23 01:00:00","MAC-10","112.92","302.33","1.393"
"SENS-2648","2025-12-23 01:00:00","MAC-11","99","314.2","1.077"
"SENS-2649","2025-12-23 02:00:00","MAC-10","115.23","334.62","0.934"
"SENS-2650","2025-12-23 02:00:00","MAC-11","116.18","345.72","1.059"
"SENS-2651","2025-12-23 03:00:00","MAC-10","96.92","337.06","1.004"
"SENS-2652","2025-12-23 03:00:00","MAC-11","105.13","307.77","1.203"
"SENS-2653","2025-12-23 04:00:00","MAC-10","99.35","343.33","0.983"
"SENS-2654","2025-12-23 04:00:00","MAC-11","94.65","305.81","0.977"
"SENS-2655","2025-04-22 00:00:00","MAC-20","81.48","315.41","0.782"
"SENS-2656","2025-04-22 00:00:00","MAC-21","116.24","322.93","0.523"
"SENS-2657","2025-04-22 01:00:00","MAC-20","99.63","329.44","0.97"
"SENS-2658","2025-04-22 01:00:00","MAC-21","117.24","345.6","0.775"
"SENS-2659","2025-04-22 02:00:00","MAC-20","109.01","311.7","1.119"
"SENS-2660","2025-04-22 02:00:00","MAC-21","103.35","322.91","0.998"
"SENS-2661","2025-04-22 03:00:00","MAC-20","81.65","305.14","0.915"
"SENS-2662","2025-04-22 03:00:00","MAC-21","104.06","306.8","0.697"
"SENS-2663","2025-04-22 04:00:00","MAC-20","114.58","317.7","1.173"
"SENS-2664","2025-04-22 04:00:00","MAC-21","113.37","317.95","1.227"
"SENS-2665","2025-04-22 05:00:00","MAC-20","119","310.99","0.629"
"SENS-2666","2025-04-22 05:00:00","MAC-21","81.35","303.44","0.89"
"SENS-2667","2025-04-22 06:00:00","MAC-20","92.63","320.82","1.403"
"SENS-2668","2025-04-22 06:00:00","MAC-21","93.12","313.52","1.361"
"SENS-2669","2025-04-22 07:00:00","MAC-20","91.81","348.62","1.298"
"SENS-2670","2025-04-22 07:00:00","MAC-21","94.2","331.59","0.594"
"SENS-2671","2025-04-22 08:00:00","MAC-20","100.06","325.53","1.461"
"SENS-2672","2025-04-22 08:00:00","MAC-21","102.45","334.22","1.024"
"SENS-2673","2025-04-22 09:00:00","MAC-20","83.84","326.5","1.461"
"SENS-2674","2025-04-22 09:00:00","MAC-21","82.72","311.66","1.122"
"SENS-2675","2025-04-22 10:00:00","MAC-20","106.23","325.88","0.881"
"SENS-2676","2025-04-22 10:00:00","MAC-21","94.34","330.8","0.812"
"SENS-2677","2025-04-22 11:00:00","MAC-20","112.92","312.85","1.006"
"SENS-2678","2025-04-22 11:00:00","MAC-21","115.6","309.65","1.325"
"SENS-2679","2025-04-22 12:00:00","MAC-20","109.49","333.83","0.64"
"SENS-2680","2025-04-22 12:00:00","MAC-21","115.69","315.09","1.012"
"SENS-2681","2025-04-22 13:00:00","MAC-20","80.85","343.67","0.519"
"SENS-2682","2025-04-22 13:00:00","MAC-21","110.36","334.81","0.538"
"SENS-2683","2025-08-02 00:00:00","MAC-20","89.82","343.27","1.145"
"SENS-2684","2025-08-02 00:00:00","MAC-21","109.03","322.07","1.105"
"SENS-2685","2025-08-02 01:00:00","MAC-20","119.7","310.59","1.016"
"SENS-2686","2025-08-02 01:00:00","MAC-21","86.64","341.6","0.918"
"SENS-2687","2025-08-02 02:00:00","MAC-20","94.2","339.95","0.836"
"SENS-2688","2025-08-02 02:00:00","MAC-21","90.64","335.89","0.72"
"SENS-2689","2025-08-02 03:00:00","MAC-20","110.51","331.79","0.579"
"SENS-2690","2025-08-02 03:00:00","MAC-21","113.82","304.1","1.228"
"SENS-2691","2025-08-02 04:00:00","MAC-20","109.55","330.47","0.927"
"SENS-2692","2025-08-02 04:00:00","MAC-21","93.46","336.37","1.471"
"SENS-2693","2025-08-02 05:00:00","MAC-20","107.11","312.93","1.222"
"SENS-2694","2025-08-02 05:00:00","MAC-21","101.88","302.43","1.085"
"SENS-2695","2025-08-02 06:00:00","MAC-20","93.11","328.24","1.039"
"SENS-2696","2025-08-02 06:00:00","MAC-21","100.4","308.93","0.696"
"SENS-2697","2025-08-02 07:00:00","MAC-20","112.54","316.76","0.681"
"SENS-2698","2025-08-02 07:00:00","MAC-21","110.53","325.75","1.41"
"SENS-2699","2025-08-02 08:00:00","MAC-20","108.2","346.2","0.955"
"SENS-2700","2025-08-02 08:00:00","MAC-21","110.96","300.65","1.141"
"SENS-2701","2025-08-02 09:00:00","MAC-20","107.63","318.2","0.961"
"SENS-2702","2025-08-02 09:00:00","MAC-21","90.07","316.25","0.892"
"SENS-2703","2025-08-02 10:00:00","MAC-20","103.42","306.62","1.078"
"SENS-2704","2025-08-02 10:00:00","MAC-21","83.01","336.46","0.6"
"SENS-2705","2025-12-16 00:00:00","MAC-10","112.81","321.53","0.92"
"SENS-2706","2025-12-16 00:00:00","MAC-11","80.35","331.98","1.405"
"SENS-2707","2025-12-16 01:00:00","MAC-10","82.94","335.81","0.711"
"SENS-2708","2025-12-16 01:00:00","MAC-11","104.67","343.39","0.623"
"SENS-2709","2025-12-16 02:00:00","MAC-10","117.1","305.11","0.979"
"SENS-2710","2025-12-16 02:00:00","MAC-11","109.64","307.34","0.902"
"SENS-2711","2025-12-16 03:00:00","MAC-10","98.42","309.73","1.33"
"SENS-2712","2025-12-16 03:00:00","MAC-11","119.52","344.79","0.968"
"SENS-2713","2025-12-16 04:00:00","MAC-10","118.48","346.49","1.075"
"SENS-2714","2025-12-16 04:00:00","MAC-11","95.81","306.4","0.933"
"SENS-2715","2025-12-16 05:00:00","MAC-10","84.78","334.89","1.251"
"SENS-2716","2025-12-16 05:00:00","MAC-11","104.69","348.53","0.961"
"SENS-2717","2025-12-16 06:00:00","MAC-10","94.07","307.58","0.563"
"SENS-2718","2025-12-16 06:00:00","MAC-11","117.04","306.27","1.269"
"SENS-2719","2025-12-16 07:00:00","MAC-10","89.87","349.36","0.918"
"SENS-2720","2025-12-16 07:00:00","MAC-11","87.77","301.82","0.856"
"SENS-2721","2025-12-16 08:00:00","MAC-10","99.26","348.67","1.343"
"SENS-2722","2025-12-16 08:00:00","MAC-11","98.22","331.47","1.283"
"SENS-2723","2025-05-23 00:00:00","MAC-10","90.84","312.83","0.609"
"SENS-2724","2025-05-23 00:00:00","MAC-11","108.79","328.97","0.886"
"SENS-2725","2025-05-23 01:00:00","MAC-10","89.96","348.67","0.628"
"SENS-2726","2025-05-23 01:00:00","MAC-11","84.87","340.96","1.485"
"SENS-2727","2025-05-23 02:00:00","MAC-10","80.74","320.1","1.364"
"SENS-2728","2025-05-23 02:00:00","MAC-11","87.99","306.25","0.587"
"SENS-2729","2025-05-23 03:00:00","MAC-10","116.98","303","0.639"
"SENS-2730","2025-05-23 03:00:00","MAC-11","116.73","334.26","1.453"
"SENS-2731","2025-05-23 04:00:00","MAC-10","87.51","339.35","1.394"
"SENS-2732","2025-05-23 04:00:00","MAC-11","117.36","323.37","1.018"
"SENS-2733","2025-05-23 05:00:00","MAC-10","91.98","317.22","1.357"
"SENS-2734","2025-05-23 05:00:00","MAC-11","88.44","307.24","1.428"
"SENS-2735","2025-05-23 06:00:00","MAC-10","81.13","331.59","0.555"
"SENS-2736","2025-05-23 06:00:00","MAC-11","90.97","307.45","0.729"
"SENS-2737","2025-05-23 07:00:00","MAC-10","80.5","342.37","1.056"
"SENS-2738","2025-05-23 07:00:00","MAC-11","116.96","348.63","1.194"
"SENS-2739","2025-05-23 08:00:00","MAC-10","82.02","307.21","1.288"
"SENS-2740","2025-05-23 08:00:00","MAC-11","84.78","349.23","1.457"
"SENS-2741","2025-05-23 09:00:00","MAC-10","100.51","307.96","0.563"
"SENS-2742","2025-05-23 09:00:00","MAC-11","104.62","324.23","0.795"
"SENS-2743","2025-05-23 10:00:00","MAC-10","99.63","313.21","1.204"
"SENS-2744","2025-05-23 10:00:00","MAC-11","117.16","347.72","0.587"
"SENS-2745","2025-05-23 11:00:00","MAC-10","107.89","305.04","1.374"
"SENS-2746","2025-05-23 11:00:00","MAC-11","105.83","335.56","0.965"
"SENS-2747","2026-02-27 00:00:00","MAC-30","107.55","335.96","1.428"
"SENS-2748","2026-02-27 00:00:00","MAC-31","119","300.18","1.24"
"SENS-2749","2026-02-27 01:00:00","MAC-30","87.78","303.36","1.478"
"SENS-2750","2026-02-27 01:00:00","MAC-31","87.04","310.32","0.755"
"SENS-2751","2026-02-27 02:00:00","MAC-30","100.66","343.21","1.477"
"SENS-2752","2026-02-27 02:00:00","MAC-31","98.21","322.27","1.255"
"SENS-2753","2026-02-27 03:00:00","MAC-30","101.9","327.4","0.918"
"SENS-2754","2026-02-27 03:00:00","MAC-31","113.95","343.49","1.238"
"SENS-2755","2026-02-27 04:00:00","MAC-30","89.13","329.47","1.174"
"SENS-2756","2026-02-27 04:00:00","MAC-31","96.74","314.43","1.291"
"SENS-2757","2026-02-27 05:00:00","MAC-30","103.49","335.45","0.947"
"SENS-2758","2026-02-27 05:00:00","MAC-31","104.54","322.35","0.635"
"SENS-2759","2026-02-27 06:00:00","MAC-30","114.43","316.34","1.342"
"SENS-2760","2026-02-27 06:00:00","MAC-31","94.63","310.19","0.636"
"SENS-2761","2026-02-27 07:00:00","MAC-30","98.24","301.23","1.18"
"SENS-2762","2026-02-27 07:00:00","MAC-31","81.13","336.9","1.229"
"SENS-2763","2026-02-27 08:00:00","MAC-30","115.71","303.25","1.19"
"SENS-2764","2026-02-27 08:00:00","MAC-31","92.61","302.38","1.392"
"SENS-2765","2026-02-27 09:00:00","MAC-30","93.56","333.12","1.408"
"SENS-2766","2026-02-27 09:00:00","MAC-31","89.14","314.75","0.613"
"SENS-2767","2026-01-15 00:00:00","MAC-10","93.73","334.73","1.209"
"SENS-2768","2026-01-15 00:00:00","MAC-11","82.78","329.85","0.873"
"SENS-2769","2026-01-15 01:00:00","MAC-10","113.83","326.93","0.899"
"SENS-2770","2026-01-15 01:00:00","MAC-11","119.64","336.96","1.148"
"SENS-2771","2026-01-15 02:00:00","MAC-10","114.89","309.96","1.465"
"SENS-2772","2026-01-15 02:00:00","MAC-11","80.63","307.81","0.597"
"SENS-2773","2026-01-15 03:00:00","MAC-10","119.85","334.27","1.209"
"SENS-2774","2026-01-15 03:00:00","MAC-11","90.53","308.85","1.135"
"SENS-2775","2026-01-15 04:00:00","MAC-10","100.04","318.47","1.123"
"SENS-2776","2026-01-15 04:00:00","MAC-11","88.52","315.27","1.007"
"SENS-2777","2025-06-20 00:00:00","MAC-10","110.77","304.33","1.46"
"SENS-2778","2025-06-20 00:00:00","MAC-11","99.02","317.02","0.968"
"SENS-2779","2025-06-20 01:00:00","MAC-10","82.45","307.95","0.725"
"SENS-2780","2025-06-20 01:00:00","MAC-11","93.96","328.01","1.327"
"SENS-2781","2025-06-20 02:00:00","MAC-10","89.86","344.94","1.401"
"SENS-2782","2025-06-20 02:00:00","MAC-11","96.03","313.95","0.933"
"SENS-2783","2025-06-20 03:00:00","MAC-10","104.37","310.31","1.188"
"SENS-2784","2025-06-20 03:00:00","MAC-11","114.63","319.23","0.846"
"SENS-2785","2025-06-20 04:00:00","MAC-10","105.75","338.67","1.274"
"SENS-2786","2025-06-20 04:00:00","MAC-11","118.52","312.58","1.262"
"SENS-2787","2025-06-20 05:00:00","MAC-10","88.84","306.06","1.051"
"SENS-2788","2025-06-20 05:00:00","MAC-11","93.04","337.31","1.332"
"SENS-2789","2025-06-20 06:00:00","MAC-10","84.17","340.85","0.849"
"SENS-2790","2025-06-20 06:00:00","MAC-11","114.42","312.93","0.744"
"SENS-2791","2025-08-08 00:00:00","MAC-30","109.37","300.5","1.434"
"SENS-2792","2025-08-08 00:00:00","MAC-31","90.39","343.07","0.577"
"SENS-2793","2025-08-08 01:00:00","MAC-30","85.89","322.83","0.903"
"SENS-2794","2025-08-08 01:00:00","MAC-31","99.71","304.54","1.406"
"SENS-2795","2025-08-08 02:00:00","MAC-30","93.9","312.85","1.447"
"SENS-2796","2025-08-08 02:00:00","MAC-31","85.78","306.98","0.642"
"SENS-2797","2025-08-08 03:00:00","MAC-30","102.33","334.04","1.164"
"SENS-2798","2025-08-08 03:00:00","MAC-31","102.37","314.18","0.799"
"SENS-2799","2025-08-08 04:00:00","MAC-30","117.33","345.38","0.803"
"SENS-2800","2025-08-08 04:00:00","MAC-31","81.81","348.03","0.797"
"SENS-2801","2025-08-08 05:00:00","MAC-30","90.47","322.95","1.126"
"SENS-2802","2025-08-08 05:00:00","MAC-31","98.73","329.91","0.523"
"SENS-2803","2025-08-08 06:00:00","MAC-30","117.66","331.8","1.192"
"SENS-2804","2025-08-08 06:00:00","MAC-31","114.52","320.59","0.888"
"SENS-2805","2025-08-08 07:00:00","MAC-30","93.53","324.83","1.434"
"SENS-2806","2025-08-08 07:00:00","MAC-31","117.48","341.74","0.553"
"SENS-2807","2025-08-08 08:00:00","MAC-30","81.99","302.87","0.892"
"SENS-2808","2025-08-08 08:00:00","MAC-31","117.78","306.98","0.588"
"SENS-2809","2025-08-08 09:00:00","MAC-30","104.89","326.56","1.206"
"SENS-2810","2025-08-08 09:00:00","MAC-31","89.64","304.34","1.281"
"SENS-2811","2025-05-02 00:00:00","MAC-20","82.48","309.45","1.327"
"SENS-2812","2025-05-02 00:00:00","MAC-21","83","319.63","1.42"
"SENS-2813","2025-05-02 01:00:00","MAC-20","108.96","325.09","1.41"
"SENS-2814","2025-05-02 01:00:00","MAC-21","96.42","322.89","1.416"
"SENS-2815","2025-05-02 02:00:00","MAC-20","117.02","303.2","0.606"
"SENS-2816","2025-05-02 02:00:00","MAC-21","100.35","343.97","1.004"
"SENS-2817","2025-05-02 03:00:00","MAC-20","118.3","325.81","0.729"
"SENS-2818","2025-05-02 03:00:00","MAC-21","85.24","334.62","1.356"
"SENS-2819","2025-05-02 04:00:00","MAC-20","88.52","319.95","0.56"
"SENS-2820","2025-05-02 04:00:00","MAC-21","114.35","342.51","0.939"
"SENS-2821","2025-05-02 05:00:00","MAC-20","84.63","340.62","0.618"
"SENS-2822","2025-05-02 05:00:00","MAC-21","100.26","327.83","1.388"
"SENS-2823","2025-05-02 06:00:00","MAC-20","101.44","314.51","0.523"
"SENS-2824","2025-05-02 06:00:00","MAC-21","96.5","334.87","1.095"
"SENS-2825","2025-05-02 07:00:00","MAC-20","86.41","347.35","0.518"
"SENS-2826","2025-05-02 07:00:00","MAC-21","88.69","330.38","1.366"
"SENS-2827","2025-05-02 08:00:00","MAC-20","94.36","304.35","0.954"
"SENS-2828","2025-05-02 08:00:00","MAC-21","108.11","342.67","0.971"
"SENS-2829","2025-05-02 09:00:00","MAC-20","91.39","310.42","1.005"
"SENS-2830","2025-05-02 09:00:00","MAC-21","83.77","307.11","1.119"
"SENS-2831","2026-02-04 00:00:00","MAC-10","104.23","315.12","1.041"
"SENS-2832","2026-02-04 00:00:00","MAC-11","102.29","327.91","1.149"
"SENS-2833","2026-02-04 01:00:00","MAC-10","97.8","337.74","0.702"
"SENS-2834","2026-02-04 01:00:00","MAC-11","104.26","311.21","1.457"
"SENS-2835","2026-02-04 02:00:00","MAC-10","80.93","340.77","1.046"
"SENS-2836","2026-02-04 02:00:00","MAC-11","105.99","330.98","0.795"
"SENS-2837","2026-02-04 03:00:00","MAC-10","91.05","303.98","0.804"
"SENS-2838","2026-02-04 03:00:00","MAC-11","115.38","313.05","1.268"
"SENS-2839","2026-02-04 04:00:00","MAC-10","85.38","332.02","1.179"
"SENS-2840","2026-02-04 04:00:00","MAC-11","117.74","329.28","1.371"
"SENS-2841","2026-02-04 05:00:00","MAC-10","115.35","331.24","1.122"
"SENS-2842","2026-02-04 05:00:00","MAC-11","99.71","306.63","1.104"
"SENS-2843","2025-07-21 00:00:00","MAC-30","95.54","303.01","1.182"
"SENS-2844","2025-07-21 00:00:00","MAC-31","80.77","300.59","0.852"
"SENS-2845","2025-07-21 01:00:00","MAC-30","102.08","310.47","0.975"
"SENS-2846","2025-07-21 01:00:00","MAC-31","119.97","321.05","0.727"
"SENS-2847","2025-07-21 02:00:00","MAC-30","117.32","301.95","1.283"
"SENS-2848","2025-07-21 02:00:00","MAC-31","94.37","316.26","0.576"
"SENS-2849","2025-07-21 03:00:00","MAC-30","93.03","314.45","1.298"
"SENS-2850","2025-07-21 03:00:00","MAC-31","99.11","308.36","1.123"
"SENS-2851","2025-07-21 04:00:00","MAC-30","113.49","305.53","1.202"
"SENS-2852","2025-07-21 04:00:00","MAC-31","81.35","339.64","1.492"
"SENS-2853","2025-07-21 05:00:00","MAC-30","101.96","315.79","0.808"
"SENS-2854","2025-07-21 05:00:00","MAC-31","85.29","328.83","1.245"
"SENS-2855","2025-07-21 06:00:00","MAC-30","100.58","331.37","1.398"
"SENS-2856","2025-07-21 06:00:00","MAC-31","102.31","315.51","1.05"
"SENS-2857","2025-07-21 07:00:00","MAC-30","105","329.58","1.365"
"SENS-2858","2025-07-21 07:00:00","MAC-31","106.48","338.13","1.48"
"SENS-2859","2025-06-27 00:00:00","MAC-10","118.03","309.7","0.878"
"SENS-2860","2025-06-27 00:00:00","MAC-11","98.9","344.04","0.923"
"SENS-2861","2025-06-27 01:00:00","MAC-10","102.32","341.68","0.947"
"SENS-2862","2025-06-27 01:00:00","MAC-11","106.1","317.44","0.872"
"SENS-2863","2025-06-27 02:00:00","MAC-10","102.64","315.79","1.085"
"SENS-2864","2025-06-27 02:00:00","MAC-11","92.58","318.47","1.229"
"SENS-2865","2025-06-27 03:00:00","MAC-10","118.04","349.1","0.68"
"SENS-2866","2025-06-27 03:00:00","MAC-11","111.07","329.63","0.768"
"SENS-2867","2025-06-27 04:00:00","MAC-10","88.23","307.27","1.307"
"SENS-2868","2025-06-27 04:00:00","MAC-11","116.82","300.48","1.018"
"SENS-2869","2025-06-27 05:00:00","MAC-10","106.11","349.67","1.267"
"SENS-2870","2025-06-27 05:00:00","MAC-11","89.95","332.67","0.911"
"SENS-2871","2025-06-27 06:00:00","MAC-10","87.23","343.48","0.827"
"SENS-2872","2025-06-27 06:00:00","MAC-11","102.37","313.86","1.333"
"SENS-2873","2025-06-27 07:00:00","MAC-10","113.24","342.83","1.359"
"SENS-2874","2025-06-27 07:00:00","MAC-11","87.34","339.34","1.351"
"SENS-2875","2025-06-27 08:00:00","MAC-10","108.05","327.33","0.915"
"SENS-2876","2025-06-27 08:00:00","MAC-11","102.89","324.63","1.493"
"SENS-2877","2025-06-27 09:00:00","MAC-10","95.61","327.97","1.379"
"SENS-2878","2025-06-27 09:00:00","MAC-11","87.73","325.78","1.256"
"SENS-2879","2025-06-27 10:00:00","MAC-10","115.77","316.89","1.137"
"SENS-2880","2025-06-27 10:00:00","MAC-11","113.18","337.81","0.518"
"SENS-2881","2025-09-07 00:00:00","MAC-10","104.44","325.51","1.26"
"SENS-2882","2025-09-07 00:00:00","MAC-11","98.95","335.25","1.266"
"SENS-2883","2025-09-07 01:00:00","MAC-10","89.23","330","0.856"
"SENS-2884","2025-09-07 01:00:00","MAC-11","100.64","343.74","0.892"
"SENS-2885","2025-09-07 02:00:00","MAC-10","106.75","308.83","1.168"
"SENS-2886","2025-09-07 02:00:00","MAC-11","94.22","316.1","0.882"
"SENS-2887","2025-09-07 03:00:00","MAC-10","92.27","314.48","1.208"
"SENS-2888","2025-09-07 03:00:00","MAC-11","90.83","303.35","0.901"
"SENS-2889","2025-09-07 04:00:00","MAC-10","106.43","322.5","1.322"
"SENS-2890","2025-09-07 04:00:00","MAC-11","106.71","316.47","0.599"
"SENS-2891","2025-09-07 05:00:00","MAC-10","106.07","328.8","1.303"
"SENS-2892","2025-09-07 05:00:00","MAC-11","94.08","327.82","1.257"
"SENS-2893","2025-09-07 06:00:00","MAC-10","89.76","335.88","1.253"
"SENS-2894","2025-09-07 06:00:00","MAC-11","81.52","317.12","0.536"
"SENS-2895","2025-09-07 07:00:00","MAC-10","111.14","339.43","1.265"
"SENS-2896","2025-09-07 07:00:00","MAC-11","92.25","349.82","1.288"
"SENS-2897","2025-09-07 00:00:00","MAC-10","113.72","332.51","0.547"
"SENS-2898","2025-09-07 00:00:00","MAC-11","93.24","337.1","1.142"
"SENS-2899","2025-09-07 01:00:00","MAC-10","88.43","339.55","0.592"
"SENS-2900","2025-09-07 01:00:00","MAC-11","114.89","340.56","1.123"
"SENS-2901","2025-09-07 02:00:00","MAC-10","98.94","311.46","1.128"
"SENS-2902","2025-09-07 02:00:00","MAC-11","97.9","321.27","1.021"
"SENS-2903","2025-09-07 03:00:00","MAC-10","110.86","346.38","1.092"
"SENS-2904","2025-09-07 03:00:00","MAC-11","93.76","337.36","0.791"
"SENS-2905","2025-09-07 04:00:00","MAC-10","97.22","337.59","1.161"
"SENS-2906","2025-09-07 04:00:00","MAC-11","99.73","312.72","0.747"
"SENS-2907","2025-09-07 05:00:00","MAC-10","118.85","335.46","1.087"
"SENS-2908","2025-09-07 05:00:00","MAC-11","114.02","312.51","1.092"
"SENS-2909","2025-09-07 06:00:00","MAC-10","97.56","317.97","0.591"
"SENS-2910","2025-09-07 06:00:00","MAC-11","80.04","308.72","0.536"
"SENS-2911","2025-09-07 07:00:00","MAC-10","110.36","332.98","0.579"
"SENS-2912","2025-09-07 07:00:00","MAC-11","115.89","330.03","1.484"
"SENS-2913","2025-09-07 08:00:00","MAC-10","90.68","322.84","0.798"
"SENS-2914","2025-09-07 08:00:00","MAC-11","80.58","310.24","1.056"
"SENS-2915","2025-09-07 09:00:00","MAC-10","96.69","333.46","1.199"
"SENS-2916","2025-09-07 09:00:00","MAC-11","85.85","337.2","1.319"
"SENS-2917","2025-09-07 10:00:00","MAC-10","90.66","326.03","1.442"
"SENS-2918","2025-09-07 10:00:00","MAC-11","114.07","347.16","0.624"
"SENS-2919","2025-09-07 11:00:00","MAC-10","93.48","329.04","0.824"
"SENS-2920","2025-09-07 11:00:00","MAC-11","82.74","336.54","0.798"
"SENS-2921","2025-09-07 12:00:00","MAC-10","98.05","336.84","0.913"
"SENS-2922","2025-09-07 12:00:00","MAC-11","101.62","341.34","1.134"
"SENS-2923","2025-09-07 13:00:00","MAC-10","85.09","316.37","0.794"
"SENS-2924","2025-09-07 13:00:00","MAC-11","92.58","339.42","0.88"
"SENS-2925","2026-02-04 00:00:00","MAC-30","85.95","326.29","0.513"
"SENS-2926","2026-02-04 00:00:00","MAC-31","108.08","313.02","1.189"
"SENS-2927","2026-02-04 01:00:00","MAC-30","95.23","346.96","0.969"
"SENS-2928","2026-02-04 01:00:00","MAC-31","101.83","336.56","1.002"
"SENS-2929","2026-02-04 02:00:00","MAC-30","88.68","347.89","1.174"
"SENS-2930","2026-02-04 02:00:00","MAC-31","92.56","325.34","0.882"
"SENS-2931","2026-02-04 03:00:00","MAC-30","93.43","313.61","0.83"
"SENS-2932","2026-02-04 03:00:00","MAC-31","100.89","324.38","0.583"
"SENS-2933","2026-02-04 04:00:00","MAC-30","114.49","323.56","1.154"
"SENS-2934","2026-02-04 04:00:00","MAC-31","109.17","330.99","1.447"
"SENS-2935","2026-01-26 00:00:00","MAC-20","99.82","312.96","1.339"
"SENS-2936","2026-01-26 00:00:00","MAC-21","91.01","318.49","0.973"
"SENS-2937","2026-01-26 01:00:00","MAC-20","115.13","317.64","0.597"
"SENS-2938","2026-01-26 01:00:00","MAC-21","119.64","346.96","1.416"
"SENS-2939","2026-01-26 02:00:00","MAC-20","101.02","314.7","1.445"
"SENS-2940","2026-01-26 02:00:00","MAC-21","92.56","342.94","0.815"
"SENS-2941","2026-01-26 03:00:00","MAC-20","83.86","325.07","0.976"
"SENS-2942","2026-01-26 03:00:00","MAC-21","109.71","303.74","0.695"
"SENS-2943","2026-01-26 04:00:00","MAC-20","109.94","341.18","0.914"
"SENS-2944","2026-01-26 04:00:00","MAC-21","84.22","309.83","0.614"
"SENS-2945","2026-01-26 05:00:00","MAC-20","104.87","309.88","1.321"
"SENS-2946","2026-01-26 05:00:00","MAC-21","97.98","300.72","0.717"
"SENS-2947","2026-01-26 06:00:00","MAC-20","91.47","305.18","0.775"
"SENS-2948","2026-01-26 06:00:00","MAC-21","108.17","325.59","0.556"
"SENS-2949","2026-01-26 07:00:00","MAC-20","97.29","303.02","0.505"
"SENS-2950","2026-01-26 07:00:00","MAC-21","115.99","324.71","0.679"
"SENS-2951","2026-01-26 08:00:00","MAC-20","111.98","332.89","1.477"
"SENS-2952","2026-01-26 08:00:00","MAC-21","87.61","315.14","1.158"
"SENS-2953","2026-01-26 09:00:00","MAC-20","92.99","342.23","1.228"
"SENS-2954","2026-01-26 09:00:00","MAC-21","119.52","336.89","0.68"
"SENS-2955","2026-01-26 10:00:00","MAC-20","102.08","320.29","0.939"
"SENS-2956","2026-01-26 10:00:00","MAC-21","113.29","304.97","1.265"
"SENS-2957","2026-01-26 11:00:00","MAC-20","84.33","314.46","0.876"
"SENS-2958","2026-01-26 11:00:00","MAC-21","86.89","331.63","1.261"
"SENS-2959","2026-01-26 12:00:00","MAC-20","106.65","308.28","0.827"
"SENS-2960","2026-01-26 12:00:00","MAC-21","99","344.98","0.558"
"SENS-2961","2026-01-26 13:00:00","MAC-20","83.75","348.56","0.79"
"SENS-2962","2026-01-26 13:00:00","MAC-21","88.07","340.26","0.507"
"SENS-2963","2026-01-26 14:00:00","MAC-20","94.98","332.16","1.266"
"SENS-2964","2026-01-26 14:00:00","MAC-21","114.25","326.22","0.927"
"SENS-2965","2025-07-07 00:00:00","MAC-10","97.85","303.84","0.669"
"SENS-2966","2025-07-07 00:00:00","MAC-11","113.12","313.02","1.317"
"SENS-2967","2025-07-07 01:00:00","MAC-10","81.32","336.55","1.049"
"SENS-2968","2025-07-07 01:00:00","MAC-11","102.5","301.17","0.69"
"SENS-2969","2025-07-07 02:00:00","MAC-10","98.88","344.15","1.176"
"SENS-2970","2025-07-07 02:00:00","MAC-11","107.43","341.97","1.418"
"SENS-2971","2025-07-07 03:00:00","MAC-10","81.25","331.3","0.602"
"SENS-2972","2025-07-07 03:00:00","MAC-11","86.83","312.03","1.425"
"SENS-2973","2025-07-07 04:00:00","MAC-10","102.26","314.68","1.393"
"SENS-2974","2025-07-07 04:00:00","MAC-11","100.95","306.2","1.227"
"SENS-2975","2025-07-07 05:00:00","MAC-10","88.67","303.62","0.888"
"SENS-2976","2025-07-07 05:00:00","MAC-11","113.75","342.08","1.293"
"SENS-2977","2025-07-07 06:00:00","MAC-10","107.21","334.66","0.771"
"SENS-2978","2025-07-07 06:00:00","MAC-11","81.66","345.11","0.551"
"SENS-2979","2025-07-07 07:00:00","MAC-10","80.96","312.02","0.517"
"SENS-2980","2025-07-07 07:00:00","MAC-11","119.54","340.57","0.946"
"SENS-2981","2025-07-07 08:00:00","MAC-10","94.35","328.34","1.107"
"SENS-2982","2025-07-07 08:00:00","MAC-11","88.94","320.2","1.021"
"SENS-2983","2025-07-07 09:00:00","MAC-10","85.57","331.43","0.569"
"SENS-2984","2025-07-07 09:00:00","MAC-11","87.5","338.01","1.015"
"SENS-2985","2025-07-07 10:00:00","MAC-10","99.03","316.04","0.889"
"SENS-2986","2025-07-07 10:00:00","MAC-11","109.84","336.21","0.768"
"SENS-2987","2025-07-07 11:00:00","MAC-10","113.68","342.23","0.749"
"SENS-2988","2025-07-07 11:00:00","MAC-11","81.89","338.55","1.109"
"SENS-2989","2025-07-07 12:00:00","MAC-10","88.48","344.52","0.939"
"SENS-2990","2025-07-07 12:00:00","MAC-11","88.36","313.93","0.796"
"SENS-2991","2025-07-07 13:00:00","MAC-10","114.42","308.47","0.979"
"SENS-2992","2025-07-07 13:00:00","MAC-11","97.1","313.82","1.45"
"SENS-2993","2025-07-07 14:00:00","MAC-10","109.28","309.85","1.087"
"SENS-2994","2025-07-07 14:00:00","MAC-11","101","343.81","1.377"
"SENS-2995","2025-09-14 00:00:00","MAC-10","94.44","308.9","1.368"
"SENS-2996","2025-09-14 00:00:00","MAC-11","117.07","340.64","0.851"
"SENS-2997","2025-09-14 01:00:00","MAC-10","92.54","326.15","1.03"
"SENS-2998","2025-09-14 01:00:00","MAC-11","116.83","329.78","0.579"
"SENS-2999","2025-09-14 02:00:00","MAC-10","119.44","331.56","1.459"
"SENS-3000","2025-09-14 02:00:00","MAC-11","81.62","327.21","1.256"
"SENS-3001","2026-03-19 00:00:00","MAC-20","94.61","340.57","0.525"
"SENS-3002","2026-03-19 00:00:00","MAC-21","104.19","332.2","0.786"
"SENS-3003","2026-03-19 01:00:00","MAC-20","100.05","338.3","0.66"
"SENS-3004","2026-03-19 01:00:00","MAC-21","81.27","327.43","0.567"
"SENS-3005","2026-03-19 02:00:00","MAC-20","111.4","305.71","1.209"
"SENS-3006","2026-03-19 02:00:00","MAC-21","118.91","315.44","1.315"
"SENS-3007","2026-03-19 03:00:00","MAC-20","92.43","342.08","0.723"
"SENS-3008","2026-03-19 03:00:00","MAC-21","97.3","339.51","1.214"
"SENS-3009","2026-03-19 04:00:00","MAC-20","112.42","333.7","0.914"
"SENS-3010","2026-03-19 04:00:00","MAC-21","96.59","325.21","0.962"
"SENS-3011","2026-03-19 05:00:00","MAC-20","94.13","343.96","1.374"
"SENS-3012","2026-03-19 05:00:00","MAC-21","86.82","302.07","1.393"
"SENS-3013","2026-03-19 06:00:00","MAC-20","101.32","307.21","0.643"
"SENS-3014","2026-03-19 06:00:00","MAC-21","89.71","332.57","0.782"
"SENS-3015","2026-03-19 07:00:00","MAC-20","94.81","333.46","1.5"
"SENS-3016","2026-03-19 07:00:00","MAC-21","104.06","316.17","1.398"
"SENS-3017","2026-03-24 00:00:00","MAC-10","118.1","309.04","1.055"
"SENS-3018","2026-03-24 00:00:00","MAC-11","88.41","327.5","1.326"
"SENS-3019","2026-03-24 01:00:00","MAC-10","107.1","344.88","0.508"
"SENS-3020","2026-03-24 01:00:00","MAC-11","88.91","321.43","1.284"
"SENS-3021","2026-03-24 02:00:00","MAC-10","111.71","333.52","0.811"
"SENS-3022","2026-03-24 02:00:00","MAC-11","93.59","344.5","1.019"
"SENS-3023","2026-03-24 03:00:00","MAC-10","103.47","326.34","0.588"
"SENS-3024","2026-03-24 03:00:00","MAC-11","114.28","327.86","1.046"
"SENS-3025","2026-03-24 04:00:00","MAC-10","102.03","337.31","0.837"
"SENS-3026","2026-03-24 04:00:00","MAC-11","119.8","326.08","0.594"
"SENS-3027","2026-03-24 05:00:00","MAC-10","90.03","304.9","1.152"
"SENS-3028","2026-03-24 05:00:00","MAC-11","99.19","322.66","0.804"
"SENS-3029","2026-03-21 00:00:00","MAC-10","100.23","306.71","1.174"
"SENS-3030","2026-03-21 00:00:00","MAC-11","104.22","332.65","0.525"
"SENS-3031","2026-03-21 01:00:00","MAC-10","105.24","324.93","1.142"
"SENS-3032","2026-03-21 01:00:00","MAC-11","81.39","330.63","1.255"
"SENS-3033","2026-03-21 02:00:00","MAC-10","93.24","340.89","1.368"
"SENS-3034","2026-03-21 02:00:00","MAC-11","115.76","335.16","0.839"
"SENS-3035","2026-03-21 03:00:00","MAC-10","118.18","348.33","0.868"
"SENS-3036","2026-03-21 03:00:00","MAC-11","113.3","306.21","1.343"
"SENS-3037","2026-03-21 04:00:00","MAC-10","95.67","345.43","0.912"
"SENS-3038","2026-03-21 04:00:00","MAC-11","101.75","347.05","1.269"
"SENS-3039","2026-03-21 05:00:00","MAC-10","90.95","311.69","1.305"
"SENS-3040","2026-03-21 05:00:00","MAC-11","103.5","324.44","1.23"
"SENS-3041","2026-03-21 06:00:00","MAC-10","119.96","348.15","0.83"
"SENS-3042","2026-03-21 06:00:00","MAC-11","80.57","316.49","1.051"
"SENS-3043","2026-03-21 07:00:00","MAC-10","106.21","310.79","0.687"
"SENS-3044","2026-03-21 07:00:00","MAC-11","100.16","328.58","1.227"
"SENS-3045","2026-02-13 00:00:00","MAC-20","93.99","343.26","1.363"
"SENS-3046","2026-02-13 00:00:00","MAC-21","98.57","308.13","0.647"
"SENS-3047","2026-02-13 01:00:00","MAC-20","111.54","305.5","0.82"
"SENS-3048","2026-02-13 01:00:00","MAC-21","87.56","303.98","0.815"
"SENS-3049","2026-02-13 02:00:00","MAC-20","119.67","319.69","1.197"
"SENS-3050","2026-02-13 02:00:00","MAC-21","93.81","303.42","0.715"
"SENS-3051","2026-02-13 03:00:00","MAC-20","107.17","304.38","0.736"
"SENS-3052","2026-02-13 03:00:00","MAC-21","102.45","312.97","0.625"
"SENS-3053","2025-05-08 00:00:00","MAC-10","85.81","339.51","1.296"
"SENS-3054","2025-05-08 00:00:00","MAC-11","100.28","338.42","0.67"
"SENS-3055","2025-05-08 01:00:00","MAC-10","87.24","308.62","1.188"
"SENS-3056","2025-05-08 01:00:00","MAC-11","81.29","346.49","1.206"
"SENS-3057","2025-05-08 02:00:00","MAC-10","106.12","322.03","1.496"
"SENS-3058","2025-05-08 02:00:00","MAC-11","101.75","315.53","1.466"
"SENS-3059","2026-02-24 00:00:00","MAC-10","104.93","307.35","1.221"
"SENS-3060","2026-02-24 00:00:00","MAC-11","96.42","324.55","1.056"
"SENS-3061","2026-02-24 01:00:00","MAC-10","91.33","304.27","1.229"
"SENS-3062","2026-02-24 01:00:00","MAC-11","92.43","347.19","1.273"
"SENS-3063","2026-02-24 02:00:00","MAC-10","113.11","325.1","0.503"
"SENS-3064","2026-02-24 02:00:00","MAC-11","89.15","325.81","0.808"
"SENS-3065","2026-02-24 03:00:00","MAC-10","101.22","313.75","0.529"
"SENS-3066","2026-02-24 03:00:00","MAC-11","113.97","304.92","0.579"
"SENS-3067","2026-02-24 04:00:00","MAC-10","101.45","346.46","1.141"
"SENS-3068","2026-02-24 04:00:00","MAC-11","102.16","327.17","1.365"
"SENS-3069","2025-10-07 00:00:00","MAC-20","102.75","330.93","0.557"
"SENS-3070","2025-10-07 00:00:00","MAC-21","111.75","324.55","1.45"
"SENS-3071","2025-10-07 01:00:00","MAC-20","95.58","307.47","0.866"
"SENS-3072","2025-10-07 01:00:00","MAC-21","90.22","306.23","0.773"
"SENS-3073","2025-10-07 02:00:00","MAC-20","110.11","344.51","1.234"
"SENS-3074","2025-10-07 02:00:00","MAC-21","87.89","308.64","1.3"
"SENS-3075","2025-10-07 03:00:00","MAC-20","105.88","302.68","1.075"
"SENS-3076","2025-10-07 03:00:00","MAC-21","99.61","319.95","1.256"
"SENS-3077","2025-10-07 04:00:00","MAC-20","118.52","317.13","1.087"
"SENS-3078","2025-10-07 04:00:00","MAC-21","116.79","337.98","1.15"
"SENS-3079","2025-10-07 05:00:00","MAC-20","114.04","331.44","1.34"
"SENS-3080","2025-10-07 05:00:00","MAC-21","113.95","300.15","1.289"
"SENS-3081","2025-10-07 06:00:00","MAC-20","85.41","306.34","1.009"
"SENS-3082","2025-10-07 06:00:00","MAC-21","114.54","328.41","0.863"
"SENS-3083","2025-10-07 07:00:00","MAC-20","81.91","319.68","0.924"
"SENS-3084","2025-10-07 07:00:00","MAC-21","102.5","311.09","0.552"
"SENS-3085","2025-10-07 08:00:00","MAC-20","111.21","347.54","0.772"
"SENS-3086","2025-10-07 08:00:00","MAC-21","110.49","326","0.686"
"SENS-3087","2025-10-07 09:00:00","MAC-20","89.49","318.22","1.041"
"SENS-3088","2025-10-07 09:00:00","MAC-21","98.32","337.66","1.33"
"SENS-3089","2025-11-22 00:00:00","MAC-20","101.36","318.83","0.964"
"SENS-3090","2025-11-22 00:00:00","MAC-21","111.64","342.72","0.854"
"SENS-3091","2025-11-22 01:00:00","MAC-20","87.86","349.53","1.402"
"SENS-3092","2025-11-22 01:00:00","MAC-21","118.74","317.96","1.481"
"SENS-3093","2025-11-22 02:00:00","MAC-20","84.05","324.24","0.898"
"SENS-3094","2025-11-22 02:00:00","MAC-21","84.47","310.76","0.764"
"SENS-3095","2025-11-22 03:00:00","MAC-20","82.36","320.66","1.497"
"SENS-3096","2025-11-22 03:00:00","MAC-21","84.72","314.38","1.238"
"SENS-3097","2025-06-02 00:00:00","MAC-10","96.99","335.1","1.471"
"SENS-3098","2025-06-02 00:00:00","MAC-11","98.08","318.84","1.3"
"SENS-3099","2025-06-02 01:00:00","MAC-10","85.86","329.13","1.264"
"SENS-3100","2025-06-02 01:00:00","MAC-11","92.02","345.61","1.075"
"SENS-3101","2025-06-02 02:00:00","MAC-10","114.53","324.66","1.231"
"SENS-3102","2025-06-02 02:00:00","MAC-11","89.32","326.74","1.214"
"SENS-3103","2025-06-02 03:00:00","MAC-10","103.7","332.66","1.227"
"SENS-3104","2025-06-02 03:00:00","MAC-11","106.45","347.48","0.514"
"SENS-3105","2025-06-02 04:00:00","MAC-10","92.63","336.13","1.412"
"SENS-3106","2025-06-02 04:00:00","MAC-11","105.86","309.39","1.085"
"SENS-3107","2025-06-02 05:00:00","MAC-10","104.93","347.91","0.566"
"SENS-3108","2025-06-02 05:00:00","MAC-11","112.36","344.98","0.6"
"SENS-3109","2025-06-02 06:00:00","MAC-10","97.54","325.01","1.491"
"SENS-3110","2025-06-02 06:00:00","MAC-11","87.51","318.41","1.454"
"SENS-3111","2025-06-02 07:00:00","MAC-10","110.66","331.2","0.957"
"SENS-3112","2025-06-02 07:00:00","MAC-11","101.21","326.32","1.203"
"SENS-3113","2025-06-02 08:00:00","MAC-10","82.19","319.89","1.29"
"SENS-3114","2025-06-02 08:00:00","MAC-11","114.6","322.86","1.424"
"SENS-3115","2025-06-02 09:00:00","MAC-10","93.09","339.16","1.283"
"SENS-3116","2025-06-02 09:00:00","MAC-11","105.29","340.87","1.243"
"SENS-3117","2025-07-08 00:00:00","MAC-20","99.35","317.43","1.141"
"SENS-3118","2025-07-08 00:00:00","MAC-21","93.69","316.66","0.601"
"SENS-3119","2025-07-08 01:00:00","MAC-20","107.46","301.97","1.144"
"SENS-3120","2025-07-08 01:00:00","MAC-21","105.99","311.96","1.399"
"SENS-3121","2025-07-08 02:00:00","MAC-20","117.71","333.15","0.854"
"SENS-3122","2025-07-08 02:00:00","MAC-21","109.25","331.69","1.382"
"SENS-3123","2025-07-08 03:00:00","MAC-20","85.69","344.95","1.406"
"SENS-3124","2025-07-08 03:00:00","MAC-21","96.75","302.66","0.886"
"SENS-3125","2025-07-08 04:00:00","MAC-20","82.31","305.55","0.922"
"SENS-3126","2025-07-08 04:00:00","MAC-21","84.7","308.88","1.323"
"SENS-3127","2025-07-08 05:00:00","MAC-20","88.9","335.72","0.928"
"SENS-3128","2025-07-08 05:00:00","MAC-21","86.32","303.14","1.299"
"SENS-3129","2025-10-06 00:00:00","MAC-20","89.51","343.31","1.019"
"SENS-3130","2025-10-06 00:00:00","MAC-21","103.07","312.98","0.979"
"SENS-3131","2025-10-06 01:00:00","MAC-20","85.54","310.99","1.045"
"SENS-3132","2025-10-06 01:00:00","MAC-21","115.06","333.02","1.429"
"SENS-3133","2025-10-06 02:00:00","MAC-20","97.26","304.15","0.958"
"SENS-3134","2025-10-06 02:00:00","MAC-21","98.62","335.41","0.815"
"SENS-3135","2025-10-06 03:00:00","MAC-20","85.66","346.14","0.67"
"SENS-3136","2025-10-06 03:00:00","MAC-21","114.87","347.11","1.032"
"SENS-3137","2025-10-06 04:00:00","MAC-20","96.98","306.02","0.985"
"SENS-3138","2025-10-06 04:00:00","MAC-21","116.44","346.6","0.908"
"SENS-3139","2025-10-06 05:00:00","MAC-20","104.08","302.97","1.149"
"SENS-3140","2025-10-06 05:00:00","MAC-21","110.25","348.98","1.214"
"SENS-3141","2025-04-12 00:00:00","MAC-20","91.3","336.5","1.091"
"SENS-3142","2025-04-12 00:00:00","MAC-21","87.56","332.47","1.4"
"SENS-3143","2025-04-12 01:00:00","MAC-20","81.05","338.92","0.828"
"SENS-3144","2025-04-12 01:00:00","MAC-21","100.39","336.21","0.85"
"SENS-3145","2025-04-12 02:00:00","MAC-20","89.28","308.96","1.022"
"SENS-3146","2025-04-12 02:00:00","MAC-21","105.78","338.57","0.948"
"SENS-3147","2026-02-19 00:00:00","MAC-20","115.75","343.63","1.226"
"SENS-3148","2026-02-19 00:00:00","MAC-21","103.18","302.88","0.987"
"SENS-3149","2026-02-19 01:00:00","MAC-20","105.48","319.28","0.672"
"SENS-3150","2026-02-19 01:00:00","MAC-21","86.17","310.62","1.366"
"SENS-3151","2026-02-19 02:00:00","MAC-20","114.92","324.45","0.659"
"SENS-3152","2026-02-19 02:00:00","MAC-21","104.54","311.99","0.92"
"SENS-3153","2025-04-08 00:00:00","MAC-20","104.26","336.52","0.623"
"SENS-3154","2025-04-08 00:00:00","MAC-21","110.34","303.83","1.053"
"SENS-3155","2025-04-08 01:00:00","MAC-20","83.22","313.25","1.102"
"SENS-3156","2025-04-08 01:00:00","MAC-21","87.42","307.23","1.361"
"SENS-3157","2025-06-06 00:00:00","MAC-30","103.71","314.12","1.28"
"SENS-3158","2025-06-06 00:00:00","MAC-31","83.07","301.08","1.134"
"SENS-3159","2025-06-06 01:00:00","MAC-30","83","348.27","0.978"
"SENS-3160","2025-06-06 01:00:00","MAC-31","84.54","340.69","1.456"
"SENS-3161","2025-06-06 02:00:00","MAC-30","101.39","311.58","0.875"
"SENS-3162","2025-06-06 02:00:00","MAC-31","88.15","324.28","0.632"
"SENS-3163","2025-06-06 03:00:00","MAC-30","101.65","300.95","1.236"
"SENS-3164","2025-06-06 03:00:00","MAC-31","119.49","323.76","1.163"
"SENS-3165","2025-06-06 04:00:00","MAC-30","85.08","349.86","0.84"
"SENS-3166","2025-06-06 04:00:00","MAC-31","114.58","344.55","1.135"
"SENS-3167","2025-06-06 05:00:00","MAC-30","81.32","331.34","0.709"
"SENS-3168","2025-06-06 05:00:00","MAC-31","118.7","340.98","0.556"
"SENS-3169","2025-06-06 06:00:00","MAC-30","111.88","335.04","0.713"
"SENS-3170","2025-06-06 06:00:00","MAC-31","91.08","332.16","0.917"
"SENS-3171","2025-06-06 07:00:00","MAC-30","96.16","335.11","1.457"
"SENS-3172","2025-06-06 07:00:00","MAC-31","99.02","324.76","0.854"
"SENS-3173","2025-06-06 08:00:00","MAC-30","116.57","319.27","0.707"
"SENS-3174","2025-06-06 08:00:00","MAC-31","96.02","340.63","1.131"
"SENS-3175","2025-06-06 09:00:00","MAC-30","100.58","324.19","0.884"
"SENS-3176","2025-06-06 09:00:00","MAC-31","112.7","303.83","0.521"
"SENS-3177","2025-06-06 10:00:00","MAC-30","99.44","318.04","0.638"
"SENS-3178","2025-06-06 10:00:00","MAC-31","94.33","325.61","1.025"
"SENS-3179","2025-06-06 11:00:00","MAC-30","108.52","302.73","1.341"
"SENS-3180","2025-06-06 11:00:00","MAC-31","114.6","319.74","1.265"
"SENS-3181","2025-05-10 00:00:00","MAC-20","84.58","316.74","1.27"
"SENS-3182","2025-05-10 00:00:00","MAC-21","81.58","348.88","1.418"
"SENS-3183","2025-05-10 01:00:00","MAC-20","101.81","348.68","0.793"
"SENS-3184","2025-05-10 01:00:00","MAC-21","84.97","307.8","0.727"
"SENS-3185","2025-05-10 02:00:00","MAC-20","82.14","343.07","1.354"
"SENS-3186","2025-05-10 02:00:00","MAC-21","99.63","309.2","1.416"
"SENS-3187","2025-05-10 03:00:00","MAC-20","91.58","340.23","0.539"
"SENS-3188","2025-05-10 03:00:00","MAC-21","91.71","327.92","1.423"
"SENS-3189","2025-05-10 04:00:00","MAC-20","96.76","340.85","0.754"
"SENS-3190","2025-05-10 04:00:00","MAC-21","111.42","302.53","1.459"
"SENS-3191","2025-05-10 05:00:00","MAC-20","102","338.21","1.262"
"SENS-3192","2025-05-10 05:00:00","MAC-21","99.02","324.71","1.022"
"SENS-3193","2025-05-10 06:00:00","MAC-20","117.72","310.06","1.052"
"SENS-3194","2025-05-10 06:00:00","MAC-21","107.24","323.87","0.651"
"SENS-3195","2025-05-10 07:00:00","MAC-20","118.32","311.97","1.288"
"SENS-3196","2025-05-10 07:00:00","MAC-21","117.35","319.17","1.125"
"SENS-3197","2025-05-10 08:00:00","MAC-20","112.73","312.37","1.011"
"SENS-3198","2025-05-10 08:00:00","MAC-21","86.44","315.94","1.393"
"SENS-3199","2025-05-10 09:00:00","MAC-20","109.13","333.53","1.337"
"SENS-3200","2025-05-10 09:00:00","MAC-21","110.36","333.7","1.461"
"SENS-3201","2025-05-10 10:00:00","MAC-20","114.21","304.78","1.018"
"SENS-3202","2025-05-10 10:00:00","MAC-21","80.81","322.92","0.617"
"SENS-3203","2025-08-24 00:00:00","MAC-10","84.79","314.87","1.276"
"SENS-3204","2025-08-24 00:00:00","MAC-11","105.92","305.9","0.545"
"SENS-3205","2025-08-24 01:00:00","MAC-10","92.91","315.87","1.216"
"SENS-3206","2025-08-24 01:00:00","MAC-11","86.83","324.73","0.674"
"SENS-3207","2025-08-24 02:00:00","MAC-10","104.89","340.44","0.758"
"SENS-3208","2025-08-24 02:00:00","MAC-11","84.25","307.99","1.092"
"SENS-3209","2025-08-24 03:00:00","MAC-10","87.9","349.38","0.771"
"SENS-3210","2025-08-24 03:00:00","MAC-11","97.7","312.16","0.526"
"SENS-3211","2025-08-24 04:00:00","MAC-10","95.62","305.9","0.914"
"SENS-3212","2025-08-24 04:00:00","MAC-11","99.3","302.38","0.501"
"SENS-3213","2025-10-08 00:00:00","MAC-10","90.26","324.44","0.55"
"SENS-3214","2025-10-08 00:00:00","MAC-11","81.18","322.63","0.525"
"SENS-3215","2025-10-08 01:00:00","MAC-10","118.85","329.62","0.515"
"SENS-3216","2025-10-08 01:00:00","MAC-11","109.63","308.21","0.767"
"SENS-3217","2025-10-08 02:00:00","MAC-10","101.26","320.49","0.967"
"SENS-3218","2025-10-08 02:00:00","MAC-11","112.37","303.07","0.978"
"SENS-3219","2026-01-09 00:00:00","MAC-30","102.76","335.34","1.399"
"SENS-3220","2026-01-09 00:00:00","MAC-31","81.44","311.27","0.983"
"SENS-3221","2026-01-09 01:00:00","MAC-30","97.48","305.93","0.619"
"SENS-3222","2026-01-09 01:00:00","MAC-31","109.64","323.61","1.431"
"SENS-3223","2026-01-09 02:00:00","MAC-30","113.25","340.36","0.886"
"SENS-3224","2026-01-09 02:00:00","MAC-31","111.1","331.98","0.671"
"SENS-3225","2026-01-09 03:00:00","MAC-30","114.93","319.87","0.665"
"SENS-3226","2026-01-09 03:00:00","MAC-31","106.95","321.59","1.159"
"SENS-3227","2026-01-09 04:00:00","MAC-30","84.93","338.46","0.641"
"SENS-3228","2026-01-09 04:00:00","MAC-31","80.3","340.36","1.355"
"SENS-3229","2026-01-09 05:00:00","MAC-30","89.04","312","1.498"
"SENS-3230","2026-01-09 05:00:00","MAC-31","119.5","301.21","0.648"
"SENS-3231","2026-01-09 06:00:00","MAC-30","102.42","304.29","1.322"
"SENS-3232","2026-01-09 06:00:00","MAC-31","110.19","316.72","1.172"
"SENS-3233","2026-01-09 07:00:00","MAC-30","105.4","316.98","0.856"
"SENS-3234","2026-01-09 07:00:00","MAC-31","114.67","345.76","1.057"
"SENS-3235","2026-01-09 08:00:00","MAC-30","102.61","339.67","0.853"
"SENS-3236","2026-01-09 08:00:00","MAC-31","114.84","318.09","1.302"
"SENS-3237","2026-01-09 09:00:00","MAC-30","112.4","311.29","1.357"
"SENS-3238","2026-01-09 09:00:00","MAC-31","88.83","336.84","1.441"
"SENS-3239","2025-11-27 00:00:00","MAC-30","108.69","315.17","1.192"
"SENS-3240","2025-11-27 00:00:00","MAC-31","93.56","337.2","0.92"
"SENS-3241","2025-11-27 01:00:00","MAC-30","113.84","336.29","1.292"
"SENS-3242","2025-11-27 01:00:00","MAC-31","80.97","327.74","0.596"
"SENS-3243","2025-11-27 02:00:00","MAC-30","81.81","304.53","0.985"
"SENS-3244","2025-11-27 02:00:00","MAC-31","87.86","340.82","0.608"
"SENS-3245","2026-03-04 00:00:00","MAC-10","93.21","329.43","0.745"
"SENS-3246","2026-03-04 00:00:00","MAC-11","93.1","340.33","0.843"
"SENS-3247","2026-03-04 01:00:00","MAC-10","86.15","312.99","0.791"
"SENS-3248","2026-03-04 01:00:00","MAC-11","80.79","310.56","1.228"
"SENS-3249","2026-03-04 02:00:00","MAC-10","117.69","302.19","1.272"
"SENS-3250","2026-03-04 02:00:00","MAC-11","112.58","311.85","0.745"
"SENS-3251","2026-03-04 03:00:00","MAC-10","102.35","347.86","1.286"
"SENS-3252","2026-03-04 03:00:00","MAC-11","110.73","320.53","0.597"
"SENS-3253","2026-03-04 04:00:00","MAC-10","103.8","315.58","0.58"
"SENS-3254","2026-03-04 04:00:00","MAC-11","100.43","318.31","1.432"
"SENS-3255","2026-03-04 05:00:00","MAC-10","116.27","310.6","0.646"
"SENS-3256","2026-03-04 05:00:00","MAC-11","98.34","320.74","1.14"
"SENS-3257","2025-11-05 00:00:00","MAC-30","91.19","324.82","0.946"
"SENS-3258","2025-11-05 00:00:00","MAC-31","97.61","306.62","1.128"
"SENS-3259","2025-11-05 01:00:00","MAC-30","115.45","343.74","1.138"
"SENS-3260","2025-11-05 01:00:00","MAC-31","90.39","313.18","0.538"
"SENS-3261","2025-11-05 02:00:00","MAC-30","99.65","325.89","1.308"
"SENS-3262","2025-11-05 02:00:00","MAC-31","117.34","341.35","0.949"
"SENS-3263","2025-11-05 03:00:00","MAC-30","85.46","300.72","0.588"
"SENS-3264","2025-11-05 03:00:00","MAC-31","101.73","316.23","0.535"
"SENS-3265","2025-11-05 04:00:00","MAC-30","90.6","323.05","0.981"
"SENS-3266","2025-11-05 04:00:00","MAC-31","114.85","349.98","1.218"
"SENS-3267","2025-11-05 05:00:00","MAC-30","81.86","306.47","0.609"
"SENS-3268","2025-11-05 05:00:00","MAC-31","83.44","323.52","1.455"
"SENS-3269","2025-11-05 06:00:00","MAC-30","83.17","319.98","0.981"
"SENS-3270","2025-11-05 06:00:00","MAC-31","83.12","333.75","1.144"
"SENS-3271","2025-11-05 07:00:00","MAC-30","84.27","323.14","1.422"
"SENS-3272","2025-11-05 07:00:00","MAC-31","101.42","340.26","1.381"
"SENS-3273","2025-08-25 00:00:00","MAC-10","114.71","348.72","1.365"
"SENS-3274","2025-08-25 00:00:00","MAC-11","92.8","348.78","0.917"
"SENS-3275","2025-08-25 01:00:00","MAC-10","80.46","301.9","0.657"
"SENS-3276","2025-08-25 01:00:00","MAC-11","85.04","343.08","1.338"
"SENS-3277","2025-08-25 02:00:00","MAC-10","92.97","305.44","1.069"
"SENS-3278","2025-08-25 02:00:00","MAC-11","85.8","345.09","1.418"
"SENS-3279","2025-11-10 00:00:00","MAC-20","109.42","332.81","1.162"
"SENS-3280","2025-11-10 00:00:00","MAC-21","116.33","314.08","1.215"
"SENS-3281","2025-11-10 01:00:00","MAC-20","100.78","325.28","1.425"
"SENS-3282","2025-11-10 01:00:00","MAC-21","96.59","323.31","0.994"
"SENS-3283","2025-11-10 02:00:00","MAC-20","106.41","309.29","1.366"
"SENS-3284","2025-11-10 02:00:00","MAC-21","116.83","341.51","1.41"
"SENS-3285","2025-11-10 03:00:00","MAC-20","80.1","307.3","1.475"
"SENS-3286","2025-11-10 03:00:00","MAC-21","91.69","328.18","0.636"
"SENS-3287","2025-11-10 04:00:00","MAC-20","84.08","326.39","0.964"
"SENS-3288","2025-11-10 04:00:00","MAC-21","112.45","344.76","1.43"
"SENS-3289","2025-11-10 05:00:00","MAC-20","119.49","340.67","0.891"
"SENS-3290","2025-11-10 05:00:00","MAC-21","100.1","300.59","1.069"
"SENS-3291","2025-11-10 06:00:00","MAC-20","90.38","334.92","0.932"
"SENS-3292","2025-11-10 06:00:00","MAC-21","118.44","327.47","1.342"
"SENS-3293","2025-11-10 07:00:00","MAC-20","106.02","333.95","1.445"
"SENS-3294","2025-11-10 07:00:00","MAC-21","110.02","338.23","1.383"
"SENS-3295","2025-11-10 08:00:00","MAC-20","106.38","338.48","0.72"
"SENS-3296","2025-11-10 08:00:00","MAC-21","98.37","332.15","1.233"
"SENS-3297","2025-11-10 09:00:00","MAC-20","80.65","314.44","0.588"
"SENS-3298","2025-11-10 09:00:00","MAC-21","100.35","337.97","0.958"
"SENS-3299","2025-11-10 10:00:00","MAC-20","85.57","305.58","1.208"
"SENS-3300","2025-11-10 10:00:00","MAC-21","90.24","346.96","1.215"
"SENS-3301","2025-08-30 00:00:00","MAC-20","110.17","313.52","1.439"
"SENS-3302","2025-08-30 00:00:00","MAC-21","108.27","346.78","1.133"
"SENS-3303","2025-08-30 01:00:00","MAC-20","106.43","329.72","0.528"
"SENS-3304","2025-08-30 01:00:00","MAC-21","107.67","322.21","0.697"
"SENS-3305","2025-08-30 02:00:00","MAC-20","88.98","322.67","0.72"
"SENS-3306","2025-08-30 02:00:00","MAC-21","109.86","312.49","1.234"
"SENS-3307","2025-08-30 03:00:00","MAC-20","110.64","348.28","1.313"
"SENS-3308","2025-08-30 03:00:00","MAC-21","114.18","302.71","0.674"
"SENS-3309","2025-08-30 04:00:00","MAC-20","92.33","327.29","0.618"
"SENS-3310","2025-08-30 04:00:00","MAC-21","116.68","322.5","1.074"
"SENS-3311","2025-08-30 05:00:00","MAC-20","118.78","310.7","1.22"
"SENS-3312","2025-08-30 05:00:00","MAC-21","117.59","322.8","0.906"
"SENS-3313","2025-08-30 06:00:00","MAC-20","80.44","302.59","0.57"
"SENS-3314","2025-08-30 06:00:00","MAC-21","113.76","311.29","0.85"
"SENS-3315","2025-08-30 07:00:00","MAC-20","116.38","331.79","1.191"
"SENS-3316","2025-08-30 07:00:00","MAC-21","108.48","334.49","1.143"
"SENS-3317","2025-09-22 00:00:00","MAC-10","84.85","330.92","1.033"
"SENS-3318","2025-09-22 00:00:00","MAC-11","118.97","347.45","1.206"
"SENS-3319","2025-09-22 01:00:00","MAC-10","97.82","336.57","0.68"
"SENS-3320","2025-09-22 01:00:00","MAC-11","100.51","310.85","0.577"
"SENS-3321","2025-09-22 02:00:00","MAC-10","106.24","303.24","0.533"
"SENS-3322","2025-09-22 02:00:00","MAC-11","80.99","340.63","0.759"
"SENS-3323","2025-09-22 03:00:00","MAC-10","112.16","312.52","1.493"
"SENS-3324","2025-09-22 03:00:00","MAC-11","89.73","324.66","1.24"
"SENS-3325","2025-09-22 04:00:00","MAC-10","112.67","303.52","0.517"
"SENS-3326","2025-09-22 04:00:00","MAC-11","109.16","317.25","0.622"
"SENS-3327","2025-09-22 05:00:00","MAC-10","94.89","320.92","0.938"
"SENS-3328","2025-09-22 05:00:00","MAC-11","85.48","323.51","1.045"
"SENS-3329","2025-09-22 06:00:00","MAC-10","96.49","334.77","0.727"
"SENS-3330","2025-09-22 06:00:00","MAC-11","92.64","343.5","1.474"
"SENS-3331","2025-09-22 07:00:00","MAC-10","103.25","324.92","0.653"
"SENS-3332","2025-09-22 07:00:00","MAC-11","114.81","348.62","0.528"
"SENS-3333","2026-03-03 00:00:00","MAC-10","110.19","321.5","0.965"
"SENS-3334","2026-03-03 00:00:00","MAC-11","112.29","349.21","1.311"
"SENS-3335","2026-03-03 01:00:00","MAC-10","80.25","305.13","0.735"
"SENS-3336","2026-03-03 01:00:00","MAC-11","93.64","309.21","0.612"
"SENS-3337","2026-03-03 02:00:00","MAC-10","80.05","300.44","1.272"
"SENS-3338","2026-03-03 02:00:00","MAC-11","106.26","331.87","0.965"
"SENS-3339","2026-03-03 03:00:00","MAC-10","114.77","303.3","1.391"
"SENS-3340","2026-03-03 03:00:00","MAC-11","115.77","316.8","0.994"
"SENS-3341","2026-03-03 04:00:00","MAC-10","89.95","303.6","1.374"
"SENS-3342","2026-03-03 04:00:00","MAC-11","91.75","319.35","1.18"
"SENS-3343","2025-10-19 00:00:00","MAC-10","105.27","304.65","1.355"
"SENS-3344","2025-10-19 00:00:00","MAC-11","95.84","339.5","0.919"
"SENS-3345","2025-10-19 01:00:00","MAC-10","114.03","325.81","1.187"
"SENS-3346","2025-10-19 01:00:00","MAC-11","90.26","332.49","0.606"
"SENS-3347","2025-10-19 02:00:00","MAC-10","81.47","321.22","0.697"
"SENS-3348","2025-10-19 02:00:00","MAC-11","81.52","319.06","0.834"
"SENS-3349","2026-01-22 00:00:00","MAC-20","101.98","315.46","1.425"
"SENS-3350","2026-01-22 00:00:00","MAC-21","115.93","326.02","0.72"
"SENS-3351","2026-01-22 01:00:00","MAC-20","103.2","321.98","1.3"
"SENS-3352","2026-01-22 01:00:00","MAC-21","115.26","340.83","0.929"
"SENS-3353","2026-01-22 02:00:00","MAC-20","97.45","306.87","1.062"
"SENS-3354","2026-01-22 02:00:00","MAC-21","84.27","306.5","1.181"
"SENS-3355","2026-01-22 03:00:00","MAC-20","119.63","335.72","1.492"
"SENS-3356","2026-01-22 03:00:00","MAC-21","82.21","348.16","1.273"
"SENS-3357","2026-01-22 04:00:00","MAC-20","104.48","319.58","1.026"
"SENS-3358","2026-01-22 04:00:00","MAC-21","109.56","334.35","1.301"
"SENS-3359","2026-01-22 05:00:00","MAC-20","112.65","304.12","1.029"
"SENS-3360","2026-01-22 05:00:00","MAC-21","104.28","335.4","0.734"
"SENS-3361","2026-01-22 06:00:00","MAC-20","88.9","347.88","0.897"
"SENS-3362","2026-01-22 06:00:00","MAC-21","91.43","339.91","1.144"
"SENS-3363","2026-01-22 07:00:00","MAC-20","113.26","330.18","0.609"
"SENS-3364","2026-01-22 07:00:00","MAC-21","103.02","326.85","1.448"
"SENS-3365","2026-01-22 08:00:00","MAC-20","89.19","312.97","1.369"
"SENS-3366","2026-01-22 08:00:00","MAC-21","84.21","307.4","0.675"
"SENS-3367","2026-01-16 00:00:00","MAC-20","119.53","309.25","1.209"
"SENS-3368","2026-01-16 00:00:00","MAC-21","80.52","332.15","1.344"
"SENS-3369","2026-01-16 01:00:00","MAC-20","94.14","346.52","0.885"
"SENS-3370","2026-01-16 01:00:00","MAC-21","108.03","339.69","0.596"
"SENS-3371","2026-01-16 02:00:00","MAC-20","105.3","347.25","1.225"
"SENS-3372","2026-01-16 02:00:00","MAC-21","113.6","337.03","1.177"
"SENS-3373","2026-01-16 03:00:00","MAC-20","86.4","317.27","0.993"
"SENS-3374","2026-01-16 03:00:00","MAC-21","113.6","319.96","0.609"
"SENS-3375","2026-01-16 04:00:00","MAC-20","108.3","340.54","0.912"
"SENS-3376","2026-01-16 04:00:00","MAC-21","88.77","305.46","1.475"
"SENS-3377","2026-01-16 05:00:00","MAC-20","110.2","337.44","0.531"
"SENS-3378","2026-01-16 05:00:00","MAC-21","89.35","304.14","1.229"
"SENS-3379","2026-01-16 06:00:00","MAC-20","100.63","342.94","1.198"
"SENS-3380","2026-01-16 06:00:00","MAC-21","92.63","301.79","0.95"
"SENS-3381","2026-01-16 07:00:00","MAC-20","93.35","330.82","1.23"
"SENS-3382","2026-01-16 07:00:00","MAC-21","83.87","312.49","1.093"
"SENS-3383","2026-01-16 08:00:00","MAC-20","86.78","340.81","1.484"
"SENS-3384","2026-01-16 08:00:00","MAC-21","83.34","303.31","1.301"
"SENS-3385","2026-01-16 09:00:00","MAC-20","99.66","336.04","1.14"
"SENS-3386","2026-01-16 09:00:00","MAC-21","116.04","334.3","1.03"
"SENS-3387","2026-01-16 10:00:00","MAC-20","94.04","345.83","1.379"
"SENS-3388","2026-01-16 10:00:00","MAC-21","114.83","315.1","1.385"
"SENS-3389","2025-12-17 00:00:00","MAC-30","101.86","344.39","1.41"
"SENS-3390","2025-12-17 00:00:00","MAC-31","105.52","334.9","0.619"
"SENS-3391","2025-12-17 01:00:00","MAC-30","87.29","332.44","0.755"
"SENS-3392","2025-12-17 01:00:00","MAC-31","80.99","332.83","1.086"
"SENS-3393","2025-12-17 02:00:00","MAC-30","89.44","327.9","1.067"
"SENS-3394","2025-12-17 02:00:00","MAC-31","105.6","347.42","0.828"
"SENS-3395","2025-12-17 03:00:00","MAC-30","109.09","323.31","0.652"
"SENS-3396","2025-12-17 03:00:00","MAC-31","117.05","300.27","1.352"
"SENS-3397","2025-12-17 04:00:00","MAC-30","115.28","301.24","0.888"
"SENS-3398","2025-12-17 04:00:00","MAC-31","107.91","306.03","1.298"
"SENS-3399","2025-12-17 05:00:00","MAC-30","80.67","323.52","0.86"
"SENS-3400","2025-12-17 05:00:00","MAC-31","112.6","326.06","1.467"
"SENS-3401","2025-12-17 06:00:00","MAC-30","81.25","315.55","0.856"
"SENS-3402","2025-12-17 06:00:00","MAC-31","112.91","316.82","1.147"
"SENS-3403","2025-12-17 07:00:00","MAC-30","107.13","316.37","1.102"
"SENS-3404","2025-12-17 07:00:00","MAC-31","102.92","343.18","1.101"
"SENS-3405","2025-12-17 08:00:00","MAC-30","88.27","349.69","0.762"
"SENS-3406","2025-12-17 08:00:00","MAC-31","101.64","337.16","1.264"
"SENS-3407","2025-12-17 09:00:00","MAC-30","91.68","329.73","0.505"
"SENS-3408","2025-12-17 09:00:00","MAC-31","112.14","310.76","0.949"
"SENS-3409","2025-12-17 10:00:00","MAC-30","85.64","325.27","0.769"
"SENS-3410","2025-12-17 10:00:00","MAC-31","96.75","305.7","0.627"
"SENS-3411","2025-12-17 11:00:00","MAC-30","119.62","348.1","1.239"
"SENS-3412","2025-12-17 11:00:00","MAC-31","99","315.62","0.821"
"SENS-3413","2025-12-17 12:00:00","MAC-30","108.53","332.46","0.55"
"SENS-3414","2025-12-17 12:00:00","MAC-31","94.93","337.07","1.096"
"SENS-3415","2025-12-17 13:00:00","MAC-30","90.67","300.36","1.002"
"SENS-3416","2025-12-17 13:00:00","MAC-31","108.67","320.71","1.214"
"SENS-3417","2025-12-17 14:00:00","MAC-30","114.36","311.21","0.784"
"SENS-3418","2025-12-17 14:00:00","MAC-31","118.82","331.28","0.642"
"SENS-3419","2025-12-17 15:00:00","MAC-30","108.48","322.36","1.288"
"SENS-3420","2025-12-17 15:00:00","MAC-31","115.49","304.54","1.473"
"SENS-3421","2025-12-17 16:00:00","MAC-30","85.55","348.71","0.897"
"SENS-3422","2025-12-17 16:00:00","MAC-31","95.38","310.28","0.568"
"SENS-3423","2025-12-17 17:00:00","MAC-30","102.97","319.79","0.564"
"SENS-3424","2025-12-17 17:00:00","MAC-31","100.5","336.27","0.541"
"SENS-3425","2025-12-17 18:00:00","MAC-30","99.01","342.68","0.661"
"SENS-3426","2025-12-17 18:00:00","MAC-31","110.68","343.81","1.19"
"SENS-3427","2025-10-15 00:00:00","MAC-30","85.64","306.23","0.55"
"SENS-3428","2025-10-15 00:00:00","MAC-31","112.2","322.4","0.544"
"SENS-3429","2025-10-15 01:00:00","MAC-30","118.6","338.83","0.694"
"SENS-3430","2025-10-15 01:00:00","MAC-31","89.39","328.47","1.046"
"SENS-3431","2025-10-15 02:00:00","MAC-30","88.4","312.01","0.534"
"SENS-3432","2025-10-15 02:00:00","MAC-31","119.12","317.31","0.969"
"SENS-3433","2025-10-15 03:00:00","MAC-30","109.6","313.6","0.749"
"SENS-3434","2025-10-15 03:00:00","MAC-31","85.76","343.81","0.981"
"SENS-3435","2025-10-15 04:00:00","MAC-30","100.1","349.6","0.827"
"SENS-3436","2025-10-15 04:00:00","MAC-31","106.5","318.98","1.024"
"SENS-3437","2025-10-15 05:00:00","MAC-30","103.24","331.12","0.937"
"SENS-3438","2025-10-15 05:00:00","MAC-31","95.16","320.21","1.146"
"SENS-3439","2025-10-15 06:00:00","MAC-30","83.23","348.9","1.41"
"SENS-3440","2025-10-15 06:00:00","MAC-31","119.81","329.6","1.229"
"SENS-3441","2025-10-15 07:00:00","MAC-30","87.96","332.43","1.259"
"SENS-3442","2025-10-15 07:00:00","MAC-31","102.42","326.68","1.288"
"SENS-3443","2025-10-15 08:00:00","MAC-30","81.25","322.04","1.388"
"SENS-3444","2025-10-15 08:00:00","MAC-31","83.25","338.81","0.605"
"SENS-3445","2025-11-20 00:00:00","MAC-10","96.45","334.22","0.957"
"SENS-3446","2025-11-20 00:00:00","MAC-11","89.95","322.23","1.194"
"SENS-3447","2025-11-20 01:00:00","MAC-10","97.86","347.98","1.133"
"SENS-3448","2025-11-20 01:00:00","MAC-11","82.93","310.87","0.724"
"SENS-3449","2025-11-20 02:00:00","MAC-10","91.38","324.22","1.073"
"SENS-3450","2025-11-20 02:00:00","MAC-11","85.63","320.97","0.908"
"SENS-3451","2025-11-20 03:00:00","MAC-10","88.89","303.61","0.866"
"SENS-3452","2025-11-20 03:00:00","MAC-11","108","330.93","1.478"
"SENS-3453","2025-11-20 04:00:00","MAC-10","103.36","318.82","1.457"
"SENS-3454","2025-11-20 04:00:00","MAC-11","99.21","334.44","1.213"
"SENS-3455","2025-11-20 05:00:00","MAC-10","99.22","310.17","1.293"
"SENS-3456","2025-11-20 05:00:00","MAC-11","81.55","320.55","1.195"
"SENS-3457","2025-11-20 06:00:00","MAC-10","106.98","332.39","0.802"
"SENS-3458","2025-11-20 06:00:00","MAC-11","107.63","342.94","1.089"
"SENS-3459","2025-11-20 07:00:00","MAC-10","107.98","310.49","1.101"
"SENS-3460","2025-11-20 07:00:00","MAC-11","104.22","316.87","1.106"
"SENS-3461","2025-11-20 08:00:00","MAC-10","115.84","342.33","0.696"
"SENS-3462","2025-11-20 08:00:00","MAC-11","111.58","345.74","1.479"
"SENS-3463","2025-11-30 00:00:00","MAC-10","82.19","335.19","0.551"
"SENS-3464","2025-11-30 00:00:00","MAC-11","119.37","320.26","1.37"
"SENS-3465","2025-11-30 01:00:00","MAC-10","99.56","308.68","0.514"
"SENS-3466","2025-11-30 01:00:00","MAC-11","99.45","333.23","0.593"
"SENS-3467","2025-11-30 02:00:00","MAC-10","82.24","332.82","1.022"
"SENS-3468","2025-11-30 02:00:00","MAC-11","102.92","345.39","0.866"
"SENS-3469","2025-11-30 03:00:00","MAC-10","109.33","346.46","0.741"
"SENS-3470","2025-11-30 03:00:00","MAC-11","94.81","302.79","1.372"
"SENS-3471","2025-11-30 04:00:00","MAC-10","109.96","332.94","1.098"
"SENS-3472","2025-11-30 04:00:00","MAC-11","100.05","307.17","1.343"
"SENS-3473","2025-11-30 05:00:00","MAC-10","94.1","342.09","0.663"
"SENS-3474","2025-11-30 05:00:00","MAC-11","114.01","304.02","1.181"
"SENS-3475","2025-11-30 06:00:00","MAC-10","108.18","328.76","0.902"
"SENS-3476","2025-11-30 06:00:00","MAC-11","108.09","312.78","1.232"
"SENS-3477","2025-11-30 07:00:00","MAC-10","102.32","313.64","1.109"
"SENS-3478","2025-11-30 07:00:00","MAC-11","107.12","310.63","0.682"
"SENS-3479","2025-11-30 08:00:00","MAC-10","107.31","303.7","1.48"
"SENS-3480","2025-11-30 08:00:00","MAC-11","115.34","306.38","1.027"
"SENS-3481","2025-11-30 09:00:00","MAC-10","108.86","314.81","0.558"
"SENS-3482","2025-11-30 09:00:00","MAC-11","101.45","314.15","0.794"
"SENS-3483","2025-11-30 10:00:00","MAC-10","97.43","333.48","0.922"
"SENS-3484","2025-11-30 10:00:00","MAC-11","84.5","311.64","0.888"
"SENS-3485","2025-11-30 11:00:00","MAC-10","94.79","332.63","0.696"
"SENS-3486","2025-11-30 11:00:00","MAC-11","103.71","303.02","0.703"
"SENS-3487","2025-11-30 12:00:00","MAC-10","105.39","346.62","1.209"
"SENS-3488","2025-11-30 12:00:00","MAC-11","87.69","323.64","0.57"
"SENS-3489","2025-11-30 13:00:00","MAC-10","89.83","309.84","1.299"
"SENS-3490","2025-11-30 13:00:00","MAC-11","102.69","319.2","1.088"
"SENS-3491","2025-11-30 14:00:00","MAC-10","107.73","313.1","1.449"
"SENS-3492","2025-11-30 14:00:00","MAC-11","91.31","323.47","0.61"
"SENS-3493","2025-04-18 00:00:00","MAC-30","102.24","306.82","0.972"
"SENS-3494","2025-04-18 00:00:00","MAC-31","108.94","332.67","0.514"
"SENS-3495","2025-04-18 01:00:00","MAC-30","98.99","332.86","0.651"
"SENS-3496","2025-04-18 01:00:00","MAC-31","96.52","318.04","1.307"
"SENS-3497","2025-04-18 02:00:00","MAC-30","82.41","332.64","0.945"
"SENS-3498","2025-04-18 02:00:00","MAC-31","89.09","344.2","1.213"
"SENS-3499","2025-04-18 03:00:00","MAC-30","114.24","340.92","1.022"
"SENS-3500","2025-04-18 03:00:00","MAC-31","102.97","349.49","1.025"
"SENS-3501","2025-04-18 04:00:00","MAC-30","92.26","340.16","1.14"
"SENS-3502","2025-04-18 04:00:00","MAC-31","82.82","324.3","0.921"
"SENS-3503","2025-04-18 05:00:00","MAC-30","116.87","341.11","0.961"
"SENS-3504","2025-04-18 05:00:00","MAC-31","98.14","305.59","0.93"
"SENS-3505","2025-12-14 00:00:00","MAC-10","93.1","324.75","0.967"
"SENS-3506","2025-12-14 00:00:00","MAC-11","93.84","301.19","1.417"
"SENS-3507","2025-12-14 01:00:00","MAC-10","116","349.91","0.543"
"SENS-3508","2025-12-14 01:00:00","MAC-11","99.6","308.97","1.497"
"SENS-3509","2025-12-14 02:00:00","MAC-10","119.54","324.76","1.355"
"SENS-3510","2025-12-14 02:00:00","MAC-11","85.12","343.18","1.217"
"SENS-3511","2025-12-14 03:00:00","MAC-10","107.82","307.09","0.973"
"SENS-3512","2025-12-14 03:00:00","MAC-11","86.56","329.49","1.468"
"SENS-3513","2025-12-14 04:00:00","MAC-10","92.61","346.58","0.628"
"SENS-3514","2025-12-14 04:00:00","MAC-11","100.43","321.5","0.549"
"SENS-3515","2025-12-14 05:00:00","MAC-10","100.31","308.56","1.336"
"SENS-3516","2025-12-14 05:00:00","MAC-11","111.88","337.85","0.934"
"SENS-3517","2025-12-14 06:00:00","MAC-10","99.08","328.58","1.132"
"SENS-3518","2025-12-14 06:00:00","MAC-11","93.59","308.6","0.773"
"SENS-3519","2025-12-14 07:00:00","MAC-10","112.66","301.7","0.581"
"SENS-3520","2025-12-14 07:00:00","MAC-11","118.32","323.09","1.44"
"SENS-3521","2025-12-14 08:00:00","MAC-10","92.77","314.58","1.234"
"SENS-3522","2025-12-14 08:00:00","MAC-11","89.26","303.74","0.665"
"SENS-3523","2025-10-18 00:00:00","MAC-20","113.36","306.47","1.458"
"SENS-3524","2025-10-18 00:00:00","MAC-21","114.19","317.64","1.312"
"SENS-3525","2025-10-18 01:00:00","MAC-20","86.45","319.62","1.336"
"SENS-3526","2025-10-18 01:00:00","MAC-21","82.59","348.18","1"
"SENS-3527","2025-10-18 02:00:00","MAC-20","92.97","323.01","0.855"
"SENS-3528","2025-10-18 02:00:00","MAC-21","115.7","345.96","0.506"
"SENS-3529","2025-10-18 03:00:00","MAC-20","105.94","349.72","0.874"
"SENS-3530","2025-10-18 03:00:00","MAC-21","85.36","346.5","1.245"
"SENS-3531","2025-10-18 04:00:00","MAC-20","88.45","328.35","1"
"SENS-3532","2025-10-18 04:00:00","MAC-21","104.07","304.69","1.268"
"SENS-3533","2025-10-18 05:00:00","MAC-20","80.48","324.21","1.213"
"SENS-3534","2025-10-18 05:00:00","MAC-21","115.82","304.51","1.199"
"SENS-3535","2025-10-18 06:00:00","MAC-20","98.58","327.19","0.753"
"SENS-3536","2025-10-18 06:00:00","MAC-21","96.11","304.11","1.392"
"SENS-3537","2025-10-18 07:00:00","MAC-20","116.88","310.3","0.698"
"SENS-3538","2025-10-18 07:00:00","MAC-21","84.74","332.35","1.355"
"SENS-3539","2025-10-18 08:00:00","MAC-20","82.53","323.56","0.626"
"SENS-3540","2025-10-18 08:00:00","MAC-21","95.72","319.56","1.303"
"SENS-3541","2025-11-30 00:00:00","MAC-20","99","303.12","0.991"
"SENS-3542","2025-11-30 00:00:00","MAC-21","112.3","318","1.057"
"SENS-3543","2025-11-30 01:00:00","MAC-20","98.65","312","1.121"
"SENS-3544","2025-11-30 01:00:00","MAC-21","114.11","328.98","1.443"
"SENS-3545","2025-11-30 02:00:00","MAC-20","101.26","338.75","0.855"
"SENS-3546","2025-11-30 02:00:00","MAC-21","98.02","319.49","0.755"
"SENS-3547","2025-11-30 03:00:00","MAC-20","119.99","301.95","0.742"
"SENS-3548","2025-11-30 03:00:00","MAC-21","118.53","343.55","1.024"
"SENS-3549","2025-11-30 04:00:00","MAC-20","90.61","317.57","0.994"
"SENS-3550","2025-11-30 04:00:00","MAC-21","100.28","329.51","1.353"
"SENS-3551","2025-11-30 05:00:00","MAC-20","119.89","339.51","1.086"
"SENS-3552","2025-11-30 05:00:00","MAC-21","111.2","346.14","0.694"
"SENS-3553","2025-11-30 06:00:00","MAC-20","105.81","301.21","1.449"
"SENS-3554","2025-11-30 06:00:00","MAC-21","108.34","318.83","1.222"
"SENS-3555","2025-11-30 07:00:00","MAC-20","104.86","345.53","1.202"
"SENS-3556","2025-11-30 07:00:00","MAC-21","112.64","342.07","0.738"
"SENS-3557","2025-11-30 08:00:00","MAC-20","117.4","324.08","1.428"
"SENS-3558","2025-11-30 08:00:00","MAC-21","85.08","321.95","0.826"
"SENS-3559","2025-11-30 09:00:00","MAC-20","97.72","310.76","0.881"
"SENS-3560","2025-11-30 09:00:00","MAC-21","90.27","327.52","1.141"
"SENS-3561","2025-11-30 10:00:00","MAC-20","82.22","340.25","0.624"
"SENS-3562","2025-11-30 10:00:00","MAC-21","90.09","340.3","0.651"
"SENS-3563","2025-11-30 11:00:00","MAC-20","88.04","321.8","0.732"
"SENS-3564","2025-11-30 11:00:00","MAC-21","107.21","337.64","0.685"
"SENS-3565","2025-10-30 00:00:00","MAC-10","115.29","325.88","1.319"
"SENS-3566","2025-10-30 00:00:00","MAC-11","110.18","337.19","0.718"
"SENS-3567","2025-10-30 01:00:00","MAC-10","108.04","317.53","0.587"
"SENS-3568","2025-10-30 01:00:00","MAC-11","90.9","340.35","0.765"
"SENS-3569","2025-10-30 02:00:00","MAC-10","106.31","345.78","0.64"
"SENS-3570","2025-10-30 02:00:00","MAC-11","84.28","317","0.621"
"SENS-3571","2025-10-30 03:00:00","MAC-10","92.78","316.77","0.743"
"SENS-3572","2025-10-30 03:00:00","MAC-11","90.32","328.89","1.382"
"SENS-3573","2025-10-15 00:00:00","MAC-20","91.76","345.84","1.29"
"SENS-3574","2025-10-15 00:00:00","MAC-21","110.52","300.66","0.866"
"SENS-3575","2025-10-15 01:00:00","MAC-20","86.05","310.98","1.378"
"SENS-3576","2025-10-15 01:00:00","MAC-21","119.29","343.51","1.377"
"SENS-3577","2025-10-15 02:00:00","MAC-20","81.36","302.86","1.293"
"SENS-3578","2025-10-15 02:00:00","MAC-21","118.57","316.64","0.615"
"SENS-3579","2025-10-15 03:00:00","MAC-20","81.68","301.46","1.452"
"SENS-3580","2025-10-15 03:00:00","MAC-21","83.43","345.95","0.599"
"SENS-3581","2025-10-15 04:00:00","MAC-20","90.5","328.53","1.421"
"SENS-3582","2025-10-15 04:00:00","MAC-21","101.78","301.22","1.137"
"SENS-3583","2025-10-15 05:00:00","MAC-20","107.59","347.13","0.99"
"SENS-3584","2025-10-15 05:00:00","MAC-21","81.04","334.71","0.909"
"SENS-3585","2025-10-15 06:00:00","MAC-20","91.84","337.14","1.034"
"SENS-3586","2025-10-15 06:00:00","MAC-21","93.04","322.32","0.806"
"SENS-3587","2025-10-15 07:00:00","MAC-20","104.07","321.51","1.438"
"SENS-3588","2025-10-15 07:00:00","MAC-21","96.85","349.48","0.601"
"SENS-3589","2025-10-15 08:00:00","MAC-20","87.27","325.46","0.964"
"SENS-3590","2025-10-15 08:00:00","MAC-21","98.3","313.64","0.922"
"SENS-3591","2026-02-04 00:00:00","MAC-10","98.48","321.75","0.612"
"SENS-3592","2026-02-04 00:00:00","MAC-11","102.3","347.91","0.684"
"SENS-3593","2026-02-04 01:00:00","MAC-10","102.95","326.41","0.82"
"SENS-3594","2026-02-04 01:00:00","MAC-11","93.86","322.46","1.281"
"SENS-3595","2026-02-04 02:00:00","MAC-10","113.2","340.22","1.19"
"SENS-3596","2026-02-04 02:00:00","MAC-11","109.18","336.35","1.214"
"SENS-3597","2026-02-04 03:00:00","MAC-10","86.73","336.87","0.929"
"SENS-3598","2026-02-04 03:00:00","MAC-11","113.97","308.28","1.213"
"SENS-3599","2026-02-04 04:00:00","MAC-10","92.36","302.91","0.973"
"SENS-3600","2026-02-04 04:00:00","MAC-11","99.94","343.75","0.635"
"SENS-3601","2026-02-04 05:00:00","MAC-10","103.74","302.44","0.711"
"SENS-3602","2026-02-04 05:00:00","MAC-11","108.43","307.2","1.401"
"SENS-3603","2026-02-04 06:00:00","MAC-10","105.78","305.73","0.878"
"SENS-3604","2026-02-04 06:00:00","MAC-11","91.99","309.32","1.138"
"SENS-3605","2026-02-04 07:00:00","MAC-10","107.85","339.69","0.627"
"SENS-3606","2026-02-04 07:00:00","MAC-11","111.69","316.76","1.496"
"SENS-3607","2026-02-04 08:00:00","MAC-10","82.23","340.34","0.522"
"SENS-3608","2026-02-04 08:00:00","MAC-11","84.67","330.84","0.628"
"SENS-3609","2026-02-04 09:00:00","MAC-10","112.37","301.68","1.449"
"SENS-3610","2026-02-04 09:00:00","MAC-11","87.07","324.13","1.238"
"SENS-3611","2025-12-07 00:00:00","MAC-30","92.62","315.29","0.641"
"SENS-3612","2025-12-07 00:00:00","MAC-31","99.22","316.12","0.919"
"SENS-3613","2025-12-07 01:00:00","MAC-30","104.15","319.57","0.754"
"SENS-3614","2025-12-07 01:00:00","MAC-31","86.27","324.1","0.541"
"SENS-3615","2025-12-07 02:00:00","MAC-30","96.28","349.21","0.911"
"SENS-3616","2025-12-07 02:00:00","MAC-31","91.87","306.35","0.583"
"SENS-3617","2025-12-07 03:00:00","MAC-30","100.34","312.11","1.247"
"SENS-3618","2025-12-07 03:00:00","MAC-31","101.49","303.69","0.679"
"SENS-3619","2025-12-07 04:00:00","MAC-30","97.4","341.02","1.27"
"SENS-3620","2025-12-07 04:00:00","MAC-31","95.76","332.48","0.619"
"SENS-3621","2025-12-07 05:00:00","MAC-30","88.77","304.76","0.668"
"SENS-3622","2025-12-07 05:00:00","MAC-31","102.09","317.73","1.232"
"SENS-3623","2025-12-07 06:00:00","MAC-30","88.14","326.6","0.771"
"SENS-3624","2025-12-07 06:00:00","MAC-31","82.68","320.3","0.878"
"SENS-3625","2025-12-07 07:00:00","MAC-30","99.02","345.89","1.247"
"SENS-3626","2025-12-07 07:00:00","MAC-31","115.92","317.39","0.897"
"SENS-3627","2025-12-07 08:00:00","MAC-30","114.75","305.41","0.709"
"SENS-3628","2025-12-07 08:00:00","MAC-31","103.96","315.1","1.336"
"SENS-3629","2025-12-07 09:00:00","MAC-30","92.84","334.6","0.64"
"SENS-3630","2025-12-07 09:00:00","MAC-31","106.56","348.43","0.851"
"SENS-3631","2025-12-07 10:00:00","MAC-30","82.02","327.3","0.841"
"SENS-3632","2025-12-07 10:00:00","MAC-31","110.2","324.88","1.417"
"SENS-3633","2025-12-07 11:00:00","MAC-30","89.65","321.19","0.689"
"SENS-3634","2025-12-07 11:00:00","MAC-31","93.94","300.31","0.639"
"SENS-3635","2025-12-07 12:00:00","MAC-30","86.92","315.64","1.285"
"SENS-3636","2025-12-07 12:00:00","MAC-31","91.42","325.52","1.472"
"SENS-3637","2025-12-07 13:00:00","MAC-30","114.75","331.52","0.685"
"SENS-3638","2025-12-07 13:00:00","MAC-31","118.26","332.52","0.941"
"SENS-3639","2026-02-09 00:00:00","MAC-30","96.93","316.57","0.756"
"SENS-3640","2026-02-09 00:00:00","MAC-31","87.66","301","0.624"
"SENS-3641","2026-02-09 01:00:00","MAC-30","109.06","303.6","1.449"
"SENS-3642","2026-02-09 01:00:00","MAC-31","99.97","315.29","0.863"
"SENS-3643","2026-02-09 02:00:00","MAC-30","100.87","337.26","0.798"
"SENS-3644","2026-02-09 02:00:00","MAC-31","89.37","316.71","1.193"
"SENS-3645","2026-02-09 03:00:00","MAC-30","113.65","308.56","0.777"
"SENS-3646","2026-02-09 03:00:00","MAC-31","117.95","338.27","0.961"
"SENS-3647","2026-02-09 04:00:00","MAC-30","87.05","315.95","0.777"
"SENS-3648","2026-02-09 04:00:00","MAC-31","118.06","303.77","0.825"
"SENS-3649","2026-02-09 05:00:00","MAC-30","83.08","335.41","1.486"
"SENS-3650","2026-02-09 05:00:00","MAC-31","88.27","339.33","1.14"
"SENS-3651","2026-02-09 06:00:00","MAC-30","101.87","321.56","1.266"
"SENS-3652","2026-02-09 06:00:00","MAC-31","105.86","347.72","1.128"
"SENS-3653","2026-02-09 07:00:00","MAC-30","91.15","338.26","0.941"
"SENS-3654","2026-02-09 07:00:00","MAC-31","83.74","342.29","0.701"
"SENS-3655","2026-02-09 08:00:00","MAC-30","91.62","313.02","1.228"
"SENS-3656","2026-02-09 08:00:00","MAC-31","104.26","317.75","0.53"
"SENS-3657","2026-02-09 09:00:00","MAC-30","93.06","333.2","1.356"
"SENS-3658","2026-02-09 09:00:00","MAC-31","107.76","307.82","0.913"
"SENS-3659","2026-02-09 10:00:00","MAC-30","84.6","312.86","0.664"
"SENS-3660","2026-02-09 10:00:00","MAC-31","112.17","332.75","0.544"
"SENS-3661","2026-02-09 11:00:00","MAC-30","113.32","321.66","0.858"
"SENS-3662","2026-02-09 11:00:00","MAC-31","109.58","340.05","1.357"
"SENS-3663","2025-04-14 00:00:00","MAC-30","115.72","300.2","1.488"
"SENS-3664","2025-04-14 00:00:00","MAC-31","82.88","339.33","1.149"
"SENS-3665","2025-04-14 01:00:00","MAC-30","100.39","301.93","0.988"
"SENS-3666","2025-04-14 01:00:00","MAC-31","90.69","314.37","1.465"
"SENS-3667","2025-04-14 02:00:00","MAC-30","112.44","333.91","1.213"
"SENS-3668","2025-04-14 02:00:00","MAC-31","80.8","307.11","0.556"
"SENS-3669","2025-04-14 03:00:00","MAC-30","92.73","310.67","1.449"
"SENS-3670","2025-04-14 03:00:00","MAC-31","105.52","320.33","1.134"
"SENS-3671","2025-04-14 04:00:00","MAC-30","87.53","310.22","1.346"
"SENS-3672","2025-04-14 04:00:00","MAC-31","119.74","320.99","1.296"
"SENS-3673","2025-04-14 05:00:00","MAC-30","110.84","304.02","0.953"
"SENS-3674","2025-04-14 05:00:00","MAC-31","81.75","335.94","0.954"
"SENS-3675","2025-10-13 00:00:00","MAC-30","100.78","311.68","0.786"
"SENS-3676","2025-10-13 00:00:00","MAC-31","84.06","304.25","0.743"
"SENS-3677","2025-10-13 01:00:00","MAC-30","107.35","320.5","1.037"
"SENS-3678","2025-10-13 01:00:00","MAC-31","113.43","341.84","0.841"
"SENS-3679","2025-10-13 02:00:00","MAC-30","112.72","304.35","1.027"
"SENS-3680","2025-10-13 02:00:00","MAC-31","93.3","315.09","1.404"
"SENS-3681","2025-10-13 03:00:00","MAC-30","117.27","342.24","0.682"
"SENS-3682","2025-10-13 03:00:00","MAC-31","97.28","308.1","0.709"
"SENS-3683","2025-10-13 04:00:00","MAC-30","91.22","342.77","1.406"
"SENS-3684","2025-10-13 04:00:00","MAC-31","112.21","304.31","0.62"
"SENS-3685","2025-10-13 05:00:00","MAC-30","110.38","331.04","1.24"
"SENS-3686","2025-10-13 05:00:00","MAC-31","105.74","314.04","1.135"
"SENS-3687","2025-10-13 06:00:00","MAC-30","90.38","340.43","1.476"
"SENS-3688","2025-10-13 06:00:00","MAC-31","116.87","324.25","0.707"
"SENS-3689","2025-10-13 07:00:00","MAC-30","111.22","332.55","1.183"
"SENS-3690","2025-10-13 07:00:00","MAC-31","86.02","335.18","0.656"
"SENS-3691","2025-10-13 08:00:00","MAC-30","107.68","339.58","0.815"
"SENS-3692","2025-10-13 08:00:00","MAC-31","107.12","320.57","0.68"
"SENS-3693","2025-05-20 00:00:00","MAC-30","119.3","341.81","0.988"
"SENS-3694","2025-05-20 00:00:00","MAC-31","110.98","306.14","1.157"
"SENS-3695","2025-05-20 01:00:00","MAC-30","80.73","306.08","0.735"
"SENS-3696","2025-05-20 01:00:00","MAC-31","112.75","311.21","0.919"
"SENS-3697","2025-05-20 02:00:00","MAC-30","110.95","321.1","0.905"
"SENS-3698","2025-05-20 02:00:00","MAC-31","101.67","316.58","1.125"
"SENS-3699","2025-05-20 03:00:00","MAC-30","110.46","320.31","0.794"
"SENS-3700","2025-05-20 03:00:00","MAC-31","91.04","334.26","1.108"
"SENS-3701","2025-05-20 04:00:00","MAC-30","84.64","325.89","0.881"
"SENS-3702","2025-05-20 04:00:00","MAC-31","83.35","321.8","1.174"
"SENS-3703","2025-05-20 05:00:00","MAC-30","118.73","317.65","0.686"
"SENS-3704","2025-05-20 05:00:00","MAC-31","108.16","334.28","0.623"
"SENS-3705","2025-05-20 06:00:00","MAC-30","87.35","311.57","1.423"
"SENS-3706","2025-05-20 06:00:00","MAC-31","83.37","340.6","1.33"
"SENS-3707","2025-05-20 07:00:00","MAC-30","100.32","338.33","1.399"
"SENS-3708","2025-05-20 07:00:00","MAC-31","106.23","309.96","1.171"
"SENS-3709","2025-07-31 00:00:00","MAC-20","96.6","316.73","1.443"
"SENS-3710","2025-07-31 00:00:00","MAC-21","87.35","345.36","0.652"
"SENS-3711","2025-07-31 01:00:00","MAC-20","92.96","341.92","1.446"
"SENS-3712","2025-07-31 01:00:00","MAC-21","93.07","347.74","0.985"
"SENS-3713","2025-07-31 02:00:00","MAC-20","104.71","326.96","1.049"
"SENS-3714","2025-07-31 02:00:00","MAC-21","102.53","322.38","1.137"
"SENS-3715","2025-07-31 03:00:00","MAC-20","103.98","315.03","1.1"
"SENS-3716","2025-07-31 03:00:00","MAC-21","102.46","344.77","0.593"
"SENS-3717","2025-07-31 04:00:00","MAC-20","101.34","312.79","0.845"
"SENS-3718","2025-07-31 04:00:00","MAC-21","94.89","343.92","0.985"
"SENS-3719","2025-07-31 05:00:00","MAC-20","104.66","322.04","0.848"
"SENS-3720","2025-07-31 05:00:00","MAC-21","88.89","322.96","0.758"
"SENS-3721","2025-07-31 06:00:00","MAC-20","112.13","337.82","1.006"
"SENS-3722","2025-07-31 06:00:00","MAC-21","118.73","323.04","1.452"
"SENS-3723","2025-07-31 07:00:00","MAC-20","112.97","303.58","0.984"
"SENS-3724","2025-07-31 07:00:00","MAC-21","108.37","317.6","1.467"
"SENS-3725","2026-01-08 00:00:00","MAC-30","100.29","336.02","1.417"
"SENS-3726","2026-01-08 00:00:00","MAC-31","85.53","321.48","0.594"
"SENS-3727","2026-01-08 01:00:00","MAC-30","84.88","336.84","0.795"
"SENS-3728","2026-01-08 01:00:00","MAC-31","89.61","305.46","0.721"
"SENS-3729","2026-01-08 02:00:00","MAC-30","84.27","306.83","0.872"
"SENS-3730","2026-01-08 02:00:00","MAC-31","115.12","319.81","1.451"
"SENS-3731","2026-01-08 03:00:00","MAC-30","106.95","345.07","0.579"
"SENS-3732","2026-01-08 03:00:00","MAC-31","110.56","334.02","1.208"
"SENS-3733","2026-01-08 04:00:00","MAC-30","95.01","331.6","1.251"
"SENS-3734","2026-01-08 04:00:00","MAC-31","118.79","340.55","0.726"
"SENS-3735","2026-01-08 05:00:00","MAC-30","116.5","344.99","0.525"
"SENS-3736","2026-01-08 05:00:00","MAC-31","94.72","315.12","1.231"
"SENS-3737","2026-01-08 06:00:00","MAC-30","117.63","333.32","0.583"
"SENS-3738","2026-01-08 06:00:00","MAC-31","107.78","317.42","0.825"
"SENS-3739","2025-07-10 00:00:00","MAC-30","101.48","308.14","1.015"
"SENS-3740","2025-07-10 00:00:00","MAC-31","112.08","323.25","1.276"
"SENS-3741","2025-07-10 01:00:00","MAC-30","111.57","316.56","0.62"
"SENS-3742","2025-07-10 01:00:00","MAC-31","113.05","343.31","0.607"
"SENS-3743","2025-07-10 02:00:00","MAC-30","107.27","306.33","1.149"
"SENS-3744","2025-07-10 02:00:00","MAC-31","107.03","345.37","0.634"
"SENS-3745","2025-07-10 03:00:00","MAC-30","91.12","335.62","1.193"
"SENS-3746","2025-07-10 03:00:00","MAC-31","116.25","312","1.42"
"SENS-3747","2025-07-10 04:00:00","MAC-30","100.06","313.29","1.176"
"SENS-3748","2025-07-10 04:00:00","MAC-31","99.19","303.01","1.086"
"SENS-3749","2025-07-10 05:00:00","MAC-30","100.45","339.93","1.102"
"SENS-3750","2025-07-10 05:00:00","MAC-31","91.63","329.87","0.779"
"SENS-3751","2025-07-10 06:00:00","MAC-30","80.66","329.73","1.474"
"SENS-3752","2025-07-10 06:00:00","MAC-31","106.76","332.44","0.563"
"SENS-3753","2025-07-10 07:00:00","MAC-30","96.81","331.21","1.314"
"SENS-3754","2025-07-10 07:00:00","MAC-31","93.69","319.44","1.107"
"SENS-3755","2025-07-10 08:00:00","MAC-30","102.49","346.47","0.94"
"SENS-3756","2025-07-10 08:00:00","MAC-31","102.5","300.17","1.112"
"SENS-3757","2025-07-10 09:00:00","MAC-30","98.03","321.67","1.32"
"SENS-3758","2025-07-10 09:00:00","MAC-31","117.14","300.75","0.561"
"SENS-3759","2025-07-10 10:00:00","MAC-30","89.62","318.17","1.287"
"SENS-3760","2025-07-10 10:00:00","MAC-31","85.6","308.41","0.698"
"SENS-3761","2025-09-25 00:00:00","MAC-30","108.53","314.28","1.397"
"SENS-3762","2025-09-25 00:00:00","MAC-31","119.04","305.85","1.395"
"SENS-3763","2025-09-25 01:00:00","MAC-30","83.93","307.74","1.02"
"SENS-3764","2025-09-25 01:00:00","MAC-31","104.12","324.34","0.806"
"SENS-3765","2025-09-25 02:00:00","MAC-30","100.78","306.69","0.656"
"SENS-3766","2025-09-25 02:00:00","MAC-31","97.75","346","0.542"
"SENS-3767","2025-09-25 03:00:00","MAC-30","88.08","341.71","0.671"
"SENS-3768","2025-09-25 03:00:00","MAC-31","100.77","309.63","1.27"
"SENS-3769","2025-09-25 04:00:00","MAC-30","91.52","302.72","1.129"
"SENS-3770","2025-09-25 04:00:00","MAC-31","107.98","322.63","1.225"
"SENS-3771","2025-09-25 05:00:00","MAC-30","85.14","329.59","0.926"
"SENS-3772","2025-09-25 05:00:00","MAC-31","86.43","328.49","0.908"
"SENS-3773","2025-09-15 00:00:00","MAC-10","104.67","328.81","1.452"
"SENS-3774","2025-09-15 00:00:00","MAC-11","98.36","335.97","1.339"
"SENS-3775","2025-09-15 01:00:00","MAC-10","94.78","304.95","1.283"
"SENS-3776","2025-09-15 01:00:00","MAC-11","116.14","307.61","1.294"
"SENS-3777","2025-09-15 02:00:00","MAC-10","96.87","336.67","0.727"
"SENS-3778","2025-09-15 02:00:00","MAC-11","113.11","323.86","1.461"
"SENS-3779","2025-09-15 03:00:00","MAC-10","88.02","329.85","1.15"
"SENS-3780","2025-09-15 03:00:00","MAC-11","116.68","306.89","1.128"
"SENS-3781","2025-09-15 04:00:00","MAC-10","106.78","318.77","0.976"
"SENS-3782","2025-09-15 04:00:00","MAC-11","105.52","330.12","1.427"
"SENS-3783","2025-09-15 05:00:00","MAC-10","83.5","340.48","0.824"
"SENS-3784","2025-09-15 05:00:00","MAC-11","110.44","337.12","0.83"
"SENS-3785","2025-09-15 06:00:00","MAC-10","100.93","342.15","0.663"
"SENS-3786","2025-09-15 06:00:00","MAC-11","88.78","339.5","0.818"
"SENS-3787","2025-09-15 07:00:00","MAC-10","96.96","338.98","0.579"
"SENS-3788","2025-09-15 07:00:00","MAC-11","93.74","324.1","0.905"
"SENS-3789","2025-09-15 08:00:00","MAC-10","92.3","304.04","1.241"
"SENS-3790","2025-09-15 08:00:00","MAC-11","106.78","316.77","1.46"
"SENS-3791","2025-09-15 09:00:00","MAC-10","111.13","310.88","0.621"
"SENS-3792","2025-09-15 09:00:00","MAC-11","107.96","343.56","0.644"
"SENS-3793","2025-09-15 10:00:00","MAC-10","119.72","335.13","0.923"
"SENS-3794","2025-09-15 10:00:00","MAC-11","89.02","320.97","1.244"
"SENS-3795","2025-09-25 00:00:00","MAC-30","98.07","324.73","1.275"
"SENS-3796","2025-09-25 00:00:00","MAC-31","107.86","301.94","0.853"
"SENS-3797","2025-09-25 01:00:00","MAC-30","117.09","326.4","1.109"
"SENS-3798","2025-09-25 01:00:00","MAC-31","119.95","328.9","1.2"
"SENS-3799","2025-09-25 02:00:00","MAC-30","85.8","321.66","1.442"
"SENS-3800","2025-09-25 02:00:00","MAC-31","99.23","330.62","0.79"
"SENS-3801","2025-09-25 03:00:00","MAC-30","89.59","332.07","1.422"
"SENS-3802","2025-09-25 03:00:00","MAC-31","89.79","329.46","1.397"
"SENS-3803","2025-09-25 04:00:00","MAC-30","90.13","300.21","0.508"
"SENS-3804","2025-09-25 04:00:00","MAC-31","90.04","326.09","1.212"
"SENS-3805","2025-09-25 05:00:00","MAC-30","80.28","338.47","1.121"
"SENS-3806","2025-09-25 05:00:00","MAC-31","118.38","322.2","0.588"
"SENS-3807","2025-09-25 06:00:00","MAC-30","107.9","300.12","0.501"
"SENS-3808","2025-09-25 06:00:00","MAC-31","104.57","329.6","0.684"
"SENS-3809","2025-09-25 07:00:00","MAC-30","115.17","328.68","1.32"
"SENS-3810","2025-09-25 07:00:00","MAC-31","117.86","313.02","0.925"
"SENS-3811","2025-09-25 08:00:00","MAC-30","83.08","319.91","0.796"
"SENS-3812","2025-09-25 08:00:00","MAC-31","111.21","334.44","1.13"
"SENS-3813","2025-09-25 09:00:00","MAC-30","90.74","348.93","1.477"
"SENS-3814","2025-09-25 09:00:00","MAC-31","80.24","321.88","0.618"
"SENS-3815","2025-09-25 10:00:00","MAC-30","101.2","328.09","0.635"
"SENS-3816","2025-09-25 10:00:00","MAC-31","107.33","304.98","1.213"
"SENS-3817","2025-09-25 11:00:00","MAC-30","87.2","302.4","0.529"
"SENS-3818","2025-09-25 11:00:00","MAC-31","84.91","342.48","1.398"
"SENS-3819","2025-08-22 00:00:00","MAC-10","99.61","318.03","1.072"
"SENS-3820","2025-08-22 00:00:00","MAC-11","90.04","344.89","1.25"
"SENS-3821","2025-08-22 01:00:00","MAC-10","92.93","301.45","0.635"
"SENS-3822","2025-08-22 01:00:00","MAC-11","93.95","313.89","0.71"
"SENS-3823","2025-08-22 02:00:00","MAC-10","103.01","329.8","0.978"
"SENS-3824","2025-08-22 02:00:00","MAC-11","84.02","311.5","1.405"
"SENS-3825","2025-08-22 03:00:00","MAC-10","96.06","302.97","1.313"
"SENS-3826","2025-08-22 03:00:00","MAC-11","112.14","302.23","0.623"
"SENS-3827","2025-08-22 04:00:00","MAC-10","90.94","300","0.871"
"SENS-3828","2025-08-22 04:00:00","MAC-11","108.01","303.48","0.773"
"SENS-3829","2025-08-22 05:00:00","MAC-10","119.09","325.09","1.237"
"SENS-3830","2025-08-22 05:00:00","MAC-11","91.35","336.87","1.337"
"SENS-3831","2025-08-22 06:00:00","MAC-10","101.15","340.88","0.99"
"SENS-3832","2025-08-22 06:00:00","MAC-11","89.52","341.27","0.529"
"SENS-3833","2025-08-22 07:00:00","MAC-10","89.02","341.31","0.848"
"SENS-3834","2025-08-22 07:00:00","MAC-11","91.34","346.48","0.838"
"SENS-3835","2025-08-22 08:00:00","MAC-10","117.27","334.17","1.402"
"SENS-3836","2025-08-22 08:00:00","MAC-11","83.94","314.06","0.681"
"SENS-3837","2025-08-22 09:00:00","MAC-10","101.82","334.01","1.357"
"SENS-3838","2025-08-22 09:00:00","MAC-11","100.15","312.4","0.907"
"SENS-3839","2025-08-22 10:00:00","MAC-10","99.6","300.47","0.969"
"SENS-3840","2025-08-22 10:00:00","MAC-11","80.54","314.26","0.582"
"SENS-3841","2025-10-08 00:00:00","MAC-20","99.03","306.76","0.808"
"SENS-3842","2025-10-08 00:00:00","MAC-21","104.03","342.6","0.565"
"SENS-3843","2025-10-08 01:00:00","MAC-20","106.53","317.17","0.923"
"SENS-3844","2025-10-08 01:00:00","MAC-21","112.93","327","1.493"
"SENS-3845","2025-10-08 02:00:00","MAC-20","101.71","332.97","0.618"
"SENS-3846","2025-10-08 02:00:00","MAC-21","107.09","304.49","0.794"
"SENS-3847","2025-10-08 03:00:00","MAC-20","100.38","324.14","0.759"
"SENS-3848","2025-10-08 03:00:00","MAC-21","103.89","310.39","1.273"
"SENS-3849","2025-10-08 04:00:00","MAC-20","107.53","340.04","0.744"
"SENS-3850","2025-10-08 04:00:00","MAC-21","93.34","308.78","0.775"
"SENS-3851","2025-10-08 05:00:00","MAC-20","88.6","330.3","1.359"
"SENS-3852","2025-10-08 05:00:00","MAC-21","118.27","317.44","0.862"
"SENS-3853","2025-10-08 06:00:00","MAC-20","84.46","305.76","1.036"
"SENS-3854","2025-10-08 06:00:00","MAC-21","88.76","341.98","0.55"
"SENS-3855","2025-06-14 00:00:00","MAC-20","85.41","301.74","0.636"
"SENS-3856","2025-06-14 00:00:00","MAC-21","119.93","328.81","0.9"
"SENS-3857","2025-06-14 01:00:00","MAC-20","94.75","333.04","0.972"
"SENS-3858","2025-06-14 01:00:00","MAC-21","94.82","341.29","0.548"
"SENS-3859","2025-06-14 02:00:00","MAC-20","93","346.51","1.268"
"SENS-3860","2025-06-14 02:00:00","MAC-21","116.39","306.08","0.812"
"SENS-3861","2025-06-14 03:00:00","MAC-20","86.65","347.65","0.68"
"SENS-3862","2025-06-14 03:00:00","MAC-21","102.88","309.89","0.92"
"SENS-3863","2025-06-14 04:00:00","MAC-20","105.7","345.07","1.446"
"SENS-3864","2025-06-14 04:00:00","MAC-21","111.31","342.08","0.779"
"SENS-3865","2025-06-14 05:00:00","MAC-20","87.66","309.4","0.977"
"SENS-3866","2025-06-14 05:00:00","MAC-21","98.77","347.45","0.834"
"SENS-3867","2025-06-14 06:00:00","MAC-20","105.47","346.57","0.799"
"SENS-3868","2025-06-14 06:00:00","MAC-21","84.82","334.68","1.282"
"SENS-3869","2025-06-14 07:00:00","MAC-20","115.45","348.63","1.326"
"SENS-3870","2025-06-14 07:00:00","MAC-21","114.3","339.78","1.125"
"SENS-3871","2025-06-14 08:00:00","MAC-20","92.07","301.22","1.261"
"SENS-3872","2025-06-14 08:00:00","MAC-21","90.92","302.54","0.85"
"SENS-3873","2025-06-14 09:00:00","MAC-20","106.5","300.58","0.502"
"SENS-3874","2025-06-14 09:00:00","MAC-21","87.6","338.04","1.257"
"SENS-3875","2025-06-14 10:00:00","MAC-20","93.5","345.92","0.962"
"SENS-3876","2025-06-14 10:00:00","MAC-21","84.49","307.14","0.503"
"SENS-3877","2025-06-14 11:00:00","MAC-20","118.12","313.23","0.574"
"SENS-3878","2025-06-14 11:00:00","MAC-21","112.28","323.04","1.351"
"SENS-3879","2025-06-14 12:00:00","MAC-20","89.19","337.37","1.238"
"SENS-3880","2025-06-14 12:00:00","MAC-21","105.97","338.76","0.867"
"SENS-3881","2025-06-14 13:00:00","MAC-20","97.38","339.87","0.793"
"SENS-3882","2025-06-14 13:00:00","MAC-21","97.71","319.62","0.764"
"SENS-3883","2025-04-14 00:00:00","MAC-30","89.03","339.74","1.009"
"SENS-3884","2025-04-14 00:00:00","MAC-31","89.61","318.57","0.711"
"SENS-3885","2025-04-14 01:00:00","MAC-30","94.65","327.22","0.569"
"SENS-3886","2025-04-14 01:00:00","MAC-31","110.58","315.72","0.815"
"SENS-3887","2025-04-14 02:00:00","MAC-30","91.86","329.32","0.593"
"SENS-3888","2025-04-14 02:00:00","MAC-31","103.91","339.36","1.391"
"SENS-3889","2025-10-12 00:00:00","MAC-20","88.23","320.48","0.752"
"SENS-3890","2025-10-12 00:00:00","MAC-21","111.9","302.87","0.931"
"SENS-3891","2025-10-12 01:00:00","MAC-20","91.74","301.49","1.14"
"SENS-3892","2025-10-12 01:00:00","MAC-21","94.68","345.93","1.056"
"SENS-3893","2025-10-12 02:00:00","MAC-20","90.3","307.65","1.144"
"SENS-3894","2025-10-12 02:00:00","MAC-21","117.92","334.36","1.437"
"SENS-3895","2025-05-14 00:00:00","MAC-30","101.93","313.98","0.556"
"SENS-3896","2025-05-14 00:00:00","MAC-31","102.86","327.55","0.797"
"SENS-3897","2025-05-14 01:00:00","MAC-30","101.65","341.3","1.099"
"SENS-3898","2025-05-14 01:00:00","MAC-31","83.94","322.77","1.452"
"SENS-3899","2025-05-14 02:00:00","MAC-30","115.43","342.52","0.816"
"SENS-3900","2025-05-14 02:00:00","MAC-31","116.48","315.23","0.956"
"SENS-3901","2025-05-14 03:00:00","MAC-30","103.3","331.73","0.697"
"SENS-3902","2025-05-14 03:00:00","MAC-31","89.21","347.49","1.064"
"SENS-3903","2025-05-14 04:00:00","MAC-30","107.54","303.28","1.237"
"SENS-3904","2025-05-14 04:00:00","MAC-31","82.37","325.39","0.786"
"SENS-3905","2025-05-14 05:00:00","MAC-30","106.49","330.25","0.765"
"SENS-3906","2025-05-14 05:00:00","MAC-31","105.41","333.1","1.416"
"SENS-3907","2025-05-14 06:00:00","MAC-30","117.98","323.03","0.746"
"SENS-3908","2025-05-14 06:00:00","MAC-31","83.31","338.04","1.092"
"SENS-3909","2025-08-15 00:00:00","MAC-10","112.53","310.94","1.037"
"SENS-3910","2025-08-15 00:00:00","MAC-11","84.2","302.2","0.672"
"SENS-3911","2025-08-15 01:00:00","MAC-10","107.23","339.41","1.05"
"SENS-3912","2025-08-15 01:00:00","MAC-11","85.56","338.4","0.577"
"SENS-3913","2025-08-15 02:00:00","MAC-10","96.19","349.21","1.117"
"SENS-3914","2025-08-15 02:00:00","MAC-11","107.88","314.28","0.949"
"SENS-3915","2025-08-15 03:00:00","MAC-10","82.39","307.19","0.609"
"SENS-3916","2025-08-15 03:00:00","MAC-11","108.06","344.06","1.391"
"SENS-3917","2025-08-15 04:00:00","MAC-10","111.22","334.97","1.065"
"SENS-3918","2025-08-15 04:00:00","MAC-11","105.49","333.69","1.219"
"SENS-3919","2025-08-15 05:00:00","MAC-10","90.3","337.68","1.11"
"SENS-3920","2025-08-15 05:00:00","MAC-11","98.31","343.22","0.79"
"SENS-3921","2025-08-15 06:00:00","MAC-10","109.25","317.85","0.747"
"SENS-3922","2025-08-15 06:00:00","MAC-11","88.91","341.91","1.392"
"SENS-3923","2025-08-15 07:00:00","MAC-10","104.66","329.45","0.815"
"SENS-3924","2025-08-15 07:00:00","MAC-11","81.09","301.52","0.943"
"SENS-3925","2025-08-15 08:00:00","MAC-10","109.14","301.47","0.744"
"SENS-3926","2025-08-15 08:00:00","MAC-11","92.74","343.26","1.178"
"SENS-3927","2025-08-15 09:00:00","MAC-10","81.47","311.27","1.382"
"SENS-3928","2025-08-15 09:00:00","MAC-11","87.22","302.11","1.292"
"SENS-3929","2025-09-12 00:00:00","MAC-20","112.79","315.82","0.612"
"SENS-3930","2025-09-12 00:00:00","MAC-21","105.15","315.29","0.865"
"SENS-3931","2025-09-12 01:00:00","MAC-20","106.04","321.57","1.424"
"SENS-3932","2025-09-12 01:00:00","MAC-21","97.4","316.36","0.794"
"SENS-3933","2025-09-12 02:00:00","MAC-20","89.32","348.5","0.659"
"SENS-3934","2025-09-12 02:00:00","MAC-21","116.67","348.77","1.471"
"SENS-3935","2025-09-12 03:00:00","MAC-20","102.59","324.18","1.445"
"SENS-3936","2025-09-12 03:00:00","MAC-21","93.39","328.74","1.415"
"SENS-3937","2025-09-12 04:00:00","MAC-20","111.19","321.58","0.573"
"SENS-3938","2025-09-12 04:00:00","MAC-21","118.24","336.46","1.392"
"SENS-3939","2025-10-24 00:00:00","MAC-20","105.54","319.98","1.479"
"SENS-3940","2025-10-24 00:00:00","MAC-21","116.38","302.18","1.333"
"SENS-3941","2025-10-24 01:00:00","MAC-20","87.26","315.73","0.861"
"SENS-3942","2025-10-24 01:00:00","MAC-21","92.28","337.74","0.521"
"SENS-3943","2025-10-24 02:00:00","MAC-20","95.76","315.61","0.71"
"SENS-3944","2025-10-24 02:00:00","MAC-21","94.76","324.14","1.459"
"SENS-3945","2025-10-24 03:00:00","MAC-20","88.79","324.13","0.734"
"SENS-3946","2025-10-24 03:00:00","MAC-21","82.89","323.94","1.286"
"SENS-3947","2025-10-24 04:00:00","MAC-20","114.73","305.42","1.063"
"SENS-3948","2025-10-24 04:00:00","MAC-21","107.38","326.6","0.7"
"SENS-3949","2025-10-24 05:00:00","MAC-20","86.9","338.4","1.11"
"SENS-3950","2025-10-24 05:00:00","MAC-21","114.65","316.94","1.489"
"SENS-3951","2025-08-03 00:00:00","MAC-20","85.51","337.33","0.969"
"SENS-3952","2025-08-03 00:00:00","MAC-21","117.19","306.16","0.502"
"SENS-3953","2025-08-03 01:00:00","MAC-20","87.48","306.63","1.497"
"SENS-3954","2025-08-03 01:00:00","MAC-21","93.75","305.63","0.58"
"SENS-3955","2025-08-03 02:00:00","MAC-20","94.73","306.08","1.395"
"SENS-3956","2025-08-03 02:00:00","MAC-21","109.16","322.21","1.357"
"SENS-3957","2025-08-03 03:00:00","MAC-20","90.32","321.96","1.305"
"SENS-3958","2025-08-03 03:00:00","MAC-21","85.46","314.51","1.307"
"SENS-3959","2025-08-03 04:00:00","MAC-20","99.14","319.46","1.339"
"SENS-3960","2025-08-03 04:00:00","MAC-21","95.28","332.95","0.7"
"SENS-3961","2025-08-03 05:00:00","MAC-20","119.52","304.87","0.645"
"SENS-3962","2025-08-03 05:00:00","MAC-21","104.08","324.8","0.959"
"SENS-3963","2025-08-03 06:00:00","MAC-20","83.44","319.51","0.527"
"SENS-3964","2025-08-03 06:00:00","MAC-21","94.57","329.78","1.154"
"SENS-3965","2025-08-03 07:00:00","MAC-20","117.77","306.6","1.195"
"SENS-3966","2025-08-03 07:00:00","MAC-21","107.21","341.58","1.078"
"SENS-3967","2025-08-03 08:00:00","MAC-20","86.45","301.92","1.184"
"SENS-3968","2025-08-03 08:00:00","MAC-21","118.67","325.52","0.693"
"SENS-3969","2025-08-03 09:00:00","MAC-20","100.58","349.43","0.596"
"SENS-3970","2025-08-03 09:00:00","MAC-21","102.64","345.15","0.875"
"SENS-3971","2025-08-03 10:00:00","MAC-20","107.7","328.33","1.361"
"SENS-3972","2025-08-03 10:00:00","MAC-21","118.69","325.77","1.203"
"SENS-3973","2025-08-03 11:00:00","MAC-20","90.53","324.86","1.236"
"SENS-3974","2025-08-03 11:00:00","MAC-21","110.17","332.91","1.326"
"SENS-3975","2025-08-03 12:00:00","MAC-20","103.06","313.6","1.433"
"SENS-3976","2025-08-03 12:00:00","MAC-21","93.02","333.34","1.138"
"SENS-3977","2025-10-26 00:00:00","MAC-10","82.53","310.73","0.984"
"SENS-3978","2025-10-26 00:00:00","MAC-11","91.82","328.5","0.541"
"SENS-3979","2025-10-26 01:00:00","MAC-10","83.61","340.37","0.776"
"SENS-3980","2025-10-26 01:00:00","MAC-11","112.71","312.65","0.847"
"SENS-3981","2025-10-26 02:00:00","MAC-10","114.22","330.48","1.074"
"SENS-3982","2025-10-26 02:00:00","MAC-11","97.58","322.8","0.678"
"SENS-3983","2025-10-26 03:00:00","MAC-10","91.31","336.76","0.637"
"SENS-3984","2025-10-26 03:00:00","MAC-11","109.3","326.83","0.559"
"SENS-3985","2025-10-26 04:00:00","MAC-10","95.2","336.04","1.088"
"SENS-3986","2025-10-26 04:00:00","MAC-11","109.85","322.8","0.91"
"SENS-3987","2025-10-26 05:00:00","MAC-10","119.01","346.07","1.24"
"SENS-3988","2025-10-26 05:00:00","MAC-11","81.29","331.5","1.352"
"SENS-3989","2025-10-26 06:00:00","MAC-10","100.73","320.88","1.405"
"SENS-3990","2025-10-26 06:00:00","MAC-11","92.99","307.01","1.406"
"SENS-3991","2025-10-26 07:00:00","MAC-10","104.98","327.24","0.766"
"SENS-3992","2025-10-26 07:00:00","MAC-11","81.37","312.08","0.932"
"SENS-3993","2025-10-26 08:00:00","MAC-10","105.6","333.52","0.602"
"SENS-3994","2025-10-26 08:00:00","MAC-11","82.62","324.31","1.244"
"SENS-3995","2025-10-26 09:00:00","MAC-10","98.36","321.52","1.231"
"SENS-3996","2025-10-26 09:00:00","MAC-11","81.1","332.39","1.052"
"SENS-3997","2025-10-26 10:00:00","MAC-10","104.07","348.84","0.92"
"SENS-3998","2025-10-26 10:00:00","MAC-11","89.02","300.92","1.099"
"SENS-3999","2025-04-18 00:00:00","MAC-10","95.21","300.96","1.288"
"SENS-4000","2025-04-18 00:00:00","MAC-11","95.2","324.44","0.521"
"SENS-4001","2025-04-18 01:00:00","MAC-10","91.59","332.98","0.666"
"SENS-4002","2025-04-18 01:00:00","MAC-11","115.93","333.15","0.559"
"SENS-4003","2025-04-18 02:00:00","MAC-10","90.94","300.37","1.193"
"SENS-4004","2025-04-18 02:00:00","MAC-11","81.05","302.97","0.741"
"SENS-4005","2025-04-18 03:00:00","MAC-10","84.4","330.14","1.217"
"SENS-4006","2025-04-18 03:00:00","MAC-11","119.06","328.2","1.035"
"SENS-4007","2025-04-18 04:00:00","MAC-10","101.88","339.75","1.124"
"SENS-4008","2025-04-18 04:00:00","MAC-11","110.46","338.43","1.295"
"SENS-4009","2025-04-18 05:00:00","MAC-10","105.39","333.26","0.934"
"SENS-4010","2025-04-18 05:00:00","MAC-11","104.7","306.99","1.169"
"SENS-4011","2025-04-18 06:00:00","MAC-10","115.22","314.88","0.984"
"SENS-4012","2025-04-18 06:00:00","MAC-11","112.78","329.18","1.082"
"SENS-4013","2025-04-18 07:00:00","MAC-10","119.9","348.53","0.955"
"SENS-4014","2025-04-18 07:00:00","MAC-11","106.83","346.96","0.711"
"SENS-4015","2025-04-18 08:00:00","MAC-10","114.57","349.73","1.176"
"SENS-4016","2025-04-18 08:00:00","MAC-11","98.7","312.25","0.866"
"SENS-4017","2026-01-02 00:00:00","MAC-10","100.04","303.79","1.266"
"SENS-4018","2026-01-02 00:00:00","MAC-11","86.09","343.36","0.958"
"SENS-4019","2026-01-02 01:00:00","MAC-10","116.88","317.44","1.311"
"SENS-4020","2026-01-02 01:00:00","MAC-11","81.49","343.69","0.618"
"SENS-4021","2026-01-02 02:00:00","MAC-10","98.42","306.89","1.111"
"SENS-4022","2026-01-02 02:00:00","MAC-11","118.7","322.74","0.611"
"SENS-4023","2026-01-02 03:00:00","MAC-10","98.51","332.64","1.073"
"SENS-4024","2026-01-02 03:00:00","MAC-11","91.76","334.34","0.618"
"SENS-4025","2026-01-02 04:00:00","MAC-10","97.96","346.49","1.273"
"SENS-4026","2026-01-02 04:00:00","MAC-11","109.53","309.46","1.244"
"SENS-4027","2026-01-02 05:00:00","MAC-10","83.27","335.08","0.894"
"SENS-4028","2026-01-02 05:00:00","MAC-11","117.07","333.51","1.16"
"SENS-4029","2026-01-02 06:00:00","MAC-10","105.8","310.26","1.457"
"SENS-4030","2026-01-02 06:00:00","MAC-11","92.42","332.65","1.34"
"SENS-4031","2026-01-02 07:00:00","MAC-10","101.52","325.73","0.947"
"SENS-4032","2026-01-02 07:00:00","MAC-11","82.51","345.88","0.859"
"SENS-4033","2026-01-02 08:00:00","MAC-10","96.85","303.5","1.196"
"SENS-4034","2026-01-02 08:00:00","MAC-11","101.8","326.63","0.634"
"SENS-4035","2025-09-27 00:00:00","MAC-20","116.33","335.97","1.446"
"SENS-4036","2025-09-27 00:00:00","MAC-21","96.58","317.65","1.136"
"SENS-4037","2025-09-27 01:00:00","MAC-20","94.53","346.86","0.636"
"SENS-4038","2025-09-27 01:00:00","MAC-21","96.17","319.93","1.19"
"SENS-4039","2025-09-27 02:00:00","MAC-20","108.09","308.86","0.504"
"SENS-4040","2025-09-27 02:00:00","MAC-21","109.99","321.1","0.828"
"SENS-4041","2025-09-27 03:00:00","MAC-20","88.13","300.48","0.953"
"SENS-4042","2025-09-27 03:00:00","MAC-21","113.67","343.41","1.091"
"SENS-4043","2025-09-27 04:00:00","MAC-20","85.46","343.08","1.013"
"SENS-4044","2025-09-27 04:00:00","MAC-21","91.21","312.38","0.558"
"SENS-4045","2025-09-27 05:00:00","MAC-20","109.49","347.24","0.783"
"SENS-4046","2025-09-27 05:00:00","MAC-21","94.24","339.42","1.474"
"SENS-4047","2026-03-10 00:00:00","MAC-30","89.88","336.88","1.159"
"SENS-4048","2026-03-10 00:00:00","MAC-31","91.41","321.6","0.783"
"SENS-4049","2026-03-10 01:00:00","MAC-30","93.02","333.18","0.634"
"SENS-4050","2026-03-10 01:00:00","MAC-31","117.31","315.18","1.208"
"SENS-4051","2026-03-10 02:00:00","MAC-30","115.59","326.38","0.526"
"SENS-4052","2026-03-10 02:00:00","MAC-31","113.82","312.64","1.009"
"SENS-4053","2026-03-10 03:00:00","MAC-30","109.61","324.14","0.952"
"SENS-4054","2026-03-10 03:00:00","MAC-31","88.33","341.45","0.82"
"SENS-4055","2026-03-10 04:00:00","MAC-30","99.63","343.7","1.281"
"SENS-4056","2026-03-10 04:00:00","MAC-31","92.95","336.31","0.8"
"SENS-4057","2026-03-10 05:00:00","MAC-30","105.68","337.04","0.782"
"SENS-4058","2026-03-10 05:00:00","MAC-31","118.76","342.9","1.367"
"SENS-4059","2026-03-10 06:00:00","MAC-30","109.84","318.61","0.845"
"SENS-4060","2026-03-10 06:00:00","MAC-31","109.26","334.92","0.623"
"SENS-4061","2026-03-10 07:00:00","MAC-30","111.02","348.17","1.086"
"SENS-4062","2026-03-10 07:00:00","MAC-31","109.7","346.65","1.031"
"SENS-4063","2026-03-10 08:00:00","MAC-30","93.85","334.36","1.189"
"SENS-4064","2026-03-10 08:00:00","MAC-31","84.31","309.92","0.509"
"SENS-4065","2025-08-30 00:00:00","MAC-30","118.54","311.21","0.628"
"SENS-4066","2025-08-30 00:00:00","MAC-31","108.32","349.04","1.088"
"SENS-4067","2025-08-30 01:00:00","MAC-30","115.98","318.11","0.668"
"SENS-4068","2025-08-30 01:00:00","MAC-31","90.28","327.74","0.709"
"SENS-4069","2025-08-30 02:00:00","MAC-30","118.98","345.65","1.295"
"SENS-4070","2025-08-30 02:00:00","MAC-31","82.53","347.46","0.536"
"SENS-4071","2025-08-30 03:00:00","MAC-30","110.94","347.73","1.168"
"SENS-4072","2025-08-30 03:00:00","MAC-31","115.7","328.55","1.411"
"SENS-4073","2025-08-30 04:00:00","MAC-30","81.68","333.83","0.81"
"SENS-4074","2025-08-30 04:00:00","MAC-31","92.93","306.02","1.213"
"SENS-4075","2025-08-30 05:00:00","MAC-30","101.6","317.02","0.555"
"SENS-4076","2025-08-30 05:00:00","MAC-31","90.88","349.97","0.742"
"SENS-4077","2025-08-30 06:00:00","MAC-30","84.15","333.29","1.037"
"SENS-4078","2025-08-30 06:00:00","MAC-31","98.35","313.03","0.808"
"SENS-4079","2025-08-30 07:00:00","MAC-30","100.79","308.21","1.474"
"SENS-4080","2025-08-30 07:00:00","MAC-31","114.58","311.84","0.583"
"SENS-4081","2025-08-30 08:00:00","MAC-30","93.76","322.77","0.528"
"SENS-4082","2025-08-30 08:00:00","MAC-31","114.94","338.18","1.271"
"SENS-4083","2025-08-30 09:00:00","MAC-30","105.11","304.64","1.427"
"SENS-4084","2025-08-30 09:00:00","MAC-31","118.07","318.3","0.832"
"SENS-4085","2025-08-30 10:00:00","MAC-30","119.29","326.42","0.954"
"SENS-4086","2025-08-30 10:00:00","MAC-31","114.01","309.73","0.78"
"SENS-4087","2025-08-30 11:00:00","MAC-30","87.44","317.37","1.146"
"SENS-4088","2025-08-30 11:00:00","MAC-31","110.93","300.41","1.472"
"SENS-4089","2025-08-30 12:00:00","MAC-30","81.93","349.51","1.007"
"SENS-4090","2025-08-30 12:00:00","MAC-31","92.09","345.62","0.802"
"SENS-4091","2025-08-30 13:00:00","MAC-30","83.81","344.91","1.257"
"SENS-4092","2025-08-30 13:00:00","MAC-31","111.92","339.02","1.234"
"SENS-4093","2025-07-29 00:00:00","MAC-10","119.6","314.21","0.689"
"SENS-4094","2025-07-29 00:00:00","MAC-11","100.15","340.86","1.143"
"SENS-4095","2025-07-29 01:00:00","MAC-10","108.76","328.52","0.894"
"SENS-4096","2025-07-29 01:00:00","MAC-11","108.12","329.88","1.391"
"SENS-4097","2025-07-29 02:00:00","MAC-10","89.79","306.78","1.321"
"SENS-4098","2025-07-29 02:00:00","MAC-11","112.31","345.46","0.817"
"SENS-4099","2025-07-29 03:00:00","MAC-10","101.74","349.78","1.191"
"SENS-4100","2025-07-29 03:00:00","MAC-11","110.32","325.43","1.037"
"SENS-4101","2025-07-29 04:00:00","MAC-10","114.48","324.57","0.698"
"SENS-4102","2025-07-29 04:00:00","MAC-11","102.86","314.11","0.945"
"SENS-4103","2025-07-29 05:00:00","MAC-10","83.1","333.46","1.004"
"SENS-4104","2025-07-29 05:00:00","MAC-11","118.39","349.57","1.128"
"SENS-4105","2025-09-15 00:00:00","MAC-10","82.55","340.15","0.911"
"SENS-4106","2025-09-15 00:00:00","MAC-11","100.49","300.63","0.918"
"SENS-4107","2025-09-15 01:00:00","MAC-10","95.22","314.39","1.387"
"SENS-4108","2025-09-15 01:00:00","MAC-11","83.73","327.45","0.522"
"SENS-4109","2025-10-05 00:00:00","MAC-30","93.51","335.32","0.981"
"SENS-4110","2025-10-05 00:00:00","MAC-31","113","308.56","1.052"
"SENS-4111","2025-10-05 01:00:00","MAC-30","88.16","326.12","1.266"
"SENS-4112","2025-10-05 01:00:00","MAC-31","96.58","309.16","0.696"
"SENS-4113","2025-10-05 02:00:00","MAC-30","98.19","312.49","0.678"
"SENS-4114","2025-10-05 02:00:00","MAC-31","98.06","331.63","1.355"
"SENS-4115","2025-10-05 03:00:00","MAC-30","111.18","312.68","0.643"
"SENS-4116","2025-10-05 03:00:00","MAC-31","94.45","325.24","0.961"
"SENS-4117","2025-10-05 04:00:00","MAC-30","113.01","317.71","1.425"
"SENS-4118","2025-10-05 04:00:00","MAC-31","102.63","339.83","0.687"
"SENS-4119","2025-10-05 05:00:00","MAC-30","106.69","346.49","1.08"
"SENS-4120","2025-10-05 05:00:00","MAC-31","106.27","304.33","1.17"
"SENS-4121","2025-10-05 06:00:00","MAC-30","118.47","325.14","0.519"
"SENS-4122","2025-10-05 06:00:00","MAC-31","81.27","327.34","0.684"
"SENS-4123","2025-10-05 07:00:00","MAC-30","93.39","331.38","0.562"
"SENS-4124","2025-10-05 07:00:00","MAC-31","108.72","301.53","1.056"
"SENS-4125","2025-10-05 08:00:00","MAC-30","94.74","344.72","1.436"
"SENS-4126","2025-10-05 08:00:00","MAC-31","100.52","324.45","0.551"
"SENS-4127","2025-10-05 09:00:00","MAC-30","105.41","317.98","0.871"
"SENS-4128","2025-10-05 09:00:00","MAC-31","104","304.59","1.346"
"SENS-4129","2025-10-05 10:00:00","MAC-30","80.1","302.94","1.481"
"SENS-4130","2025-10-05 10:00:00","MAC-31","90.53","333.66","0.973"
"SENS-4131","2025-10-05 11:00:00","MAC-30","92.2","345.12","1.304"
"SENS-4132","2025-10-05 11:00:00","MAC-31","106.85","337.02","1.272"
"SENS-4133","2026-03-05 00:00:00","MAC-30","84.77","310.36","0.76"
"SENS-4134","2026-03-05 00:00:00","MAC-31","106.1","348.65","0.897"
"SENS-4135","2026-03-05 01:00:00","MAC-30","113.75","325.81","1.377"
"SENS-4136","2026-03-05 01:00:00","MAC-31","118.22","344.38","0.961"
"SENS-4137","2026-03-05 02:00:00","MAC-30","111.23","342.32","0.796"
"SENS-4138","2026-03-05 02:00:00","MAC-31","84.98","332.03","0.772"
"SENS-4139","2026-03-05 03:00:00","MAC-30","95.25","307.47","0.925"
"SENS-4140","2026-03-05 03:00:00","MAC-31","105.54","348.22","0.71"
"SENS-4141","2026-03-05 04:00:00","MAC-30","98.11","303.58","1.464"
"SENS-4142","2026-03-05 04:00:00","MAC-31","107.54","303.97","0.796"
"SENS-4143","2026-03-05 05:00:00","MAC-30","103.93","302.3","1.289"
"SENS-4144","2026-03-05 05:00:00","MAC-31","105.26","343.32","0.539"
"SENS-4145","2026-03-05 06:00:00","MAC-30","87.75","337.77","0.704"
"SENS-4146","2026-03-05 06:00:00","MAC-31","94.91","344.36","1.466"
"SENS-4147","2026-03-05 07:00:00","MAC-30","90.54","324.43","1.29"
"SENS-4148","2026-03-05 07:00:00","MAC-31","117.68","323.16","0.875"
"SENS-4149","2026-03-05 08:00:00","MAC-30","87.3","328.86","1.288"
"SENS-4150","2026-03-05 08:00:00","MAC-31","110.33","323.07","1.479"
"SENS-4151","2026-03-05 09:00:00","MAC-30","93.77","346.13","0.676"
"SENS-4152","2026-03-05 09:00:00","MAC-31","84.87","349.15","1.36"
"SENS-4153","2026-03-05 10:00:00","MAC-30","102.92","327.83","1.394"
"SENS-4154","2026-03-05 10:00:00","MAC-31","106.12","305.55","0.9"
"SENS-4155","2026-02-19 00:00:00","MAC-20","85.47","337.8","0.662"
"SENS-4156","2026-02-19 00:00:00","MAC-21","91.81","335.38","0.635"
"SENS-4157","2026-02-19 01:00:00","MAC-20","83.21","346.28","0.947"
"SENS-4158","2026-02-19 01:00:00","MAC-21","113.04","326.81","0.575"
"SENS-4159","2026-02-19 02:00:00","MAC-20","90.26","339.15","1.054"
"SENS-4160","2026-02-19 02:00:00","MAC-21","81.57","314.9","1.102"
"SENS-4161","2026-02-19 03:00:00","MAC-20","85.45","346.44","1.166"
"SENS-4162","2026-02-19 03:00:00","MAC-21","107.66","320.03","0.61"
"SENS-4163","2026-02-19 04:00:00","MAC-20","85.56","327.44","1.152"
"SENS-4164","2026-02-19 04:00:00","MAC-21","103.4","338.93","1.136"
"SENS-4165","2026-02-19 05:00:00","MAC-20","84.3","314.69","1.19"
"SENS-4166","2026-02-19 05:00:00","MAC-21","85.11","330.92","0.547"
"SENS-4167","2026-02-19 06:00:00","MAC-20","113.44","318.25","0.879"
"SENS-4168","2026-02-19 06:00:00","MAC-21","112.08","334.63","0.639"
"SENS-4169","2026-02-19 07:00:00","MAC-20","96.79","322.76","0.728"
"SENS-4170","2026-02-19 07:00:00","MAC-21","112.76","337.85","0.871"
"SENS-4171","2026-02-19 08:00:00","MAC-20","92.84","307.08","1.491"
"SENS-4172","2026-02-19 08:00:00","MAC-21","113.01","304.69","0.565"
"SENS-4173","2025-12-25 00:00:00","MAC-20","98.74","344.41","0.896"
"SENS-4174","2025-12-25 00:00:00","MAC-21","106.3","303.24","0.936"
"SENS-4175","2025-12-25 01:00:00","MAC-20","95.5","309.93","0.677"
"SENS-4176","2025-12-25 01:00:00","MAC-21","93.69","323.22","1.064"
"SENS-4177","2025-12-25 02:00:00","MAC-20","107.99","325.19","1.179"
"SENS-4178","2025-12-25 02:00:00","MAC-21","110.82","303.04","1.449"
"SENS-4179","2025-12-25 03:00:00","MAC-20","115.39","333.51","0.544"
"SENS-4180","2025-12-25 03:00:00","MAC-21","88.82","302.16","0.999"
"SENS-4181","2025-12-25 04:00:00","MAC-20","105.19","347.42","0.667"
"SENS-4182","2025-12-25 04:00:00","MAC-21","91.72","309.7","0.533"
"SENS-4183","2025-12-25 05:00:00","MAC-20","113.41","312.27","0.566"
"SENS-4184","2025-12-25 05:00:00","MAC-21","102.89","306.3","0.954"
"SENS-4185","2025-12-25 06:00:00","MAC-20","109.94","348.56","0.568"
"SENS-4186","2025-12-25 06:00:00","MAC-21","87.15","343.17","0.515"
"SENS-4187","2025-12-25 07:00:00","MAC-20","86.46","337.36","1.359"
"SENS-4188","2025-12-25 07:00:00","MAC-21","94.29","335.09","0.616"
"SENS-4189","2026-02-27 00:00:00","MAC-30","90.87","305.35","1.157"
"SENS-4190","2026-02-27 00:00:00","MAC-31","106.77","305.92","1.155"
"SENS-4191","2026-02-27 01:00:00","MAC-30","93.29","307.78","0.683"
"SENS-4192","2026-02-27 01:00:00","MAC-31","89.79","332.32","1.424"
"SENS-4193","2026-02-27 02:00:00","MAC-30","101.74","342.27","1.343"
"SENS-4194","2026-02-27 02:00:00","MAC-31","88.36","334.4","0.672"
"SENS-4195","2026-02-27 03:00:00","MAC-30","118.4","310.97","0.69"
"SENS-4196","2026-02-27 03:00:00","MAC-31","113.28","342.01","1.085"
"SENS-4197","2026-02-27 04:00:00","MAC-30","92.04","344.71","1.478"
"SENS-4198","2026-02-27 04:00:00","MAC-31","107.85","331.21","1.085"
"SENS-4199","2026-02-27 05:00:00","MAC-30","113.68","305.54","0.808"
"SENS-4200","2026-02-27 05:00:00","MAC-31","109.75","345.2","0.601"
"SENS-4201","2026-02-27 06:00:00","MAC-30","111.3","321.24","1.11"
"SENS-4202","2026-02-27 06:00:00","MAC-31","115.41","322.66","1.204"
"SENS-4203","2026-02-27 07:00:00","MAC-30","105.5","326","1.302"
"SENS-4204","2026-02-27 07:00:00","MAC-31","81.56","303.45","0.595"
"SENS-4205","2026-02-27 08:00:00","MAC-30","96.11","340.54","0.601"
"SENS-4206","2026-02-27 08:00:00","MAC-31","105.32","337.45","1.457"
"SENS-4207","2025-04-23 00:00:00","MAC-10","80.62","300.79","0.706"
"SENS-4208","2025-04-23 00:00:00","MAC-11","111.81","321.95","0.96"
"SENS-4209","2025-04-23 01:00:00","MAC-10","114.84","305.91","0.606"
"SENS-4210","2025-04-23 01:00:00","MAC-11","96.73","315.5","1.048"
"SENS-4211","2025-04-23 02:00:00","MAC-10","90.44","329.75","1.071"
"SENS-4212","2025-04-23 02:00:00","MAC-11","119.55","348.7","1.143"
"SENS-4213","2025-04-23 03:00:00","MAC-10","106.77","346.05","0.772"
"SENS-4214","2025-04-23 03:00:00","MAC-11","93.27","340.19","0.626"
"SENS-4215","2025-04-23 04:00:00","MAC-10","112.55","330.62","0.699"
"SENS-4216","2025-04-23 04:00:00","MAC-11","82.94","301.52","0.817"
"SENS-4217","2025-04-23 05:00:00","MAC-10","87.79","347.88","1.208"
"SENS-4218","2025-04-23 05:00:00","MAC-11","90.53","307.13","1.406"
"SENS-4219","2026-02-23 00:00:00","MAC-20","100.72","346.54","1.221"
"SENS-4220","2026-02-23 00:00:00","MAC-21","107.82","331.27","0.735"
"SENS-4221","2026-02-23 01:00:00","MAC-20","101.67","330.03","0.705"
"SENS-4222","2026-02-23 01:00:00","MAC-21","113.88","343.08","0.745"
"SENS-4223","2026-02-23 02:00:00","MAC-20","84.74","302.53","1.441"
"SENS-4224","2026-02-23 02:00:00","MAC-21","109.22","307.71","1.38"
"SENS-4225","2026-02-23 03:00:00","MAC-20","84.78","347.65","0.975"
"SENS-4226","2026-02-23 03:00:00","MAC-21","112.44","309.13","0.523"
"SENS-4227","2026-02-23 04:00:00","MAC-20","99.16","345.55","0.535"
"SENS-4228","2026-02-23 04:00:00","MAC-21","119.67","319.8","1.491"
"SENS-4229","2026-02-23 05:00:00","MAC-20","119.4","331.61","1.243"
"SENS-4230","2026-02-23 05:00:00","MAC-21","95.25","345.92","1.47"
"SENS-4231","2026-02-23 06:00:00","MAC-20","103.91","311.18","1.325"
"SENS-4232","2026-02-23 06:00:00","MAC-21","85.76","316.58","0.804"
"SENS-4233","2026-02-23 07:00:00","MAC-20","85.19","323.08","1.39"
"SENS-4234","2026-02-23 07:00:00","MAC-21","94.42","322.75","1.112"
"SENS-4235","2026-02-23 08:00:00","MAC-20","104.3","318.7","0.99"
"SENS-4236","2026-02-23 08:00:00","MAC-21","95.28","305.77","1.004"
"SENS-4237","2026-02-23 09:00:00","MAC-20","111.24","329.07","1.215"
"SENS-4238","2026-02-23 09:00:00","MAC-21","99.81","311.67","1.012"
"SENS-4239","2026-02-23 10:00:00","MAC-20","82.48","339.14","0.923"
"SENS-4240","2026-02-23 10:00:00","MAC-21","114.54","337.46","1.404"
"SENS-4241","2026-02-23 11:00:00","MAC-20","84.85","345.03","1.048"
"SENS-4242","2026-02-23 11:00:00","MAC-21","93.94","312.47","1.247"
"SENS-4243","2026-02-23 12:00:00","MAC-20","104.06","307.96","0.527"
"SENS-4244","2026-02-23 12:00:00","MAC-21","91.65","330.71","1.232"
"SENS-4245","2026-02-13 00:00:00","MAC-30","107.51","316.98","1.025"
"SENS-4246","2026-02-13 00:00:00","MAC-31","112.19","316.78","1.142"
"SENS-4247","2026-02-13 01:00:00","MAC-30","84.38","346.45","0.759"
"SENS-4248","2026-02-13 01:00:00","MAC-31","92.12","315.03","0.725"
"SENS-4249","2026-02-13 02:00:00","MAC-30","102.22","312.87","1.141"
"SENS-4250","2026-02-13 02:00:00","MAC-31","91.98","304.7","0.782"
"SENS-4251","2026-02-13 03:00:00","MAC-30","89.21","330.88","0.784"
"SENS-4252","2026-02-13 03:00:00","MAC-31","113.97","323.62","0.89"
"SENS-4253","2026-02-13 04:00:00","MAC-30","108.75","338.7","0.832"
"SENS-4254","2026-02-13 04:00:00","MAC-31","108.78","336.63","1.176"
"SENS-4255","2026-02-13 05:00:00","MAC-30","113.97","317.8","0.537"
"SENS-4256","2026-02-13 05:00:00","MAC-31","85.96","308.86","1.051"
"SENS-4257","2025-06-22 00:00:00","MAC-30","93.26","338.37","0.676"
"SENS-4258","2025-06-22 00:00:00","MAC-31","80.76","346.4","1.285"
"SENS-4259","2025-06-22 01:00:00","MAC-30","110.51","302.01","0.624"
"SENS-4260","2025-06-22 01:00:00","MAC-31","100.78","325.05","1.141"
"SENS-4261","2025-06-22 02:00:00","MAC-30","92.91","349.18","0.88"
"SENS-4262","2025-06-22 02:00:00","MAC-31","81.8","322.16","1.05"
"SENS-4263","2025-06-22 03:00:00","MAC-30","117.38","328.95","0.616"
"SENS-4264","2025-06-22 03:00:00","MAC-31","110.25","338.34","1.179"
"SENS-4265","2026-03-02 00:00:00","MAC-20","88.47","319.87","1.053"
"SENS-4266","2026-03-02 00:00:00","MAC-21","98.14","347.83","0.957"
"SENS-4267","2026-03-02 01:00:00","MAC-20","102.53","308.35","0.51"
"SENS-4268","2026-03-02 01:00:00","MAC-21","101.28","319.01","0.988"
"SENS-4269","2026-03-02 02:00:00","MAC-20","97.34","327.35","1.134"
"SENS-4270","2026-03-02 02:00:00","MAC-21","80.87","330.24","0.595"
"SENS-4271","2025-09-16 00:00:00","MAC-30","117.45","317.86","0.635"
"SENS-4272","2025-09-16 00:00:00","MAC-31","94.8","324.69","1.394"
"SENS-4273","2025-09-16 01:00:00","MAC-30","101.44","330.64","1.245"
"SENS-4274","2025-09-16 01:00:00","MAC-31","93.83","310.57","1.371"
"SENS-4275","2025-09-16 02:00:00","MAC-30","94.87","347.04","0.941"
"SENS-4276","2025-09-16 02:00:00","MAC-31","99.19","328.57","0.563"
"SENS-4277","2025-09-16 03:00:00","MAC-30","109.61","333","0.579"
"SENS-4278","2025-09-16 03:00:00","MAC-31","99.89","345.47","0.632"
"SENS-4279","2025-09-16 04:00:00","MAC-30","83.45","306.19","1.363"
"SENS-4280","2025-09-16 04:00:00","MAC-31","99.21","333.83","1.284"
"SENS-4281","2025-09-16 05:00:00","MAC-30","80.41","308.47","0.593"
"SENS-4282","2025-09-16 05:00:00","MAC-31","100.12","302.37","0.847"
"SENS-4283","2025-11-28 00:00:00","MAC-30","91.32","324.49","0.975"
"SENS-4284","2025-11-28 00:00:00","MAC-31","99.64","311.43","1.186"
"SENS-4285","2025-11-28 01:00:00","MAC-30","109.28","307.67","1.075"
"SENS-4286","2025-11-28 01:00:00","MAC-31","115.04","334.85","0.608"
"SENS-4287","2025-11-28 02:00:00","MAC-30","82.98","346.3","1.279"
"SENS-4288","2025-11-28 02:00:00","MAC-31","104.8","325.24","1.276"
"SENS-4289","2025-11-28 03:00:00","MAC-30","117.72","344.17","1.062"
"SENS-4290","2025-11-28 03:00:00","MAC-31","82.06","333.37","1.16"
"SENS-4291","2025-11-28 04:00:00","MAC-30","116.13","305.68","0.765"
"SENS-4292","2025-11-28 04:00:00","MAC-31","107.2","344.31","0.522"
"SENS-4293","2025-11-28 05:00:00","MAC-30","105.4","341.07","1.492"
"SENS-4294","2025-11-28 05:00:00","MAC-31","116.36","338.38","1.43"
"SENS-4295","2025-11-28 06:00:00","MAC-30","99.94","302.57","1.077"
"SENS-4296","2025-11-28 06:00:00","MAC-31","118.54","341.48","0.774"
"SENS-4297","2025-11-28 07:00:00","MAC-30","115.12","325.03","0.657"
"SENS-4298","2025-11-28 07:00:00","MAC-31","102.38","323.83","1.433"
"SENS-4299","2026-03-08 00:00:00","MAC-30","118.3","326.29","1.078"
"SENS-4300","2026-03-08 00:00:00","MAC-31","98.17","301.96","1.309"
"SENS-4301","2026-03-08 01:00:00","MAC-30","87.33","346.63","1.138"
"SENS-4302","2026-03-08 01:00:00","MAC-31","92.98","311.3","0.517"
"SENS-4303","2026-03-08 02:00:00","MAC-30","93.17","341.57","1.034"
"SENS-4304","2026-03-08 02:00:00","MAC-31","98.39","334.28","0.627"
"SENS-4305","2026-03-08 03:00:00","MAC-30","99.7","324.7","0.585"
"SENS-4306","2026-03-08 03:00:00","MAC-31","101.38","306.67","1.138"
"SENS-4307","2026-03-08 04:00:00","MAC-30","80.4","321.7","1.25"
"SENS-4308","2026-03-08 04:00:00","MAC-31","96.46","345.72","0.803"
"SENS-4309","2026-03-08 05:00:00","MAC-30","83.05","329.79","1.359"
"SENS-4310","2026-03-08 05:00:00","MAC-31","93.41","335.25","1.206"
"SENS-4311","2026-03-08 06:00:00","MAC-30","119.49","302.05","1.08"
"SENS-4312","2026-03-08 06:00:00","MAC-31","83.38","346.35","1.198"
"SENS-4313","2026-03-08 07:00:00","MAC-30","118.23","303.31","0.523"
"SENS-4314","2026-03-08 07:00:00","MAC-31","88.87","311.87","1.247"
"SENS-4315","2026-03-08 08:00:00","MAC-30","114.52","322.46","0.785"
"SENS-4316","2026-03-08 08:00:00","MAC-31","93.11","323.75","0.951"
"SENS-4317","2026-03-08 09:00:00","MAC-30","112.34","340.54","1.247"
"SENS-4318","2026-03-08 09:00:00","MAC-31","93.35","346.27","1.082"
"SENS-4319","2025-05-25 00:00:00","MAC-10","91.15","316.09","0.741"
"SENS-4320","2025-05-25 00:00:00","MAC-11","93.58","315.58","1.113"
"SENS-4321","2025-05-25 01:00:00","MAC-10","84.1","345.62","1.313"
"SENS-4322","2025-05-25 01:00:00","MAC-11","112.35","338.05","1.281"
"SENS-4323","2025-05-25 02:00:00","MAC-10","99.73","340.43","0.675"
"SENS-4324","2025-05-25 02:00:00","MAC-11","93.32","347.63","0.869"
"SENS-4325","2025-05-25 03:00:00","MAC-10","86.36","308.42","0.727"
"SENS-4326","2025-05-25 03:00:00","MAC-11","89.57","332.24","0.568"
"SENS-4327","2025-05-25 04:00:00","MAC-10","100.74","314.45","1.251"
"SENS-4328","2025-05-25 04:00:00","MAC-11","100.76","345.33","0.886"
"SENS-4329","2025-05-25 05:00:00","MAC-10","116.89","303.41","1.029"
"SENS-4330","2025-05-25 05:00:00","MAC-11","108.24","322.98","0.989"
"SENS-4331","2025-05-25 06:00:00","MAC-10","108.08","339.31","0.677"
"SENS-4332","2025-05-25 06:00:00","MAC-11","95.08","318.63","0.684"
"SENS-4333","2025-05-25 07:00:00","MAC-10","104.35","304.18","0.686"
"SENS-4334","2025-05-25 07:00:00","MAC-11","107.08","333.79","0.647"
"SENS-4335","2025-08-14 00:00:00","MAC-30","103.5","324.29","0.572"
"SENS-4336","2025-08-14 00:00:00","MAC-31","92.9","307.82","0.704"
"SENS-4337","2025-08-14 01:00:00","MAC-30","98.33","332.36","0.565"
"SENS-4338","2025-08-14 01:00:00","MAC-31","118.68","331.8","0.651"
"SENS-4339","2025-08-14 02:00:00","MAC-30","102.02","343.65","1.47"
"SENS-4340","2025-08-14 02:00:00","MAC-31","81.16","320.16","0.635"
"SENS-4341","2025-08-14 03:00:00","MAC-30","85.31","316.21","0.705"
"SENS-4342","2025-08-14 03:00:00","MAC-31","115.56","302.37","1.241"
"SENS-4343","2025-08-14 04:00:00","MAC-30","103.3","339.88","1.029"
"SENS-4344","2025-08-14 04:00:00","MAC-31","101.89","339.54","1.251"
"SENS-4345","2025-08-14 05:00:00","MAC-30","88.87","305.28","0.825"
"SENS-4346","2025-08-14 05:00:00","MAC-31","95.17","319.4","1.459"
"SENS-4347","2025-12-12 00:00:00","MAC-10","117.58","348.56","1.456"
"SENS-4348","2025-12-12 00:00:00","MAC-11","110.98","307.86","1.094"
"SENS-4349","2025-12-12 01:00:00","MAC-10","101.25","314.05","0.84"
"SENS-4350","2025-12-12 01:00:00","MAC-11","115.55","347.88","1.005"
"SENS-4351","2025-12-12 02:00:00","MAC-10","116.58","341.85","0.771"
"SENS-4352","2025-12-12 02:00:00","MAC-11","106.16","305.65","0.918"
"SENS-4353","2025-12-12 03:00:00","MAC-10","101.16","310.62","0.78"
"SENS-4354","2025-12-12 03:00:00","MAC-11","111.69","313.33","0.685"
"SENS-4355","2025-12-12 04:00:00","MAC-10","105.26","316.68","0.686"
"SENS-4356","2025-12-12 04:00:00","MAC-11","86.85","326.28","0.901"
"SENS-4357","2025-12-12 05:00:00","MAC-10","113.61","310.64","1.335"
"SENS-4358","2025-12-12 05:00:00","MAC-11","117.88","346.44","0.52"
"SENS-4359","2025-12-12 06:00:00","MAC-10","82.09","331.73","1.094"
"SENS-4360","2025-12-12 06:00:00","MAC-11","107.77","329.12","0.933"
"SENS-4361","2025-12-12 07:00:00","MAC-10","106.09","307.35","0.583"
"SENS-4362","2025-12-12 07:00:00","MAC-11","107.36","304.41","1.193"
"SENS-4363","2025-12-12 08:00:00","MAC-10","93.19","340.96","0.781"
"SENS-4364","2025-12-12 08:00:00","MAC-11","110.58","313.23","0.564"
"SENS-4365","2025-12-12 09:00:00","MAC-10","87.05","330.17","0.5"
"SENS-4366","2025-12-12 09:00:00","MAC-11","103.5","334.73","1.114"
"SENS-4367","2025-12-12 10:00:00","MAC-10","104.3","308.82","1.294"
"SENS-4368","2025-12-12 10:00:00","MAC-11","114.6","304.86","1.323"
"SENS-4369","2025-12-12 11:00:00","MAC-10","107.71","340.74","1.405"
"SENS-4370","2025-12-12 11:00:00","MAC-11","117.99","349.65","1.428"
"SENS-4371","2025-12-12 12:00:00","MAC-10","96.14","345.72","0.686"
"SENS-4372","2025-12-12 12:00:00","MAC-11","95.98","308.19","0.788"
"SENS-4373","2025-12-12 13:00:00","MAC-10","100.73","317.54","0.943"
"SENS-4374","2025-12-12 13:00:00","MAC-11","114.33","312.72","1.124"
"SENS-4375","2025-11-18 00:00:00","MAC-10","99.42","332.67","1.44"
"SENS-4376","2025-11-18 00:00:00","MAC-11","105.42","337.19","0.743"
"SENS-4377","2025-11-18 01:00:00","MAC-10","113.05","348.52","0.852"
"SENS-4378","2025-11-18 01:00:00","MAC-11","98.85","327.4","1.428"
"SENS-4379","2025-11-18 02:00:00","MAC-10","80.75","316.1","1.003"
"SENS-4380","2025-11-18 02:00:00","MAC-11","84.65","333.71","1.385"
"SENS-4381","2026-03-13 00:00:00","MAC-10","119.83","302.07","0.607"
"SENS-4382","2026-03-13 00:00:00","MAC-11","118.37","336.32","0.666"
"SENS-4383","2026-03-13 01:00:00","MAC-10","87.45","303.98","0.71"
"SENS-4384","2026-03-13 01:00:00","MAC-11","86.03","309.93","0.93"
"SENS-4385","2026-03-13 02:00:00","MAC-10","107.27","307.73","0.611"
"SENS-4386","2026-03-13 02:00:00","MAC-11","116.12","306.93","0.538"
"SENS-4387","2026-03-13 03:00:00","MAC-10","80.24","342","1.094"
"SENS-4388","2026-03-13 03:00:00","MAC-11","112.29","305.29","1.303"
"SENS-4389","2026-03-13 04:00:00","MAC-10","118.92","309.78","1.034"
"SENS-4390","2026-03-13 04:00:00","MAC-11","116.91","300.66","1.129"
"SENS-4391","2026-03-13 05:00:00","MAC-10","109.89","349.98","1.1"
"SENS-4392","2026-03-13 05:00:00","MAC-11","87.77","347.72","0.561"
"SENS-4393","2026-03-13 06:00:00","MAC-10","115.82","320.85","1.215"
"SENS-4394","2026-03-13 06:00:00","MAC-11","99.3","339.4","1.018"
"SENS-4395","2025-05-11 00:00:00","MAC-10","110.69","314.67","1.042"
"SENS-4396","2025-05-11 00:00:00","MAC-11","99.14","308.97","1.456"
"SENS-4397","2025-05-11 01:00:00","MAC-10","86.91","309.7","0.585"
"SENS-4398","2025-05-11 01:00:00","MAC-11","92.24","345.02","0.538"
"SENS-4399","2025-05-11 02:00:00","MAC-10","117.26","336.49","0.994"
"SENS-4400","2025-05-11 02:00:00","MAC-11","111.75","349.45","0.819"
"SENS-4401","2025-05-11 03:00:00","MAC-10","82.13","304.72","1.393"
"SENS-4402","2025-05-11 03:00:00","MAC-11","87.59","328.19","1.131"
"SENS-4403","2025-05-11 04:00:00","MAC-10","82.78","330.63","1.208"
"SENS-4404","2025-05-11 04:00:00","MAC-11","109.16","302.99","1.251"
"SENS-4405","2025-05-11 05:00:00","MAC-10","108.91","342.5","1.186"
"SENS-4406","2025-05-11 05:00:00","MAC-11","106.53","313.17","0.845"
"SENS-4407","2025-05-11 06:00:00","MAC-10","101.43","343.59","1.154"
"SENS-4408","2025-05-11 06:00:00","MAC-11","85.81","342.88","0.837"
"SENS-4409","2025-05-11 07:00:00","MAC-10","110.48","300.17","0.616"
"SENS-4410","2025-05-11 07:00:00","MAC-11","95.55","301.11","0.881"
"SENS-4411","2025-05-11 08:00:00","MAC-10","116.45","318.9","1.301"
"SENS-4412","2025-05-11 08:00:00","MAC-11","116.22","315.11","1.429"
"SENS-4413","2025-05-11 09:00:00","MAC-10","97.8","322.84","1.312"
"SENS-4414","2025-05-11 09:00:00","MAC-11","92.27","337.83","1.473"
"SENS-4415","2025-05-11 10:00:00","MAC-10","83.62","312.24","1.474"
"SENS-4416","2025-05-11 10:00:00","MAC-11","102.61","340.74","1.173"
"SENS-4417","2025-05-11 11:00:00","MAC-10","87.07","334.53","0.652"
"SENS-4418","2025-05-11 11:00:00","MAC-11","105.78","342.87","1.05"
"SENS-4419","2025-05-11 12:00:00","MAC-10","80.68","342.88","1.497"
"SENS-4420","2025-05-11 12:00:00","MAC-11","110.91","311.55","1.178"
"SENS-4421","2025-06-21 00:00:00","MAC-10","98.44","313.04","0.783"
"SENS-4422","2025-06-21 00:00:00","MAC-11","110.14","301.93","1.18"
"SENS-4423","2025-06-21 01:00:00","MAC-10","102.49","326.79","1.306"
"SENS-4424","2025-06-21 01:00:00","MAC-11","108.23","314.51","0.768"
"SENS-4425","2025-06-21 02:00:00","MAC-10","88.33","336.21","0.719"
"SENS-4426","2025-06-21 02:00:00","MAC-11","110.03","329.39","0.587"
"SENS-4427","2025-06-21 03:00:00","MAC-10","98.74","324.96","1.457"
"SENS-4428","2025-06-21 03:00:00","MAC-11","108.1","322.77","0.521"
"SENS-4429","2025-06-21 04:00:00","MAC-10","106.17","345.16","1.004"
"SENS-4430","2025-06-21 04:00:00","MAC-11","87.11","334.92","0.951"
"SENS-4431","2025-06-21 05:00:00","MAC-10","94.02","341.85","0.806"
"SENS-4432","2025-06-21 05:00:00","MAC-11","92.09","312.9","0.929"
"SENS-4433","2025-06-21 06:00:00","MAC-10","82.12","325.44","1.266"
"SENS-4434","2025-06-21 06:00:00","MAC-11","90.19","349.74","0.826"
"SENS-4435","2025-06-21 07:00:00","MAC-10","112.71","300.22","0.949"
"SENS-4436","2025-06-21 07:00:00","MAC-11","94.35","349.03","0.625"
"SENS-4437","2025-10-16 00:00:00","MAC-30","105.82","341.92","1.373"
"SENS-4438","2025-10-16 00:00:00","MAC-31","104.89","329.04","0.866"
"SENS-4439","2025-10-16 01:00:00","MAC-30","96.58","313.43","1.335"
"SENS-4440","2025-10-16 01:00:00","MAC-31","86.28","325.1","0.521"
"SENS-4441","2025-10-16 02:00:00","MAC-30","87.61","349.7","0.962"
"SENS-4442","2025-10-16 02:00:00","MAC-31","102.4","326.04","1.128"
"SENS-4443","2025-10-16 03:00:00","MAC-30","84.7","348.74","0.517"
"SENS-4444","2025-10-16 03:00:00","MAC-31","96.72","346.65","1.428"
"SENS-4445","2025-10-16 04:00:00","MAC-30","118.79","309.7","0.842"
"SENS-4446","2025-10-16 04:00:00","MAC-31","106.15","345.94","0.607"
"SENS-4447","2025-10-16 05:00:00","MAC-30","89.93","315.13","1.479"
"SENS-4448","2025-10-16 05:00:00","MAC-31","97.66","320.71","0.75"
"SENS-4449","2025-10-16 06:00:00","MAC-30","96.13","337.75","1.397"
"SENS-4450","2025-10-16 06:00:00","MAC-31","84.34","306.58","1.119"
"SENS-4451","2025-10-16 07:00:00","MAC-30","90.72","336.93","1.046"
"SENS-4452","2025-10-16 07:00:00","MAC-31","98.38","339.82","0.714"
"SENS-4453","2025-10-16 08:00:00","MAC-30","103.26","314.23","1.411"
"SENS-4454","2025-10-16 08:00:00","MAC-31","93.9","325.02","1.21"
"SENS-4455","2025-10-16 09:00:00","MAC-30","114.64","306.1","1.112"
"SENS-4456","2025-10-16 09:00:00","MAC-31","110.07","332.94","0.957"
"SENS-4457","2025-11-03 00:00:00","MAC-30","107.62","342.11","1.192"
"SENS-4458","2025-11-03 00:00:00","MAC-31","107.31","307.73","0.928"
"SENS-4459","2025-11-03 01:00:00","MAC-30","103.09","314.24","1.379"
"SENS-4460","2025-11-03 01:00:00","MAC-31","89.54","316.96","0.913"
"SENS-4461","2025-11-03 02:00:00","MAC-30","118.21","348.83","0.834"
"SENS-4462","2025-11-03 02:00:00","MAC-31","94.44","323.12","0.808"
"SENS-4463","2025-11-03 03:00:00","MAC-30","81.32","313.68","0.839"
"SENS-4464","2025-11-03 03:00:00","MAC-31","101","304.82","1.2"
"SENS-4465","2025-11-03 04:00:00","MAC-30","102.07","344.59","1.336"
"SENS-4466","2025-11-03 04:00:00","MAC-31","102.42","322.36","1.376"
"SENS-4467","2025-11-03 05:00:00","MAC-30","113.92","332.25","0.641"
"SENS-4468","2025-11-03 05:00:00","MAC-31","112.04","335.34","0.897"
"SENS-4469","2025-11-03 06:00:00","MAC-30","117.64","306.04","1.367"
"SENS-4470","2025-11-03 06:00:00","MAC-31","90.75","324.19","1.429"
"SENS-4471","2025-11-03 07:00:00","MAC-30","118.91","332.97","0.749"
"SENS-4472","2025-11-03 07:00:00","MAC-31","99.22","316.03","1.4"
"SENS-4473","2025-11-03 08:00:00","MAC-30","103.7","328.72","0.885"
"SENS-4474","2025-11-03 08:00:00","MAC-31","112.62","334.06","0.709"
"SENS-4475","2025-11-03 09:00:00","MAC-30","112.88","303.5","0.936"
"SENS-4476","2025-11-03 09:00:00","MAC-31","98.81","347.15","0.815"
"SENS-4477","2025-11-03 10:00:00","MAC-30","98.88","312.38","0.968"
"SENS-4478","2025-11-03 10:00:00","MAC-31","117.24","335.24","0.784"
"SENS-4479","2026-02-22 00:00:00","MAC-10","98.06","305.82","0.974"
"SENS-4480","2026-02-22 00:00:00","MAC-11","112.45","312.35","0.899"
"SENS-4481","2026-02-22 01:00:00","MAC-10","103.55","330.97","1.406"
"SENS-4482","2026-02-22 01:00:00","MAC-11","102.45","343.76","0.896"
"SENS-4483","2026-02-22 02:00:00","MAC-10","91.86","326.9","1.398"
"SENS-4484","2026-02-22 02:00:00","MAC-11","81.88","327.97","0.838"
"SENS-4485","2026-02-22 03:00:00","MAC-10","107.58","308.29","0.816"
"SENS-4486","2026-02-22 03:00:00","MAC-11","95.71","302.26","1.078"
"SENS-4487","2026-02-22 04:00:00","MAC-10","116.7","305.52","1.409"
"SENS-4488","2026-02-22 04:00:00","MAC-11","81.01","323.14","1.129"
"SENS-4489","2026-02-22 05:00:00","MAC-10","82.61","304.4","1.159"
"SENS-4490","2026-02-22 05:00:00","MAC-11","103.53","324.52","0.512"
"SENS-4491","2025-04-20 00:00:00","MAC-20","112.08","335.72","1.357"
"SENS-4492","2025-04-20 00:00:00","MAC-21","91.58","323.53","0.674"
"SENS-4493","2025-04-20 01:00:00","MAC-20","113.11","325.32","1.378"
"SENS-4494","2025-04-20 01:00:00","MAC-21","112.09","320.81","0.817"
"SENS-4495","2025-04-20 02:00:00","MAC-20","97.51","325.11","1.459"
"SENS-4496","2025-04-20 02:00:00","MAC-21","113.94","328.64","0.604"
"SENS-4497","2025-04-20 03:00:00","MAC-20","112.46","318.48","0.686"
"SENS-4498","2025-04-20 03:00:00","MAC-21","110.88","320.14","1.459"
"SENS-4499","2025-04-20 04:00:00","MAC-20","95.71","323.17","1.265"
"SENS-4500","2025-04-20 04:00:00","MAC-21","116.41","305.47","1.4"
"SENS-4501","2025-04-20 05:00:00","MAC-20","84.72","322.62","1.492"
"SENS-4502","2025-04-20 05:00:00","MAC-21","117.63","339.59","0.776"
"SENS-4503","2025-04-20 06:00:00","MAC-20","105.65","321.95","1.466"
"SENS-4504","2025-04-20 06:00:00","MAC-21","103.17","342.4","1.429"
"SENS-4505","2025-04-20 07:00:00","MAC-20","115.2","306.15","0.527"
"SENS-4506","2025-04-20 07:00:00","MAC-21","82.61","341.1","1.227"
"SENS-4507","2025-04-20 08:00:00","MAC-20","92.43","301.78","1.347"
"SENS-4508","2025-04-20 08:00:00","MAC-21","89.74","301.54","0.736"
"SENS-4509","2025-07-14 00:00:00","MAC-30","112.82","311.61","0.616"
"SENS-4510","2025-07-14 00:00:00","MAC-31","109.83","315.01","1.208"
"SENS-4511","2025-07-14 01:00:00","MAC-30","86.66","303.36","0.901"
"SENS-4512","2025-07-14 01:00:00","MAC-31","102.56","305.93","1.386"
"SENS-4513","2025-07-14 02:00:00","MAC-30","81.34","301.21","0.581"
"SENS-4514","2025-07-14 02:00:00","MAC-31","89.08","325.01","0.915"
"SENS-4515","2025-07-14 03:00:00","MAC-30","98.17","330.75","0.956"
"SENS-4516","2025-07-14 03:00:00","MAC-31","90.49","322.78","0.553"
"SENS-4517","2025-07-14 04:00:00","MAC-30","87.55","309.17","0.544"
"SENS-4518","2025-07-14 04:00:00","MAC-31","91.07","323.01","1.444"
"SENS-4519","2025-07-14 05:00:00","MAC-30","107.39","345.6","1.318"
"SENS-4520","2025-07-14 05:00:00","MAC-31","107.44","323.94","0.879"
"SENS-4521","2025-07-14 06:00:00","MAC-30","83.57","314.27","1.445"
"SENS-4522","2025-07-14 06:00:00","MAC-31","99.56","346.55","1.026"
"SENS-4523","2025-07-14 07:00:00","MAC-30","108.41","310.3","1.15"
"SENS-4524","2025-07-14 07:00:00","MAC-31","110.87","310.31","1.467"
"SENS-4525","2025-07-14 08:00:00","MAC-30","113.31","348.13","1.207"
"SENS-4526","2025-07-14 08:00:00","MAC-31","86.89","337.81","0.926"
"SENS-4527","2025-07-14 09:00:00","MAC-30","110.08","310.14","1.49"
"SENS-4528","2025-07-14 09:00:00","MAC-31","83.76","332.14","0.625"
"SENS-4529","2025-07-14 10:00:00","MAC-30","103.53","315.6","0.542"
"SENS-4530","2025-07-14 10:00:00","MAC-31","87.99","303.7","0.764"
"SENS-4531","2025-07-14 11:00:00","MAC-30","113.68","346.96","1.42"
"SENS-4532","2025-07-14 11:00:00","MAC-31","118.9","328.26","1.057"
"SENS-4533","2025-07-14 12:00:00","MAC-30","94.29","337.21","0.745"
"SENS-4534","2025-07-14 12:00:00","MAC-31","93.58","314.84","1.123"
"SENS-4535","2025-07-14 13:00:00","MAC-30","110.43","333.6","1.407"
"SENS-4536","2025-07-14 13:00:00","MAC-31","100.65","311.16","0.592"
"SENS-4537","2025-07-14 14:00:00","MAC-30","85.43","343.63","0.673"
"SENS-4538","2025-07-14 14:00:00","MAC-31","113.46","334.96","1.465"
"SENS-4539","2025-07-14 15:00:00","MAC-30","97.65","331.47","0.906"
"SENS-4540","2025-07-14 15:00:00","MAC-31","104.41","318.38","1.437"
"SENS-4541","2025-07-14 16:00:00","MAC-30","103.1","301.76","0.924"
"SENS-4542","2025-07-14 16:00:00","MAC-31","103.87","300.47","1.372"
"SENS-4543","2025-04-25 00:00:00","MAC-30","107.2","307.06","1.087"
"SENS-4544","2025-04-25 00:00:00","MAC-31","102.37","322.47","1.108"
"SENS-4545","2025-04-25 01:00:00","MAC-30","83.7","341.7","0.596"
"SENS-4546","2025-04-25 01:00:00","MAC-31","80.08","306.36","1.295"
"SENS-4547","2025-04-25 02:00:00","MAC-30","98.37","335.08","0.618"
"SENS-4548","2025-04-25 02:00:00","MAC-31","105.58","346","1.072"
"SENS-4549","2025-04-25 03:00:00","MAC-30","94.88","337.76","0.645"
"SENS-4550","2025-04-25 03:00:00","MAC-31","106.17","331.31","1.177"
"SENS-4551","2025-04-25 04:00:00","MAC-30","90.93","347.56","1.471"
"SENS-4552","2025-04-25 04:00:00","MAC-31","88.15","335.13","0.966"
"SENS-4553","2025-04-25 05:00:00","MAC-30","97.87","308.36","1.354"
"SENS-4554","2025-04-25 05:00:00","MAC-31","100.26","318.35","1.488"
"SENS-4555","2025-04-25 06:00:00","MAC-30","80.79","333.78","1.205"
"SENS-4556","2025-04-25 06:00:00","MAC-31","104.86","308.41","0.847"
"SENS-4557","2025-04-21 00:00:00","MAC-10","107.74","344.37","0.667"
"SENS-4558","2025-04-21 00:00:00","MAC-11","114.98","342.77","1.218"
"SENS-4559","2025-04-21 01:00:00","MAC-10","80.61","339.48","1.431"
"SENS-4560","2025-04-21 01:00:00","MAC-11","88.26","342.56","0.783"
"SENS-4561","2025-04-21 02:00:00","MAC-10","92.13","345.49","1.01"
"SENS-4562","2025-04-21 02:00:00","MAC-11","113.09","330.74","0.576"
"SENS-4563","2025-04-21 03:00:00","MAC-10","91.24","331.34","0.762"
"SENS-4564","2025-04-21 03:00:00","MAC-11","95.3","342.76","0.528"
"SENS-4565","2025-04-21 04:00:00","MAC-10","115.68","327.64","1.278"
"SENS-4566","2025-04-21 04:00:00","MAC-11","95.89","306.36","1.444"
"SENS-4567","2025-10-31 00:00:00","MAC-30","119.1","328.47","1.195"
"SENS-4568","2025-10-31 00:00:00","MAC-31","113.65","330.07","0.925"
"SENS-4569","2025-10-31 01:00:00","MAC-30","105.99","311.33","0.764"
"SENS-4570","2025-10-31 01:00:00","MAC-31","87.57","332.08","0.76"
"SENS-4571","2025-10-31 02:00:00","MAC-30","89.39","335.19","1.002"
"SENS-4572","2025-10-31 02:00:00","MAC-31","104.7","306.68","0.573"
"SENS-4573","2025-10-31 03:00:00","MAC-30","83.03","333.41","0.937"
"SENS-4574","2025-10-31 03:00:00","MAC-31","103","326.97","0.678"
"SENS-4575","2025-10-31 04:00:00","MAC-30","104.61","322.45","0.551"
"SENS-4576","2025-10-31 04:00:00","MAC-31","103.65","323.68","0.742"
"SENS-4577","2025-10-31 05:00:00","MAC-30","93.37","307.45","0.556"
"SENS-4578","2025-10-31 05:00:00","MAC-31","104.12","329.26","0.91"
"SENS-4579","2025-10-31 06:00:00","MAC-30","93.91","332.9","0.865"
"SENS-4580","2025-10-31 06:00:00","MAC-31","110.68","319.32","0.994"
"SENS-4581","2025-10-31 07:00:00","MAC-30","101.38","320.43","0.792"
"SENS-4582","2025-10-31 07:00:00","MAC-31","102.11","327.01","1.436"
"SENS-4583","2025-07-06 00:00:00","MAC-20","90.52","320.75","0.738"
"SENS-4584","2025-07-06 00:00:00","MAC-21","90.98","343.43","0.85"
"SENS-4585","2025-07-06 01:00:00","MAC-20","112.04","347.13","1.316"
"SENS-4586","2025-07-06 01:00:00","MAC-21","103.45","321.32","1.086"
"SENS-4587","2025-07-06 02:00:00","MAC-20","112.97","306.86","0.631"
"SENS-4588","2025-07-06 02:00:00","MAC-21","113.44","324.62","1.255"
"SENS-4589","2025-07-06 03:00:00","MAC-20","109.57","325.71","0.687"
"SENS-4590","2025-07-06 03:00:00","MAC-21","118.35","310.78","0.94"
"SENS-4591","2025-07-06 04:00:00","MAC-20","83.23","314.05","1.459"
"SENS-4592","2025-07-06 04:00:00","MAC-21","95.89","310.29","1.409"
"SENS-4593","2025-07-06 05:00:00","MAC-20","82.82","344.38","1.335"
"SENS-4594","2025-07-06 05:00:00","MAC-21","100.99","328.65","0.678"
"SENS-4595","2025-07-06 06:00:00","MAC-20","101.15","328.41","0.799"
"SENS-4596","2025-07-06 06:00:00","MAC-21","119.55","304.26","0.66"
"SENS-4597","2025-07-06 07:00:00","MAC-20","106.73","319.96","0.739"
"SENS-4598","2025-07-06 07:00:00","MAC-21","113.12","312.42","0.711"
"SENS-4599","2025-07-06 08:00:00","MAC-20","107.21","348.3","0.693"
"SENS-4600","2025-07-06 08:00:00","MAC-21","85.07","301.95","0.817"
"SENS-4601","2025-07-06 09:00:00","MAC-20","89.64","334.98","1.488"
"SENS-4602","2025-07-06 09:00:00","MAC-21","106.01","308.85","1.419"
"SENS-4603","2025-07-06 10:00:00","MAC-20","99.59","323.55","1.273"
"SENS-4604","2025-07-06 10:00:00","MAC-21","81.21","316.51","1.082"
"SENS-4605","2025-07-06 11:00:00","MAC-20","113.58","330.23","0.836"
"SENS-4606","2025-07-06 11:00:00","MAC-21","82.35","303.84","0.733"
"SENS-4607","2025-07-06 12:00:00","MAC-20","96.55","308.07","1.107"
"SENS-4608","2025-07-06 12:00:00","MAC-21","119.46","315.04","0.571"
"SENS-4609","2025-07-06 13:00:00","MAC-20","81.92","307.98","1.079"
"SENS-4610","2025-07-06 13:00:00","MAC-21","101.6","342.4","1.182"
"SENS-4611","2025-07-06 14:00:00","MAC-20","112.1","308.28","0.949"
"SENS-4612","2025-07-06 14:00:00","MAC-21","109.15","349.83","0.731"
"SENS-4613","2025-09-05 00:00:00","MAC-30","106.31","308.76","1.371"
"SENS-4614","2025-09-05 00:00:00","MAC-31","114.4","338.5","1.397"
"SENS-4615","2025-09-05 01:00:00","MAC-30","80.45","341.98","0.58"
"SENS-4616","2025-09-05 01:00:00","MAC-31","84.61","345.47","0.888"
"SENS-4617","2025-09-05 02:00:00","MAC-30","100.16","322.68","0.781"
"SENS-4618","2025-09-05 02:00:00","MAC-31","86.51","348.19","1.293"
"SENS-4619","2025-09-05 03:00:00","MAC-30","115.56","312.23","1.065"
"SENS-4620","2025-09-05 03:00:00","MAC-31","86.55","346.81","1.125"
"SENS-4621","2025-09-05 04:00:00","MAC-30","112.21","317.89","0.637"
"SENS-4622","2025-09-05 04:00:00","MAC-31","115.1","329.5","1.302"
"SENS-4623","2025-09-05 05:00:00","MAC-30","97.23","338.06","0.874"
"SENS-4624","2025-09-05 05:00:00","MAC-31","107.5","310.44","1.295"
"SENS-4625","2025-09-05 06:00:00","MAC-30","97.39","315.06","1.297"
"SENS-4626","2025-09-05 06:00:00","MAC-31","96.82","335.15","1.125"
"SENS-4627","2025-09-05 07:00:00","MAC-30","94.54","326.35","1.031"
"SENS-4628","2025-09-05 07:00:00","MAC-31","104.02","324.43","0.676"
"SENS-4629","2025-09-05 08:00:00","MAC-30","118.1","348.26","1.471"
"SENS-4630","2025-09-05 08:00:00","MAC-31","101.3","304.27","0.941"
"SENS-4631","2025-09-05 09:00:00","MAC-30","101.37","301.4","1.048"
"SENS-4632","2025-09-05 09:00:00","MAC-31","118.22","319.48","0.736"
"SENS-4633","2025-09-05 10:00:00","MAC-30","97.41","306.06","1.234"
"SENS-4634","2025-09-05 10:00:00","MAC-31","106.57","324.13","0.583"
"SENS-4635","2025-09-05 11:00:00","MAC-30","112.32","349.69","0.754"
"SENS-4636","2025-09-05 11:00:00","MAC-31","116.5","348.15","1.007"
"SENS-4637","2025-09-05 12:00:00","MAC-30","98.45","344.08","1.306"
"SENS-4638","2025-09-05 12:00:00","MAC-31","106.67","319.76","0.592"
"SENS-4639","2025-09-05 13:00:00","MAC-30","119.27","334.88","1.362"
"SENS-4640","2025-09-05 13:00:00","MAC-31","108.52","311.85","0.926"
"SENS-4641","2025-11-06 00:00:00","MAC-10","86.53","317.29","0.668"
"SENS-4642","2025-11-06 00:00:00","MAC-11","100.5","340.26","0.512"
"SENS-4643","2025-11-06 01:00:00","MAC-10","80.89","303.6","1.104"
"SENS-4644","2025-11-06 01:00:00","MAC-11","92.43","341.8","0.709"
"SENS-4645","2025-11-06 02:00:00","MAC-10","87.45","336.5","0.979"
"SENS-4646","2025-11-06 02:00:00","MAC-11","92.83","345.4","1.215"
"SENS-4647","2025-11-06 03:00:00","MAC-10","87.84","339.56","1.074"
"SENS-4648","2025-11-06 03:00:00","MAC-11","99.25","331.44","0.843"
"SENS-4649","2025-11-06 04:00:00","MAC-10","90.9","344.66","1.22"
"SENS-4650","2025-11-06 04:00:00","MAC-11","92.98","300.2","1.283"
"SENS-4651","2025-11-06 05:00:00","MAC-10","96.49","310.32","0.514"
"SENS-4652","2025-11-06 05:00:00","MAC-11","104.12","308.05","1.281"
"SENS-4653","2025-10-03 00:00:00","MAC-20","94.29","333.46","0.533"
"SENS-4654","2025-10-03 00:00:00","MAC-21","106.35","348.78","1.433"
"SENS-4655","2025-10-03 01:00:00","MAC-20","117.19","320.87","0.716"
"SENS-4656","2025-10-03 01:00:00","MAC-21","99.27","335.57","1.291"
"SENS-4657","2025-10-03 02:00:00","MAC-20","111.76","310.21","0.941"
"SENS-4658","2025-10-03 02:00:00","MAC-21","85.11","318.9","1.127"
"SENS-4659","2025-10-03 03:00:00","MAC-20","114.03","315.87","0.721"
"SENS-4660","2025-10-03 03:00:00","MAC-21","83.23","332.06","1.178"
"SENS-4661","2025-10-03 04:00:00","MAC-20","80.03","301.37","0.84"
"SENS-4662","2025-10-03 04:00:00","MAC-21","80.04","336.62","1.165"
"SENS-4663","2025-10-03 05:00:00","MAC-20","112.65","344.94","0.997"
"SENS-4664","2025-10-03 05:00:00","MAC-21","99.79","327.46","0.9"
"SENS-4665","2025-10-03 06:00:00","MAC-20","90.62","332.93","1.078"
"SENS-4666","2025-10-03 06:00:00","MAC-21","90.32","342.52","0.795"
"SENS-4667","2025-10-03 07:00:00","MAC-20","85.68","320.6","0.574"
"SENS-4668","2025-10-03 07:00:00","MAC-21","90.16","347.22","0.875"
"SENS-4669","2025-10-03 08:00:00","MAC-20","88.23","311.41","0.513"
"SENS-4670","2025-10-03 08:00:00","MAC-21","108.71","339.68","0.837"
"SENS-4671","2025-10-03 09:00:00","MAC-20","84.09","328.9","0.76"
"SENS-4672","2025-10-03 09:00:00","MAC-21","82.63","329.92","0.881"
"SENS-4673","2025-10-03 10:00:00","MAC-20","107.54","346.04","1.116"
"SENS-4674","2025-10-03 10:00:00","MAC-21","89.36","303.06","0.668"
"SENS-4675","2025-10-03 11:00:00","MAC-20","114.99","336.16","1.254"
"SENS-4676","2025-10-03 11:00:00","MAC-21","108.19","307.53","0.773"
"SENS-4677","2025-05-31 00:00:00","MAC-20","109.41","343","1.197"
"SENS-4678","2025-05-31 00:00:00","MAC-21","96.74","341.25","1.25"
"SENS-4679","2025-05-31 01:00:00","MAC-20","115.67","318","1.123"
"SENS-4680","2025-05-31 01:00:00","MAC-21","84.6","325.36","0.683"
"SENS-4681","2025-05-31 02:00:00","MAC-20","117.03","344.53","1.475"
"SENS-4682","2025-05-31 02:00:00","MAC-21","103.95","315.41","1.305"
"SENS-4683","2025-05-31 03:00:00","MAC-20","107.58","306.79","1.203"
"SENS-4684","2025-05-31 03:00:00","MAC-21","99.02","309.21","0.622"
"SENS-4685","2025-05-31 04:00:00","MAC-20","98.07","300.08","1.324"
"SENS-4686","2025-05-31 04:00:00","MAC-21","102.3","348.62","0.586"
"SENS-4687","2025-05-31 05:00:00","MAC-20","116.01","333.62","0.966"
"SENS-4688","2025-05-31 05:00:00","MAC-21","97.23","304.06","1.364"
"SENS-4689","2025-05-31 06:00:00","MAC-20","100.52","320.02","0.545"
"SENS-4690","2025-05-31 06:00:00","MAC-21","92.4","327.17","0.886"
"SENS-4691","2025-05-31 07:00:00","MAC-20","82.71","328.77","1.066"
"SENS-4692","2025-05-31 07:00:00","MAC-21","90.23","332.6","1.064"
"SENS-4693","2025-08-13 00:00:00","MAC-20","108.13","339.19","0.866"
"SENS-4694","2025-08-13 00:00:00","MAC-21","108.84","346.63","0.603"
"SENS-4695","2025-08-13 01:00:00","MAC-20","85.23","305.35","1.422"
"SENS-4696","2025-08-13 01:00:00","MAC-21","91.83","316.96","0.624"
"SENS-4697","2025-08-13 02:00:00","MAC-20","110.05","348.13","1.244"
"SENS-4698","2025-08-13 02:00:00","MAC-21","90","324.18","1.086"
"SENS-4699","2025-12-01 00:00:00","MAC-30","86.73","323.61","1.201"
"SENS-4700","2025-12-01 00:00:00","MAC-31","114.17","324.9","1.303"
"SENS-4701","2025-12-01 01:00:00","MAC-30","101.84","341.88","1.057"
"SENS-4702","2025-12-01 01:00:00","MAC-31","86.28","324.76","0.558"
"SENS-4703","2025-12-01 02:00:00","MAC-30","100.23","346.2","0.97"
"SENS-4704","2025-12-01 02:00:00","MAC-31","90.16","302.9","0.703"
"SENS-4705","2025-09-17 00:00:00","MAC-10","108.09","331.96","0.738"
"SENS-4706","2025-09-17 00:00:00","MAC-11","89.61","328.52","0.943"
"SENS-4707","2025-09-17 01:00:00","MAC-10","104.25","343.6","0.73"
"SENS-4708","2025-09-17 01:00:00","MAC-11","117.91","300.06","1.25"
"SENS-4709","2025-09-17 02:00:00","MAC-10","82.21","329.12","1.084"
"SENS-4710","2025-09-17 02:00:00","MAC-11","112.47","344.69","0.682"
"SENS-4711","2025-09-17 03:00:00","MAC-10","97.34","337.56","0.994"
"SENS-4712","2025-09-17 03:00:00","MAC-11","98.12","315.02","1.434"
"SENS-4713","2025-09-17 04:00:00","MAC-10","88.82","323.48","1.135"
"SENS-4714","2025-09-17 04:00:00","MAC-11","109.67","315.79","0.58"
"SENS-4715","2025-09-17 05:00:00","MAC-10","113.89","330.39","1.354"
"SENS-4716","2025-09-17 05:00:00","MAC-11","119.3","337.17","0.655"
"SENS-4717","2025-09-17 06:00:00","MAC-10","107.54","313.67","0.811"
"SENS-4718","2025-09-17 06:00:00","MAC-11","88.44","324.47","0.727"
"SENS-4719","2025-09-17 07:00:00","MAC-10","80.95","341.44","1.18"
"SENS-4720","2025-09-17 07:00:00","MAC-11","117.76","329.45","1.097"
"SENS-4721","2025-09-17 08:00:00","MAC-10","92.65","305.6","1.252"
"SENS-4722","2025-09-17 08:00:00","MAC-11","95.53","313.5","1.294"
"SENS-4723","2025-09-17 09:00:00","MAC-10","112.83","305.15","1.121"
"SENS-4724","2025-09-17 09:00:00","MAC-11","101.05","319.21","1.366"
"SENS-4725","2025-09-17 10:00:00","MAC-10","94.77","338.96","0.513"
"SENS-4726","2025-09-17 10:00:00","MAC-11","108.55","313.76","1.007"
"SENS-4727","2025-06-13 00:00:00","MAC-10","98.18","347.02","0.712"
"SENS-4728","2025-06-13 00:00:00","MAC-11","80.33","341.53","0.534"
"SENS-4729","2025-06-13 01:00:00","MAC-10","102.16","317.81","0.939"
"SENS-4730","2025-06-13 01:00:00","MAC-11","102.55","304.36","0.697"
"SENS-4731","2025-06-13 02:00:00","MAC-10","103.95","346.49","0.638"
"SENS-4732","2025-06-13 02:00:00","MAC-11","83.27","336.11","1.28"
"SENS-4733","2025-06-13 03:00:00","MAC-10","92.7","309.22","0.766"
"SENS-4734","2025-06-13 03:00:00","MAC-11","114.21","340.22","0.64"
"SENS-4735","2025-06-13 04:00:00","MAC-10","90.07","324.23","0.65"
"SENS-4736","2025-06-13 04:00:00","MAC-11","119.82","321.49","0.858"
"SENS-4737","2025-06-13 05:00:00","MAC-10","106.21","309.18","1.062"
"SENS-4738","2025-06-13 05:00:00","MAC-11","81.61","322.63","1.402"
"SENS-4739","2025-06-13 06:00:00","MAC-10","94.07","326.46","1.497"
"SENS-4740","2025-06-13 06:00:00","MAC-11","93.72","340.36","1.007"
"SENS-4741","2025-06-13 07:00:00","MAC-10","95.09","340.58","0.581"
"SENS-4742","2025-06-13 07:00:00","MAC-11","98.33","341.64","1.088"
"SENS-4743","2025-06-13 08:00:00","MAC-10","88.01","301.59","1.4"
"SENS-4744","2025-06-13 08:00:00","MAC-11","99.09","303.17","1.414"
"SENS-4745","2025-06-13 09:00:00","MAC-10","83.45","335.92","1.07"
"SENS-4746","2025-06-13 09:00:00","MAC-11","86.17","315.51","1.331"
"SENS-4747","2025-06-13 10:00:00","MAC-10","98.98","349.39","1.266"
"SENS-4748","2025-06-13 10:00:00","MAC-11","87.75","316.56","1.11"
"SENS-4749","2025-06-13 11:00:00","MAC-10","97.39","346.12","1.046"
"SENS-4750","2025-06-13 11:00:00","MAC-11","107.38","342.96","0.811"
"SENS-4751","2026-03-23 00:00:00","MAC-30","86.06","347.87","1.412"
"SENS-4752","2026-03-23 00:00:00","MAC-31","80.22","307.33","0.594"
"SENS-4753","2026-03-23 01:00:00","MAC-30","114.62","307.11","1.498"
"SENS-4754","2026-03-23 01:00:00","MAC-31","111.5","336.69","1.389"
"SENS-4755","2026-03-23 02:00:00","MAC-30","116.91","305.85","0.561"
"SENS-4756","2026-03-23 02:00:00","MAC-31","93.44","332.96","0.63"
"SENS-4757","2026-03-23 03:00:00","MAC-30","115.97","316.34","1.119"
"SENS-4758","2026-03-23 03:00:00","MAC-31","101.93","316.79","1.254"
"SENS-4759","2026-03-23 04:00:00","MAC-30","89.15","312.62","1.155"
"SENS-4760","2026-03-23 04:00:00","MAC-31","113.58","315.15","0.746"
"SENS-4761","2026-03-23 05:00:00","MAC-30","112.62","328.21","1.365"
"SENS-4762","2026-03-23 05:00:00","MAC-31","119.39","345.48","1.238"
"SENS-4763","2025-07-25 00:00:00","MAC-10","83.88","303.68","0.75"
"SENS-4764","2025-07-25 00:00:00","MAC-11","92.19","329.52","1.341"
"SENS-4765","2025-07-25 01:00:00","MAC-10","117.47","322.95","0.859"
"SENS-4766","2025-07-25 01:00:00","MAC-11","112.23","349.4","0.513"
"SENS-4767","2025-07-25 02:00:00","MAC-10","107.52","340.95","1.352"
"SENS-4768","2025-07-25 02:00:00","MAC-11","114.44","325.78","0.77"
"SENS-4769","2025-07-25 03:00:00","MAC-10","89.96","305.78","0.52"
"SENS-4770","2025-07-25 03:00:00","MAC-11","101.14","306.7","1.395"
"SENS-4771","2025-07-25 04:00:00","MAC-10","91.54","318.43","0.749"
"SENS-4772","2025-07-25 04:00:00","MAC-11","117.99","321.05","0.831"
"SENS-4773","2025-07-25 05:00:00","MAC-10","109.74","320.88","1.334"
"SENS-4774","2025-07-25 05:00:00","MAC-11","104.76","318.91","0.823"
"SENS-4775","2025-07-25 06:00:00","MAC-10","109.72","337.22","1.484"
"SENS-4776","2025-07-25 06:00:00","MAC-11","91.73","302.77","0.905"
"SENS-4777","2025-07-25 07:00:00","MAC-10","110.05","314.93","0.892"
"SENS-4778","2025-07-25 07:00:00","MAC-11","95.16","334.68","0.837"
"SENS-4779","2026-01-03 00:00:00","MAC-20","90.19","343.08","0.797"
"SENS-4780","2026-01-03 00:00:00","MAC-21","113.04","334.29","0.782"
"SENS-4781","2026-01-03 01:00:00","MAC-20","101.01","326.35","0.656"
"SENS-4782","2026-01-03 01:00:00","MAC-21","104.7","328.05","1.268"
"SENS-4783","2026-01-03 02:00:00","MAC-20","116.82","337.49","1.463"
"SENS-4784","2026-01-03 02:00:00","MAC-21","99.29","347.31","1.246"
"SENS-4785","2026-01-03 03:00:00","MAC-20","94.13","344.9","0.778"
"SENS-4786","2026-01-03 03:00:00","MAC-21","113.15","312.77","1.286"
"SENS-4787","2026-01-03 04:00:00","MAC-20","102.72","305.58","1.222"
"SENS-4788","2026-01-03 04:00:00","MAC-21","118.61","332.1","1.402"
"SENS-4789","2026-01-03 05:00:00","MAC-20","80.09","307.69","1.252"
"SENS-4790","2026-01-03 05:00:00","MAC-21","93.51","347.5","1.454"
"SENS-4791","2026-01-03 06:00:00","MAC-20","89.49","312.76","1.127"
"SENS-4792","2026-01-03 06:00:00","MAC-21","84.75","325.67","1.172"
"SENS-4793","2026-01-03 07:00:00","MAC-20","112.35","314.85","1.042"
"SENS-4794","2026-01-03 07:00:00","MAC-21","105.45","312.27","0.554"
"SENS-4795","2025-05-29 00:00:00","MAC-10","101.22","339.32","0.758"
"SENS-4796","2025-05-29 00:00:00","MAC-11","87.05","308.83","0.606"
"SENS-4797","2025-05-29 01:00:00","MAC-10","108.38","304.73","0.501"
"SENS-4798","2025-05-29 01:00:00","MAC-11","95.18","309.14","0.503"
"SENS-4799","2025-05-29 02:00:00","MAC-10","83.2","339.13","1.012"
"SENS-4800","2025-05-29 02:00:00","MAC-11","89.2","330.96","1.395"
"SENS-4801","2025-05-29 03:00:00","MAC-10","111.87","348.23","1.089"
"SENS-4802","2025-05-29 03:00:00","MAC-11","110.56","338.14","0.652"
"SENS-4803","2025-05-29 04:00:00","MAC-10","101.16","303.45","0.82"
"SENS-4804","2025-05-29 04:00:00","MAC-11","106.61","323.49","1.039"
"SENS-4805","2025-05-29 05:00:00","MAC-10","104.64","345.03","0.681"
"SENS-4806","2025-05-29 05:00:00","MAC-11","80.17","305.15","1.153"
"SENS-4807","2025-05-29 06:00:00","MAC-10","87.34","313.09","1.183"
"SENS-4808","2025-05-29 06:00:00","MAC-11","108.07","335.95","0.609"
"SENS-4809","2025-05-29 07:00:00","MAC-10","94.09","328.57","0.663"
"SENS-4810","2025-05-29 07:00:00","MAC-11","119.12","317.03","0.992"
"SENS-4811","2025-05-29 08:00:00","MAC-10","115.85","347.75","0.57"
"SENS-4812","2025-05-29 08:00:00","MAC-11","119.94","314.64","0.75"
"SENS-4813","2025-05-29 09:00:00","MAC-10","116.19","327.29","0.957"
"SENS-4814","2025-05-29 09:00:00","MAC-11","108.65","312.83","0.793"
"SENS-4815","2025-05-29 10:00:00","MAC-10","82.26","302.35","0.573"
"SENS-4816","2025-05-29 10:00:00","MAC-11","88.62","326.29","1.344"
"SENS-4817","2025-05-26 00:00:00","MAC-20","112.42","308.65","0.87"
"SENS-4818","2025-05-26 00:00:00","MAC-21","116.99","325.77","0.77"
"SENS-4819","2025-05-26 01:00:00","MAC-20","110.27","301.78","0.812"
"SENS-4820","2025-05-26 01:00:00","MAC-21","95.85","315.92","1.437"
"SENS-4821","2025-05-26 02:00:00","MAC-20","91.78","330.17","0.623"
"SENS-4822","2025-05-26 02:00:00","MAC-21","86.38","318.38","1.266"
"SENS-4823","2025-06-23 00:00:00","MAC-20","85.29","307.97","1.284"
"SENS-4824","2025-06-23 00:00:00","MAC-21","102.14","313.23","1.132"
"SENS-4825","2025-06-23 01:00:00","MAC-20","85.76","320.57","0.975"
"SENS-4826","2025-06-23 01:00:00","MAC-21","97.48","314.38","1.07"
"SENS-4827","2025-06-23 02:00:00","MAC-20","104.08","301.21","0.632"
"SENS-4828","2025-06-23 02:00:00","MAC-21","100.16","345.6","0.585"
"SENS-4829","2025-06-23 03:00:00","MAC-20","101.09","318.41","1.315"
"SENS-4830","2025-06-23 03:00:00","MAC-21","81.66","305.99","0.634"
"SENS-4831","2025-06-23 04:00:00","MAC-20","113.08","345.14","1.429"
"SENS-4832","2025-06-23 04:00:00","MAC-21","84.85","342.43","0.741"
"SENS-4833","2025-06-23 05:00:00","MAC-20","90.36","319.59","0.884"
"SENS-4834","2025-06-23 05:00:00","MAC-21","85.28","344.97","0.771"
"SENS-4835","2025-06-23 06:00:00","MAC-20","105.79","313.63","1.272"
"SENS-4836","2025-06-23 06:00:00","MAC-21","92.95","338.25","0.708"
"SENS-4837","2025-06-23 07:00:00","MAC-20","107.97","324.44","0.571"
"SENS-4838","2025-06-23 07:00:00","MAC-21","113.01","314.64","0.804"
"SENS-4839","2025-09-18 00:00:00","MAC-20","90.52","349.22","1.221"
"SENS-4840","2025-09-18 00:00:00","MAC-21","100.86","300.48","0.87"
"SENS-4841","2025-09-18 01:00:00","MAC-20","103.99","308.78","1.059"
"SENS-4842","2025-09-18 01:00:00","MAC-21","105.44","309.44","1.18"
"SENS-4843","2025-09-18 02:00:00","MAC-20","82.52","347.47","0.593"
"SENS-4844","2025-09-18 02:00:00","MAC-21","90.77","311.5","1.43"
"SENS-4845","2025-11-02 00:00:00","MAC-30","109.27","327.53","1.001"
"SENS-4846","2025-11-02 00:00:00","MAC-31","109.47","320.63","1.179"
"SENS-4847","2025-11-02 01:00:00","MAC-30","89.46","326.39","0.57"
"SENS-4848","2025-11-02 01:00:00","MAC-31","97.79","348.15","0.971"
"SENS-4849","2025-11-02 02:00:00","MAC-30","116.41","317.69","1.275"
"SENS-4850","2025-11-02 02:00:00","MAC-31","86.12","324.51","0.785"
"SENS-4851","2025-11-02 03:00:00","MAC-30","100.13","348.3","1.28"
"SENS-4852","2025-11-02 03:00:00","MAC-31","106.86","308.74","0.653"
"SENS-4853","2025-11-02 04:00:00","MAC-30","80.44","348.68","1.13"
"SENS-4854","2025-11-02 04:00:00","MAC-31","96.38","345.14","0.974"
"SENS-4855","2025-11-02 05:00:00","MAC-30","83.9","315.73","1.257"
"SENS-4856","2025-11-02 05:00:00","MAC-31","104.88","319.47","0.542"
"SENS-4857","2025-11-02 06:00:00","MAC-30","117.14","344.19","0.667"
"SENS-4858","2025-11-02 06:00:00","MAC-31","90.57","306.21","0.906"
"SENS-4859","2025-11-02 07:00:00","MAC-30","106.41","336.47","1.152"
"SENS-4860","2025-11-02 07:00:00","MAC-31","98.22","316.62","1.358"
"SENS-4861","2025-11-02 08:00:00","MAC-30","89.79","309.75","1.239"
"SENS-4862","2025-11-02 08:00:00","MAC-31","117.48","340.97","0.718"
"SENS-4863","2025-11-02 09:00:00","MAC-30","83.08","303.92","1.055"
"SENS-4864","2025-11-02 09:00:00","MAC-31","110.83","317.6","1.277"
"SENS-4865","2025-05-04 00:00:00","MAC-30","86.16","347.72","1.215"
"SENS-4866","2025-05-04 00:00:00","MAC-31","119.05","323.65","0.834"
"SENS-4867","2025-05-04 01:00:00","MAC-30","94.68","325.65","0.878"
"SENS-4868","2025-05-04 01:00:00","MAC-31","95.37","309.14","0.95"
"SENS-4869","2025-05-04 02:00:00","MAC-30","90.57","347.41","1.232"
"SENS-4870","2025-05-04 02:00:00","MAC-31","100.43","333.65","0.969"
"SENS-4871","2025-05-04 03:00:00","MAC-30","95.02","349.55","0.813"
"SENS-4872","2025-05-04 03:00:00","MAC-31","88.12","306.41","1.398"
"SENS-4873","2025-05-04 04:00:00","MAC-30","88.13","325.62","0.537"
"SENS-4874","2025-05-04 04:00:00","MAC-31","105.39","304.56","0.538"
"SENS-4875","2025-05-04 05:00:00","MAC-30","84.56","330.01","1.459"
"SENS-4876","2025-05-04 05:00:00","MAC-31","95.04","303.59","1.214"
"SENS-4877","2025-05-04 06:00:00","MAC-30","113.44","309.56","0.749"
"SENS-4878","2025-05-04 06:00:00","MAC-31","81.37","323.27","0.724"
"SENS-4879","2025-05-04 07:00:00","MAC-30","80.2","318.25","0.692"
"SENS-4880","2025-05-04 07:00:00","MAC-31","87.63","349.66","0.857"
"SENS-4881","2025-05-04 08:00:00","MAC-30","111.58","344.87","0.59"
"SENS-4882","2025-05-04 08:00:00","MAC-31","81.8","311.8","1.439"
"SENS-4883","2025-05-04 09:00:00","MAC-30","105.66","301.92","0.74"
"SENS-4884","2025-05-04 09:00:00","MAC-31","103.53","348.04","0.845"
"SENS-4885","2025-06-19 00:00:00","MAC-30","98.61","325.39","0.621"
"SENS-4886","2025-06-19 00:00:00","MAC-31","98.34","307.96","0.66"
"SENS-4887","2025-06-19 01:00:00","MAC-30","80.51","348.18","0.778"
"SENS-4888","2025-06-19 01:00:00","MAC-31","114.2","316.77","0.892"
"SENS-4889","2025-06-19 02:00:00","MAC-30","87.32","320.12","0.557"
"SENS-4890","2025-06-19 02:00:00","MAC-31","104.72","305.55","1.326"
"SENS-4891","2025-06-19 03:00:00","MAC-30","104.9","303.5","1.019"
"SENS-4892","2025-06-19 03:00:00","MAC-31","86.89","307.2","0.511"
"SENS-4893","2025-10-24 00:00:00","MAC-10","94.44","315","1.111"
"SENS-4894","2025-10-24 00:00:00","MAC-11","113.16","322.74","0.633"
"SENS-4895","2025-10-24 01:00:00","MAC-10","109.43","322.42","1.285"
"SENS-4896","2025-10-24 01:00:00","MAC-11","81.31","320.17","0.717"
"SENS-4897","2025-10-24 02:00:00","MAC-10","102.12","347.4","0.661"
"SENS-4898","2025-10-24 02:00:00","MAC-11","113.22","348.69","1.123"
"SENS-4899","2025-10-24 03:00:00","MAC-10","88.13","339.18","1.312"
"SENS-4900","2025-10-24 03:00:00","MAC-11","115.22","302.42","0.852"
"SENS-4901","2025-10-24 04:00:00","MAC-10","103.1","304.09","1.077"
"SENS-4902","2025-10-24 04:00:00","MAC-11","104.31","347.64","1.384"
"SENS-4903","2025-10-24 05:00:00","MAC-10","110.81","311.32","0.666"
"SENS-4904","2025-10-24 05:00:00","MAC-11","81.57","305.28","0.746"
"SENS-4905","2025-09-01 00:00:00","MAC-10","99.38","333.33","1.444"
"SENS-4906","2025-09-01 00:00:00","MAC-11","118.7","311.51","1.04"
"SENS-4907","2025-09-01 01:00:00","MAC-10","82.45","334.85","0.895"
"SENS-4908","2025-09-01 01:00:00","MAC-11","83.36","344.04","0.639"
"SENS-4909","2025-09-01 02:00:00","MAC-10","102.14","310.01","0.602"
"SENS-4910","2025-09-01 02:00:00","MAC-11","110.51","326.03","1.194"
"SENS-4911","2025-10-28 00:00:00","MAC-10","99.73","327.78","0.681"
"SENS-4912","2025-10-28 00:00:00","MAC-11","97.01","307.38","0.913"
"SENS-4913","2025-10-28 01:00:00","MAC-10","92.53","307.33","1.024"
"SENS-4914","2025-10-28 01:00:00","MAC-11","100.28","346.07","1.122"
"SENS-4915","2025-10-28 02:00:00","MAC-10","80.49","323.84","0.576"
"SENS-4916","2025-10-28 02:00:00","MAC-11","83.37","348.81","0.669"
"SENS-4917","2025-10-28 03:00:00","MAC-10","102.96","308.16","0.511"
"SENS-4918","2025-10-28 03:00:00","MAC-11","80.82","325.02","1.226"
"SENS-4919","2025-10-28 04:00:00","MAC-10","116.02","333.49","0.897"
"SENS-4920","2025-10-28 04:00:00","MAC-11","81.7","306.5","1.208"
"SENS-4921","2025-10-28 05:00:00","MAC-10","83.32","316.48","0.523"
"SENS-4922","2025-10-28 05:00:00","MAC-11","116.4","304.71","1.162"
"SENS-4923","2025-10-28 06:00:00","MAC-10","111.06","349.66","0.859"
"SENS-4924","2025-10-28 06:00:00","MAC-11","94.37","345.54","0.578"
"SENS-4925","2025-10-28 07:00:00","MAC-10","97.2","338.97","0.701"
"SENS-4926","2025-10-28 07:00:00","MAC-11","101.88","312.99","0.682"
"SENS-4927","2025-10-28 08:00:00","MAC-10","88.5","342.01","0.606"
"SENS-4928","2025-10-28 08:00:00","MAC-11","117.8","300.74","1.21"
"SENS-4929","2025-10-28 09:00:00","MAC-10","88.98","317.09","1.489"
"SENS-4930","2025-10-28 09:00:00","MAC-11","89.71","308.56","1.377"
"SENS-4931","2025-10-28 10:00:00","MAC-10","81.25","349.45","1.292"
"SENS-4932","2025-10-28 10:00:00","MAC-11","117.4","319.18","0.836"
"SENS-4933","2025-10-28 11:00:00","MAC-10","111.38","309.85","0.567"
"SENS-4934","2025-10-28 11:00:00","MAC-11","114.77","301.17","0.991"
"SENS-4935","2025-10-28 12:00:00","MAC-10","104.81","325.65","0.504"
"SENS-4936","2025-10-28 12:00:00","MAC-11","81.73","313.48","0.775"
"SENS-4937","2025-10-28 13:00:00","MAC-10","80.58","332.77","0.799"
"SENS-4938","2025-10-28 13:00:00","MAC-11","83.79","304.71","1.292"
"SENS-4939","2025-10-28 14:00:00","MAC-10","80.2","332.33","0.734"
"SENS-4940","2025-10-28 14:00:00","MAC-11","98.37","324.79","1.23"
"SENS-4941","2025-10-28 15:00:00","MAC-10","94.56","304.18","0.977"
"SENS-4942","2025-10-28 15:00:00","MAC-11","101.12","309.91","1.384"
"SENS-4943","2025-10-28 16:00:00","MAC-10","97.4","343.14","0.839"
"SENS-4944","2025-10-28 16:00:00","MAC-11","99.91","321.89","1.371"
"SENS-4945","2025-05-20 00:00:00","MAC-20","96.09","312.89","0.946"
"SENS-4946","2025-05-20 00:00:00","MAC-21","106.65","303.27","1.175"
"SENS-4947","2025-05-20 01:00:00","MAC-20","116.58","338.8","1.086"
"SENS-4948","2025-05-20 01:00:00","MAC-21","103.69","328.96","1.313"
"SENS-4949","2025-05-20 02:00:00","MAC-20","89.81","306.8","0.574"
"SENS-4950","2025-05-20 02:00:00","MAC-21","116.57","306.59","1.468"
"SENS-4951","2025-05-20 03:00:00","MAC-20","91.84","346.76","0.93"
"SENS-4952","2025-05-20 03:00:00","MAC-21","115.89","321.58","1.269"
"SENS-4953","2025-05-20 04:00:00","MAC-20","118.01","335.14","1.117"
"SENS-4954","2025-05-20 04:00:00","MAC-21","80.48","304.56","1.116"
"SENS-4955","2025-05-20 05:00:00","MAC-20","100.06","321.03","0.593"
"SENS-4956","2025-05-20 05:00:00","MAC-21","85.41","316.75","1.001"
"SENS-4957","2025-05-20 06:00:00","MAC-20","87.35","339.46","0.679"
"SENS-4958","2025-05-20 06:00:00","MAC-21","81.74","335.28","1.075"
"SENS-4959","2025-05-20 07:00:00","MAC-20","106.07","306.8","0.921"
"SENS-4960","2025-05-20 07:00:00","MAC-21","81.48","312.47","1.004"
"SENS-4961","2025-05-20 08:00:00","MAC-20","114.94","331.13","1.012"
"SENS-4962","2025-05-20 08:00:00","MAC-21","114.25","332.07","1.331"
"SENS-4963","2025-05-20 09:00:00","MAC-20","88.19","301.82","1.483"
"SENS-4964","2025-05-20 09:00:00","MAC-21","119.55","311.54","0.972"
"SENS-4965","2025-09-29 00:00:00","MAC-10","84.46","324.79","0.817"
"SENS-4966","2025-09-29 00:00:00","MAC-11","106.68","347.22","0.607"
"SENS-4967","2025-09-29 01:00:00","MAC-10","92.56","347.46","1.073"
"SENS-4968","2025-09-29 01:00:00","MAC-11","92.87","328.57","0.904"
"SENS-4969","2025-09-29 02:00:00","MAC-10","81.84","326.61","1.432"
"SENS-4970","2025-09-29 02:00:00","MAC-11","110.97","348.04","0.996"
"SENS-4971","2025-09-29 03:00:00","MAC-10","93.53","302.02","1.463"
"SENS-4972","2025-09-29 03:00:00","MAC-11","97.97","323.45","1.33"
"SENS-4973","2025-09-29 04:00:00","MAC-10","104.34","317.7","0.727"
"SENS-4974","2025-09-29 04:00:00","MAC-11","103.1","326.41","1.021"
"SENS-4975","2025-05-03 00:00:00","MAC-10","89.12","316.39","0.726"
"SENS-4976","2025-05-03 00:00:00","MAC-11","111.63","325.1","0.555"
"SENS-4977","2025-05-03 01:00:00","MAC-10","86.89","300.41","1.238"
"SENS-4978","2025-05-03 01:00:00","MAC-11","90.41","322.43","1.379"
"SENS-4979","2025-05-03 02:00:00","MAC-10","88.78","349.83","0.989"
"SENS-4980","2025-05-03 02:00:00","MAC-11","116.79","323.12","1.3"
"SENS-4981","2025-05-03 03:00:00","MAC-10","118.1","321.95","0.909"
"SENS-4982","2025-05-03 03:00:00","MAC-11","91.97","345.76","0.761"
"SENS-4983","2025-05-03 04:00:00","MAC-10","98.06","324.94","0.516"
"SENS-4984","2025-05-03 04:00:00","MAC-11","80.04","341.19","1.025"
"SENS-4985","2025-05-03 05:00:00","MAC-10","114.41","337.34","0.56"
"SENS-4986","2025-05-03 05:00:00","MAC-11","111.4","311.89","1.156"
"SENS-4987","2025-05-03 06:00:00","MAC-10","97.87","307.45","1.085"
"SENS-4988","2025-05-03 06:00:00","MAC-11","93.91","331.12","0.856"
"SENS-4989","2025-05-03 07:00:00","MAC-10","113.36","304.58","0.754"
"SENS-4990","2025-05-03 07:00:00","MAC-11","100.18","301.35","1.466"
"SENS-4991","2025-05-03 08:00:00","MAC-10","106.74","319.15","1.08"
"SENS-4992","2025-05-03 08:00:00","MAC-11","103.48","320.94","0.662"
"SENS-4993","2025-05-03 09:00:00","MAC-10","82.52","346.67","0.51"
"SENS-4994","2025-05-03 09:00:00","MAC-11","96.9","317.31","0.926"
"SENS-4995","2025-05-03 10:00:00","MAC-10","109.06","322.06","1.034"
"SENS-4996","2025-05-03 10:00:00","MAC-11","89.76","326.42","0.522"
"SENS-4997","2025-05-03 11:00:00","MAC-10","109.45","321.4","0.632"
"SENS-4998","2025-05-03 11:00:00","MAC-11","101.63","305.51","0.786"
"SENS-4999","2025-08-11 00:00:00","MAC-10","109.17","321.86","1.496"
"SENS-5000","2025-08-11 00:00:00","MAC-11","88.11","345.38","0.965"
"SENS-5001","2025-08-11 01:00:00","MAC-10","95.22","341.09","0.574"
"SENS-5002","2025-08-11 01:00:00","MAC-11","101.65","301.42","0.994"
"SENS-5003","2025-08-11 02:00:00","MAC-10","80.89","346.92","1.026"
"SENS-5004","2025-08-11 02:00:00","MAC-11","94.36","331.25","1.062"
"SENS-5005","2025-08-11 03:00:00","MAC-10","92.51","342.78","0.694"
"SENS-5006","2025-08-11 03:00:00","MAC-11","92.3","317.36","0.518"
"SENS-5007","2025-08-11 04:00:00","MAC-10","118.6","303.01","1.258"
"SENS-5008","2025-08-11 04:00:00","MAC-11","105.74","316.68","1.367"
"SENS-5009","2025-08-11 05:00:00","MAC-10","111.9","349.91","1.225"
"SENS-5010","2025-08-11 05:00:00","MAC-11","93.76","346.77","1.235"
"SENS-5011","2025-08-11 06:00:00","MAC-10","111.91","344.95","1.06"
"SENS-5012","2025-08-11 06:00:00","MAC-11","97.62","338.86","1.3"
"SENS-5013","2025-08-11 07:00:00","MAC-10","93.49","336.89","0.968"
"SENS-5014","2025-08-11 07:00:00","MAC-11","95.56","300.83","0.809"
"SENS-5015","2025-08-11 08:00:00","MAC-10","105.23","318.82","1.467"
"SENS-5016","2025-08-11 08:00:00","MAC-11","80.51","321.62","0.644"
"SENS-5017","2025-07-25 00:00:00","MAC-20","113.15","320.36","0.795"
"SENS-5018","2025-07-25 00:00:00","MAC-21","101.23","328.91","0.568"
"SENS-5019","2025-07-25 01:00:00","MAC-20","103.8","315.2","0.992"
"SENS-5020","2025-07-25 01:00:00","MAC-21","102.69","341.4","0.644"
"SENS-5021","2025-07-25 02:00:00","MAC-20","91.01","340.39","1.361"
"SENS-5022","2025-07-25 02:00:00","MAC-21","85.56","318.6","0.601"
"SENS-5023","2026-02-01 00:00:00","MAC-10","101.79","302.35","1.207"
"SENS-5024","2026-02-01 00:00:00","MAC-11","83.11","323.72","1.349"
"SENS-5025","2026-02-01 01:00:00","MAC-10","86.44","319.57","1.115"
"SENS-5026","2026-02-01 01:00:00","MAC-11","88.39","309.95","0.879"
"SENS-5027","2026-02-01 02:00:00","MAC-10","116.86","307.59","0.806"
"SENS-5028","2026-02-01 02:00:00","MAC-11","116.51","349.41","0.729"
"SENS-5029","2026-02-01 03:00:00","MAC-10","80.39","314.04","1.099"
"SENS-5030","2026-02-01 03:00:00","MAC-11","94.61","348.29","0.828"
"SENS-5031","2026-02-01 04:00:00","MAC-10","99.98","313.6","1.258"
"SENS-5032","2026-02-01 04:00:00","MAC-11","104.86","319.6","0.653"
"SENS-5033","2026-02-01 05:00:00","MAC-10","80.57","331.6","0.936"
"SENS-5034","2026-02-01 05:00:00","MAC-11","88.42","320.91","0.905"
"SENS-5035","2026-02-01 06:00:00","MAC-10","83","325.27","0.884"
"SENS-5036","2026-02-01 06:00:00","MAC-11","97.17","304.83","0.55"
"SENS-5037","2025-05-09 00:00:00","MAC-10","102.77","303.98","0.957"
"SENS-5038","2025-05-09 00:00:00","MAC-11","87.15","311.76","0.522"
"SENS-5039","2025-05-09 01:00:00","MAC-10","116.65","310.61","1.149"
"SENS-5040","2025-05-09 01:00:00","MAC-11","80.94","325.71","0.83"
"SENS-5041","2025-05-09 02:00:00","MAC-10","81.28","309.51","0.702"
"SENS-5042","2025-05-09 02:00:00","MAC-11","103.39","335.37","1.233"
"SENS-5043","2025-05-09 03:00:00","MAC-10","110.84","309.05","1.088"
"SENS-5044","2025-05-09 03:00:00","MAC-11","96.47","307.23","0.996"
"SENS-5045","2025-07-19 00:00:00","MAC-30","108.34","339.46","0.665"
"SENS-5046","2025-07-19 00:00:00","MAC-31","83.51","332.47","0.715"
"SENS-5047","2025-07-19 01:00:00","MAC-30","92.27","318.32","1.451"
"SENS-5048","2025-07-19 01:00:00","MAC-31","88.35","340.91","1.155"
"SENS-5049","2025-07-19 02:00:00","MAC-30","92.15","309.48","1.374"
"SENS-5050","2025-07-19 02:00:00","MAC-31","102.6","329.42","0.501"
"SENS-5051","2025-07-19 03:00:00","MAC-30","82.29","349.89","0.78"
"SENS-5052","2025-07-19 03:00:00","MAC-31","106.99","308.62","0.744"
"SENS-5053","2025-07-19 04:00:00","MAC-30","81.44","339.91","1.207"
"SENS-5054","2025-07-19 04:00:00","MAC-31","107.97","309.95","1.035"
"SENS-5055","2025-07-19 05:00:00","MAC-30","86.82","331.76","1.225"
"SENS-5056","2025-07-19 05:00:00","MAC-31","85.04","305.56","0.833"
"SENS-5057","2025-07-19 06:00:00","MAC-30","95.36","300.61","0.51"
"SENS-5058","2025-07-19 06:00:00","MAC-31","107.27","313.17","1.016"
"SENS-5059","2025-07-19 07:00:00","MAC-30","90.66","337.27","0.871"
"SENS-5060","2025-07-19 07:00:00","MAC-31","107.74","324.95","0.839"
"SENS-5061","2025-07-19 08:00:00","MAC-30","99.8","324.32","0.778"
"SENS-5062","2025-07-19 08:00:00","MAC-31","114.45","323.63","1"
"SENS-5063","2025-07-19 09:00:00","MAC-30","83.18","305.54","0.734"
"SENS-5064","2025-07-19 09:00:00","MAC-31","82.88","325.98","1.218"
"SENS-5065","2025-07-19 10:00:00","MAC-30","81.74","306.2","1.361"
"SENS-5066","2025-07-19 10:00:00","MAC-31","87.48","340.38","0.587"
"SENS-5067","2025-07-19 11:00:00","MAC-30","86.11","314.52","1.414"
"SENS-5068","2025-07-19 11:00:00","MAC-31","99.12","324.93","1.356"
"SENS-5069","2025-07-19 12:00:00","MAC-30","88.05","318.39","1.051"
"SENS-5070","2025-07-19 12:00:00","MAC-31","98.21","313.01","0.626"
"SENS-5071","2026-03-20 00:00:00","MAC-10","96.71","311.19","1.376"
"SENS-5072","2026-03-20 00:00:00","MAC-11","84.1","321.76","0.639"
"SENS-5073","2026-03-20 01:00:00","MAC-10","116.88","328.26","1.007"
"SENS-5074","2026-03-20 01:00:00","MAC-11","98.79","338.5","0.509"
"SENS-5075","2026-03-20 02:00:00","MAC-10","97.61","322.6","0.912"
"SENS-5076","2026-03-20 02:00:00","MAC-11","88.51","322.03","1.353"
"SENS-5077","2026-03-20 03:00:00","MAC-10","106.67","336.85","0.513"
"SENS-5078","2026-03-20 03:00:00","MAC-11","105.07","303.65","0.572"
"SENS-5079","2026-03-20 04:00:00","MAC-10","85.96","313.51","0.849"
"SENS-5080","2026-03-20 04:00:00","MAC-11","112.5","318.49","0.538"
"SENS-5081","2026-03-20 05:00:00","MAC-10","105.76","317.43","0.567"
"SENS-5082","2026-03-20 05:00:00","MAC-11","94.81","312.21","0.55"
"SENS-5083","2026-03-20 06:00:00","MAC-10","86.01","322.21","1.46"
"SENS-5084","2026-03-20 06:00:00","MAC-11","89.6","346.58","0.597"
"SENS-5085","2026-03-20 07:00:00","MAC-10","93.62","331.56","0.663"
"SENS-5086","2026-03-20 07:00:00","MAC-11","109.2","321.9","1.177"
"SENS-5087","2026-03-20 08:00:00","MAC-10","95.61","301.4","1.064"
"SENS-5088","2026-03-20 08:00:00","MAC-11","104.37","344.39","0.802"
"SENS-5089","2026-03-20 09:00:00","MAC-10","105.22","325.3","0.876"
"SENS-5090","2026-03-20 09:00:00","MAC-11","108.64","320.18","0.772"
"SENS-5091","2025-12-09 00:00:00","MAC-10","114.99","332.84","1.039"
"SENS-5092","2025-12-09 00:00:00","MAC-11","95.41","329.42","0.519"
"SENS-5093","2025-12-09 01:00:00","MAC-10","112.97","323.69","1.026"
"SENS-5094","2025-12-09 01:00:00","MAC-11","90.83","337.59","0.866"
"SENS-5095","2025-12-09 02:00:00","MAC-10","98.12","313.07","0.787"
"SENS-5096","2025-12-09 02:00:00","MAC-11","97.52","316.22","1.082"
"SENS-5097","2025-12-09 03:00:00","MAC-10","107.17","335.74","0.649"
"SENS-5098","2025-12-09 03:00:00","MAC-11","101.52","308.32","0.741"
"SENS-5099","2025-12-09 04:00:00","MAC-10","108.94","312.83","0.867"
"SENS-5100","2025-12-09 04:00:00","MAC-11","109.03","329.71","1.169"
"SENS-5101","2025-12-09 05:00:00","MAC-10","97.17","329.36","1.304"
"SENS-5102","2025-12-09 05:00:00","MAC-11","98.8","328.17","1.481"
"SENS-5103","2025-12-09 06:00:00","MAC-10","84.88","313.13","1.313"
"SENS-5104","2025-12-09 06:00:00","MAC-11","96.95","321.63","1.211"
"SENS-5105","2025-12-09 07:00:00","MAC-10","94.91","332.13","1.244"
"SENS-5106","2025-12-09 07:00:00","MAC-11","86.26","327.93","0.974"
"SENS-5107","2025-12-09 08:00:00","MAC-10","96.27","336.96","0.667"
"SENS-5108","2025-12-09 08:00:00","MAC-11","104.09","327.86","1.095"
"SENS-5109","2025-12-09 09:00:00","MAC-10","100.05","311.44","1.06"
"SENS-5110","2025-12-09 09:00:00","MAC-11","91.96","346.88","1.45"
"SENS-5111","2025-12-09 10:00:00","MAC-10","97.1","304.32","1.4"
"SENS-5112","2025-12-09 10:00:00","MAC-11","83.32","338.9","1.415"
"SENS-5113","2025-12-09 11:00:00","MAC-10","82.36","333.23","0.899"
"SENS-5114","2025-12-09 11:00:00","MAC-11","81.43","319.17","0.562"
"SENS-5115","2025-12-09 12:00:00","MAC-10","81.88","305.9","1.029"
"SENS-5116","2025-12-09 12:00:00","MAC-11","84.09","331.18","1.058"
"SENS-5117","2025-12-09 13:00:00","MAC-10","119.64","334.9","0.775"
"SENS-5118","2025-12-09 13:00:00","MAC-11","87.64","308.36","0.724"
"SENS-5119","2025-12-09 14:00:00","MAC-10","80.25","316.02","0.63"
"SENS-5120","2025-12-09 14:00:00","MAC-11","98.6","323.7","0.777"
"SENS-5121","2025-12-09 15:00:00","MAC-10","119.79","330.46","1.092"
"SENS-5122","2025-12-09 15:00:00","MAC-11","86.38","342.02","0.865"
"SENS-5123","2025-12-09 16:00:00","MAC-10","95.72","305.68","1.222"
"SENS-5124","2025-12-09 16:00:00","MAC-11","106.73","343.82","1.385"
"SENS-5125","2025-12-09 17:00:00","MAC-10","108.74","306.63","0.76"
"SENS-5126","2025-12-09 17:00:00","MAC-11","83.52","349.52","0.608"
"SENS-5127","2025-12-28 00:00:00","MAC-30","106.19","321.81","0.858"
"SENS-5128","2025-12-28 00:00:00","MAC-31","97.35","313.94","0.855"
"SENS-5129","2025-12-28 01:00:00","MAC-30","96.83","314.83","1.182"
"SENS-5130","2025-12-28 01:00:00","MAC-31","87.08","337.54","0.96"
"SENS-5131","2025-12-28 02:00:00","MAC-30","83.83","348.45","1.046"
"SENS-5132","2025-12-28 02:00:00","MAC-31","101.52","341.71","0.685"
"SENS-5133","2025-12-28 03:00:00","MAC-30","92.27","309.14","0.84"
"SENS-5134","2025-12-28 03:00:00","MAC-31","83.38","349.93","0.522"
"SENS-5135","2025-12-28 04:00:00","MAC-30","84.48","313.48","1.378"
"SENS-5136","2025-12-28 04:00:00","MAC-31","110.19","316.68","1.362"
"SENS-5137","2025-12-28 05:00:00","MAC-30","117.15","349.7","0.971"
"SENS-5138","2025-12-28 05:00:00","MAC-31","99.43","312.4","1.19"
"SENS-5139","2025-12-28 06:00:00","MAC-30","93.68","319.91","0.697"
"SENS-5140","2025-12-28 06:00:00","MAC-31","107.56","343.92","0.674"
"SENS-5141","2025-12-28 07:00:00","MAC-30","119.98","306.88","1.137"
"SENS-5142","2025-12-28 07:00:00","MAC-31","104.48","313.09","0.955"
"SENS-5143","2025-12-28 08:00:00","MAC-30","117.62","324.21","0.529"
"SENS-5144","2025-12-28 08:00:00","MAC-31","95.36","311.98","0.995"
"SENS-5145","2025-10-01 00:00:00","MAC-10","97.11","314.87","0.55"
"SENS-5146","2025-10-01 00:00:00","MAC-11","85.77","308.27","0.586"
"SENS-5147","2025-10-01 01:00:00","MAC-10","116.45","315.49","0.899"
"SENS-5148","2025-10-01 01:00:00","MAC-11","87.86","335.11","0.698"
"SENS-5149","2025-10-01 02:00:00","MAC-10","90.2","321.63","0.723"
"SENS-5150","2025-10-01 02:00:00","MAC-11","89.22","322.78","0.526"
"SENS-5151","2025-10-01 03:00:00","MAC-10","101.58","338.72","0.904"
"SENS-5152","2025-10-01 03:00:00","MAC-11","103.58","317.84","0.861"
"SENS-5153","2025-10-01 04:00:00","MAC-10","114.05","313.24","1.47"
"SENS-5154","2025-10-01 04:00:00","MAC-11","90.07","314.88","0.569"
"SENS-5155","2025-10-01 05:00:00","MAC-10","103.15","349.6","0.745"
"SENS-5156","2025-10-01 05:00:00","MAC-11","81.93","325.29","1.307"
"SENS-5157","2025-10-01 06:00:00","MAC-10","85.43","311.29","1.073"
"SENS-5158","2025-10-01 06:00:00","MAC-11","107.83","300.28","0.599"
"SENS-5159","2025-10-01 07:00:00","MAC-10","114.29","338.06","0.867"
"SENS-5160","2025-10-01 07:00:00","MAC-11","96.53","306.54","1.02"
"SENS-5161","2025-10-01 08:00:00","MAC-10","87.02","314.66","1.279"
"SENS-5162","2025-10-01 08:00:00","MAC-11","112.49","329.73","1.351"
"SENS-5163","2025-10-01 09:00:00","MAC-10","92.91","346.76","0.674"
"SENS-5164","2025-10-01 09:00:00","MAC-11","84.04","345.59","1.496"
"SENS-5165","2025-10-01 10:00:00","MAC-10","113.79","302.56","0.56"
"SENS-5166","2025-10-01 10:00:00","MAC-11","91.61","329.22","0.817"
"SENS-5167","2025-10-04 00:00:00","MAC-10","103.79","335.09","0.954"
"SENS-5168","2025-10-04 00:00:00","MAC-11","96.28","330.18","0.94"
"SENS-5169","2025-10-04 01:00:00","MAC-10","98.48","317.57","1.095"
"SENS-5170","2025-10-04 01:00:00","MAC-11","115.52","335.51","0.626"
"SENS-5171","2025-10-04 02:00:00","MAC-10","93.6","311.66","0.596"
"SENS-5172","2025-10-04 02:00:00","MAC-11","96.41","309.81","1.118"
"SENS-5173","2025-10-04 03:00:00","MAC-10","113.4","319.38","0.759"
"SENS-5174","2025-10-04 03:00:00","MAC-11","112.52","302.3","1.43"
"SENS-5175","2025-10-04 04:00:00","MAC-10","119.86","305.77","0.598"
"SENS-5176","2025-10-04 04:00:00","MAC-11","117.79","320.55","0.62"
"SENS-5177","2025-10-04 05:00:00","MAC-10","102.68","302.71","1.432"
"SENS-5178","2025-10-04 05:00:00","MAC-11","102.43","303.79","0.819"
"SENS-5179","2025-10-04 06:00:00","MAC-10","111.63","333.89","1.284"
"SENS-5180","2025-10-04 06:00:00","MAC-11","80.23","316.26","1.241"
"SENS-5181","2025-10-04 07:00:00","MAC-10","118.61","331.77","1.365"
"SENS-5182","2025-10-04 07:00:00","MAC-11","101.73","320.45","0.788"
"SENS-5183","2025-10-04 08:00:00","MAC-10","99.21","339.93","1.444"
"SENS-5184","2025-10-04 08:00:00","MAC-11","82.43","314.87","0.717"
"SENS-5185","2025-10-04 09:00:00","MAC-10","89.29","303.18","1.461"
"SENS-5186","2025-10-04 09:00:00","MAC-11","81.02","335.26","0.583"
"SENS-5187","2025-10-04 10:00:00","MAC-10","113.24","343.9","1.39"
"SENS-5188","2025-10-04 10:00:00","MAC-11","115.88","314.73","0.796"
"SENS-5189","2025-10-04 11:00:00","MAC-10","84.64","341.44","0.555"
"SENS-5190","2025-10-04 11:00:00","MAC-11","94.39","326.95","1.499"
"SENS-5191","2025-10-04 12:00:00","MAC-10","86.19","300.09","0.908"
"SENS-5192","2025-10-04 12:00:00","MAC-11","96.73","325.95","1.299"
"SENS-5193","2025-10-04 13:00:00","MAC-10","112.15","328.18","1.297"
"SENS-5194","2025-10-04 13:00:00","MAC-11","109.14","314.53","0.832"
"SENS-5195","2025-10-04 14:00:00","MAC-10","96.94","338.04","1.305"
"SENS-5196","2025-10-04 14:00:00","MAC-11","103.99","348.28","1.327"
"SENS-5197","2025-06-22 00:00:00","MAC-10","86.43","317.29","0.624"
"SENS-5198","2025-06-22 00:00:00","MAC-11","80.61","336.16","1.017"
"SENS-5199","2025-06-22 01:00:00","MAC-10","117.12","329.63","1.395"
"SENS-5200","2025-06-22 01:00:00","MAC-11","84.48","349.21","1.408"
"SENS-5201","2025-06-22 02:00:00","MAC-10","81.72","300.06","1.326"
"SENS-5202","2025-06-22 02:00:00","MAC-11","87.66","307.17","1.342"
"SENS-5203","2025-06-22 03:00:00","MAC-10","93.26","321.9","1.344"
"SENS-5204","2025-06-22 03:00:00","MAC-11","93.58","341.77","1.464"
"SENS-5205","2025-06-22 04:00:00","MAC-10","85.14","309.45","0.566"
"SENS-5206","2025-06-22 04:00:00","MAC-11","87.57","316.44","0.946"
"SENS-5207","2025-06-22 05:00:00","MAC-10","80.41","323.25","0.874"
"SENS-5208","2025-06-22 05:00:00","MAC-11","86.44","305.21","1.123"
"SENS-5209","2025-06-22 06:00:00","MAC-10","114.21","328.65","1.074"
"SENS-5210","2025-06-22 06:00:00","MAC-11","95.09","334.11","0.774"
"SENS-5211","2025-06-22 07:00:00","MAC-10","101.1","310.32","0.854"
"SENS-5212","2025-06-22 07:00:00","MAC-11","92.26","347.87","0.877"
"SENS-5213","2026-01-25 00:00:00","MAC-30","113.38","312.48","1.368"
"SENS-5214","2026-01-25 00:00:00","MAC-31","80.88","302.02","1.403"
"SENS-5215","2026-01-25 01:00:00","MAC-30","82.71","347.22","0.54"
"SENS-5216","2026-01-25 01:00:00","MAC-31","95.65","315.76","1.249"
"SENS-5217","2026-01-25 02:00:00","MAC-30","117.83","317.32","1.291"
"SENS-5218","2026-01-25 02:00:00","MAC-31","113.47","327.03","0.629"
"SENS-5219","2026-01-25 03:00:00","MAC-30","115.07","325.78","0.894"
"SENS-5220","2026-01-25 03:00:00","MAC-31","82.96","324.97","0.713"
"SENS-5221","2026-01-25 04:00:00","MAC-30","112.47","331.78","0.82"
"SENS-5222","2026-01-25 04:00:00","MAC-31","102.67","344.2","0.938"
"SENS-5223","2026-01-25 05:00:00","MAC-30","111.97","333.76","1.249"
"SENS-5224","2026-01-25 05:00:00","MAC-31","90.65","303.67","0.613"
"SENS-5225","2026-01-25 06:00:00","MAC-30","108.91","302.98","1.068"
"SENS-5226","2026-01-25 06:00:00","MAC-31","105.38","322.44","1.229"
"SENS-5227","2026-01-25 07:00:00","MAC-30","117.55","321.47","0.804"
"SENS-5228","2026-01-25 07:00:00","MAC-31","106.63","349.22","0.969"
"SENS-5229","2026-01-25 08:00:00","MAC-30","100.82","305.41","0.806"
"SENS-5230","2026-01-25 08:00:00","MAC-31","92.61","321.3","0.758"
"SENS-5231","2026-01-25 09:00:00","MAC-30","94.63","316.13","0.945"
"SENS-5232","2026-01-25 09:00:00","MAC-31","87.22","300.94","0.841"
"SENS-5233","2026-01-25 10:00:00","MAC-30","105.58","305.63","1.035"
"SENS-5234","2026-01-25 10:00:00","MAC-31","102.15","334.68","1.312"
"SENS-5235","2026-01-25 11:00:00","MAC-30","102.93","300.35","1.389"
"SENS-5236","2026-01-25 11:00:00","MAC-31","80.73","322.83","1.032"
"SENS-5237","2026-01-10 00:00:00","MAC-20","95.24","347.94","0.571"
"SENS-5238","2026-01-10 00:00:00","MAC-21","101.52","324.54","1.423"
"SENS-5239","2026-01-10 01:00:00","MAC-20","112.22","344.87","0.889"
"SENS-5240","2026-01-10 01:00:00","MAC-21","88.52","330.9","0.501"
"SENS-5241","2026-01-10 02:00:00","MAC-20","100.92","307.35","0.793"
"SENS-5242","2026-01-10 02:00:00","MAC-21","114.31","325.73","1.077"
"SENS-5243","2026-01-10 03:00:00","MAC-20","98.65","317.98","0.764"
"SENS-5244","2026-01-10 03:00:00","MAC-21","91.86","308.23","1.03"
"SENS-5245","2026-01-10 04:00:00","MAC-20","117.95","316.16","1.314"
"SENS-5246","2026-01-10 04:00:00","MAC-21","94.31","330.3","0.829"
"SENS-5247","2026-01-10 05:00:00","MAC-20","119.14","323.68","0.996"
"SENS-5248","2026-01-10 05:00:00","MAC-21","119.08","323.58","1.204"
"SENS-5249","2026-01-10 06:00:00","MAC-20","106.63","317","1.296"
"SENS-5250","2026-01-10 06:00:00","MAC-21","117.22","341.98","0.774"
"SENS-5251","2026-01-10 07:00:00","MAC-20","109.77","324.17","0.643"
"SENS-5252","2026-01-10 07:00:00","MAC-21","116.32","306.26","0.706"
"SENS-5253","2025-11-17 00:00:00","MAC-30","105.27","325.98","0.681"
"SENS-5254","2025-11-17 00:00:00","MAC-31","95.44","339.69","0.746"
"SENS-5255","2025-11-17 01:00:00","MAC-30","103.44","321","1.321"
"SENS-5256","2025-11-17 01:00:00","MAC-31","80.37","326.04","1.07"
"SENS-5257","2025-11-17 02:00:00","MAC-30","82.26","329","1.497"
"SENS-5258","2025-11-17 02:00:00","MAC-31","103.63","339.62","0.948"
"SENS-5259","2025-11-17 03:00:00","MAC-30","81.06","331.16","1.206"
"SENS-5260","2025-11-17 03:00:00","MAC-31","101.41","306.09","1.381"
"SENS-5261","2025-11-17 04:00:00","MAC-30","95.87","313.95","1.45"
"SENS-5262","2025-11-17 04:00:00","MAC-31","82.38","307.08","1.066"
"SENS-5263","2025-11-17 05:00:00","MAC-30","97.52","337.13","1.366"
"SENS-5264","2025-11-17 05:00:00","MAC-31","87.17","305.9","0.914"
"SENS-5265","2025-11-17 06:00:00","MAC-30","113.07","307.88","1.43"
"SENS-5266","2025-11-17 06:00:00","MAC-31","97.63","305.39","0.616"
"SENS-5267","2025-11-17 07:00:00","MAC-30","102.62","334.83","1.184"
"SENS-5268","2025-11-17 07:00:00","MAC-31","91.57","307.4","1.083"
"SENS-5269","2025-11-17 08:00:00","MAC-30","102.17","304.62","1.484"
"SENS-5270","2025-11-17 08:00:00","MAC-31","86.96","324.53","1.234"
"SENS-5271","2025-11-17 09:00:00","MAC-30","82.61","318.42","1.337"
"SENS-5272","2025-11-17 09:00:00","MAC-31","108.36","321.63","1.209"
"SENS-5273","2025-11-17 10:00:00","MAC-30","83.6","349.07","1.472"
"SENS-5274","2025-11-17 10:00:00","MAC-31","116.31","330.23","0.578"
"SENS-5275","2025-12-19 00:00:00","MAC-30","87.97","320.16","0.589"
"SENS-5276","2025-12-19 00:00:00","MAC-31","101.92","300.9","1.141"
"SENS-5277","2025-12-19 01:00:00","MAC-30","92.87","345.38","1.102"
"SENS-5278","2025-12-19 01:00:00","MAC-31","80.82","333.84","0.969"
"SENS-5279","2025-11-02 00:00:00","MAC-30","84.23","336.81","0.678"
"SENS-5280","2025-11-02 00:00:00","MAC-31","103.72","337.58","0.681"
"SENS-5281","2025-11-02 01:00:00","MAC-30","112.34","326.54","0.985"
"SENS-5282","2025-11-02 01:00:00","MAC-31","88.29","323.51","0.896"
"SENS-5283","2025-11-02 02:00:00","MAC-30","84.08","331.32","0.533"
"SENS-5284","2025-11-02 02:00:00","MAC-31","85.04","339.16","0.558"
"SENS-5285","2025-11-02 03:00:00","MAC-30","86.25","342.32","1.443"
"SENS-5286","2025-11-02 03:00:00","MAC-31","107.79","313.98","0.582"
"SENS-5287","2025-11-02 04:00:00","MAC-30","90.09","334.27","1.02"
"SENS-5288","2025-11-02 04:00:00","MAC-31","97.75","304.1","0.655"
"SENS-5289","2025-11-02 05:00:00","MAC-30","104.33","344.38","1.189"
"SENS-5290","2025-11-02 05:00:00","MAC-31","110.75","344.53","1.44"
"SENS-5291","2025-11-02 06:00:00","MAC-30","91.29","300.38","1.368"
"SENS-5292","2025-11-02 06:00:00","MAC-31","118.37","320.23","1.064"
"SENS-5293","2025-11-02 07:00:00","MAC-30","95.34","319.39","0.991"
"SENS-5294","2025-11-02 07:00:00","MAC-31","112.2","322.33","0.929"
"SENS-5295","2025-05-24 00:00:00","MAC-10","83.63","321.64","1.119"
"SENS-5296","2025-05-24 00:00:00","MAC-11","98.22","332.36","0.735"
"SENS-5297","2025-05-24 01:00:00","MAC-10","93.27","316.08","0.596"
"SENS-5298","2025-05-24 01:00:00","MAC-11","116.56","334.56","1.261"
"SENS-5299","2025-05-24 02:00:00","MAC-10","105.8","330.97","0.635"
"SENS-5300","2025-05-24 02:00:00","MAC-11","103.61","342.33","0.535"
"SENS-5301","2025-05-24 03:00:00","MAC-10","85.02","315.45","1.24"
"SENS-5302","2025-05-24 03:00:00","MAC-11","118.79","329.1","0.718"
"SENS-5303","2025-05-24 04:00:00","MAC-10","107.65","340.85","0.592"
"SENS-5304","2025-05-24 04:00:00","MAC-11","80.36","331.82","0.72"
"SENS-5305","2025-05-24 05:00:00","MAC-10","91.48","331.23","0.832"
"SENS-5306","2025-05-24 05:00:00","MAC-11","98.51","338.49","1.362"
"SENS-5307","2025-05-24 06:00:00","MAC-10","98.8","304.28","1.316"
"SENS-5308","2025-05-24 06:00:00","MAC-11","84.12","334.67","1.042"
"SENS-5309","2026-02-14 00:00:00","MAC-30","83.28","310.16","0.637"
"SENS-5310","2026-02-14 00:00:00","MAC-31","104.21","300.96","1.407"
"SENS-5311","2026-02-14 01:00:00","MAC-30","81.99","335.86","1.038"
"SENS-5312","2026-02-14 01:00:00","MAC-31","83.96","347.36","0.728"
"SENS-5313","2026-02-14 02:00:00","MAC-30","101.22","331.07","1.447"
"SENS-5314","2026-02-14 02:00:00","MAC-31","117.53","310.92","1.11"
"SENS-5315","2026-02-14 03:00:00","MAC-30","92.21","300.71","0.829"
"SENS-5316","2026-02-14 03:00:00","MAC-31","91.12","341.98","0.705"
"SENS-5317","2026-02-14 04:00:00","MAC-30","97.03","340.77","1.269"
"SENS-5318","2026-02-14 04:00:00","MAC-31","96.67","315.66","0.914"
"SENS-5319","2026-02-14 05:00:00","MAC-30","107.01","304.48","1"
"SENS-5320","2026-02-14 05:00:00","MAC-31","81.52","327.7","0.785"
"SENS-5321","2026-02-14 06:00:00","MAC-30","106.86","311.08","0.599"
"SENS-5322","2026-02-14 06:00:00","MAC-31","93.29","337.82","1.394"
"SENS-5323","2025-05-22 00:00:00","MAC-20","108.94","320.68","1.319"
"SENS-5324","2025-05-22 00:00:00","MAC-21","110.12","315.07","0.659"
"SENS-5325","2025-05-22 01:00:00","MAC-20","107.79","310.55","1.257"
"SENS-5326","2025-05-22 01:00:00","MAC-21","91.17","323.56","0.965"
"SENS-5327","2025-05-22 02:00:00","MAC-20","100.83","312.13","0.658"
"SENS-5328","2025-05-22 02:00:00","MAC-21","99.58","303.01","1.024"
"SENS-5329","2025-05-22 03:00:00","MAC-20","91.97","316.43","0.909"
"SENS-5330","2025-05-22 03:00:00","MAC-21","116.71","342.48","1.457"
"SENS-5331","2025-06-15 00:00:00","MAC-10","84.39","339.06","1.494"
"SENS-5332","2025-06-15 00:00:00","MAC-11","119","336.46","1.435"
"SENS-5333","2025-06-15 01:00:00","MAC-10","115.53","332.78","1.008"
"SENS-5334","2025-06-15 01:00:00","MAC-11","99.1","319.7","1.011"
"SENS-5335","2025-06-15 02:00:00","MAC-10","98.26","349.29","0.761"
"SENS-5336","2025-06-15 02:00:00","MAC-11","113.69","303.24","1.207"
"SENS-5337","2025-06-15 03:00:00","MAC-10","113.84","307.21","1.093"
"SENS-5338","2025-06-15 03:00:00","MAC-11","93.6","307.65","1.245"
"SENS-5339","2025-06-15 04:00:00","MAC-10","92.1","305.42","0.686"
"SENS-5340","2025-06-15 04:00:00","MAC-11","83.71","304.2","1.31"
"SENS-5341","2025-06-15 05:00:00","MAC-10","92.28","339.87","0.836"
"SENS-5342","2025-06-15 05:00:00","MAC-11","90.88","318.36","0.854"
"SENS-5343","2026-01-22 00:00:00","MAC-30","83.7","325.26","1.368"
"SENS-5344","2026-01-22 00:00:00","MAC-31","113.91","336.31","1.185"
"SENS-5345","2026-01-22 01:00:00","MAC-30","82.36","346.41","1.406"
"SENS-5346","2026-01-22 01:00:00","MAC-31","110.57","344.8","1.248"
"SENS-5347","2026-01-22 02:00:00","MAC-30","99.51","304.25","1.065"
"SENS-5348","2026-01-22 02:00:00","MAC-31","80.49","306.99","1.149"
"SENS-5349","2026-01-22 03:00:00","MAC-30","114.38","303.58","1.408"
"SENS-5350","2026-01-22 03:00:00","MAC-31","116.45","341.52","1.287"
"SENS-5351","2026-01-22 04:00:00","MAC-30","102.25","325.36","1.06"
"SENS-5352","2026-01-22 04:00:00","MAC-31","107.24","338.75","0.716"
"SENS-5353","2026-01-22 05:00:00","MAC-30","85.23","307.06","1.339"
"SENS-5354","2026-01-22 05:00:00","MAC-31","119.84","319.89","0.66"
"SENS-5355","2026-01-22 06:00:00","MAC-30","114.51","317.06","0.543"
"SENS-5356","2026-01-22 06:00:00","MAC-31","102.56","343.09","0.843"
"SENS-5357","2025-10-05 00:00:00","MAC-10","99.65","317.56","1.023"
"SENS-5358","2025-10-05 00:00:00","MAC-11","97.35","343.23","0.502"
"SENS-5359","2025-10-05 01:00:00","MAC-10","117.47","337.86","0.791"
"SENS-5360","2025-10-05 01:00:00","MAC-11","100.95","325.11","1.016"
"SENS-5361","2025-10-05 02:00:00","MAC-10","102.29","329.95","1.496"
"SENS-5362","2025-10-05 02:00:00","MAC-11","90.29","301.38","0.699"
"SENS-5363","2025-10-05 03:00:00","MAC-10","111.64","315.75","1.445"
"SENS-5364","2025-10-05 03:00:00","MAC-11","97.14","323.28","0.512"
"SENS-5365","2025-10-05 04:00:00","MAC-10","119.57","349.55","1.048"
"SENS-5366","2025-10-05 04:00:00","MAC-11","99.29","345.72","0.804"
"SENS-5367","2025-10-05 05:00:00","MAC-10","90.25","322.03","1.165"
"SENS-5368","2025-10-05 05:00:00","MAC-11","113.33","311.91","0.969"
"SENS-5369","2025-10-05 06:00:00","MAC-10","92.17","302.87","1.321"
"SENS-5370","2025-10-05 06:00:00","MAC-11","113.09","310.2","1.081"
"SENS-5371","2026-01-09 00:00:00","MAC-30","88.08","315.34","1.247"
"SENS-5372","2026-01-09 00:00:00","MAC-31","91.9","300.6","1.478"
"SENS-5373","2026-01-09 01:00:00","MAC-30","114.66","303.78","0.907"
"SENS-5374","2026-01-09 01:00:00","MAC-31","94.72","341.22","0.956"
"SENS-5375","2026-01-09 02:00:00","MAC-30","109.6","300.28","1.28"
"SENS-5376","2026-01-09 02:00:00","MAC-31","82.78","306.61","1.041"
"SENS-5377","2026-01-09 03:00:00","MAC-30","116.05","312.23","1.135"
"SENS-5378","2026-01-09 03:00:00","MAC-31","117.43","345.75","0.676"
"SENS-5379","2026-01-09 04:00:00","MAC-30","85.32","329.87","0.607"
"SENS-5380","2026-01-09 04:00:00","MAC-31","115.65","313.45","0.826"
"SENS-5381","2026-01-09 05:00:00","MAC-30","88.68","323.16","0.518"
"SENS-5382","2026-01-09 05:00:00","MAC-31","97.53","347.45","1.331"
"SENS-5383","2026-01-09 06:00:00","MAC-30","119.33","310.3","0.645"
"SENS-5384","2026-01-09 06:00:00","MAC-31","113.65","341.82","0.68"
"SENS-5385","2026-01-09 07:00:00","MAC-30","104.82","316.64","1.427"
"SENS-5386","2026-01-09 07:00:00","MAC-31","114.73","317.39","1.415"
"SENS-5387","2026-01-09 08:00:00","MAC-30","109.03","335.09","1.42"
"SENS-5388","2026-01-09 08:00:00","MAC-31","106.11","321.94","1.202"
"SENS-5389","2026-01-09 09:00:00","MAC-30","85.45","335.16","0.76"
"SENS-5390","2026-01-09 09:00:00","MAC-31","86.19","321.21","0.593"
"SENS-5391","2026-01-09 10:00:00","MAC-30","109.87","307.83","1.469"
"SENS-5392","2026-01-09 10:00:00","MAC-31","107.15","308.37","0.896"
"SENS-5393","2026-01-10 00:00:00","MAC-20","82.84","301.99","1.212"
"SENS-5394","2026-01-10 00:00:00","MAC-21","109.64","300.33","0.74"
"SENS-5395","2026-01-10 01:00:00","MAC-20","109.32","349.21","0.991"
"SENS-5396","2026-01-10 01:00:00","MAC-21","109.91","331.61","0.771"
"SENS-5397","2026-01-10 02:00:00","MAC-20","92.39","319.72","0.744"
"SENS-5398","2026-01-10 02:00:00","MAC-21","86.34","310.1","0.721"
"SENS-5399","2026-01-10 03:00:00","MAC-20","86.35","321.52","1.308"
"SENS-5400","2026-01-10 03:00:00","MAC-21","109.74","324.08","1.259"
"SENS-5401","2026-01-10 04:00:00","MAC-20","93.44","308.27","0.659"
"SENS-5402","2026-01-10 04:00:00","MAC-21","96.43","304.23","0.867"
"SENS-5403","2026-01-10 05:00:00","MAC-20","86.05","300.08","1.225"
"SENS-5404","2026-01-10 05:00:00","MAC-21","107.07","335.19","1.456"
"SENS-5405","2026-01-10 06:00:00","MAC-20","112.61","302.39","0.722"
"SENS-5406","2026-01-10 06:00:00","MAC-21","100.33","328.27","1.178"
"SENS-5407","2026-01-10 07:00:00","MAC-20","86.96","323.11","1.449"
"SENS-5408","2026-01-10 07:00:00","MAC-21","93.81","338.75","0.802"
"SENS-5409","2026-01-10 08:00:00","MAC-20","91.6","338.84","1.069"
"SENS-5410","2026-01-10 08:00:00","MAC-21","97.44","330.26","0.724"
"SENS-5411","2026-01-10 09:00:00","MAC-20","86.21","308.05","0.99"
"SENS-5412","2026-01-10 09:00:00","MAC-21","106.26","343.04","0.635"
"SENS-5413","2026-01-10 10:00:00","MAC-20","95.92","340.03","0.533"
"SENS-5414","2026-01-10 10:00:00","MAC-21","95.34","305.06","1.358"
"SENS-5415","2026-01-10 11:00:00","MAC-20","81.89","337.32","1.498"
"SENS-5416","2026-01-10 11:00:00","MAC-21","86.65","319.34","1.112"
"SENS-5417","2026-01-10 12:00:00","MAC-20","90.25","305.83","0.571"
"SENS-5418","2026-01-10 12:00:00","MAC-21","88.59","340.52","0.708"
"SENS-5419","2026-01-10 13:00:00","MAC-20","91.38","300.68","1.294"
"SENS-5420","2026-01-10 13:00:00","MAC-21","95.92","326.59","0.914"
"SENS-5421","2026-01-10 14:00:00","MAC-20","96.55","343.21","1.45"
"SENS-5422","2026-01-10 14:00:00","MAC-21","102.07","310.47","0.866"
"SENS-5423","2026-01-10 15:00:00","MAC-20","108.09","348.37","0.811"
"SENS-5424","2026-01-10 15:00:00","MAC-21","117.78","306.91","1.358"
"SENS-5425","2026-01-10 16:00:00","MAC-20","101.64","311.9","1.386"
"SENS-5426","2026-01-10 16:00:00","MAC-21","81.13","328.87","1.026"
"SENS-5427","2026-01-10 17:00:00","MAC-20","95.16","320.38","0.93"
"SENS-5428","2026-01-10 17:00:00","MAC-21","110.98","301.21","1.445"
"SENS-5429","2026-03-03 00:00:00","MAC-20","102.19","319.61","0.698"
"SENS-5430","2026-03-03 00:00:00","MAC-21","110.66","311.39","0.823"
"SENS-5431","2026-03-03 01:00:00","MAC-20","114.7","308.9","0.622"
"SENS-5432","2026-03-03 01:00:00","MAC-21","87.83","317.07","1.266"
"SENS-5433","2026-03-03 02:00:00","MAC-20","104.01","325","1.429"
"SENS-5434","2026-03-03 02:00:00","MAC-21","110.55","306.19","1.24"
"SENS-5435","2026-03-03 03:00:00","MAC-20","80.49","328.18","0.665"
"SENS-5436","2026-03-03 03:00:00","MAC-21","94.44","306.41","0.722"
"SENS-5437","2026-03-03 04:00:00","MAC-20","89.62","338.01","0.971"
"SENS-5438","2026-03-03 04:00:00","MAC-21","92.96","328.27","0.706"
"SENS-5439","2026-03-03 05:00:00","MAC-20","99.49","314.74","0.856"
"SENS-5440","2026-03-03 05:00:00","MAC-21","85.19","320.91","1.363"
"SENS-5441","2026-03-03 06:00:00","MAC-20","84.18","311.64","0.649"
"SENS-5442","2026-03-03 06:00:00","MAC-21","95.15","321.22","0.878"
"SENS-5443","2026-03-03 07:00:00","MAC-20","95.96","331.94","0.86"
"SENS-5444","2026-03-03 07:00:00","MAC-21","82.64","314.7","1.189"
"SENS-5445","2026-03-03 08:00:00","MAC-20","97.3","305.01","1.033"
"SENS-5446","2026-03-03 08:00:00","MAC-21","92.93","327.51","1.216"
"SENS-5447","2026-03-03 09:00:00","MAC-20","94.76","322.79","1.415"
"SENS-5448","2026-03-03 09:00:00","MAC-21","87.92","342.4","0.655"
"SENS-5449","2026-03-03 10:00:00","MAC-20","116.08","327.92","0.654"
"SENS-5450","2026-03-03 10:00:00","MAC-21","94.42","326.14","0.646"
"SENS-5451","2026-03-03 11:00:00","MAC-20","108.07","312.1","1.13"
"SENS-5452","2026-03-03 11:00:00","MAC-21","80.37","324.05","0.918"
"SENS-5453","2026-03-03 12:00:00","MAC-20","89.68","325.21","0.78"
"SENS-5454","2026-03-03 12:00:00","MAC-21","99.22","330.66","0.915"
"SENS-5455","2026-01-01 00:00:00","MAC-20","117.58","316.13","1.032"
"SENS-5456","2026-01-01 00:00:00","MAC-21","117.61","336.09","1.099"
"SENS-5457","2026-01-01 01:00:00","MAC-20","108.91","343.73","1.121"
"SENS-5458","2026-01-01 01:00:00","MAC-21","87.47","322.66","0.752"
"SENS-5459","2026-01-01 02:00:00","MAC-20","90.73","312.01","0.81"
"SENS-5460","2026-01-01 02:00:00","MAC-21","106.11","333.59","0.584"
"SENS-5461","2026-01-01 03:00:00","MAC-20","115.55","314.83","1.43"
"SENS-5462","2026-01-01 03:00:00","MAC-21","87.47","329.31","0.887"
"SENS-5463","2026-01-01 04:00:00","MAC-20","92.31","324.35","1.126"
"SENS-5464","2026-01-01 04:00:00","MAC-21","111.02","312.97","0.918"
"SENS-5465","2026-01-01 05:00:00","MAC-20","89.29","318.74","1.401"
"SENS-5466","2026-01-01 05:00:00","MAC-21","84.23","305.68","1.252"
"SENS-5467","2026-01-01 06:00:00","MAC-20","118.38","339.78","1.375"
"SENS-5468","2026-01-01 06:00:00","MAC-21","95.47","343.86","0.785"
"SENS-5469","2025-10-30 00:00:00","MAC-20","81.97","315.28","0.873"
"SENS-5470","2025-10-30 00:00:00","MAC-21","93.13","346.22","0.849"
"SENS-5471","2025-10-30 01:00:00","MAC-20","81.1","336.7","0.652"
"SENS-5472","2025-10-30 01:00:00","MAC-21","105.69","332.18","0.698"
"SENS-5473","2025-10-30 02:00:00","MAC-20","119.88","305.24","0.72"
"SENS-5474","2025-10-30 02:00:00","MAC-21","104.1","322.54","1.383"
"SENS-5475","2025-10-30 03:00:00","MAC-20","100.87","346.82","0.566"
"SENS-5476","2025-10-30 03:00:00","MAC-21","81.24","301.5","1.354"
"SENS-5477","2025-10-30 04:00:00","MAC-20","96.86","324.67","0.836"
"SENS-5478","2025-10-30 04:00:00","MAC-21","94.9","332.77","0.624"
"SENS-5479","2025-10-30 05:00:00","MAC-20","112.98","320.83","0.713"
"SENS-5480","2025-10-30 05:00:00","MAC-21","85.31","306.38","1.198"
"SENS-5481","2025-10-30 06:00:00","MAC-20","103","322.16","1.047"
"SENS-5482","2025-10-30 06:00:00","MAC-21","113.76","304.01","1.065"
"SENS-5483","2025-10-30 07:00:00","MAC-20","105.31","346.8","0.73"
"SENS-5484","2025-10-30 07:00:00","MAC-21","91.24","317.02","0.914"
"SENS-5485","2025-10-30 08:00:00","MAC-20","119.67","322.85","1.341"
"SENS-5486","2025-10-30 08:00:00","MAC-21","87.9","321.63","0.952"
"SENS-5487","2025-10-30 09:00:00","MAC-20","97.96","346.59","1.198"
"SENS-5488","2025-10-30 09:00:00","MAC-21","86.08","339.63","1.484"
"SENS-5489","2025-10-30 10:00:00","MAC-20","116.66","327.07","1.447"
"SENS-5490","2025-10-30 10:00:00","MAC-21","104.77","335.48","0.769"
"SENS-5491","2025-10-30 11:00:00","MAC-20","118.98","323.73","0.932"
"SENS-5492","2025-10-30 11:00:00","MAC-21","88.64","303.06","1.03"
"SENS-5493","2025-10-30 12:00:00","MAC-20","88.13","314.7","1.137"
"SENS-5494","2025-10-30 12:00:00","MAC-21","115.2","303.68","1.169"
"SENS-5495","2025-11-04 00:00:00","MAC-10","113.79","321.62","1.021"
"SENS-5496","2025-11-04 00:00:00","MAC-11","112.59","311.72","1.107"
"SENS-5497","2025-11-04 01:00:00","MAC-10","111.35","300.4","0.907"
"SENS-5498","2025-11-04 01:00:00","MAC-11","90.49","336.04","0.913"
"SENS-5499","2025-11-04 02:00:00","MAC-10","82.9","338.99","1.383"
"SENS-5500","2025-11-04 02:00:00","MAC-11","112.79","304.16","1.099"
"SENS-5501","2025-11-04 03:00:00","MAC-10","117","302.1","0.951"
"SENS-5502","2025-11-04 03:00:00","MAC-11","104.23","334.48","0.672"
"SENS-5503","2025-11-04 04:00:00","MAC-10","107.99","305.28","1.192"
"SENS-5504","2025-11-04 04:00:00","MAC-11","112.27","338.82","1.173"
"SENS-5505","2025-11-04 05:00:00","MAC-10","119.41","329.52","0.593"
"SENS-5506","2025-11-04 05:00:00","MAC-11","111.28","322.33","1.478"
"SENS-5507","2025-11-04 06:00:00","MAC-10","86.97","307.65","0.934"
"SENS-5508","2025-11-04 06:00:00","MAC-11","117.54","306.46","0.772"
"SENS-5509","2025-11-04 07:00:00","MAC-10","97.88","332.19","1.463"
"SENS-5510","2025-11-04 07:00:00","MAC-11","102.04","319.42","1.239"
"SENS-5511","2025-11-04 08:00:00","MAC-10","118.34","335.05","0.577"
"SENS-5512","2025-11-04 08:00:00","MAC-11","85.8","347.97","1.149"
"SENS-5513","2025-09-10 00:00:00","MAC-30","105.52","304.85","0.667"
"SENS-5514","2025-09-10 00:00:00","MAC-31","90.69","335.01","0.653"
"SENS-5515","2025-09-10 01:00:00","MAC-30","98.56","318.64","1.199"
"SENS-5516","2025-09-10 01:00:00","MAC-31","84.87","348.12","1.328"
"SENS-5517","2025-09-10 02:00:00","MAC-30","108.3","328.73","0.949"
"SENS-5518","2025-09-10 02:00:00","MAC-31","103.31","339.81","1.194"
"SENS-5519","2025-09-10 03:00:00","MAC-30","95.77","304.05","1.441"
"SENS-5520","2025-09-10 03:00:00","MAC-31","90.02","340.13","1.449"
"SENS-5521","2025-09-10 04:00:00","MAC-30","86.54","321.28","0.619"
"SENS-5522","2025-09-10 04:00:00","MAC-31","95.67","307.18","1.397"
"SENS-5523","2025-09-10 05:00:00","MAC-30","119.02","309.91","1.162"
"SENS-5524","2025-09-10 05:00:00","MAC-31","90.76","337.4","1.164"
"SENS-5525","2025-09-10 06:00:00","MAC-30","111.88","322.97","1.112"
"SENS-5526","2025-09-10 06:00:00","MAC-31","109.33","341.5","1.432"
"SENS-5527","2025-09-10 07:00:00","MAC-30","98.9","307.9","0.784"
"SENS-5528","2025-09-10 07:00:00","MAC-31","88.57","302.33","0.827"
"SENS-5529","2025-09-10 08:00:00","MAC-30","112.48","301.7","1.4"
"SENS-5530","2025-09-10 08:00:00","MAC-31","111.44","316.86","0.894"
"SENS-5531","2025-09-10 09:00:00","MAC-30","114.44","320.3","1.162"
"SENS-5532","2025-09-10 09:00:00","MAC-31","101.17","327.09","0.904"
"SENS-5533","2025-09-10 10:00:00","MAC-30","86.09","340.84","0.704"
"SENS-5534","2025-09-10 10:00:00","MAC-31","100.87","304.55","1.233"
"SENS-5535","2025-04-15 00:00:00","MAC-30","107.15","305.81","1.022"
"SENS-5536","2025-04-15 00:00:00","MAC-31","112.6","307.45","0.674"
"SENS-5537","2025-04-15 01:00:00","MAC-30","109.79","335.68","0.856"
"SENS-5538","2025-04-15 01:00:00","MAC-31","107.28","338.17","0.961"
"SENS-5539","2025-04-15 02:00:00","MAC-30","87.8","326.03","1.273"
"SENS-5540","2025-04-15 02:00:00","MAC-31","119.74","309.31","1.013"
"SENS-5541","2025-04-15 03:00:00","MAC-30","96.02","329.87","0.624"
"SENS-5542","2025-04-15 03:00:00","MAC-31","113.42","303.9","0.879"
"SENS-5543","2025-04-15 04:00:00","MAC-30","96.89","343.76","1.323"
"SENS-5544","2025-04-15 04:00:00","MAC-31","95.33","311.68","0.761"
"SENS-5545","2025-04-15 05:00:00","MAC-30","116.4","321.58","1.086"
"SENS-5546","2025-04-15 05:00:00","MAC-31","90.27","338.79","0.864"
"SENS-5547","2025-04-15 06:00:00","MAC-30","118.22","332.29","0.889"
"SENS-5548","2025-04-15 06:00:00","MAC-31","95.15","327.76","1.384"
"SENS-5549","2025-04-15 07:00:00","MAC-30","94.54","332.38","1.124"
"SENS-5550","2025-04-15 07:00:00","MAC-31","89.98","345.9","1.194"
"SENS-5551","2025-04-13 00:00:00","MAC-10","82.21","324.69","0.86"
"SENS-5552","2025-04-13 00:00:00","MAC-11","103.17","304.14","1.211"
"SENS-5553","2025-04-13 01:00:00","MAC-10","89.88","316.51","0.518"
"SENS-5554","2025-04-13 01:00:00","MAC-11","117.69","333.38","0.849"
"SENS-5555","2025-04-13 02:00:00","MAC-10","112.81","304.87","1.022"
"SENS-5556","2025-04-13 02:00:00","MAC-11","82.88","343.28","0.962"
"SENS-5557","2025-04-13 03:00:00","MAC-10","88.63","344.22","1.293"
"SENS-5558","2025-04-13 03:00:00","MAC-11","90.58","332.41","0.721"
"SENS-5559","2025-04-13 04:00:00","MAC-10","107.29","340.5","1.245"
"SENS-5560","2025-04-13 04:00:00","MAC-11","108.79","333.63","0.6"
"SENS-5561","2025-04-13 05:00:00","MAC-10","92.81","341.35","1.394"
"SENS-5562","2025-04-13 05:00:00","MAC-11","114.14","315.11","0.831"
"SENS-5563","2025-04-13 06:00:00","MAC-10","89.33","311.22","1.162"
"SENS-5564","2025-04-13 06:00:00","MAC-11","90.04","335.06","1.49"
"SENS-5565","2025-04-13 07:00:00","MAC-10","97.39","303.52","1.175"
"SENS-5566","2025-04-13 07:00:00","MAC-11","106.2","348.65","1.336"
"SENS-5567","2025-04-13 08:00:00","MAC-10","105.7","301.94","1.163"
"SENS-5568","2025-04-13 08:00:00","MAC-11","116.22","343.73","1.287"
"SENS-5569","2025-04-13 09:00:00","MAC-10","88.33","309.05","0.507"
"SENS-5570","2025-04-13 09:00:00","MAC-11","94.74","304.48","1.498"
"SENS-5571","2025-04-13 10:00:00","MAC-10","95.35","312.59","1.211"
"SENS-5572","2025-04-13 10:00:00","MAC-11","112.94","333.06","0.995"
"SENS-5573","2025-04-13 11:00:00","MAC-10","92.19","312.59","0.802"
"SENS-5574","2025-04-13 11:00:00","MAC-11","85.77","333.12","1.327"
"SENS-5575","2025-04-13 12:00:00","MAC-10","117.8","325.96","0.608"
"SENS-5576","2025-04-13 12:00:00","MAC-11","115.87","300.39","1.417"
"SENS-5577","2025-10-01 00:00:00","MAC-10","92.12","314.22","0.678"
"SENS-5578","2025-10-01 00:00:00","MAC-11","82.99","341.38","0.77"
"SENS-5579","2025-10-01 01:00:00","MAC-10","114.37","317.63","0.834"
"SENS-5580","2025-10-01 01:00:00","MAC-11","95.79","311.83","0.814"
"SENS-5581","2025-10-01 02:00:00","MAC-10","94.35","319.06","1.37"
"SENS-5582","2025-10-01 02:00:00","MAC-11","92.79","312.29","0.927"
"SENS-5583","2025-10-01 03:00:00","MAC-10","111.14","331.65","0.737"
"SENS-5584","2025-10-01 03:00:00","MAC-11","86.37","315.89","0.761"
"SENS-5585","2025-10-01 04:00:00","MAC-10","106.46","312.46","0.629"
"SENS-5586","2025-10-01 04:00:00","MAC-11","119.6","314.88","1.208"
"SENS-5587","2025-10-01 05:00:00","MAC-10","98.25","333.66","0.977"
"SENS-5588","2025-10-01 05:00:00","MAC-11","82.71","320.66","1.394"
"SENS-5589","2025-10-01 06:00:00","MAC-10","87.58","340.95","1.297"
"SENS-5590","2025-10-01 06:00:00","MAC-11","83.3","322.65","1.069"
"SENS-5591","2025-10-01 07:00:00","MAC-10","113.27","300.25","0.841"
"SENS-5592","2025-10-01 07:00:00","MAC-11","110.58","341.78","1.044"
"SENS-5593","2025-10-01 08:00:00","MAC-10","119.2","335.62","1.314"
"SENS-5594","2025-10-01 08:00:00","MAC-11","81.2","344.67","0.635"
"SENS-5595","2025-10-01 09:00:00","MAC-10","84.21","323.91","0.941"
"SENS-5596","2025-10-01 09:00:00","MAC-11","85.5","341.11","0.849"
"SENS-5597","2025-10-01 10:00:00","MAC-10","114.17","327.22","0.549"
"SENS-5598","2025-10-01 10:00:00","MAC-11","109.48","347.24","1.127"
"SENS-5599","2025-12-04 00:00:00","MAC-30","89.33","304.33","0.636"
"SENS-5600","2025-12-04 00:00:00","MAC-31","102.14","314.14","1.115"
"SENS-5601","2025-12-04 01:00:00","MAC-30","113.32","342.24","0.506"
"SENS-5602","2025-12-04 01:00:00","MAC-31","111.82","308.81","0.94"
"SENS-5603","2025-12-04 02:00:00","MAC-30","91.52","341.05","0.608"
"SENS-5604","2025-12-04 02:00:00","MAC-31","96.28","331.91","0.659"
"SENS-5605","2025-12-04 03:00:00","MAC-30","88.02","309.91","1.205"
"SENS-5606","2025-12-04 03:00:00","MAC-31","111.74","311.21","0.835"
"SENS-5607","2026-02-09 00:00:00","MAC-20","101.97","337.26","0.568"
"SENS-5608","2026-02-09 00:00:00","MAC-21","86.48","329.57","0.814"
"SENS-5609","2026-02-09 01:00:00","MAC-20","111.07","336.41","1.382"
"SENS-5610","2026-02-09 01:00:00","MAC-21","95.77","300.64","1.41"
"SENS-5611","2026-02-09 02:00:00","MAC-20","101.51","319.24","1.085"
"SENS-5612","2026-02-09 02:00:00","MAC-21","118.81","316.05","0.755"
"SENS-5613","2025-11-12 00:00:00","MAC-10","86.89","333.18","0.905"
"SENS-5614","2025-11-12 00:00:00","MAC-11","104.87","331.53","1.342"
"SENS-5615","2025-11-12 01:00:00","MAC-10","110.62","339.48","1.446"
"SENS-5616","2025-11-12 01:00:00","MAC-11","89.64","333.84","1.418"
"SENS-5617","2025-11-12 02:00:00","MAC-10","94.5","308.39","1.322"
"SENS-5618","2025-11-12 02:00:00","MAC-11","83.14","307.75","1.357"
"SENS-5619","2025-11-12 03:00:00","MAC-10","95.25","334.79","0.526"
"SENS-5620","2025-11-12 03:00:00","MAC-11","87.98","321.48","0.947"
"SENS-5621","2025-11-12 04:00:00","MAC-10","85.76","314.65","1.214"
"SENS-5622","2025-11-12 04:00:00","MAC-11","99.23","326.97","1.262"
"SENS-5623","2025-04-04 00:00:00","MAC-20","90.25","329.16","1.401"
"SENS-5624","2025-04-04 00:00:00","MAC-21","89.36","321.51","1.465"
"SENS-5625","2025-04-04 01:00:00","MAC-20","110","301.05","1.042"
"SENS-5626","2025-04-04 01:00:00","MAC-21","112.26","305.79","0.917"
"SENS-5627","2025-04-04 02:00:00","MAC-20","82.94","314.78","1.276"
"SENS-5628","2025-04-04 02:00:00","MAC-21","83.8","341.75","1.487"
"SENS-5629","2025-04-04 03:00:00","MAC-20","114.41","326.59","0.789"
"SENS-5630","2025-04-04 03:00:00","MAC-21","108.81","324.53","0.866"
"SENS-5631","2025-04-04 04:00:00","MAC-20","84.7","321.91","1.304"
"SENS-5632","2025-04-04 04:00:00","MAC-21","97.38","307.55","1.429"
"SENS-5633","2025-04-04 05:00:00","MAC-20","106.44","326.07","0.997"
"SENS-5634","2025-04-04 05:00:00","MAC-21","113.1","333.04","0.887"
"SENS-5635","2025-04-04 06:00:00","MAC-20","91.58","342.25","0.821"
"SENS-5636","2025-04-04 06:00:00","MAC-21","88.19","332.23","1.252"
"SENS-5637","2025-04-04 07:00:00","MAC-20","95.79","324.56","1.174"
"SENS-5638","2025-04-04 07:00:00","MAC-21","115.28","341.12","0.614"
"SENS-5639","2025-04-04 08:00:00","MAC-20","119.24","326.57","0.997"
"SENS-5640","2025-04-04 08:00:00","MAC-21","105.79","315.56","0.673"
"SENS-5641","2025-04-04 09:00:00","MAC-20","85.07","342.55","0.71"
"SENS-5642","2025-04-04 09:00:00","MAC-21","115.54","341.77","1.374"
"SENS-5643","2025-04-04 10:00:00","MAC-20","113.88","347.45","1.074"
"SENS-5644","2025-04-04 10:00:00","MAC-21","101.72","326.58","0.669"
"SENS-5645","2025-04-04 11:00:00","MAC-20","96.98","338.01","1.444"
"SENS-5646","2025-04-04 11:00:00","MAC-21","92.87","327.76","1.124"
"SENS-5647","2025-04-04 12:00:00","MAC-20","115.5","349.12","0.952"
"SENS-5648","2025-04-04 12:00:00","MAC-21","94.13","307","1.464"
"SENS-5649","2025-04-04 13:00:00","MAC-20","103.51","335.61","1.244"
"SENS-5650","2025-04-04 13:00:00","MAC-21","113.09","311.47","0.932"
"SENS-5651","2026-02-02 00:00:00","MAC-30","82.48","327.82","0.857"
"SENS-5652","2026-02-02 00:00:00","MAC-31","101.69","313.73","0.524"
"SENS-5653","2026-02-02 01:00:00","MAC-30","116.76","310.88","0.743"
"SENS-5654","2026-02-02 01:00:00","MAC-31","110.75","330.38","0.981"
"SENS-5655","2026-02-02 02:00:00","MAC-30","91.16","305.82","1.285"
"SENS-5656","2026-02-02 02:00:00","MAC-31","100.85","346.27","0.624"
"SENS-5657","2026-02-02 03:00:00","MAC-30","92.98","314.7","0.531"
"SENS-5658","2026-02-02 03:00:00","MAC-31","103.04","326.72","0.668"
"SENS-5659","2026-02-02 04:00:00","MAC-30","112.27","341.8","0.911"
"SENS-5660","2026-02-02 04:00:00","MAC-31","98.35","333.14","0.619"
"SENS-5661","2026-02-02 05:00:00","MAC-30","118.59","321.04","0.547"
"SENS-5662","2026-02-02 05:00:00","MAC-31","112.72","327.83","0.681"
"SENS-5663","2026-02-02 06:00:00","MAC-30","115.33","315.62","1.436"
"SENS-5664","2026-02-02 06:00:00","MAC-31","118.77","310.52","0.976"
"SENS-5665","2026-02-02 07:00:00","MAC-30","102.92","344.9","0.986"
"SENS-5666","2026-02-02 07:00:00","MAC-31","86.16","308.49","0.901"
"SENS-5667","2026-02-02 08:00:00","MAC-30","82.83","331.7","0.589"
"SENS-5668","2026-02-02 08:00:00","MAC-31","116.78","328.31","0.606"
"SENS-5669","2026-02-02 09:00:00","MAC-30","88.54","308.17","0.843"
"SENS-5670","2026-02-02 09:00:00","MAC-31","102.94","319.43","0.51"
"SENS-5671","2026-02-02 10:00:00","MAC-30","80.77","325.91","0.975"
"SENS-5672","2026-02-02 10:00:00","MAC-31","116.07","322.74","0.655"
"SENS-5673","2026-02-02 11:00:00","MAC-30","99.61","333.24","0.512"
"SENS-5674","2026-02-02 11:00:00","MAC-31","101.18","314.34","0.524"
"SENS-5675","2026-02-02 12:00:00","MAC-30","111.47","349.03","0.694"
"SENS-5676","2026-02-02 12:00:00","MAC-31","108.26","326.66","1.395"
"SENS-5677","2026-02-02 13:00:00","MAC-30","80.31","341.98","1.109"
"SENS-5678","2026-02-02 13:00:00","MAC-31","100.62","341.24","0.837"
"SENS-5679","2025-11-01 00:00:00","MAC-20","98.32","332.85","1.115"
"SENS-5680","2025-11-01 00:00:00","MAC-21","90.68","342.26","0.672"
"SENS-5681","2025-11-01 01:00:00","MAC-20","88.46","311.25","0.724"
"SENS-5682","2025-11-01 01:00:00","MAC-21","88.34","348.12","0.694"
"SENS-5683","2025-11-01 02:00:00","MAC-20","100.27","340.74","1.313"
"SENS-5684","2025-11-01 02:00:00","MAC-21","97.82","324.13","0.731"
"SENS-5685","2025-11-01 03:00:00","MAC-20","118.94","343.3","1.445"
"SENS-5686","2025-11-01 03:00:00","MAC-21","118.55","326.74","0.546"
"SENS-5687","2025-11-01 04:00:00","MAC-20","104.06","323.31","0.517"
"SENS-5688","2025-11-01 04:00:00","MAC-21","99.2","338.12","0.856"
"SENS-5689","2025-11-01 05:00:00","MAC-20","84.07","303.36","1.43"
"SENS-5690","2025-11-01 05:00:00","MAC-21","119.29","344.87","0.951"
"SENS-5691","2025-11-01 06:00:00","MAC-20","83.21","317.86","1.064"
"SENS-5692","2025-11-01 06:00:00","MAC-21","119.95","347.68","0.914"
"SENS-5693","2025-11-08 00:00:00","MAC-10","118.37","334.47","0.918"
"SENS-5694","2025-11-08 00:00:00","MAC-11","116.98","341.52","1.179"
"SENS-5695","2025-11-08 01:00:00","MAC-10","104.92","328.92","1.335"
"SENS-5696","2025-11-08 01:00:00","MAC-11","118.42","318.23","1.024"
"SENS-5697","2025-10-06 00:00:00","MAC-20","107.2","319.37","0.906"
"SENS-5698","2025-10-06 00:00:00","MAC-21","87.16","331.8","0.75"
"SENS-5699","2025-10-06 01:00:00","MAC-20","113.4","336.1","1.37"
"SENS-5700","2025-10-06 01:00:00","MAC-21","84.07","314.83","0.913"
"SENS-5701","2025-12-17 00:00:00","MAC-10","114.1","315.42","1.45"
"SENS-5702","2025-12-17 00:00:00","MAC-11","87.53","315.07","0.682"
"SENS-5703","2025-12-17 01:00:00","MAC-10","109.3","333.54","1.393"
"SENS-5704","2025-12-17 01:00:00","MAC-11","80.53","324.89","1.206"
"SENS-5705","2025-12-17 02:00:00","MAC-10","93.58","319.13","1.337"
"SENS-5706","2025-12-17 02:00:00","MAC-11","115.52","333.26","0.573"
"SENS-5707","2025-12-17 03:00:00","MAC-10","111.87","340.83","1.287"
"SENS-5708","2025-12-17 03:00:00","MAC-11","119.23","312.66","1.212"
"SENS-5709","2025-12-17 04:00:00","MAC-10","80.44","318.9","0.573"
"SENS-5710","2025-12-17 04:00:00","MAC-11","92.85","306.32","0.702"
"SENS-5711","2025-12-17 05:00:00","MAC-10","101.49","329.84","0.987"
"SENS-5712","2025-12-17 05:00:00","MAC-11","110.68","322.45","0.659"
"SENS-5713","2025-12-24 00:00:00","MAC-30","105.29","316.62","0.748"
"SENS-5714","2025-12-24 00:00:00","MAC-31","92.75","321.34","1.414"
"SENS-5715","2025-12-24 01:00:00","MAC-30","101.12","308.7","1.406"
"SENS-5716","2025-12-24 01:00:00","MAC-31","84.21","329.19","0.867"
"SENS-5717","2025-12-24 02:00:00","MAC-30","106.56","334.66","0.905"
"SENS-5718","2025-12-24 02:00:00","MAC-31","98.03","338.22","1.134"
"SENS-5719","2025-12-24 03:00:00","MAC-30","88.86","345.1","0.68"
"SENS-5720","2025-12-24 03:00:00","MAC-31","88.8","338.32","1.102"
"SENS-5721","2025-11-04 00:00:00","MAC-30","83.43","313.47","0.8"
"SENS-5722","2025-11-04 00:00:00","MAC-31","98.05","339.71","0.972"
"SENS-5723","2025-11-04 01:00:00","MAC-30","101.36","339.58","1.403"
"SENS-5724","2025-11-04 01:00:00","MAC-31","96.09","340.29","0.923"
"SENS-5725","2025-11-04 02:00:00","MAC-30","113.56","312.71","1.172"
"SENS-5726","2025-11-04 02:00:00","MAC-31","96.34","327.67","0.628"
"SENS-5727","2025-11-04 03:00:00","MAC-30","89.95","334.97","0.838"
"SENS-5728","2025-11-04 03:00:00","MAC-31","112.56","348.8","0.517"
"SENS-5729","2025-11-04 04:00:00","MAC-30","104.28","316.5","1.273"
"SENS-5730","2025-11-04 04:00:00","MAC-31","113.89","300.93","0.726"
"SENS-5731","2025-11-04 05:00:00","MAC-30","88.02","342.53","1.082"
"SENS-5732","2025-11-04 05:00:00","MAC-31","86.37","338.98","1.151"
"SENS-5733","2025-11-04 06:00:00","MAC-30","105.65","342.26","1.413"
"SENS-5734","2025-11-04 06:00:00","MAC-31","118.46","346.18","0.807"
"SENS-5735","2025-11-04 07:00:00","MAC-30","113.95","321.13","1.391"
"SENS-5736","2025-11-04 07:00:00","MAC-31","118.74","318.92","1.372"
"SENS-5737","2026-02-08 00:00:00","MAC-30","118.53","340.2","0.527"
"SENS-5738","2026-02-08 00:00:00","MAC-31","110.86","340.25","1.349"
"SENS-5739","2026-02-08 01:00:00","MAC-30","114.3","349.89","1.037"
"SENS-5740","2026-02-08 01:00:00","MAC-31","80.19","326.3","0.963"
"SENS-5741","2026-02-08 02:00:00","MAC-30","82.16","324.02","1.455"
"SENS-5742","2026-02-08 02:00:00","MAC-31","80.9","344.98","0.639"
"SENS-5743","2026-02-08 03:00:00","MAC-30","119.88","308.77","0.725"
"SENS-5744","2026-02-08 03:00:00","MAC-31","105.33","306.62","1.424"
"SENS-5745","2026-02-08 04:00:00","MAC-30","102.55","330.64","0.63"
"SENS-5746","2026-02-08 04:00:00","MAC-31","89.74","326.19","0.572"
"SENS-5747","2026-02-08 05:00:00","MAC-30","103.83","337.27","1.472"
"SENS-5748","2026-02-08 05:00:00","MAC-31","100.93","312.52","1.48"
"SENS-5749","2026-02-08 06:00:00","MAC-30","116.66","341.81","0.511"
"SENS-5750","2026-02-08 06:00:00","MAC-31","109.15","313.9","1.341"
"SENS-5751","2026-02-08 07:00:00","MAC-30","96.87","309.6","1.153"
"SENS-5752","2026-02-08 07:00:00","MAC-31","110.34","321.61","1.055"
"SENS-5753","2025-07-17 00:00:00","MAC-20","116.93","312.95","1.346"
"SENS-5754","2025-07-17 00:00:00","MAC-21","116.59","313.26","0.933"
"SENS-5755","2025-07-17 01:00:00","MAC-20","98.77","304.22","0.609"
"SENS-5756","2025-07-17 01:00:00","MAC-21","101.44","309.23","0.72"
"SENS-5757","2025-07-17 02:00:00","MAC-20","85.49","347.12","0.842"
"SENS-5758","2025-07-17 02:00:00","MAC-21","100.07","327.85","0.798"
"SENS-5759","2025-07-17 03:00:00","MAC-20","118.25","317.61","1.238"
"SENS-5760","2025-07-17 03:00:00","MAC-21","85.82","348.6","1.285"
"SENS-5761","2025-07-31 00:00:00","MAC-20","98.73","328.53","0.509"
"SENS-5762","2025-07-31 00:00:00","MAC-21","104.22","311.04","1.231"
"SENS-5763","2025-07-31 01:00:00","MAC-20","96.09","337.61","1.483"
"SENS-5764","2025-07-31 01:00:00","MAC-21","99.39","312.16","0.732"
"SENS-5765","2025-07-31 02:00:00","MAC-20","116.36","329.25","1.11"
"SENS-5766","2025-07-31 02:00:00","MAC-21","94.66","332.09","1.416"
"SENS-5767","2025-07-31 03:00:00","MAC-20","94.28","334.54","0.57"
"SENS-5768","2025-07-31 03:00:00","MAC-21","92.06","349.51","1.364"
"SENS-5769","2025-07-31 04:00:00","MAC-20","104.07","336.75","1.346"
"SENS-5770","2025-07-31 04:00:00","MAC-21","104.4","326.92","1.099"
"SENS-5771","2025-10-08 00:00:00","MAC-30","104.47","303.39","0.508"
"SENS-5772","2025-10-08 00:00:00","MAC-31","113.46","340.85","0.658"
"SENS-5773","2025-10-08 01:00:00","MAC-30","107.8","330.51","1.324"
"SENS-5774","2025-10-08 01:00:00","MAC-31","118.26","345.56","1.472"
"SENS-5775","2025-08-09 00:00:00","MAC-20","84.75","302.01","1.289"
"SENS-5776","2025-08-09 00:00:00","MAC-21","97.69","323.45","1.142"
"SENS-5777","2025-08-09 01:00:00","MAC-20","88.7","344.61","1.336"
"SENS-5778","2025-08-09 01:00:00","MAC-21","91.37","327.23","0.651"
"SENS-5779","2025-08-09 02:00:00","MAC-20","93.63","303.76","1.198"
"SENS-5780","2025-08-09 02:00:00","MAC-21","105.33","337.7","1.021"
"SENS-5781","2025-08-09 03:00:00","MAC-20","92.51","314.7","0.838"
"SENS-5782","2025-08-09 03:00:00","MAC-21","101.41","321.38","1.389"
"SENS-5783","2025-10-31 00:00:00","MAC-30","105.89","313.48","1.337"
"SENS-5784","2025-10-31 00:00:00","MAC-31","87.82","341.83","0.636"
"SENS-5785","2025-10-31 01:00:00","MAC-30","83.96","306.09","1.006"
"SENS-5786","2025-10-31 01:00:00","MAC-31","108.85","326.98","1.273"
"SENS-5787","2025-10-31 02:00:00","MAC-30","93.25","306.87","1.166"
"SENS-5788","2025-10-31 02:00:00","MAC-31","88.5","308.1","0.582"
"SENS-5789","2025-10-31 03:00:00","MAC-30","91.48","338.13","0.548"
"SENS-5790","2025-10-31 03:00:00","MAC-31","119.46","303.21","0.762"
"SENS-5791","2025-10-31 04:00:00","MAC-30","109.64","342.87","1.148"
"SENS-5792","2025-10-31 04:00:00","MAC-31","90.43","327.13","1.059"
"SENS-5793","2025-10-31 05:00:00","MAC-30","95.07","315.24","0.794"
"SENS-5794","2025-10-31 05:00:00","MAC-31","110.76","318.03","1.165"
"SENS-5795","2025-10-20 00:00:00","MAC-30","81.96","311.24","0.905"
"SENS-5796","2025-10-20 00:00:00","MAC-31","101.23","349.28","1.103"
"SENS-5797","2025-10-20 01:00:00","MAC-30","111.61","311.68","0.591"
"SENS-5798","2025-10-20 01:00:00","MAC-31","110.94","339.54","1.369"
"SENS-5799","2025-10-20 02:00:00","MAC-30","110.01","346.66","1.169"
"SENS-5800","2025-10-20 02:00:00","MAC-31","82.98","308.16","0.998"
"SENS-5801","2025-10-20 03:00:00","MAC-30","113.73","342.93","0.681"
"SENS-5802","2025-10-20 03:00:00","MAC-31","90.86","348.43","1.258"
"SENS-5803","2025-10-20 04:00:00","MAC-30","89.03","308.84","0.539"
"SENS-5804","2025-10-20 04:00:00","MAC-31","111.79","310.9","1.148"
"SENS-5805","2025-10-20 05:00:00","MAC-30","97.4","343.86","1.058"
"SENS-5806","2025-10-20 05:00:00","MAC-31","113.52","327.65","1.449"
"SENS-5807","2025-10-20 06:00:00","MAC-30","119.99","349.73","0.549"
"SENS-5808","2025-10-20 06:00:00","MAC-31","92.8","337.45","1.351"
"SENS-5809","2025-10-20 07:00:00","MAC-30","83.27","343.32","0.584"
"SENS-5810","2025-10-20 07:00:00","MAC-31","104.02","330.4","1.274"
"SENS-5811","2025-10-20 08:00:00","MAC-30","85.51","346.09","0.549"
"SENS-5812","2025-10-20 08:00:00","MAC-31","89.84","339.25","0.547"
"SENS-5813","2025-10-20 09:00:00","MAC-30","102.46","304.12","1.028"
"SENS-5814","2025-10-20 09:00:00","MAC-31","116.9","304.67","0.684"
"SENS-5815","2025-10-20 10:00:00","MAC-30","86.1","303.7","1.19"
"SENS-5816","2025-10-20 10:00:00","MAC-31","117.88","306.68","0.874"
"SENS-5817","2025-10-20 11:00:00","MAC-30","86.39","315.21","1.194"
"SENS-5818","2025-10-20 11:00:00","MAC-31","90.54","331.03","0.65"
"SENS-5819","2025-09-25 00:00:00","MAC-30","83.54","341.74","0.541"
"SENS-5820","2025-09-25 00:00:00","MAC-31","110.36","331.6","1.382"
"SENS-5821","2025-09-25 01:00:00","MAC-30","83.18","309.27","1.426"
"SENS-5822","2025-09-25 01:00:00","MAC-31","98.11","308.41","1.478"
"SENS-5823","2025-09-25 02:00:00","MAC-30","87.2","316.03","1.299"
"SENS-5824","2025-09-25 02:00:00","MAC-31","86.11","330.28","1.184"
"SENS-5825","2025-09-25 03:00:00","MAC-30","103.67","324.33","1.332"
"SENS-5826","2025-09-25 03:00:00","MAC-31","115.98","305.93","1.291"
"SENS-5827","2025-09-25 04:00:00","MAC-30","97.02","331.73","0.649"
"SENS-5828","2025-09-25 04:00:00","MAC-31","100.69","336.63","1.351"
"SENS-5829","2025-09-25 05:00:00","MAC-30","106.32","342.91","1.296"
"SENS-5830","2025-09-25 05:00:00","MAC-31","110.75","336.36","0.601"
"SENS-5831","2025-09-25 06:00:00","MAC-30","103.22","307.29","1.001"
"SENS-5832","2025-09-25 06:00:00","MAC-31","118.48","303.92","0.576"
"SENS-5833","2026-02-13 00:00:00","MAC-30","112.89","334.96","0.96"
"SENS-5834","2026-02-13 00:00:00","MAC-31","103.21","318.16","1.077"
"SENS-5835","2026-02-13 01:00:00","MAC-30","111.54","308.68","1.326"
"SENS-5836","2026-02-13 01:00:00","MAC-31","99.59","306.27","1.23"
"SENS-5837","2026-02-13 02:00:00","MAC-30","105.79","336.89","1.082"
"SENS-5838","2026-02-13 02:00:00","MAC-31","96.79","320.48","0.858"
"SENS-5839","2025-10-21 00:00:00","MAC-20","100.74","316.52","1.416"
"SENS-5840","2025-10-21 00:00:00","MAC-21","89.71","347.03","1.472"
"SENS-5841","2025-10-21 01:00:00","MAC-20","99.75","346.84","0.579"
"SENS-5842","2025-10-21 01:00:00","MAC-21","119.27","318.53","0.551"
"SENS-5843","2025-10-21 02:00:00","MAC-20","90.23","342.76","1.118"
"SENS-5844","2025-10-21 02:00:00","MAC-21","114.65","338.92","1.432"
"SENS-5845","2025-10-21 03:00:00","MAC-20","117.95","327.64","0.568"
"SENS-5846","2025-10-21 03:00:00","MAC-21","102.61","325.79","1.123"
"SENS-5847","2025-10-21 04:00:00","MAC-20","89.7","331.22","1.343"
"SENS-5848","2025-10-21 04:00:00","MAC-21","90.78","306.01","0.621"
"SENS-5849","2025-10-21 05:00:00","MAC-20","83.88","348.31","0.685"
"SENS-5850","2025-10-21 05:00:00","MAC-21","83.37","312.13","0.502"
"SENS-5851","2025-10-21 06:00:00","MAC-20","97.92","304.94","1.256"
"SENS-5852","2025-10-21 06:00:00","MAC-21","99.4","349.35","0.565"
"SENS-5853","2025-10-21 07:00:00","MAC-20","119.89","304.46","0.666"
"SENS-5854","2025-10-21 07:00:00","MAC-21","106.17","303.2","1.335"
"SENS-5855","2025-09-19 00:00:00","MAC-20","99.34","336.2","1.021"
"SENS-5856","2025-09-19 00:00:00","MAC-21","85.48","310.65","0.676"
"SENS-5857","2025-09-19 01:00:00","MAC-20","82.09","325.03","0.723"
"SENS-5858","2025-09-19 01:00:00","MAC-21","111.2","310.03","0.981"
"SENS-5859","2025-09-19 02:00:00","MAC-20","104.9","330.89","0.67"
"SENS-5860","2025-09-19 02:00:00","MAC-21","114.21","318.94","0.666"
"SENS-5861","2025-09-19 03:00:00","MAC-20","102.81","337.6","1.192"
"SENS-5862","2025-09-19 03:00:00","MAC-21","80.23","322.17","1.245"
"SENS-5863","2025-09-19 04:00:00","MAC-20","111.16","321.09","1.402"
"SENS-5864","2025-09-19 04:00:00","MAC-21","92.95","334.44","1.372"
"SENS-5865","2025-12-28 00:00:00","MAC-10","117.08","327.71","1.231"
"SENS-5866","2025-12-28 00:00:00","MAC-11","115.93","301.91","0.718"
"SENS-5867","2025-12-28 01:00:00","MAC-10","88.27","320.69","0.856"
"SENS-5868","2025-12-28 01:00:00","MAC-11","115.23","332.42","0.571"
"SENS-5869","2025-12-28 02:00:00","MAC-10","80.49","340.46","0.555"
"SENS-5870","2025-12-28 02:00:00","MAC-11","115.6","349.8","1.184"
"SENS-5871","2025-12-28 03:00:00","MAC-10","99.8","313.72","0.683"
"SENS-5872","2025-12-28 03:00:00","MAC-11","112.34","329.15","0.88"
"SENS-5873","2025-12-28 04:00:00","MAC-10","113.95","329.9","0.967"
"SENS-5874","2025-12-28 04:00:00","MAC-11","97.95","310.75","1.437"
"SENS-5875","2025-12-28 05:00:00","MAC-10","90.72","322.24","1.386"
"SENS-5876","2025-12-28 05:00:00","MAC-11","90.45","321.53","0.879"
"SENS-5877","2025-12-28 06:00:00","MAC-10","99.24","315.2","1.049"
"SENS-5878","2025-12-28 06:00:00","MAC-11","89.9","328.26","0.621"
"SENS-5879","2025-12-28 07:00:00","MAC-10","104.94","303.03","1.236"
"SENS-5880","2025-12-28 07:00:00","MAC-11","85.58","331.88","0.589"
"SENS-5881","2025-12-28 08:00:00","MAC-10","95.54","313.04","1.102"
"SENS-5882","2025-12-28 08:00:00","MAC-11","108.55","340.52","0.928"
"SENS-5883","2025-12-28 09:00:00","MAC-10","86.22","320.49","1.162"
"SENS-5884","2025-12-28 09:00:00","MAC-11","93.63","349.39","1"
"SENS-5885","2025-12-28 10:00:00","MAC-10","99.41","337.29","0.668"
"SENS-5886","2025-12-28 10:00:00","MAC-11","90.54","349.96","1.354"
"SENS-5887","2025-12-28 11:00:00","MAC-10","94.34","312.22","1.362"
"SENS-5888","2025-12-28 11:00:00","MAC-11","82.35","307.86","0.538"
"SENS-5889","2025-12-28 12:00:00","MAC-10","108.37","346.26","1.012"
"SENS-5890","2025-12-28 12:00:00","MAC-11","112.56","342.87","1.066"
"SENS-5891","2025-12-28 13:00:00","MAC-10","108.34","341.87","1.366"
"SENS-5892","2025-12-28 13:00:00","MAC-11","95.1","349.44","0.725"
"SENS-5893","2025-08-27 00:00:00","MAC-30","82.02","318.47","1.244"
"SENS-5894","2025-08-27 00:00:00","MAC-31","84.23","345.54","0.818"
"SENS-5895","2025-08-27 01:00:00","MAC-30","107.5","311.94","1.251"
"SENS-5896","2025-08-27 01:00:00","MAC-31","112.37","341.19","1.415"
"SENS-5897","2025-11-12 00:00:00","MAC-30","106.28","311.27","1.258"
"SENS-5898","2025-11-12 00:00:00","MAC-31","86.18","342.16","0.742"
"SENS-5899","2025-11-12 01:00:00","MAC-30","81.62","313.41","0.688"
"SENS-5900","2025-11-12 01:00:00","MAC-31","90.7","304.68","1.488"
"SENS-5901","2025-11-12 02:00:00","MAC-30","94.53","307.77","1.448"
"SENS-5902","2025-11-12 02:00:00","MAC-31","114.18","348.66","1.137"
"SENS-5903","2025-11-12 03:00:00","MAC-30","116.4","313.63","0.858"
"SENS-5904","2025-11-12 03:00:00","MAC-31","118.99","318.91","0.541"
"SENS-5905","2025-11-12 04:00:00","MAC-30","105.85","342.99","1.135"
"SENS-5906","2025-11-12 04:00:00","MAC-31","104.09","344.28","0.757"
"SENS-5907","2025-11-12 05:00:00","MAC-30","107.35","349.9","0.626"
"SENS-5908","2025-11-12 05:00:00","MAC-31","95.64","301.62","0.749"
"SENS-5909","2025-11-12 06:00:00","MAC-30","100.39","337.05","1.122"
"SENS-5910","2025-11-12 06:00:00","MAC-31","109.79","331.7","0.918"
"SENS-5911","2025-11-12 07:00:00","MAC-30","83.27","318.59","1.226"
"SENS-5912","2025-11-12 07:00:00","MAC-31","84.57","324.29","1.335"
"SENS-5913","2025-07-31 00:00:00","MAC-10","106.4","326.73","0.899"
"SENS-5914","2025-07-31 00:00:00","MAC-11","103.52","304.67","1.213"
"SENS-5915","2025-07-31 01:00:00","MAC-10","91.77","335.78","1.466"
"SENS-5916","2025-07-31 01:00:00","MAC-11","92.94","330.52","1.348"
"SENS-5917","2025-07-31 02:00:00","MAC-10","106.61","300.57","1.116"
"SENS-5918","2025-07-31 02:00:00","MAC-11","84.47","302.33","1.416"
"SENS-5919","2025-07-31 03:00:00","MAC-10","93.61","348.23","1.238"
"SENS-5920","2025-07-31 03:00:00","MAC-11","111.8","327.18","1.011"
"SENS-5921","2025-07-31 04:00:00","MAC-10","108.03","327.28","1.427"
"SENS-5922","2025-07-31 04:00:00","MAC-11","97.69","346.13","0.921"
"SENS-5923","2025-07-31 05:00:00","MAC-10","83.47","324.99","0.871"
"SENS-5924","2025-07-31 05:00:00","MAC-11","80.73","337.45","0.524"
"SENS-5925","2025-07-31 06:00:00","MAC-10","91.55","308.56","0.579"
"SENS-5926","2025-07-31 06:00:00","MAC-11","109.72","337.58","1.088"
"SENS-5927","2025-07-31 07:00:00","MAC-10","83.14","318.64","1.269"
"SENS-5928","2025-07-31 07:00:00","MAC-11","105.44","348.81","0.534"
"SENS-5929","2025-07-31 08:00:00","MAC-10","103.23","322.84","0.59"
"SENS-5930","2025-07-31 08:00:00","MAC-11","115.68","316.88","0.558"
"SENS-5931","2025-07-09 00:00:00","MAC-20","101.02","321.71","1.461"
"SENS-5932","2025-07-09 00:00:00","MAC-21","93.75","305.96","1.219"
"SENS-5933","2025-07-09 01:00:00","MAC-20","111.03","329.38","0.92"
"SENS-5934","2025-07-09 01:00:00","MAC-21","119.11","319.73","0.645"
"SENS-5935","2026-03-05 00:00:00","MAC-20","100.6","339.8","0.629"
"SENS-5936","2026-03-05 00:00:00","MAC-21","102.28","312.52","1.175"
"SENS-5937","2026-03-05 01:00:00","MAC-20","100.59","346.49","0.632"
"SENS-5938","2026-03-05 01:00:00","MAC-21","113.23","348.54","1.463"
"SENS-5939","2026-03-05 02:00:00","MAC-20","103.01","328.96","0.835"
"SENS-5940","2026-03-05 02:00:00","MAC-21","106.25","304.22","0.515"
"SENS-5941","2026-03-05 03:00:00","MAC-20","102.65","307.63","1.051"
"SENS-5942","2026-03-05 03:00:00","MAC-21","96.71","311.67","1.398"
"SENS-5943","2026-03-05 04:00:00","MAC-20","105.77","311.43","1.349"
"SENS-5944","2026-03-05 04:00:00","MAC-21","104.11","325.76","0.704"
"SENS-5945","2026-03-05 05:00:00","MAC-20","103.71","312.69","0.848"
"SENS-5946","2026-03-05 05:00:00","MAC-21","108.02","307.75","1.313"
"SENS-5947","2026-03-05 06:00:00","MAC-20","80.79","333.34","1.323"
"SENS-5948","2026-03-05 06:00:00","MAC-21","111.19","336.56","0.772"
"SENS-5949","2025-07-16 00:00:00","MAC-10","102.38","313.49","1.132"
"SENS-5950","2025-07-16 00:00:00","MAC-11","84.24","309.66","1.239"
"SENS-5951","2025-07-16 01:00:00","MAC-10","97.84","326.31","0.82"
"SENS-5952","2025-07-16 01:00:00","MAC-11","104.69","335.76","1.483"
"SENS-5953","2025-07-16 02:00:00","MAC-10","100.17","344.8","0.682"
"SENS-5954","2025-07-16 02:00:00","MAC-11","103.49","315.55","1.347"
"SENS-5955","2025-07-16 03:00:00","MAC-10","96.36","319.43","0.732"
"SENS-5956","2025-07-16 03:00:00","MAC-11","109.43","304.19","0.578"
"SENS-5957","2025-07-16 04:00:00","MAC-10","107.64","330.45","0.669"
"SENS-5958","2025-07-16 04:00:00","MAC-11","108.97","306.93","0.89"
"SENS-5959","2025-07-16 05:00:00","MAC-10","83.49","315.73","0.815"
"SENS-5960","2025-07-16 05:00:00","MAC-11","109.67","324.28","0.704"
"SENS-5961","2025-07-26 00:00:00","MAC-20","81.72","336.05","0.629"
"SENS-5962","2025-07-26 00:00:00","MAC-21","118.69","306.39","0.903"
"SENS-5963","2025-07-26 01:00:00","MAC-20","95.21","326.16","0.802"
"SENS-5964","2025-07-26 01:00:00","MAC-21","114.69","308.02","0.537"
"SENS-5965","2025-07-26 02:00:00","MAC-20","117.7","321.81","1.441"
"SENS-5966","2025-07-26 02:00:00","MAC-21","87.92","324.8","1"
"SENS-5967","2025-07-26 03:00:00","MAC-20","100.09","344.05","1.03"
"SENS-5968","2025-07-26 03:00:00","MAC-21","119.95","311.18","0.96"
"SENS-5969","2025-08-23 00:00:00","MAC-30","105.54","335.94","0.523"
"SENS-5970","2025-08-23 00:00:00","MAC-31","99.03","315.8","0.864"
"SENS-5971","2025-08-23 01:00:00","MAC-30","82.3","331.62","0.761"
"SENS-5972","2025-08-23 01:00:00","MAC-31","80.29","311.22","1.188"
"SENS-5973","2025-08-23 02:00:00","MAC-30","91.4","306.56","0.94"
"SENS-5974","2025-08-23 02:00:00","MAC-31","91.11","313.67","0.725"
"SENS-5975","2025-10-08 00:00:00","MAC-30","85.88","337.68","0.717"
"SENS-5976","2025-10-08 00:00:00","MAC-31","95.44","335.21","0.579"
"SENS-5977","2025-10-08 01:00:00","MAC-30","98.24","314.87","0.733"
"SENS-5978","2025-10-08 01:00:00","MAC-31","83.91","308.66","1.477"
"SENS-5979","2025-08-07 00:00:00","MAC-20","110.33","339.68","1.387"
"SENS-5980","2025-08-07 00:00:00","MAC-21","113.98","307.56","0.502"
"SENS-5981","2025-08-07 01:00:00","MAC-20","111.89","338.32","1.418"
"SENS-5982","2025-08-07 01:00:00","MAC-21","110.11","307.77","1.363"
"SENS-5983","2025-08-07 02:00:00","MAC-20","95.61","341.04","0.548"
"SENS-5984","2025-08-07 02:00:00","MAC-21","84.62","308.68","1.149"
"SENS-5985","2025-08-07 03:00:00","MAC-20","83.48","336.69","1.033"
"SENS-5986","2025-08-07 03:00:00","MAC-21","112.85","343.59","0.578"
"SENS-5987","2025-08-07 04:00:00","MAC-20","100.96","345.37","1.264"
"SENS-5988","2025-08-07 04:00:00","MAC-21","105.93","348.67","1.119"
"SENS-5989","2025-05-04 00:00:00","MAC-20","103.32","322.69","1.082"
"SENS-5990","2025-05-04 00:00:00","MAC-21","98.54","329.03","1.346"
"SENS-5991","2025-05-04 01:00:00","MAC-20","99.98","345.65","1.101"
"SENS-5992","2025-05-04 01:00:00","MAC-21","105.73","311.54","0.678"
"SENS-5993","2025-05-04 02:00:00","MAC-20","87.39","305.12","0.702"
"SENS-5994","2025-05-04 02:00:00","MAC-21","84.65","300.35","1.487"
"SENS-5995","2025-05-04 03:00:00","MAC-20","93.12","328.55","1.397"
"SENS-5996","2025-05-04 03:00:00","MAC-21","118.77","341.01","0.872"
"SENS-5997","2025-05-04 04:00:00","MAC-20","88.71","301.06","0.675"
"SENS-5998","2025-05-04 04:00:00","MAC-21","101.26","349.88","0.523"
"SENS-5999","2025-05-04 05:00:00","MAC-20","103.47","334.95","0.851"
"SENS-6000","2025-05-04 05:00:00","MAC-21","93.98","325.04","1.253"
"SENS-6001","2025-05-02 00:00:00","MAC-20","116.95","333.22","1.095"
"SENS-6002","2025-05-02 00:00:00","MAC-21","87.32","325.52","1.218"
"SENS-6003","2025-05-02 01:00:00","MAC-20","87.63","300.77","0.919"
"SENS-6004","2025-05-02 01:00:00","MAC-21","96.1","340.63","1.004"
"SENS-6005","2025-05-02 02:00:00","MAC-20","104.98","302.27","0.857"
"SENS-6006","2025-05-02 02:00:00","MAC-21","98.8","309.18","1.218"
"SENS-6007","2025-05-02 03:00:00","MAC-20","80.16","334.8","1.442"
"SENS-6008","2025-05-02 03:00:00","MAC-21","80.37","308.47","1.401"
"SENS-6009","2025-05-02 04:00:00","MAC-20","100.02","316.94","1.221"
"SENS-6010","2025-05-02 04:00:00","MAC-21","89.18","333.51","1.19"
"SENS-6011","2025-05-02 05:00:00","MAC-20","94.38","302.13","1.419"
"SENS-6012","2025-05-02 05:00:00","MAC-21","97.03","308.55","1.118"
"SENS-6013","2025-05-02 06:00:00","MAC-20","82.14","334.95","1.45"
"SENS-6014","2025-05-02 06:00:00","MAC-21","99.16","300.49","0.797"
"SENS-6015","2025-05-02 07:00:00","MAC-20","92.02","300.49","0.807"
"SENS-6016","2025-05-02 07:00:00","MAC-21","83.81","303.81","1.281"
"SENS-6017","2025-05-02 08:00:00","MAC-20","93.99","301.32","1.301"
"SENS-6018","2025-05-02 08:00:00","MAC-21","97.46","337.11","0.505"
"SENS-6019","2025-05-02 09:00:00","MAC-20","118.7","336.15","1.062"
"SENS-6020","2025-05-02 09:00:00","MAC-21","119.6","311.8","0.771"
"SENS-6021","2025-05-02 10:00:00","MAC-20","105.09","347.35","1.243"
"SENS-6022","2025-05-02 10:00:00","MAC-21","103.33","312.35","0.743"
"SENS-6023","2025-05-02 11:00:00","MAC-20","110.5","302.45","1.031"
"SENS-6024","2025-05-02 11:00:00","MAC-21","117.1","307.87","0.674"
"SENS-6025","2025-05-02 12:00:00","MAC-20","119.22","319.79","1.307"
"SENS-6026","2025-05-02 12:00:00","MAC-21","115.93","346.73","0.543"
"SENS-6027","2025-05-02 13:00:00","MAC-20","107.77","335.19","1.303"
"SENS-6028","2025-05-02 13:00:00","MAC-21","104.87","329.44","1.36"
"SENS-6029","2025-05-02 14:00:00","MAC-20","95.85","316.06","1.41"
"SENS-6030","2025-05-02 14:00:00","MAC-21","117.58","329.96","1.335"
"SENS-6031","2025-05-02 15:00:00","MAC-20","115.13","347.17","1.317"
"SENS-6032","2025-05-02 15:00:00","MAC-21","101.69","309.72","1.278"
"SENS-6033","2025-05-02 16:00:00","MAC-20","95.31","343.14","0.558"
"SENS-6034","2025-05-02 16:00:00","MAC-21","87.97","346.7","1.283"
"SENS-6035","2025-05-02 17:00:00","MAC-20","117.03","319.51","1.298"
"SENS-6036","2025-05-02 17:00:00","MAC-21","110.92","322.05","1.371"
"SENS-6037","2026-02-27 00:00:00","MAC-10","84.07","325.88","1.377"
"SENS-6038","2026-02-27 00:00:00","MAC-11","97.6","300.55","0.757"
"SENS-6039","2026-02-27 01:00:00","MAC-10","115.04","309.21","1.465"
"SENS-6040","2026-02-27 01:00:00","MAC-11","105.5","306.75","0.915"
"SENS-6041","2026-02-27 02:00:00","MAC-10","95.43","304.37","1.214"
"SENS-6042","2026-02-27 02:00:00","MAC-11","118.44","320.74","0.814"
"SENS-6043","2026-02-27 03:00:00","MAC-10","90.76","305.16","1.116"
"SENS-6044","2026-02-27 03:00:00","MAC-11","93.71","308.89","0.834"
"SENS-6045","2026-02-27 04:00:00","MAC-10","90.75","301.57","0.843"
"SENS-6046","2026-02-27 04:00:00","MAC-11","98.09","317.39","0.786"
"SENS-6047","2026-02-27 05:00:00","MAC-10","98.58","324.46","1.429"
"SENS-6048","2026-02-27 05:00:00","MAC-11","84.46","314.76","0.754"
"SENS-6049","2026-02-27 06:00:00","MAC-10","115.43","327.98","1.4"
"SENS-6050","2026-02-27 06:00:00","MAC-11","114.75","348.71","1.392"
"SENS-6051","2026-02-27 07:00:00","MAC-10","103.28","338.84","0.652"
"SENS-6052","2026-02-27 07:00:00","MAC-11","98.93","318.43","0.518"
"SENS-6053","2026-02-27 08:00:00","MAC-10","112.82","300.81","1.422"
"SENS-6054","2026-02-27 08:00:00","MAC-11","85.14","330.43","1"
"SENS-6055","2026-02-27 09:00:00","MAC-10","94.24","316.35","1.17"
"SENS-6056","2026-02-27 09:00:00","MAC-11","94.91","338.5","1.242"
"SENS-6057","2026-02-27 10:00:00","MAC-10","81.08","302.43","1.199"
"SENS-6058","2026-02-27 10:00:00","MAC-11","87.7","331.75","1.118"
"SENS-6059","2026-02-27 11:00:00","MAC-10","93.1","334.8","1.064"
"SENS-6060","2026-02-27 11:00:00","MAC-11","99.5","320.45","1.37"
"SENS-6061","2026-02-27 12:00:00","MAC-10","98.96","314.73","1.075"
"SENS-6062","2026-02-27 12:00:00","MAC-11","85.57","345.55","0.749"
"SENS-6063","2026-02-27 13:00:00","MAC-10","93.94","319.62","0.52"
"SENS-6064","2026-02-27 13:00:00","MAC-11","113.6","330.98","1.38"
"SENS-6065","2026-02-11 00:00:00","MAC-30","86.15","327.33","0.739"
"SENS-6066","2026-02-11 00:00:00","MAC-31","113.55","315.78","0.614"
"SENS-6067","2026-02-11 01:00:00","MAC-30","95.01","316.77","0.851"
"SENS-6068","2026-02-11 01:00:00","MAC-31","88.56","327","1.425"
"SENS-6069","2026-02-11 02:00:00","MAC-30","95.42","308.67","0.6"
"SENS-6070","2026-02-11 02:00:00","MAC-31","92.7","327.84","1.411"
"SENS-6071","2026-02-11 03:00:00","MAC-30","91.76","306.51","1.22"
"SENS-6072","2026-02-11 03:00:00","MAC-31","88.36","314.19","1.168"
"SENS-6073","2025-05-19 00:00:00","MAC-10","114.8","300.05","1.279"
"SENS-6074","2025-05-19 00:00:00","MAC-11","109.51","336.23","0.649"
"SENS-6075","2025-05-19 01:00:00","MAC-10","111.35","305.54","1.194"
"SENS-6076","2025-05-19 01:00:00","MAC-11","107.52","324.03","0.72"
"SENS-6077","2025-05-19 02:00:00","MAC-10","114.59","344.02","0.952"
"SENS-6078","2025-05-19 02:00:00","MAC-11","119.46","335.08","1.349"
"SENS-6079","2025-05-19 03:00:00","MAC-10","101.35","324.4","0.848"
"SENS-6080","2025-05-19 03:00:00","MAC-11","104","345","0.947"
"SENS-6081","2025-05-19 04:00:00","MAC-10","90.39","343.22","0.67"
"SENS-6082","2025-05-19 04:00:00","MAC-11","90.23","311.01","1.158"
"SENS-6083","2025-05-19 05:00:00","MAC-10","87.81","345.53","0.947"
"SENS-6084","2025-05-19 05:00:00","MAC-11","93.8","320.71","0.553"
"SENS-6085","2025-05-19 06:00:00","MAC-10","87.68","303.8","0.931"
"SENS-6086","2025-05-19 06:00:00","MAC-11","114.22","314.41","0.927"
"SENS-6087","2025-05-19 07:00:00","MAC-10","81.85","336.41","0.851"
"SENS-6088","2025-05-19 07:00:00","MAC-11","87.77","304.46","0.709"
"SENS-6089","2025-05-19 08:00:00","MAC-10","92.38","306.78","0.57"
"SENS-6090","2025-05-19 08:00:00","MAC-11","80.42","314.08","0.956"
"SENS-6091","2025-08-26 00:00:00","MAC-10","107.07","333.46","1.229"
"SENS-6092","2025-08-26 00:00:00","MAC-11","119.94","321.94","0.934"
"SENS-6093","2025-08-26 01:00:00","MAC-10","105.71","317.03","0.68"
"SENS-6094","2025-08-26 01:00:00","MAC-11","80.88","332.26","0.72"
"SENS-6095","2025-08-26 02:00:00","MAC-10","81.19","342.33","1.381"
"SENS-6096","2025-08-26 02:00:00","MAC-11","90.18","313.1","1.098"
"SENS-6097","2025-08-26 03:00:00","MAC-10","113.07","316.25","1.112"
"SENS-6098","2025-08-26 03:00:00","MAC-11","117.32","344.19","1.07"
"SENS-6099","2025-08-26 04:00:00","MAC-10","114.78","348.55","0.912"
"SENS-6100","2025-08-26 04:00:00","MAC-11","92.41","343.92","1.376"
"SENS-6101","2025-08-26 05:00:00","MAC-10","119.07","326.5","0.525"
"SENS-6102","2025-08-26 05:00:00","MAC-11","92.43","348.6","0.752"
"SENS-6103","2026-01-09 00:00:00","MAC-30","90.84","324.11","0.589"
"SENS-6104","2026-01-09 00:00:00","MAC-31","84.94","346.49","0.928"
"SENS-6105","2026-01-09 01:00:00","MAC-30","105.01","320.01","0.83"
"SENS-6106","2026-01-09 01:00:00","MAC-31","111.26","324.39","1.305"
"SENS-6107","2026-01-09 02:00:00","MAC-30","94.41","323.53","0.557"
"SENS-6108","2026-01-09 02:00:00","MAC-31","112.97","337.71","0.837"
"SENS-6109","2026-01-09 03:00:00","MAC-30","108.81","303.27","1.105"
"SENS-6110","2026-01-09 03:00:00","MAC-31","89.15","348.12","0.766"
"SENS-6111","2026-01-09 04:00:00","MAC-30","91.25","313.44","0.693"
"SENS-6112","2026-01-09 04:00:00","MAC-31","92.83","325.79","0.975"
"SENS-6113","2026-01-09 05:00:00","MAC-30","97.03","341.32","1.175"
"SENS-6114","2026-01-09 05:00:00","MAC-31","101.97","344.79","0.991"
"SENS-6115","2025-08-02 00:00:00","MAC-20","93.53","318.72","0.79"
"SENS-6116","2025-08-02 00:00:00","MAC-21","117.36","343.11","0.505"
"SENS-6117","2025-08-02 01:00:00","MAC-20","113.13","309.47","0.755"
"SENS-6118","2025-08-02 01:00:00","MAC-21","114.85","317.69","0.578"
"SENS-6119","2025-08-02 02:00:00","MAC-20","108.3","316.61","0.667"
"SENS-6120","2025-08-02 02:00:00","MAC-21","87.11","319.86","1.318"
"SENS-6121","2025-09-04 00:00:00","MAC-20","99.11","343.39","1.093"
"SENS-6122","2025-09-04 00:00:00","MAC-21","97.67","332.74","0.619"
"SENS-6123","2025-09-04 01:00:00","MAC-20","91.43","311.08","1.135"
"SENS-6124","2025-09-04 01:00:00","MAC-21","103.4","332.17","1.19"
"SENS-6125","2025-09-04 02:00:00","MAC-20","93.27","311.02","1.421"
"SENS-6126","2025-09-04 02:00:00","MAC-21","94.16","326.8","0.959"
"SENS-6127","2025-09-04 03:00:00","MAC-20","114.5","311.9","1.498"
"SENS-6128","2025-09-04 03:00:00","MAC-21","93.44","329.41","1.39"
"SENS-6129","2025-09-04 04:00:00","MAC-20","96.04","338.12","1.421"
"SENS-6130","2025-09-04 04:00:00","MAC-21","85.34","329.05","0.706"
"SENS-6131","2025-09-04 05:00:00","MAC-20","110.14","301.67","0.993"
"SENS-6132","2025-09-04 05:00:00","MAC-21","106.01","317.33","1.459"
"SENS-6133","2025-09-04 06:00:00","MAC-20","92.97","329.82","0.966"
"SENS-6134","2025-09-04 06:00:00","MAC-21","107.95","301.86","1.205"
"SENS-6135","2025-09-04 07:00:00","MAC-20","84.9","314.51","0.598"
"SENS-6136","2025-09-04 07:00:00","MAC-21","95.94","345.85","0.959"
"SENS-6137","2025-08-26 00:00:00","MAC-10","84.1","344.61","0.797"
"SENS-6138","2025-08-26 00:00:00","MAC-11","91.02","319.68","0.715"
"SENS-6139","2025-08-26 01:00:00","MAC-10","86.38","325.45","0.881"
"SENS-6140","2025-08-26 01:00:00","MAC-11","84.05","331.86","1.36"
"SENS-6141","2025-08-26 02:00:00","MAC-10","111.79","333.93","1.091"
"SENS-6142","2025-08-26 02:00:00","MAC-11","92.36","306.53","1.075"
"SENS-6143","2025-08-26 03:00:00","MAC-10","119.53","320.33","0.858"
"SENS-6144","2025-08-26 03:00:00","MAC-11","82.64","348.83","1.167"
"SENS-6145","2025-08-26 04:00:00","MAC-10","90.31","304.73","1.414"
"SENS-6146","2025-08-26 04:00:00","MAC-11","83.88","341.53","0.93"
"SENS-6147","2025-08-26 05:00:00","MAC-10","83.71","311.69","1.246"
"SENS-6148","2025-08-26 05:00:00","MAC-11","98.17","323.77","0.733"
"SENS-6149","2025-08-26 06:00:00","MAC-10","114.38","349.05","1.077"
"SENS-6150","2025-08-26 06:00:00","MAC-11","114.68","343.39","0.88"
"SENS-6151","2025-08-26 07:00:00","MAC-10","110.49","343.12","0.665"
"SENS-6152","2025-08-26 07:00:00","MAC-11","114.25","343.86","0.613"
"SENS-6153","2025-08-26 08:00:00","MAC-10","106.12","317.4","0.728"
"SENS-6154","2025-08-26 08:00:00","MAC-11","86.57","342.26","0.629"
"SENS-6155","2025-07-17 00:00:00","MAC-10","104.47","302.04","1.071"
"SENS-6156","2025-07-17 00:00:00","MAC-11","84.93","318.53","1.325"
"SENS-6157","2025-07-17 01:00:00","MAC-10","114.35","342.63","0.528"
"SENS-6158","2025-07-17 01:00:00","MAC-11","96.75","309.39","1.008"
"SENS-6159","2025-07-17 02:00:00","MAC-10","83.3","313.45","0.935"
"SENS-6160","2025-07-17 02:00:00","MAC-11","104.88","319.69","1.344"
"SENS-6161","2025-07-17 03:00:00","MAC-10","87.81","326.58","1.052"
"SENS-6162","2025-07-17 03:00:00","MAC-11","80.27","340.01","0.731"
"SENS-6163","2025-07-17 04:00:00","MAC-10","93.03","330.52","1.299"
"SENS-6164","2025-07-17 04:00:00","MAC-11","119.43","300.26","1.085"
"SENS-6165","2025-07-17 05:00:00","MAC-10","117.47","310.8","1.453"
"SENS-6166","2025-07-17 05:00:00","MAC-11","90.33","349.38","0.604"
"SENS-6167","2025-07-17 06:00:00","MAC-10","115.14","319.08","0.965"
"SENS-6168","2025-07-17 06:00:00","MAC-11","90.19","329.56","0.986"
"SENS-6169","2025-07-17 07:00:00","MAC-10","90.7","311.25","0.903"
"SENS-6170","2025-07-17 07:00:00","MAC-11","113.21","316.58","0.642"
"SENS-6171","2025-07-17 08:00:00","MAC-10","119.33","340.66","1.068"
"SENS-6172","2025-07-17 08:00:00","MAC-11","115.94","303.66","0.689"
"SENS-6173","2025-07-17 09:00:00","MAC-10","111.86","344.18","1.492"
"SENS-6174","2025-07-17 09:00:00","MAC-11","99.02","346.44","1.342"
"SENS-6175","2025-07-17 10:00:00","MAC-10","109.19","349.64","0.554"
"SENS-6176","2025-07-17 10:00:00","MAC-11","109.18","326.98","0.846"
"SENS-6177","2025-07-17 11:00:00","MAC-10","96.92","329.33","1.378"
"SENS-6178","2025-07-17 11:00:00","MAC-11","105.66","348.39","0.917"
"SENS-6179","2025-07-17 12:00:00","MAC-10","103","300.32","0.599"
"SENS-6180","2025-07-17 12:00:00","MAC-11","116.83","336.44","0.716"
"SENS-6181","2025-07-17 13:00:00","MAC-10","97.01","308.45","0.829"
"SENS-6182","2025-07-17 13:00:00","MAC-11","113.02","338.59","0.5"
"SENS-6183","2025-07-17 14:00:00","MAC-10","96.44","309.47","1.248"
"SENS-6184","2025-07-17 14:00:00","MAC-11","95.26","333.16","0.827"
"SENS-6185","2025-07-17 15:00:00","MAC-10","92.91","345.05","0.725"
"SENS-6186","2025-07-17 15:00:00","MAC-11","101.94","319.37","0.625"
"SENS-6187","2025-07-17 16:00:00","MAC-10","99.46","339.87","0.821"
"SENS-6188","2025-07-17 16:00:00","MAC-11","112.39","311.89","0.971"
"SENS-6189","2025-10-28 00:00:00","MAC-10","111.17","324.52","1.423"
"SENS-6190","2025-10-28 00:00:00","MAC-11","103.82","310.65","0.768"
"SENS-6191","2025-10-28 01:00:00","MAC-10","102.5","313.72","0.717"
"SENS-6192","2025-10-28 01:00:00","MAC-11","105.34","339.33","1.117"
"SENS-6193","2025-10-28 02:00:00","MAC-10","92.42","318.05","0.539"
"SENS-6194","2025-10-28 02:00:00","MAC-11","83.82","325.66","0.877"
"SENS-6195","2025-10-28 03:00:00","MAC-10","113.5","326.09","1.015"
"SENS-6196","2025-10-28 03:00:00","MAC-11","111.46","347.1","0.579"
"SENS-6197","2025-10-28 04:00:00","MAC-10","83.2","337.17","0.548"
"SENS-6198","2025-10-28 04:00:00","MAC-11","102.96","328.33","1.188"
"SENS-6199","2025-10-28 05:00:00","MAC-10","89.99","340.31","0.986"
"SENS-6200","2025-10-28 05:00:00","MAC-11","93.2","310.77","1.21"
"SENS-6201","2025-10-28 06:00:00","MAC-10","112.98","324.33","0.701"
"SENS-6202","2025-10-28 06:00:00","MAC-11","113.08","320.1","0.557"
"SENS-6203","2025-10-28 07:00:00","MAC-10","84.04","300.37","1.271"
"SENS-6204","2025-10-28 07:00:00","MAC-11","81.31","302.85","1.152"
"SENS-6205","2026-03-29 00:00:00","MAC-20","104.47","315.92","1.409"
"SENS-6206","2026-03-29 00:00:00","MAC-21","106.21","314.39","1.399"
"SENS-6207","2026-03-29 01:00:00","MAC-20","95.47","302.31","0.892"
"SENS-6208","2026-03-29 01:00:00","MAC-21","94.41","300.5","0.562"
"SENS-6209","2025-12-12 00:00:00","MAC-30","111.1","330.97","0.579"
"SENS-6210","2025-12-12 00:00:00","MAC-31","89.48","336.03","0.722"
"SENS-6211","2025-12-12 01:00:00","MAC-30","90.68","308.54","0.746"
"SENS-6212","2025-12-12 01:00:00","MAC-31","87.76","338.46","0.785"
"SENS-6213","2025-12-12 02:00:00","MAC-30","111.7","305.12","0.652"
"SENS-6214","2025-12-12 02:00:00","MAC-31","81.64","316.73","0.666"
"SENS-6215","2025-12-12 03:00:00","MAC-30","90.72","308.12","0.746"
"SENS-6216","2025-12-12 03:00:00","MAC-31","102.91","342.58","0.773"
"SENS-6217","2025-04-04 00:00:00","MAC-10","104.11","329.1","0.676"
"SENS-6218","2025-04-04 00:00:00","MAC-11","87.45","344.26","0.926"
"SENS-6219","2025-04-04 01:00:00","MAC-10","115.83","316.92","1.463"
"SENS-6220","2025-04-04 01:00:00","MAC-11","103.21","325.9","0.545"
"SENS-6221","2025-04-04 02:00:00","MAC-10","87.68","336.21","1.345"
"SENS-6222","2025-04-04 02:00:00","MAC-11","90.46","320.05","1.111"
"SENS-6223","2025-04-04 03:00:00","MAC-10","82.64","333.65","0.964"
"SENS-6224","2025-04-04 03:00:00","MAC-11","110.16","329.82","1.186"
"SENS-6225","2025-04-04 04:00:00","MAC-10","94.56","315.59","1.088"
"SENS-6226","2025-04-04 04:00:00","MAC-11","94.78","332.25","0.91"
"SENS-6227","2025-04-04 05:00:00","MAC-10","97.82","320.33","0.603"
"SENS-6228","2025-04-04 05:00:00","MAC-11","99.91","312.46","0.724"
"SENS-6229","2025-04-04 06:00:00","MAC-10","82.75","332.66","1.29"
"SENS-6230","2025-04-04 06:00:00","MAC-11","112.41","300.38","0.965"
"SENS-6231","2025-04-04 07:00:00","MAC-10","85.24","309","1.069"
"SENS-6232","2025-04-04 07:00:00","MAC-11","95.24","306.66","1.495"
"SENS-6233","2025-04-04 08:00:00","MAC-10","81.13","302.43","0.835"
"SENS-6234","2025-04-04 08:00:00","MAC-11","90.58","314.5","0.848"
"SENS-6235","2025-04-04 09:00:00","MAC-10","117.67","343.51","1.38"
"SENS-6236","2025-04-04 09:00:00","MAC-11","116.9","346.88","1.024"
"SENS-6237","2025-04-04 10:00:00","MAC-10","98.34","345.88","0.648"
"SENS-6238","2025-04-04 10:00:00","MAC-11","110.06","346.14","1.247"
"SENS-6239","2025-11-27 00:00:00","MAC-20","100.96","336.38","0.659"
"SENS-6240","2025-11-27 00:00:00","MAC-21","90.82","348.93","1.153"
"SENS-6241","2025-11-27 01:00:00","MAC-20","97.21","306.55","0.653"
"SENS-6242","2025-11-27 01:00:00","MAC-21","112.87","314.96","0.672"
"SENS-6243","2025-11-27 02:00:00","MAC-20","96.65","349.41","0.746"
"SENS-6244","2025-11-27 02:00:00","MAC-21","99.99","346.63","1.104"
"SENS-6245","2025-11-27 03:00:00","MAC-20","117.88","304.44","1.03"
"SENS-6246","2025-11-27 03:00:00","MAC-21","97.12","342.31","0.555"
"SENS-6247","2025-11-27 04:00:00","MAC-20","116.24","316.33","1.293"
"SENS-6248","2025-11-27 04:00:00","MAC-21","100.62","318.81","0.564"
"SENS-6249","2025-11-27 05:00:00","MAC-20","117.27","303.26","0.988"
"SENS-6250","2025-11-27 05:00:00","MAC-21","109.93","305.65","0.664"
"SENS-6251","2025-11-27 06:00:00","MAC-20","80.2","322.11","0.967"
"SENS-6252","2025-11-27 06:00:00","MAC-21","112.93","316.22","1.37"
"SENS-6253","2025-11-25 00:00:00","MAC-30","89.72","338.48","1.074"
"SENS-6254","2025-11-25 00:00:00","MAC-31","98.67","323.8","1.168"
"SENS-6255","2025-11-25 01:00:00","MAC-30","113.7","307.39","0.882"
"SENS-6256","2025-11-25 01:00:00","MAC-31","95.2","306.47","0.924"
"SENS-6257","2025-11-25 02:00:00","MAC-30","117.22","336.94","1.37"
"SENS-6258","2025-11-25 02:00:00","MAC-31","106.97","338.35","1.359"
"SENS-6259","2025-11-25 03:00:00","MAC-30","105.24","343.14","1.482"
"SENS-6260","2025-11-25 03:00:00","MAC-31","107.72","325.01","1.327"
"SENS-6261","2025-11-25 04:00:00","MAC-30","96.42","349.1","1.454"
"SENS-6262","2025-11-25 04:00:00","MAC-31","105.11","302.09","0.975"
"SENS-6263","2025-12-18 00:00:00","MAC-20","100.79","323.92","0.758"
"SENS-6264","2025-12-18 00:00:00","MAC-21","90.99","311.92","1.007"
"SENS-6265","2025-12-18 01:00:00","MAC-20","110.07","323.63","0.954"
"SENS-6266","2025-12-18 01:00:00","MAC-21","103.52","303.71","1.329"
"SENS-6267","2025-12-18 02:00:00","MAC-20","118.17","327.47","1.191"
"SENS-6268","2025-12-18 02:00:00","MAC-21","113.13","343.08","0.941"
"SENS-6269","2025-12-18 03:00:00","MAC-20","82.53","346.49","0.964"
"SENS-6270","2025-12-18 03:00:00","MAC-21","89.61","301.98","0.565"
"SENS-6271","2025-12-18 04:00:00","MAC-20","85.87","346.93","0.659"
"SENS-6272","2025-12-18 04:00:00","MAC-21","87.57","319.89","1.192"
"SENS-6273","2025-12-18 05:00:00","MAC-20","105.58","308.34","1.291"
"SENS-6274","2025-12-18 05:00:00","MAC-21","101.24","326.3","1.156"
"SENS-6275","2025-12-18 06:00:00","MAC-20","84.8","307.31","0.518"
"SENS-6276","2025-12-18 06:00:00","MAC-21","94.18","341.94","1.27"
"SENS-6277","2025-12-18 07:00:00","MAC-20","108.17","314.78","1.098"
"SENS-6278","2025-12-18 07:00:00","MAC-21","80.78","314.22","0.685"
"SENS-6279","2025-12-18 08:00:00","MAC-20","83.5","321.44","0.725"
"SENS-6280","2025-12-18 08:00:00","MAC-21","104.35","336.74","1.401"
"SENS-6281","2025-12-18 09:00:00","MAC-20","86.04","308.49","0.597"
"SENS-6282","2025-12-18 09:00:00","MAC-21","93.29","334.41","1.096"
"SENS-6283","2025-12-18 10:00:00","MAC-20","92.01","319.48","1.102"
"SENS-6284","2025-12-18 10:00:00","MAC-21","95.79","338.9","0.817"
"SENS-6285","2025-12-18 11:00:00","MAC-20","114.89","324.65","1.441"
"SENS-6286","2025-12-18 11:00:00","MAC-21","103.88","321.27","0.524"
"SENS-6287","2025-10-10 00:00:00","MAC-20","90.65","320.48","0.533"
"SENS-6288","2025-10-10 00:00:00","MAC-21","112.03","349.17","1.038"
"SENS-6289","2025-10-10 01:00:00","MAC-20","105.12","305.18","1.042"
"SENS-6290","2025-10-10 01:00:00","MAC-21","115.04","305.57","1.304"
"SENS-6291","2025-10-10 02:00:00","MAC-20","84.8","342.19","0.645"
"SENS-6292","2025-10-10 02:00:00","MAC-21","96.02","344.23","1.368"
"SENS-6293","2025-10-10 03:00:00","MAC-20","108.43","301.95","0.705"
"SENS-6294","2025-10-10 03:00:00","MAC-21","111.03","333.84","1.092"
"SENS-6295","2025-10-10 04:00:00","MAC-20","118.21","312.47","1.418"
"SENS-6296","2025-10-10 04:00:00","MAC-21","117.59","333.97","1.099"
"SENS-6297","2025-10-10 05:00:00","MAC-20","116.67","315.05","0.776"
"SENS-6298","2025-10-10 05:00:00","MAC-21","109.25","324.71","1.361"
"SENS-6299","2025-10-10 06:00:00","MAC-20","94.95","311","0.696"
"SENS-6300","2025-10-10 06:00:00","MAC-21","91.32","312.39","1.306"
"SENS-6301","2025-05-03 00:00:00","MAC-20","83.51","344.17","1.192"
"SENS-6302","2025-05-03 00:00:00","MAC-21","101.14","329.88","0.555"
"SENS-6303","2025-05-03 01:00:00","MAC-20","112.61","334.52","0.603"
"SENS-6304","2025-05-03 01:00:00","MAC-21","100.68","321.66","0.983"
"SENS-6305","2025-05-03 02:00:00","MAC-20","87.01","339.1","1.048"
"SENS-6306","2025-05-03 02:00:00","MAC-21","87.21","301.91","1.462"
"SENS-6307","2025-05-03 03:00:00","MAC-20","82.47","333.48","0.966"
"SENS-6308","2025-05-03 03:00:00","MAC-21","115.92","319.98","0.575"
"SENS-6309","2025-05-03 04:00:00","MAC-20","92.83","336.71","1.34"
"SENS-6310","2025-05-03 04:00:00","MAC-21","119.49","348.72","0.921"
"SENS-6311","2025-05-03 05:00:00","MAC-20","106.17","315.86","0.612"
"SENS-6312","2025-05-03 05:00:00","MAC-21","90.04","300.05","0.851"
"SENS-6313","2025-05-03 06:00:00","MAC-20","96.9","337.12","0.746"
"SENS-6314","2025-05-03 06:00:00","MAC-21","115.41","332.21","1.136"
"SENS-6315","2025-05-03 07:00:00","MAC-20","111.53","331.08","0.929"
"SENS-6316","2025-05-03 07:00:00","MAC-21","96.18","327.46","1.435"
"SENS-6317","2025-05-03 08:00:00","MAC-20","94.53","320.06","0.701"
"SENS-6318","2025-05-03 08:00:00","MAC-21","91.22","328.96","0.581"
"SENS-6319","2025-05-03 09:00:00","MAC-20","100.94","334.52","0.583"
"SENS-6320","2025-05-03 09:00:00","MAC-21","112.28","349.19","0.906"
"SENS-6321","2025-05-03 10:00:00","MAC-20","110.44","345.84","0.576"
"SENS-6322","2025-05-03 10:00:00","MAC-21","92.04","312.2","0.882"
"SENS-6323","2025-05-03 11:00:00","MAC-20","85.68","320.12","0.651"
"SENS-6324","2025-05-03 11:00:00","MAC-21","99.84","344.2","0.751"
"SENS-6325","2025-05-03 12:00:00","MAC-20","103.27","326.24","1.47"
"SENS-6326","2025-05-03 12:00:00","MAC-21","114.22","313.55","0.536"
"SENS-6327","2025-05-03 13:00:00","MAC-20","93.34","316.18","0.57"
"SENS-6328","2025-05-03 13:00:00","MAC-21","113.53","307.42","1.31"
"SENS-6329","2025-05-03 14:00:00","MAC-20","101.18","307.95","1.069"
"SENS-6330","2025-05-03 14:00:00","MAC-21","88.24","340.13","1.457"
"SENS-6331","2025-05-03 15:00:00","MAC-20","80.98","337.1","0.826"
"SENS-6332","2025-05-03 15:00:00","MAC-21","81.03","309.24","0.81"
"SENS-6333","2025-10-19 00:00:00","MAC-30","104.25","326.07","1.167"
"SENS-6334","2025-10-19 00:00:00","MAC-31","108.59","344.07","1.011"
"SENS-6335","2025-10-19 01:00:00","MAC-30","94.39","310.95","1.199"
"SENS-6336","2025-10-19 01:00:00","MAC-31","84.35","306.44","0.698"
"SENS-6337","2025-10-19 02:00:00","MAC-30","94.95","347.23","1.411"
"SENS-6338","2025-10-19 02:00:00","MAC-31","93.69","313.59","1.402"
"SENS-6339","2026-01-25 00:00:00","MAC-30","90.29","305.82","0.752"
"SENS-6340","2026-01-25 00:00:00","MAC-31","105.06","302.9","0.818"
"SENS-6341","2026-01-25 01:00:00","MAC-30","97.02","327.1","1.019"
"SENS-6342","2026-01-25 01:00:00","MAC-31","102.58","309.52","0.763"
"SENS-6343","2026-01-25 02:00:00","MAC-30","88.09","347.03","1.142"
"SENS-6344","2026-01-25 02:00:00","MAC-31","102.74","309.41","0.708"
"SENS-6345","2026-01-25 03:00:00","MAC-30","80.17","305.92","0.573"
"SENS-6346","2026-01-25 03:00:00","MAC-31","109.04","322.33","1.098"
"SENS-6347","2026-01-25 04:00:00","MAC-30","86.45","348.91","0.671"
"SENS-6348","2026-01-25 04:00:00","MAC-31","102.52","325.85","0.943"
"SENS-6349","2026-01-25 05:00:00","MAC-30","95.65","338.17","1.138"
"SENS-6350","2026-01-25 05:00:00","MAC-31","87.28","314.36","1.057"
"SENS-6351","2026-01-25 06:00:00","MAC-30","83.5","306.97","1.072"
"SENS-6352","2026-01-25 06:00:00","MAC-31","99.64","302.74","0.755"
"SENS-6353","2026-01-25 07:00:00","MAC-30","116.34","323.17","0.686"
"SENS-6354","2026-01-25 07:00:00","MAC-31","89.39","309.44","0.701"
"SENS-6355","2026-01-25 08:00:00","MAC-30","91.94","327.75","0.506"
"SENS-6356","2026-01-25 08:00:00","MAC-31","98.59","312.1","1.48"
"SENS-6357","2026-01-25 09:00:00","MAC-30","101.15","315.44","1.193"
"SENS-6358","2026-01-25 09:00:00","MAC-31","107.91","320.57","1.256"
"SENS-6359","2025-05-13 00:00:00","MAC-10","94.81","319.52","0.724"
"SENS-6360","2025-05-13 00:00:00","MAC-11","92.66","315","0.894"
"SENS-6361","2025-05-13 01:00:00","MAC-10","86.56","312.65","1.45"
"SENS-6362","2025-05-13 01:00:00","MAC-11","104.71","329.35","1.345"
"SENS-6363","2025-05-13 02:00:00","MAC-10","80.2","342.41","0.637"
"SENS-6364","2025-05-13 02:00:00","MAC-11","101.93","319.1","1.25"
"SENS-6365","2025-05-13 03:00:00","MAC-10","89.35","309.33","0.56"
"SENS-6366","2025-05-13 03:00:00","MAC-11","100.22","317.88","1.267"
"SENS-6367","2025-05-13 04:00:00","MAC-10","81.38","328.4","0.574"
"SENS-6368","2025-05-13 04:00:00","MAC-11","83.84","339.27","0.932"
"SENS-6369","2025-05-13 05:00:00","MAC-10","118.94","323.96","0.785"
"SENS-6370","2025-05-13 05:00:00","MAC-11","115.25","334.86","1.346"
"SENS-6371","2025-05-13 06:00:00","MAC-10","85.19","323.7","0.853"
"SENS-6372","2025-05-13 06:00:00","MAC-11","116.14","313.14","0.896"
"SENS-6373","2025-05-13 07:00:00","MAC-10","109.91","316.14","1.346"
"SENS-6374","2025-05-13 07:00:00","MAC-11","87.02","338.72","0.756"
"SENS-6375","2025-05-13 08:00:00","MAC-10","81.19","345.84","1.471"
"SENS-6376","2025-05-13 08:00:00","MAC-11","117.28","328.49","0.639"
"SENS-6377","2025-05-13 09:00:00","MAC-10","102.79","319.7","1.248"
"SENS-6378","2025-05-13 09:00:00","MAC-11","99.19","311.83","0.626"
"SENS-6379","2026-01-11 00:00:00","MAC-10","82.17","307.87","0.514"
"SENS-6380","2026-01-11 00:00:00","MAC-11","106.74","322.61","0.755"
"SENS-6381","2026-01-11 01:00:00","MAC-10","84.23","327.19","0.988"
"SENS-6382","2026-01-11 01:00:00","MAC-11","93.06","313.55","0.597"
"SENS-6383","2026-01-11 02:00:00","MAC-10","99.24","310.65","1.366"
"SENS-6384","2026-01-11 02:00:00","MAC-11","106.69","306.12","0.644"
"SENS-6385","2026-01-11 03:00:00","MAC-10","100.92","306.83","0.869"
"SENS-6386","2026-01-11 03:00:00","MAC-11","109.71","328.3","1.455"
"SENS-6387","2026-01-11 04:00:00","MAC-10","105.94","347.16","1.015"
"SENS-6388","2026-01-11 04:00:00","MAC-11","84.27","321.75","0.606"
"SENS-6389","2026-01-11 05:00:00","MAC-10","98.97","343.83","1.301"
"SENS-6390","2026-01-11 05:00:00","MAC-11","104.72","327.73","1.32"
"SENS-6391","2026-01-11 06:00:00","MAC-10","83.83","306.05","0.981"
"SENS-6392","2026-01-11 06:00:00","MAC-11","87.69","313.76","0.935"
"SENS-6393","2026-01-11 07:00:00","MAC-10","86.45","344.01","0.556"
"SENS-6394","2026-01-11 07:00:00","MAC-11","101.52","314.25","1.464"
"SENS-6395","2026-01-11 08:00:00","MAC-10","105.32","306.09","0.792"
"SENS-6396","2026-01-11 08:00:00","MAC-11","91.66","308.51","1.164"
"SENS-6397","2026-01-11 09:00:00","MAC-10","86.14","346.17","0.636"
"SENS-6398","2026-01-11 09:00:00","MAC-11","95.42","329.51","1.111"
"SENS-6399","2026-02-10 00:00:00","MAC-30","92.22","332.79","0.697"
"SENS-6400","2026-02-10 00:00:00","MAC-31","92.7","327.57","0.968"
"SENS-6401","2026-02-10 01:00:00","MAC-30","98.77","313.49","1.223"
"SENS-6402","2026-02-10 01:00:00","MAC-31","104.6","342.51","1.072"
"SENS-6403","2026-02-10 02:00:00","MAC-30","89.14","320.98","0.953"
"SENS-6404","2026-02-10 02:00:00","MAC-31","116.51","317.46","0.652"
"SENS-6405","2026-02-10 03:00:00","MAC-30","82.86","301.66","0.526"
"SENS-6406","2026-02-10 03:00:00","MAC-31","114.53","321.92","1.407"
"SENS-6407","2026-02-10 04:00:00","MAC-30","86.15","303.77","1.044"
"SENS-6408","2026-02-10 04:00:00","MAC-31","117.72","333.83","0.723"
"SENS-6409","2026-02-10 05:00:00","MAC-30","112.58","349.15","1.48"
"SENS-6410","2026-02-10 05:00:00","MAC-31","106.09","304.07","0.805"
"SENS-6411","2026-02-10 06:00:00","MAC-30","98.73","322.55","1.372"
"SENS-6412","2026-02-10 06:00:00","MAC-31","91.42","325.92","0.657"
"SENS-6413","2025-07-05 00:00:00","MAC-20","99.96","313.84","1.278"
"SENS-6414","2025-07-05 00:00:00","MAC-21","94.54","345.23","0.505"
"SENS-6415","2025-07-05 01:00:00","MAC-20","119.38","322.18","0.616"
"SENS-6416","2025-07-05 01:00:00","MAC-21","104.76","349.9","1.216"
"SENS-6417","2025-07-05 02:00:00","MAC-20","84.88","348.7","1.23"
"SENS-6418","2025-07-05 02:00:00","MAC-21","92.2","324.66","0.754"
"SENS-6419","2025-07-05 03:00:00","MAC-20","111.86","320.9","0.655"
"SENS-6420","2025-07-05 03:00:00","MAC-21","97.41","349.13","1.097"
"SENS-6421","2025-05-06 00:00:00","MAC-10","93.75","321.36","0.954"
"SENS-6422","2025-05-06 00:00:00","MAC-11","116.72","331.53","1.42"
"SENS-6423","2025-05-06 01:00:00","MAC-10","82.15","310.28","0.621"
"SENS-6424","2025-05-06 01:00:00","MAC-11","94.5","309.77","1.07"
"SENS-6425","2025-05-06 02:00:00","MAC-10","115.51","343.8","1.354"
"SENS-6426","2025-05-06 02:00:00","MAC-11","118.76","308.67","0.921"
"SENS-6427","2025-05-06 03:00:00","MAC-10","107.96","336.6","0.922"
"SENS-6428","2025-05-06 03:00:00","MAC-11","82.03","331.97","0.97"
"SENS-6429","2025-05-06 04:00:00","MAC-10","110.14","333.28","1.067"
"SENS-6430","2025-05-06 04:00:00","MAC-11","91.31","345.15","1.007"
"SENS-6431","2025-05-06 05:00:00","MAC-10","103.02","334.45","1.17"
"SENS-6432","2025-05-06 05:00:00","MAC-11","95.18","338.29","1.473"
"SENS-6433","2025-05-06 06:00:00","MAC-10","97.69","339.91","0.944"
"SENS-6434","2025-05-06 06:00:00","MAC-11","103.83","348.87","0.779"
"SENS-6435","2025-05-06 07:00:00","MAC-10","108.83","325.56","1.327"
"SENS-6436","2025-05-06 07:00:00","MAC-11","84.82","336.64","0.901"
"SENS-6437","2025-05-06 08:00:00","MAC-10","118.52","322.84","1.498"
"SENS-6438","2025-05-06 08:00:00","MAC-11","104.19","339.62","0.615"
"SENS-6439","2025-05-06 09:00:00","MAC-10","93.38","342.79","1.467"
"SENS-6440","2025-05-06 09:00:00","MAC-11","90.62","337.85","1.175"
"SENS-6441","2025-08-19 00:00:00","MAC-10","113.26","328.09","0.665"
"SENS-6442","2025-08-19 00:00:00","MAC-11","89.72","333.57","0.859"
"SENS-6443","2025-08-19 01:00:00","MAC-10","81.2","309.65","0.978"
"SENS-6444","2025-08-19 01:00:00","MAC-11","90.23","319.97","0.809"
"SENS-6445","2025-08-19 02:00:00","MAC-10","97.54","311.97","0.835"
"SENS-6446","2025-08-19 02:00:00","MAC-11","95.8","348.58","1.23"
"SENS-6447","2025-08-19 03:00:00","MAC-10","111.46","328.59","0.579"
"SENS-6448","2025-08-19 03:00:00","MAC-11","98.34","347.41","1.085"
"SENS-6449","2025-08-19 04:00:00","MAC-10","93.09","344.18","0.901"
"SENS-6450","2025-08-19 04:00:00","MAC-11","111.77","318.16","0.963"
"SENS-6451","2025-08-19 05:00:00","MAC-10","95.21","314.35","0.781"
"SENS-6452","2025-08-19 05:00:00","MAC-11","90.15","322.45","0.614"
"SENS-6453","2025-08-19 06:00:00","MAC-10","105.92","335.8","1.17"
"SENS-6454","2025-08-19 06:00:00","MAC-11","103.73","318.81","0.675"
"SENS-6455","2025-08-19 07:00:00","MAC-10","88.06","336.43","0.726"
"SENS-6456","2025-08-19 07:00:00","MAC-11","86.04","329.83","1.081"
"SENS-6457","2025-08-19 08:00:00","MAC-10","112.09","311.29","1.232"
"SENS-6458","2025-08-19 08:00:00","MAC-11","117.95","333.41","0.632"
"SENS-6459","2025-08-19 09:00:00","MAC-10","95.42","339.53","1.028"
"SENS-6460","2025-08-19 09:00:00","MAC-11","119.67","341.25","0.673"
"SENS-6461","2025-08-19 10:00:00","MAC-10","92.9","309.12","0.898"
"SENS-6462","2025-08-19 10:00:00","MAC-11","84.72","301.77","1.05"
"SENS-6463","2025-08-19 11:00:00","MAC-10","83.14","301.29","1.492"
"SENS-6464","2025-08-19 11:00:00","MAC-11","111","303.79","1.023"
"SENS-6465","2025-08-19 12:00:00","MAC-10","95.88","340.06","1.159"
"SENS-6466","2025-08-19 12:00:00","MAC-11","110.11","322.74","1.057"
"SENS-6467","2025-08-19 13:00:00","MAC-10","114.78","310.07","0.936"
"SENS-6468","2025-08-19 13:00:00","MAC-11","103","321.81","1.129"
"SENS-6469","2025-08-19 14:00:00","MAC-10","109.87","342.33","1.11"
"SENS-6470","2025-08-19 14:00:00","MAC-11","104.58","345.51","1.045"
"SENS-6471","2025-08-12 00:00:00","MAC-10","118.52","300.33","1.305"
"SENS-6472","2025-08-12 00:00:00","MAC-11","91.62","331.04","1.484"
"SENS-6473","2025-08-12 01:00:00","MAC-10","90.01","344.18","0.599"
"SENS-6474","2025-08-12 01:00:00","MAC-11","110.59","345.37","1.004"
"SENS-6475","2025-08-12 02:00:00","MAC-10","88.14","323.23","1.422"
"SENS-6476","2025-08-12 02:00:00","MAC-11","83.42","313.96","1.028"
"SENS-6477","2025-08-12 03:00:00","MAC-10","91","303.57","0.753"
"SENS-6478","2025-08-12 03:00:00","MAC-11","85.45","337.89","1.048"
"SENS-6479","2025-08-12 04:00:00","MAC-10","91.2","302.94","0.716"
"SENS-6480","2025-08-12 04:00:00","MAC-11","82.79","311.85","1.492"
"SENS-6481","2025-08-12 05:00:00","MAC-10","98.49","322.98","0.866"
"SENS-6482","2025-08-12 05:00:00","MAC-11","105.4","340.89","0.964"
"SENS-6483","2025-08-12 06:00:00","MAC-10","101.79","340.04","1.395"
"SENS-6484","2025-08-12 06:00:00","MAC-11","92.88","332.14","1.411"
"SENS-6485","2025-08-12 07:00:00","MAC-10","102.62","314.65","1.112"
"SENS-6486","2025-08-12 07:00:00","MAC-11","80.13","343.74","1.182"
"SENS-6487","2025-10-17 00:00:00","MAC-10","119.15","347.87","1.218"
"SENS-6488","2025-10-17 00:00:00","MAC-11","110.99","307.91","1.455"
"SENS-6489","2025-10-17 01:00:00","MAC-10","83.37","306.31","0.638"
"SENS-6490","2025-10-17 01:00:00","MAC-11","112.99","339.76","0.565"
"SENS-6491","2025-10-17 02:00:00","MAC-10","102.98","329.84","1.132"
"SENS-6492","2025-10-17 02:00:00","MAC-11","105.03","336.95","1.356"
"SENS-6493","2025-10-17 03:00:00","MAC-10","83.19","307.29","0.857"
"SENS-6494","2025-10-17 03:00:00","MAC-11","114.82","324.12","1.358"
"SENS-6495","2025-11-18 00:00:00","MAC-20","110.09","326.1","1.474"
"SENS-6496","2025-11-18 00:00:00","MAC-21","88.7","327.08","1.031"
"SENS-6497","2025-11-18 01:00:00","MAC-20","101.06","333.01","0.723"
"SENS-6498","2025-11-18 01:00:00","MAC-21","82.47","319","0.907"
"SENS-6499","2025-11-18 02:00:00","MAC-20","116.13","311.64","0.845"
"SENS-6500","2025-11-18 02:00:00","MAC-21","99.49","325.2","0.655"
"SENS-6501","2025-11-18 03:00:00","MAC-20","81.26","319.89","0.71"
"SENS-6502","2025-11-18 03:00:00","MAC-21","94.28","349.66","1.184"
"SENS-6503","2025-11-18 04:00:00","MAC-20","82.43","328.15","1.446"
"SENS-6504","2025-11-18 04:00:00","MAC-21","98.79","317.66","0.777"
"SENS-6505","2025-11-18 05:00:00","MAC-20","97.95","325.57","0.508"
"SENS-6506","2025-11-18 05:00:00","MAC-21","116.66","307.97","0.905"
"SENS-6507","2025-11-18 06:00:00","MAC-20","82.03","311.24","1.049"
"SENS-6508","2025-11-18 06:00:00","MAC-21","94.14","302.69","1.476"
"SENS-6509","2025-06-18 00:00:00","MAC-10","107.14","342.96","0.572"
"SENS-6510","2025-06-18 00:00:00","MAC-11","100.13","336.12","0.813"
"SENS-6511","2025-06-18 01:00:00","MAC-10","113.44","334.85","0.843"
"SENS-6512","2025-06-18 01:00:00","MAC-11","105.18","302.31","1.326"
"SENS-6513","2025-06-18 02:00:00","MAC-10","95.68","339.14","1.266"
"SENS-6514","2025-06-18 02:00:00","MAC-11","108.41","302.96","0.906"
"SENS-6515","2025-06-18 03:00:00","MAC-10","88.53","317.93","0.917"
"SENS-6516","2025-06-18 03:00:00","MAC-11","108.85","318.89","0.947"
"SENS-6517","2025-06-18 04:00:00","MAC-10","94.51","338.01","1.462"
"SENS-6518","2025-06-18 04:00:00","MAC-11","100.62","301","0.765"
"SENS-6519","2025-06-18 05:00:00","MAC-10","106.95","310.76","1.185"
"SENS-6520","2025-06-18 05:00:00","MAC-11","84.16","336.86","1.162"
"SENS-6521","2025-06-18 06:00:00","MAC-10","90.45","338.39","0.818"
"SENS-6522","2025-06-18 06:00:00","MAC-11","83.02","332.52","0.525"
"SENS-6523","2025-05-12 00:00:00","MAC-10","88.28","329.16","1.114"
"SENS-6524","2025-05-12 00:00:00","MAC-11","99.48","342.16","1.241"
"SENS-6525","2025-05-12 01:00:00","MAC-10","111.06","348.09","1.487"
"SENS-6526","2025-05-12 01:00:00","MAC-11","101.57","324.28","1.267"
"SENS-6527","2025-05-12 02:00:00","MAC-10","110.22","305.44","1.226"
"SENS-6528","2025-05-12 02:00:00","MAC-11","99.82","302","1.124"
"SENS-6529","2025-05-12 03:00:00","MAC-10","116.6","347.66","0.513"
"SENS-6530","2025-05-12 03:00:00","MAC-11","111.81","341.17","0.633"
"SENS-6531","2026-03-04 00:00:00","MAC-20","109.17","336.74","0.798"
"SENS-6532","2026-03-04 00:00:00","MAC-21","90.73","342.68","0.973"
"SENS-6533","2026-03-04 01:00:00","MAC-20","97.8","347.55","1.109"
"SENS-6534","2026-03-04 01:00:00","MAC-21","117.28","310.2","0.97"
"SENS-6535","2026-03-04 02:00:00","MAC-20","100.61","315.03","1.393"
"SENS-6536","2026-03-04 02:00:00","MAC-21","108.34","322.48","1.118"
"SENS-6537","2026-03-04 03:00:00","MAC-20","99.26","345.97","1.401"
"SENS-6538","2026-03-04 03:00:00","MAC-21","111.68","344.26","1.119"
"SENS-6539","2026-03-04 04:00:00","MAC-20","105.86","323.97","0.501"
"SENS-6540","2026-03-04 04:00:00","MAC-21","109.77","335.64","0.766"
"SENS-6541","2026-03-04 05:00:00","MAC-20","85.88","332.28","1.224"
"SENS-6542","2026-03-04 05:00:00","MAC-21","90.08","347.13","0.806"
"SENS-6543","2026-03-04 06:00:00","MAC-20","101.21","332.31","1.484"
"SENS-6544","2026-03-04 06:00:00","MAC-21","99.54","336.86","0.847"
"SENS-6545","2026-03-04 07:00:00","MAC-20","86.51","301.25","1.042"
"SENS-6546","2026-03-04 07:00:00","MAC-21","96.5","307.46","0.949"
"SENS-6547","2026-03-04 08:00:00","MAC-20","85.38","314","0.703"
"SENS-6548","2026-03-04 08:00:00","MAC-21","91.54","302.29","0.81"
"SENS-6549","2026-03-04 09:00:00","MAC-20","95.79","313.99","1.488"
"SENS-6550","2026-03-04 09:00:00","MAC-21","113.93","328.45","1.461"
"SENS-6551","2026-03-04 10:00:00","MAC-20","106.43","307.36","0.845"
"SENS-6552","2026-03-04 10:00:00","MAC-21","101.87","339.55","1.35"
"SENS-6553","2026-03-04 11:00:00","MAC-20","104.5","346.4","1.254"
"SENS-6554","2026-03-04 11:00:00","MAC-21","105.87","329.7","1.005"
"SENS-6555","2026-03-04 12:00:00","MAC-20","113.6","300.01","1.231"
"SENS-6556","2026-03-04 12:00:00","MAC-21","107.44","336.81","0.862"
"SENS-6557","2026-03-04 13:00:00","MAC-20","118.03","309.95","0.511"
"SENS-6558","2026-03-04 13:00:00","MAC-21","81.52","327.89","1.391"
"SENS-6559","2026-01-12 00:00:00","MAC-30","118.48","302.09","1.051"
"SENS-6560","2026-01-12 00:00:00","MAC-31","119.22","315.45","0.886"
"SENS-6561","2026-01-12 01:00:00","MAC-30","83.59","320.57","1.391"
"SENS-6562","2026-01-12 01:00:00","MAC-31","82.35","313.75","1.186"
"SENS-6563","2026-01-12 02:00:00","MAC-30","99.41","344.51","1.193"
"SENS-6564","2026-01-12 02:00:00","MAC-31","96.59","311.23","1.35"
"SENS-6565","2026-01-12 03:00:00","MAC-30","86.81","341.91","1.252"
"SENS-6566","2026-01-12 03:00:00","MAC-31","108.06","349.54","0.844"
"SENS-6567","2026-01-12 04:00:00","MAC-30","114.79","348.8","1.231"
"SENS-6568","2026-01-12 04:00:00","MAC-31","96.48","331.62","0.894"
"SENS-6569","2026-01-12 05:00:00","MAC-30","108.2","334.48","1.481"
"SENS-6570","2026-01-12 05:00:00","MAC-31","117.36","302.49","0.826"
"SENS-6571","2026-01-12 06:00:00","MAC-30","86.16","304.86","1.364"
"SENS-6572","2026-01-12 06:00:00","MAC-31","90.43","327.38","1.282"
"SENS-6573","2026-01-12 07:00:00","MAC-30","92.19","315.61","0.755"
"SENS-6574","2026-01-12 07:00:00","MAC-31","114.42","346.25","1.287"
"SENS-6575","2026-01-12 08:00:00","MAC-30","110.91","315.34","1.155"
"SENS-6576","2026-01-12 08:00:00","MAC-31","109.67","303.4","0.824"
"SENS-6577","2026-01-12 09:00:00","MAC-30","92.9","333.78","1.336"
"SENS-6578","2026-01-12 09:00:00","MAC-31","119.7","311.14","1.385"
"SENS-6579","2026-01-12 10:00:00","MAC-30","86.81","337.28","0.725"
"SENS-6580","2026-01-12 10:00:00","MAC-31","102.02","304.62","0.672"
"SENS-6581","2026-01-12 11:00:00","MAC-30","106.9","320.18","1.099"
"SENS-6582","2026-01-12 11:00:00","MAC-31","103.27","345.57","0.809"
"SENS-6583","2026-01-12 12:00:00","MAC-30","86.83","333.13","0.531"
"SENS-6584","2026-01-12 12:00:00","MAC-31","105.11","322.9","0.831"
"SENS-6585","2026-01-12 13:00:00","MAC-30","80.03","321.53","0.612"
"SENS-6586","2026-01-12 13:00:00","MAC-31","115.38","307.19","0.561"
"SENS-6587","2026-01-12 14:00:00","MAC-30","98.88","307.42","0.624"
"SENS-6588","2026-01-12 14:00:00","MAC-31","92.74","317.92","1.384"
"SENS-6589","2026-01-12 15:00:00","MAC-30","105.45","321.28","0.972"
"SENS-6590","2026-01-12 15:00:00","MAC-31","88.28","340.05","1.388"
"SENS-6591","2026-01-12 16:00:00","MAC-30","100.14","317.91","1.111"
"SENS-6592","2026-01-12 16:00:00","MAC-31","101.92","302.76","0.505"
"SENS-6593","2026-01-12 17:00:00","MAC-30","106.11","310.42","0.977"
"SENS-6594","2026-01-12 17:00:00","MAC-31","108.58","337.79","0.935"
"SENS-6595","2026-01-12 18:00:00","MAC-30","98.4","318.68","1.238"
"SENS-6596","2026-01-12 18:00:00","MAC-31","81.7","321.26","1.007"
"SENS-6597","2026-01-12 19:00:00","MAC-30","80.39","338.55","1.182"
"SENS-6598","2026-01-12 19:00:00","MAC-31","118.11","322.29","0.945"
"SENS-6599","2025-10-31 00:00:00","MAC-30","87.11","321.06","1.391"
"SENS-6600","2025-10-31 00:00:00","MAC-31","117.48","323.24","0.824"
"SENS-6601","2025-10-31 01:00:00","MAC-30","116.55","306.49","0.809"
"SENS-6602","2025-10-31 01:00:00","MAC-31","119.81","310.39","0.69"
"SENS-6603","2025-10-31 02:00:00","MAC-30","97.89","310.81","1.286"
"SENS-6604","2025-10-31 02:00:00","MAC-31","88.28","326.8","0.744"
"SENS-6605","2025-10-31 03:00:00","MAC-30","92.95","334.76","1.198"
"SENS-6606","2025-10-31 03:00:00","MAC-31","86.1","349.34","0.823"
"SENS-6607","2025-10-31 04:00:00","MAC-30","83.77","300.82","1.27"
"SENS-6608","2025-10-31 04:00:00","MAC-31","85.34","313.46","0.708"
"SENS-6609","2025-10-31 05:00:00","MAC-30","119.29","330.45","1.299"
"SENS-6610","2025-10-31 05:00:00","MAC-31","108.62","329.83","1.182"
"SENS-6611","2025-10-31 06:00:00","MAC-30","98.62","304.27","0.715"
"SENS-6612","2025-10-31 06:00:00","MAC-31","97.75","344.72","0.525"
"SENS-6613","2025-11-10 00:00:00","MAC-30","89.44","305.51","1.104"
"SENS-6614","2025-11-10 00:00:00","MAC-31","81.62","320.94","1.266"
"SENS-6615","2025-11-10 01:00:00","MAC-30","82.09","335.25","1.236"
"SENS-6616","2025-11-10 01:00:00","MAC-31","111.73","330.52","1.451"
"SENS-6617","2025-11-10 02:00:00","MAC-30","104.41","318.59","0.903"
"SENS-6618","2025-11-10 02:00:00","MAC-31","107.94","329.53","0.663"
"SENS-6619","2025-11-10 03:00:00","MAC-30","83.47","307.65","1.297"
"SENS-6620","2025-11-10 03:00:00","MAC-31","117.97","318.94","1.095"
"SENS-6621","2025-11-10 04:00:00","MAC-30","95.81","323.51","0.562"
"SENS-6622","2025-11-10 04:00:00","MAC-31","102.43","324.6","1.225"
"SENS-6623","2025-09-24 00:00:00","MAC-10","105.67","303.73","0.893"
"SENS-6624","2025-09-24 00:00:00","MAC-11","82.58","317.43","0.922"
"SENS-6625","2025-09-24 01:00:00","MAC-10","107.74","312.28","0.966"
"SENS-6626","2025-09-24 01:00:00","MAC-11","103.33","316.77","0.517"
"SENS-6627","2025-09-24 02:00:00","MAC-10","86.64","341.31","1.4"
"SENS-6628","2025-09-24 02:00:00","MAC-11","82.51","336.83","1.254"
"SENS-6629","2025-09-24 03:00:00","MAC-10","99.43","316.46","1.148"
"SENS-6630","2025-09-24 03:00:00","MAC-11","111.53","320.82","0.635"
"SENS-6631","2025-09-24 04:00:00","MAC-10","83.67","302.73","0.777"
"SENS-6632","2025-09-24 04:00:00","MAC-11","116.05","317.37","0.51"
"SENS-6633","2025-09-24 05:00:00","MAC-10","102.03","315.62","1.181"
"SENS-6634","2025-09-24 05:00:00","MAC-11","105.41","332.38","1.4"
"SENS-6635","2025-09-24 06:00:00","MAC-10","107.28","339.73","1.414"
"SENS-6636","2025-09-24 06:00:00","MAC-11","107.45","319.12","0.878"
"SENS-6637","2025-09-24 07:00:00","MAC-10","85.47","316.93","0.663"
"SENS-6638","2025-09-24 07:00:00","MAC-11","116.87","317.71","1.025"
"SENS-6639","2026-01-04 00:00:00","MAC-10","119.07","340.62","1.243"
"SENS-6640","2026-01-04 00:00:00","MAC-11","111.96","339.13","1.343"
"SENS-6641","2026-01-04 01:00:00","MAC-10","89.12","341.06","0.662"
"SENS-6642","2026-01-04 01:00:00","MAC-11","97.6","318.71","1.282"
"SENS-6643","2026-01-04 02:00:00","MAC-10","109.89","332.89","1.462"
"SENS-6644","2026-01-04 02:00:00","MAC-11","85.8","327.91","1.064"
"SENS-6645","2026-01-04 03:00:00","MAC-10","114.93","324.1","0.822"
"SENS-6646","2026-01-04 03:00:00","MAC-11","119.74","322.81","1.416"
"SENS-6647","2026-01-04 04:00:00","MAC-10","97.52","324.83","1.172"
"SENS-6648","2026-01-04 04:00:00","MAC-11","111.05","307.02","0.853"
"SENS-6649","2026-01-04 05:00:00","MAC-10","95.95","343.15","1.006"
"SENS-6650","2026-01-04 05:00:00","MAC-11","111.32","341.92","0.786"
"SENS-6651","2026-01-04 06:00:00","MAC-10","88.65","319.68","1.175"
"SENS-6652","2026-01-04 06:00:00","MAC-11","111.81","302.96","1.306"
"SENS-6653","2026-01-04 07:00:00","MAC-10","91.57","311.72","1.399"
"SENS-6654","2026-01-04 07:00:00","MAC-11","97.12","345.39","0.528"
"SENS-6655","2026-01-04 08:00:00","MAC-10","115.27","346.17","1.25"
"SENS-6656","2026-01-04 08:00:00","MAC-11","91.04","322.43","1.196"
"SENS-6657","2026-01-04 09:00:00","MAC-10","113.22","312.82","0.716"
"SENS-6658","2026-01-04 09:00:00","MAC-11","91.05","332.69","1.151"
"SENS-6659","2025-11-03 00:00:00","MAC-30","102.75","317.1","1.342"
"SENS-6660","2025-11-03 00:00:00","MAC-31","93.24","343.67","0.939"
"SENS-6661","2025-11-03 01:00:00","MAC-30","119.09","337.67","0.939"
"SENS-6662","2025-11-03 01:00:00","MAC-31","109.78","317.84","0.979"
"SENS-6663","2025-11-03 02:00:00","MAC-30","101.64","324.15","1.441"
"SENS-6664","2025-11-03 02:00:00","MAC-31","117.18","340.01","1.143"
"SENS-6665","2026-02-08 00:00:00","MAC-10","109.22","347.4","1.254"
"SENS-6666","2026-02-08 00:00:00","MAC-11","88.56","324.84","1.289"
"SENS-6667","2026-02-08 01:00:00","MAC-10","101.49","331.59","0.829"
"SENS-6668","2026-02-08 01:00:00","MAC-11","110.97","317.33","1.077"
"SENS-6669","2026-02-08 02:00:00","MAC-10","113.92","338.89","1.006"
"SENS-6670","2026-02-08 02:00:00","MAC-11","101.28","326.03","1.472"
"SENS-6671","2026-02-08 03:00:00","MAC-10","89.99","315.21","0.618"
"SENS-6672","2026-02-08 03:00:00","MAC-11","101.77","332.94","0.889"
"SENS-6673","2026-02-08 04:00:00","MAC-10","100.9","329.52","1.306"
"SENS-6674","2026-02-08 04:00:00","MAC-11","105.01","303.02","0.898"
"SENS-6675","2025-10-25 00:00:00","MAC-20","103.35","305.09","1.111"
"SENS-6676","2025-10-25 00:00:00","MAC-21","114.46","336.53","1.23"
"SENS-6677","2025-10-25 01:00:00","MAC-20","101.7","307.61","0.54"
"SENS-6678","2025-10-25 01:00:00","MAC-21","96.09","342.94","1.115"
"SENS-6679","2025-10-25 02:00:00","MAC-20","115.98","348.33","1.053"
"SENS-6680","2025-10-25 02:00:00","MAC-21","87.24","300.77","1.171"
"SENS-6681","2025-10-25 03:00:00","MAC-20","86.9","333.65","0.54"
"SENS-6682","2025-10-25 03:00:00","MAC-21","90.24","333.27","1.163"
"SENS-6683","2025-10-25 04:00:00","MAC-20","113.48","308.11","0.983"
"SENS-6684","2025-10-25 04:00:00","MAC-21","117.08","348.92","1.05"
"SENS-6685","2025-10-25 05:00:00","MAC-20","106.58","317.18","1.304"
"SENS-6686","2025-10-25 05:00:00","MAC-21","88.99","333.64","1.481"
"SENS-6687","2025-10-25 06:00:00","MAC-20","82.87","330.88","0.684"
"SENS-6688","2025-10-25 06:00:00","MAC-21","80.84","309.05","0.77"
"SENS-6689","2025-10-25 07:00:00","MAC-20","85.15","310.03","0.96"
"SENS-6690","2025-10-25 07:00:00","MAC-21","90.13","316.63","1.043"
"SENS-6691","2025-08-29 00:00:00","MAC-30","105.32","328.55","0.526"
"SENS-6692","2025-08-29 00:00:00","MAC-31","103.89","317.02","0.816"
"SENS-6693","2025-08-29 01:00:00","MAC-30","106","324.95","0.662"
"SENS-6694","2025-08-29 01:00:00","MAC-31","113.1","307.87","1.113"
"SENS-6695","2025-08-29 02:00:00","MAC-30","106.5","322","1.289"
"SENS-6696","2025-08-29 02:00:00","MAC-31","86.96","307","0.511"
"SENS-6697","2025-08-29 03:00:00","MAC-30","98.16","307.84","1.431"
"SENS-6698","2025-08-29 03:00:00","MAC-31","93.22","323.25","0.567"
"SENS-6699","2025-08-29 04:00:00","MAC-30","96.02","328.76","1.245"
"SENS-6700","2025-08-29 04:00:00","MAC-31","114.94","335.96","1.069"
"SENS-6701","2025-08-29 05:00:00","MAC-30","87.02","303.63","1.464"
"SENS-6702","2025-08-29 05:00:00","MAC-31","88.44","302.75","1.295"
"SENS-6703","2025-08-29 06:00:00","MAC-30","83.73","309.27","1.421"
"SENS-6704","2025-08-29 06:00:00","MAC-31","108.96","342.5","0.531"
"SENS-6705","2025-08-29 07:00:00","MAC-30","96.78","313.78","1.189"
"SENS-6706","2025-08-29 07:00:00","MAC-31","117.82","323.95","1.363"
"SENS-6707","2025-08-29 08:00:00","MAC-30","100.47","312.22","1.465"
"SENS-6708","2025-08-29 08:00:00","MAC-31","117.2","325.8","1.419"
"SENS-6709","2025-08-29 09:00:00","MAC-30","108.02","309.41","0.725"
"SENS-6710","2025-08-29 09:00:00","MAC-31","117.02","321.26","1.45"
"SENS-6711","2025-08-29 10:00:00","MAC-30","86.77","324.81","1.425"
"SENS-6712","2025-08-29 10:00:00","MAC-31","110.24","321.32","0.638"
"SENS-6713","2025-08-29 11:00:00","MAC-30","83","312.07","1.186"
"SENS-6714","2025-08-29 11:00:00","MAC-31","86.12","333.24","0.833"
"SENS-6715","2025-08-29 12:00:00","MAC-30","98.78","343.87","0.525"
"SENS-6716","2025-08-29 12:00:00","MAC-31","110.23","349.42","1.258"
"SENS-6717","2025-08-29 13:00:00","MAC-30","107.05","300.64","1.16"
"SENS-6718","2025-08-29 13:00:00","MAC-31","111.53","329.23","0.898"
"SENS-6719","2025-08-29 14:00:00","MAC-30","104.91","301.7","1.219"
"SENS-6720","2025-08-29 14:00:00","MAC-31","100.94","349.08","0.591"
"SENS-6721","2025-09-13 00:00:00","MAC-30","109.86","331.42","1.031"
"SENS-6722","2025-09-13 00:00:00","MAC-31","103.83","314.07","1.373"
"SENS-6723","2025-09-13 01:00:00","MAC-30","118.41","327","0.946"
"SENS-6724","2025-09-13 01:00:00","MAC-31","87.22","322.35","1.056"
"SENS-6725","2025-09-13 02:00:00","MAC-30","100.53","322.43","0.716"
"SENS-6726","2025-09-13 02:00:00","MAC-31","109.04","312.63","0.672"
"SENS-6727","2025-09-13 03:00:00","MAC-30","84.57","305.69","0.931"
"SENS-6728","2025-09-13 03:00:00","MAC-31","87.98","326.52","1.351"
"SENS-6729","2025-09-13 04:00:00","MAC-30","104.74","349.14","0.527"
"SENS-6730","2025-09-13 04:00:00","MAC-31","81.36","341.54","1.365"
"SENS-6731","2025-09-13 05:00:00","MAC-30","83.03","334.81","1.331"
"SENS-6732","2025-09-13 05:00:00","MAC-31","100.67","301.17","0.905"
"SENS-6733","2025-09-13 06:00:00","MAC-30","99.96","339.1","1.257"
"SENS-6734","2025-09-13 06:00:00","MAC-31","113.79","323.6","1.116"
"SENS-6735","2025-09-13 07:00:00","MAC-30","84.78","334.41","0.88"
"SENS-6736","2025-09-13 07:00:00","MAC-31","96.44","313.08","1.409"
"SENS-6737","2025-09-13 08:00:00","MAC-30","87.47","331.27","0.976"
"SENS-6738","2025-09-13 08:00:00","MAC-31","111.57","305.81","0.517"
"SENS-6739","2025-09-13 09:00:00","MAC-30","90.58","342.07","1.076"
"SENS-6740","2025-09-13 09:00:00","MAC-31","113.8","308.26","1.047"
"SENS-6741","2025-10-21 00:00:00","MAC-30","100.84","347.27","0.606"
"SENS-6742","2025-10-21 00:00:00","MAC-31","83.86","324.55","0.787"
"SENS-6743","2025-10-21 01:00:00","MAC-30","115.2","324.02","0.54"
"SENS-6744","2025-10-21 01:00:00","MAC-31","110.93","349.23","0.932"
"SENS-6745","2025-10-21 02:00:00","MAC-30","99.46","318.85","1.286"
"SENS-6746","2025-10-21 02:00:00","MAC-31","88.1","336.98","1.131"
"SENS-6747","2025-10-21 03:00:00","MAC-30","81.51","305.38","1.095"
"SENS-6748","2025-10-21 03:00:00","MAC-31","113.32","339.24","0.635"
"SENS-6749","2025-10-21 04:00:00","MAC-30","105.67","310.78","0.509"
"SENS-6750","2025-10-21 04:00:00","MAC-31","98.63","315.53","1.078"
"SENS-6751","2025-10-21 05:00:00","MAC-30","97.6","324.86","1.218"
"SENS-6752","2025-10-21 05:00:00","MAC-31","88.06","335.36","1.138"
"SENS-6753","2025-10-21 06:00:00","MAC-30","107.12","322.82","0.562"
"SENS-6754","2025-10-21 06:00:00","MAC-31","86.88","317.77","1.272"
"SENS-6755","2025-10-21 07:00:00","MAC-30","103.41","334.27","0.952"
"SENS-6756","2025-10-21 07:00:00","MAC-31","95.32","341.54","1.093"
"SENS-6757","2025-10-21 08:00:00","MAC-30","102.44","317.09","0.601"
"SENS-6758","2025-10-21 08:00:00","MAC-31","87.46","340.72","1.385"
"SENS-6759","2025-10-21 09:00:00","MAC-30","117.25","341.16","1.219"
"SENS-6760","2025-10-21 09:00:00","MAC-31","82.39","332.33","0.524"
"SENS-6761","2025-10-21 10:00:00","MAC-30","105.66","312.82","1"
"SENS-6762","2025-10-21 10:00:00","MAC-31","99.54","318.87","0.911"
"SENS-6763","2025-10-21 11:00:00","MAC-30","114.92","329.28","1.072"
"SENS-6764","2025-10-21 11:00:00","MAC-31","87.16","312","1.156"
"SENS-6765","2025-05-28 00:00:00","MAC-10","81.14","326.54","1.045"
"SENS-6766","2025-05-28 00:00:00","MAC-11","110.58","326.74","0.656"
"SENS-6767","2025-05-28 01:00:00","MAC-10","115.22","334.3","1.037"
"SENS-6768","2025-05-28 01:00:00","MAC-11","90.63","300.1","0.725"
"SENS-6769","2025-05-28 02:00:00","MAC-10","83.65","324.89","1.341"
"SENS-6770","2025-05-28 02:00:00","MAC-11","86.24","329.63","0.706"
"SENS-6771","2025-05-28 03:00:00","MAC-10","99.99","343.53","0.939"
"SENS-6772","2025-05-28 03:00:00","MAC-11","90.61","328","0.501"
"SENS-6773","2025-05-28 04:00:00","MAC-10","87.74","303.8","0.63"
"SENS-6774","2025-05-28 04:00:00","MAC-11","94.6","305.58","0.792"
"SENS-6775","2025-05-28 05:00:00","MAC-10","102.39","348.38","1.286"
"SENS-6776","2025-05-28 05:00:00","MAC-11","87.37","333.8","0.541"
"SENS-6777","2025-05-28 06:00:00","MAC-10","86.1","334.58","0.878"
"SENS-6778","2025-05-28 06:00:00","MAC-11","87.05","317.62","1.138"
"SENS-6779","2025-05-28 07:00:00","MAC-10","102.29","321.26","0.698"
"SENS-6780","2025-05-28 07:00:00","MAC-11","97.32","342.25","1.48"
"SENS-6781","2025-05-28 08:00:00","MAC-10","97.56","324.81","0.722"
"SENS-6782","2025-05-28 08:00:00","MAC-11","119.67","314.42","1.241"
"SENS-6783","2025-05-28 09:00:00","MAC-10","97.54","310.35","1.263"
"SENS-6784","2025-05-28 09:00:00","MAC-11","96.18","325.82","0.979"
"SENS-6785","2025-05-28 10:00:00","MAC-10","100.88","315.77","0.848"
"SENS-6786","2025-05-28 10:00:00","MAC-11","90.87","310.12","0.994"
"SENS-6787","2025-05-28 11:00:00","MAC-10","90.96","349.63","0.665"
"SENS-6788","2025-05-28 11:00:00","MAC-11","92.61","305.52","0.662"
"SENS-6789","2025-05-28 12:00:00","MAC-10","101.52","312.44","0.516"
"SENS-6790","2025-05-28 12:00:00","MAC-11","101.57","338.95","1.065"
"SENS-6791","2025-05-28 13:00:00","MAC-10","109.4","339.79","1.456"
"SENS-6792","2025-05-28 13:00:00","MAC-11","97.49","309.23","0.88"
"SENS-6793","2026-01-21 00:00:00","MAC-30","93.69","318.79","0.71"
"SENS-6794","2026-01-21 00:00:00","MAC-31","108.45","316.4","1.208"
"SENS-6795","2026-01-21 01:00:00","MAC-30","90.31","332.82","1.134"
"SENS-6796","2026-01-21 01:00:00","MAC-31","85.48","320.06","1.187"
"SENS-6797","2026-01-21 02:00:00","MAC-30","104.19","322.42","0.938"
"SENS-6798","2026-01-21 02:00:00","MAC-31","115.36","311.56","1.257"
"SENS-6799","2026-01-21 03:00:00","MAC-30","84.24","325.52","1.18"
"SENS-6800","2026-01-21 03:00:00","MAC-31","105.33","325.67","0.668"
"SENS-6801","2026-01-21 04:00:00","MAC-30","113.11","322.86","1.361"
"SENS-6802","2026-01-21 04:00:00","MAC-31","91.63","345.32","0.756"
"SENS-6803","2026-01-21 05:00:00","MAC-30","111.26","307.98","0.647"
"SENS-6804","2026-01-21 05:00:00","MAC-31","115.53","344.19","0.991"
"SENS-6805","2026-01-21 06:00:00","MAC-30","101.47","336.24","0.835"
"SENS-6806","2026-01-21 06:00:00","MAC-31","82.82","317.2","0.721"
"SENS-6807","2026-01-21 07:00:00","MAC-30","87.77","342.78","1.454"
"SENS-6808","2026-01-21 07:00:00","MAC-31","107.92","342.28","0.721"
"SENS-6809","2026-01-21 08:00:00","MAC-30","119.24","318.85","0.952"
"SENS-6810","2026-01-21 08:00:00","MAC-31","90.86","332.3","0.982"
"SENS-6811","2026-01-21 09:00:00","MAC-30","106.91","310.86","0.93"
"SENS-6812","2026-01-21 09:00:00","MAC-31","80.34","336.33","0.53"
"SENS-6813","2026-01-21 10:00:00","MAC-30","90.25","313.06","0.713"
"SENS-6814","2026-01-21 10:00:00","MAC-31","106.52","308.64","0.796"
"SENS-6815","2026-01-21 11:00:00","MAC-30","101.54","335.72","1.088"
"SENS-6816","2026-01-21 11:00:00","MAC-31","86","302.85","1.293"
"SENS-6817","2025-04-27 00:00:00","MAC-10","105.33","340.38","0.809"
"SENS-6818","2025-04-27 00:00:00","MAC-11","115.95","307.42","0.774"
"SENS-6819","2025-04-27 01:00:00","MAC-10","111.35","344.92","0.837"
"SENS-6820","2025-04-27 01:00:00","MAC-11","104.73","304.1","0.641"
"SENS-6821","2025-04-27 02:00:00","MAC-10","109.62","305.93","1.231"
"SENS-6822","2025-04-27 02:00:00","MAC-11","97.86","321.45","0.633"
"SENS-6823","2025-04-27 03:00:00","MAC-10","97.06","342.74","0.632"
"SENS-6824","2025-04-27 03:00:00","MAC-11","98.88","334.61","1.147"
"SENS-6825","2025-04-27 04:00:00","MAC-10","108.03","344.74","0.592"
"SENS-6826","2025-04-27 04:00:00","MAC-11","88.01","335.14","1.453"
"SENS-6827","2025-04-27 05:00:00","MAC-10","94.03","348.84","0.572"
"SENS-6828","2025-04-27 05:00:00","MAC-11","84.86","319.42","0.607"
"SENS-6829","2025-04-27 06:00:00","MAC-10","83.08","330.61","0.683"
"SENS-6830","2025-04-27 06:00:00","MAC-11","84.16","327.72","1.149"
"SENS-6831","2025-04-27 07:00:00","MAC-10","89.34","338.33","1.278"
"SENS-6832","2025-04-27 07:00:00","MAC-11","82.03","335.46","0.796"
"SENS-6833","2025-04-27 08:00:00","MAC-10","81.4","311.33","1.063"
"SENS-6834","2025-04-27 08:00:00","MAC-11","109.95","343.6","0.704"
"SENS-6835","2025-07-17 00:00:00","MAC-20","108.36","312.47","0.566"
"SENS-6836","2025-07-17 00:00:00","MAC-21","111.27","334.16","0.705"
"SENS-6837","2025-07-17 01:00:00","MAC-20","107.08","310.07","1.154"
"SENS-6838","2025-07-17 01:00:00","MAC-21","87.17","333.39","0.794"
"SENS-6839","2025-07-17 02:00:00","MAC-20","105.12","326.53","1.46"
"SENS-6840","2025-07-17 02:00:00","MAC-21","110.64","348.24","0.946"
"SENS-6841","2025-07-17 03:00:00","MAC-20","109.37","310.8","0.799"
"SENS-6842","2025-07-17 03:00:00","MAC-21","99.45","330.22","0.609"
"SENS-6843","2025-07-17 04:00:00","MAC-20","96.34","329.79","0.836"
"SENS-6844","2025-07-17 04:00:00","MAC-21","88.32","331.39","1.124"
"SENS-6845","2025-07-17 05:00:00","MAC-20","110.65","307.03","0.509"
"SENS-6846","2025-07-17 05:00:00","MAC-21","101.49","333.58","0.507"
"SENS-6847","2025-07-17 06:00:00","MAC-20","91.69","334.92","0.746"
"SENS-6848","2025-07-17 06:00:00","MAC-21","103.65","301.85","1.448"
"SENS-6849","2025-07-17 07:00:00","MAC-20","85.81","307.81","0.865"
"SENS-6850","2025-07-17 07:00:00","MAC-21","111.81","343.56","1.042"
"SENS-6851","2025-07-17 08:00:00","MAC-20","118.45","303.3","1.245"
"SENS-6852","2025-07-17 08:00:00","MAC-21","111.96","318.65","1.382"
"SENS-6853","2025-05-02 00:00:00","MAC-30","103.8","309.21","1.267"
"SENS-6854","2025-05-02 00:00:00","MAC-31","100.2","335.83","1.391"
"SENS-6855","2025-05-02 01:00:00","MAC-30","83.02","332.13","0.727"
"SENS-6856","2025-05-02 01:00:00","MAC-31","93.51","338.58","0.585"
"SENS-6857","2025-05-02 02:00:00","MAC-30","80.55","339.37","0.957"
"SENS-6858","2025-05-02 02:00:00","MAC-31","105.93","300.37","0.692"
"SENS-6859","2025-05-02 03:00:00","MAC-30","113.97","341.98","1.257"
"SENS-6860","2025-05-02 03:00:00","MAC-31","92.05","316.16","0.823"
"SENS-6861","2025-05-02 04:00:00","MAC-30","105.48","339.97","0.891"
"SENS-6862","2025-05-02 04:00:00","MAC-31","90.47","325.8","0.904"
"SENS-6863","2025-05-02 05:00:00","MAC-30","104.41","304.34","1.402"
"SENS-6864","2025-05-02 05:00:00","MAC-31","85.24","332.83","0.705"
"SENS-6865","2025-05-02 06:00:00","MAC-30","110.86","317.13","0.797"
"SENS-6866","2025-05-02 06:00:00","MAC-31","101.85","323.03","1.041"
"SENS-6867","2025-05-02 07:00:00","MAC-30","94.81","349.36","0.709"
"SENS-6868","2025-05-02 07:00:00","MAC-31","98.53","325.25","1.462"
"SENS-6869","2025-05-02 08:00:00","MAC-30","106.35","304.47","0.979"
"SENS-6870","2025-05-02 08:00:00","MAC-31","82.5","333.05","0.954"
"SENS-6871","2025-05-02 09:00:00","MAC-30","119.69","333.45","0.839"
"SENS-6872","2025-05-02 09:00:00","MAC-31","83.77","304.1","0.924"
"SENS-6873","2025-05-02 10:00:00","MAC-30","99.37","321.24","1.477"
"SENS-6874","2025-05-02 10:00:00","MAC-31","105.51","332.9","1.109"
"SENS-6875","2025-05-02 11:00:00","MAC-30","111.26","315.59","1.246"
"SENS-6876","2025-05-02 11:00:00","MAC-31","115.83","326.15","0.797"
"SENS-6877","2025-12-19 00:00:00","MAC-20","110.47","300.89","0.563"
"SENS-6878","2025-12-19 00:00:00","MAC-21","88.8","348.18","0.738"
"SENS-6879","2025-12-19 01:00:00","MAC-20","90.51","308.17","0.781"
"SENS-6880","2025-12-19 01:00:00","MAC-21","111.96","313.48","0.769"
"SENS-6881","2025-12-19 02:00:00","MAC-20","93.45","331.49","1.063"
"SENS-6882","2025-12-19 02:00:00","MAC-21","94.05","321.41","1.156"
"SENS-6883","2025-12-19 03:00:00","MAC-20","92.2","314.61","0.533"
"SENS-6884","2025-12-19 03:00:00","MAC-21","87","315.54","1.456"
"SENS-6885","2025-12-19 04:00:00","MAC-20","106.43","323.75","1.395"
"SENS-6886","2025-12-19 04:00:00","MAC-21","115.59","310.78","1.33"
"SENS-6887","2025-12-19 05:00:00","MAC-20","119.19","314.31","1.356"
"SENS-6888","2025-12-19 05:00:00","MAC-21","115.26","320.7","1.352"
"SENS-6889","2025-12-19 06:00:00","MAC-20","94.33","310.18","0.956"
"SENS-6890","2025-12-19 06:00:00","MAC-21","100.19","325.09","1.292"
"SENS-6891","2025-07-08 00:00:00","MAC-10","98.86","331.41","1.035"
"SENS-6892","2025-07-08 00:00:00","MAC-11","115.6","330.42","1.351"
"SENS-6893","2025-07-08 01:00:00","MAC-10","90.48","335.4","0.896"
"SENS-6894","2025-07-08 01:00:00","MAC-11","83.52","309.47","0.834"
"SENS-6895","2025-07-08 02:00:00","MAC-10","104.15","302.18","0.818"
"SENS-6896","2025-07-08 02:00:00","MAC-11","82.49","332.22","1.307"
"SENS-6897","2025-07-08 03:00:00","MAC-10","101.08","327.13","1.046"
"SENS-6898","2025-07-08 03:00:00","MAC-11","98.48","307.09","0.715"
"SENS-6899","2025-07-08 04:00:00","MAC-10","114.49","328.85","1.307"
"SENS-6900","2025-07-08 04:00:00","MAC-11","87.21","300.45","0.642"
"SENS-6901","2025-07-08 05:00:00","MAC-10","98.49","309.32","0.616"
"SENS-6902","2025-07-08 05:00:00","MAC-11","106.39","347.59","1.372"
"SENS-6903","2025-07-08 06:00:00","MAC-10","108.95","321.12","1.435"
"SENS-6904","2025-07-08 06:00:00","MAC-11","107.07","324.05","1.17"
"SENS-6905","2025-07-08 07:00:00","MAC-10","85.71","334.39","0.58"
"SENS-6906","2025-07-08 07:00:00","MAC-11","107.86","316.99","1.377"
"SENS-6907","2025-07-08 08:00:00","MAC-10","110.28","312.3","0.791"
"SENS-6908","2025-07-08 08:00:00","MAC-11","88.19","332.2","1.331"
"SENS-6909","2026-03-21 00:00:00","MAC-10","105.92","332.97","0.803"
"SENS-6910","2026-03-21 00:00:00","MAC-11","117.04","331.41","0.809"
"SENS-6911","2026-03-21 01:00:00","MAC-10","109.77","309.17","1.056"
"SENS-6912","2026-03-21 01:00:00","MAC-11","119.75","336.9","1.429"
"SENS-6913","2026-03-21 02:00:00","MAC-10","116.08","336.36","1.428"
"SENS-6914","2026-03-21 02:00:00","MAC-11","91.9","336.72","1.141"
"SENS-6915","2026-03-21 03:00:00","MAC-10","103.02","346.56","1.173"
"SENS-6916","2026-03-21 03:00:00","MAC-11","87.84","339.82","1.258"
"SENS-6917","2026-03-21 04:00:00","MAC-10","108.26","334.26","1.247"
"SENS-6918","2026-03-21 04:00:00","MAC-11","112.92","324.38","0.898"
"SENS-6919","2026-03-21 05:00:00","MAC-10","94.05","324.27","0.976"
"SENS-6920","2026-03-21 05:00:00","MAC-11","103.72","342.23","1.11"
"SENS-6921","2026-03-21 06:00:00","MAC-10","91.23","303.94","0.526"
"SENS-6922","2026-03-21 06:00:00","MAC-11","112.54","310.49","0.916"
"SENS-6923","2025-04-03 00:00:00","MAC-30","103.81","324.75","0.943"
"SENS-6924","2025-04-03 00:00:00","MAC-31","112.52","332.85","0.946"
"SENS-6925","2025-04-03 01:00:00","MAC-30","86.14","344.71","1.345"
"SENS-6926","2025-04-03 01:00:00","MAC-31","107.78","320.94","0.725"
"SENS-6927","2025-04-03 02:00:00","MAC-30","90.37","329.01","1.122"
"SENS-6928","2025-04-03 02:00:00","MAC-31","111.49","340.4","1.004"
"SENS-6929","2025-04-03 03:00:00","MAC-30","98.7","335.29","1.454"
"SENS-6930","2025-04-03 03:00:00","MAC-31","103.49","344.44","0.542"
"SENS-6931","2025-04-03 04:00:00","MAC-30","95.69","342.42","0.875"
"SENS-6932","2025-04-03 04:00:00","MAC-31","97.09","336.15","1.353"
"SENS-6933","2025-04-03 05:00:00","MAC-30","100.65","345.37","0.622"
"SENS-6934","2025-04-03 05:00:00","MAC-31","90.98","314","0.636"
"SENS-6935","2025-04-03 06:00:00","MAC-30","93.35","327.64","1.154"
"SENS-6936","2025-04-03 06:00:00","MAC-31","81.92","327.52","1.429"
"SENS-6937","2025-04-03 07:00:00","MAC-30","91.46","348.5","1.388"
"SENS-6938","2025-04-03 07:00:00","MAC-31","96.45","311.82","1.234"
"SENS-6939","2026-01-11 00:00:00","MAC-20","97.3","327.89","0.759"
"SENS-6940","2026-01-11 00:00:00","MAC-21","104.98","304.86","1.396"
"SENS-6941","2026-01-11 01:00:00","MAC-20","98.96","318.3","1.254"
"SENS-6942","2026-01-11 01:00:00","MAC-21","113.8","347.06","1.462"
"SENS-6943","2026-01-11 02:00:00","MAC-20","119.54","322.22","1.092"
"SENS-6944","2026-01-11 02:00:00","MAC-21","85.55","347.14","1.441"
"SENS-6945","2026-01-11 03:00:00","MAC-20","108.58","321.45","0.841"
"SENS-6946","2026-01-11 03:00:00","MAC-21","119.89","333.36","0.583"
"SENS-6947","2026-01-11 04:00:00","MAC-20","112.32","347.59","0.639"
"SENS-6948","2026-01-11 04:00:00","MAC-21","98.97","301.95","1.214"
"SENS-6949","2026-01-11 05:00:00","MAC-20","110.65","310.99","1.19"
"SENS-6950","2026-01-11 05:00:00","MAC-21","98.18","305.62","0.652"
"SENS-6951","2026-01-11 06:00:00","MAC-20","117.64","333.91","1.302"
"SENS-6952","2026-01-11 06:00:00","MAC-21","87.34","336.34","1.31"
"SENS-6953","2026-01-11 07:00:00","MAC-20","95.37","327.45","0.678"
"SENS-6954","2026-01-11 07:00:00","MAC-21","116.31","330.53","0.73"
"SENS-6955","2026-01-11 08:00:00","MAC-20","103.73","340.77","1.39"
"SENS-6956","2026-01-11 08:00:00","MAC-21","114.15","336.43","1.426"
"SENS-6957","2026-01-11 09:00:00","MAC-20","80.13","346.27","1.457"
"SENS-6958","2026-01-11 09:00:00","MAC-21","108.91","310.54","1.097"
"SENS-6959","2026-01-11 10:00:00","MAC-20","82.75","332.03","1.217"
"SENS-6960","2026-01-11 10:00:00","MAC-21","97.74","327.85","1.015"
"SENS-6961","2026-01-11 11:00:00","MAC-20","114.08","343.82","0.739"
"SENS-6962","2026-01-11 11:00:00","MAC-21","96.49","336.25","0.833"
"SENS-6963","2025-12-27 00:00:00","MAC-20","85.84","348.65","1.131"
"SENS-6964","2025-12-27 00:00:00","MAC-21","107.01","307.77","0.639"
"SENS-6965","2025-12-27 01:00:00","MAC-20","108.1","326.15","1.329"
"SENS-6966","2025-12-27 01:00:00","MAC-21","83.05","343.29","0.523"
"SENS-6967","2025-12-27 02:00:00","MAC-20","82.26","346.09","1.269"
"SENS-6968","2025-12-27 02:00:00","MAC-21","93.67","334.63","0.763"
"SENS-6969","2025-12-27 03:00:00","MAC-20","91.95","349.7","0.8"
"SENS-6970","2025-12-27 03:00:00","MAC-21","98.85","308.36","0.999"
"SENS-6971","2025-12-27 04:00:00","MAC-20","118.06","303.71","1.017"
"SENS-6972","2025-12-27 04:00:00","MAC-21","84.68","339.65","1.428"
"SENS-6973","2025-12-27 05:00:00","MAC-20","109.65","318.4","0.67"
"SENS-6974","2025-12-27 05:00:00","MAC-21","96.71","315.32","0.879"
"SENS-6975","2025-12-27 06:00:00","MAC-20","84.33","332.49","1.295"
"SENS-6976","2025-12-27 06:00:00","MAC-21","117.68","321.25","0.802"
"SENS-6977","2025-12-27 07:00:00","MAC-20","93.52","332.38","1.012"
"SENS-6978","2025-12-27 07:00:00","MAC-21","93.24","325.18","0.621"
"SENS-6979","2025-12-27 08:00:00","MAC-20","108.06","321.36","1.377"
"SENS-6980","2025-12-27 08:00:00","MAC-21","108.66","304.62","1.249"
"SENS-6981","2025-12-27 09:00:00","MAC-20","82.05","300.96","0.617"
"SENS-6982","2025-12-27 09:00:00","MAC-21","93.43","319.39","0.911"
"SENS-6983","2025-12-27 10:00:00","MAC-20","84.12","328.86","0.798"
"SENS-6984","2025-12-27 10:00:00","MAC-21","103.59","305.44","0.857"
"SENS-6985","2025-12-27 11:00:00","MAC-20","99.5","346.26","0.775"
"SENS-6986","2025-12-27 11:00:00","MAC-21","89.41","307.27","1.132"
"SENS-6987","2025-12-27 12:00:00","MAC-20","96.07","319.06","1.141"
"SENS-6988","2025-12-27 12:00:00","MAC-21","84.65","324.72","0.875"
"SENS-6989","2025-12-27 13:00:00","MAC-20","82.44","315.31","0.618"
"SENS-6990","2025-12-27 13:00:00","MAC-21","92.7","346.76","1.199"
"SENS-6991","2025-04-15 00:00:00","MAC-30","105.96","339.43","0.585"
"SENS-6992","2025-04-15 00:00:00","MAC-31","86.17","324.03","0.997"
"SENS-6993","2025-04-15 01:00:00","MAC-30","81.87","312.07","1.41"
"SENS-6994","2025-04-15 01:00:00","MAC-31","90.54","300.83","1.475"
"SENS-6995","2025-04-15 02:00:00","MAC-30","109.47","317.46","0.651"
"SENS-6996","2025-04-15 02:00:00","MAC-31","92.69","310.8","0.562"
"SENS-6997","2025-04-15 03:00:00","MAC-30","106.34","300.93","0.581"
"SENS-6998","2025-04-15 03:00:00","MAC-31","107.08","310.74","1.19"
"SENS-6999","2025-11-16 00:00:00","MAC-10","100.55","348.94","1.176"
"SENS-7000","2025-11-16 00:00:00","MAC-11","114.2","308.81","1.49"
"SENS-7001","2025-11-16 01:00:00","MAC-10","93.79","300.71","0.544"
"SENS-7002","2025-11-16 01:00:00","MAC-11","80.89","326.3","1.485"
"SENS-7003","2025-11-16 02:00:00","MAC-10","85.49","324.23","1.485"
"SENS-7004","2025-11-16 02:00:00","MAC-11","109.07","337.29","0.822"
"SENS-7005","2025-11-16 03:00:00","MAC-10","118.44","335.38","1.497"
"SENS-7006","2025-11-16 03:00:00","MAC-11","101.36","304.39","1.231"
"SENS-7007","2025-11-16 04:00:00","MAC-10","113.04","325.96","0.852"
"SENS-7008","2025-11-16 04:00:00","MAC-11","97.98","331.84","1.246"
"SENS-7009","2026-03-24 00:00:00","MAC-20","98.38","306.67","1.442"
"SENS-7010","2026-03-24 00:00:00","MAC-21","116.27","345.03","0.94"
"SENS-7011","2026-03-24 01:00:00","MAC-20","115.62","317.14","1.057"
"SENS-7012","2026-03-24 01:00:00","MAC-21","91.74","331.55","0.575"
"SENS-7013","2026-03-24 02:00:00","MAC-20","102.71","306.85","0.739"
"SENS-7014","2026-03-24 02:00:00","MAC-21","81.73","333.71","0.942"
"SENS-7015","2026-03-24 03:00:00","MAC-20","99","338.88","1.338"
"SENS-7016","2026-03-24 03:00:00","MAC-21","106.25","300.32","0.64"
"SENS-7017","2026-03-24 04:00:00","MAC-20","87.11","306.53","1.302"
"SENS-7018","2026-03-24 04:00:00","MAC-21","91.67","302.41","0.912"
"SENS-7019","2026-03-24 05:00:00","MAC-20","112.47","337.25","0.567"
"SENS-7020","2026-03-24 05:00:00","MAC-21","80.82","345.8","0.961"
"SENS-7021","2025-05-19 00:00:00","MAC-20","113.56","320.7","0.719"
"SENS-7022","2025-05-19 00:00:00","MAC-21","85.5","300.29","1.08"
"SENS-7023","2025-05-19 01:00:00","MAC-20","111.22","322.39","1.217"
"SENS-7024","2025-05-19 01:00:00","MAC-21","112.58","339.74","0.951"
"SENS-7025","2025-05-19 02:00:00","MAC-20","102.23","304.42","1.12"
"SENS-7026","2025-05-19 02:00:00","MAC-21","87.88","328.81","1.362"
"SENS-7027","2025-05-19 03:00:00","MAC-20","111.01","306.76","0.96"
"SENS-7028","2025-05-19 03:00:00","MAC-21","98.95","333.44","0.637"
"SENS-7029","2025-05-19 04:00:00","MAC-20","87.96","328.41","0.855"
"SENS-7030","2025-05-19 04:00:00","MAC-21","91.77","348.06","1.062"
"SENS-7031","2025-05-19 05:00:00","MAC-20","85.61","320.4","1.473"
"SENS-7032","2025-05-19 05:00:00","MAC-21","114.7","333.29","1.036"
"SENS-7033","2025-05-19 06:00:00","MAC-20","113.86","331.81","0.736"
"SENS-7034","2025-05-19 06:00:00","MAC-21","112.64","326.27","0.855"
"SENS-7035","2025-05-19 07:00:00","MAC-20","110.31","334.52","1.292"
"SENS-7036","2025-05-19 07:00:00","MAC-21","119","345.42","1.484"
"SENS-7037","2025-05-19 08:00:00","MAC-20","118.41","312.21","0.517"
"SENS-7038","2025-05-19 08:00:00","MAC-21","104.44","326.47","0.974"
"SENS-7039","2025-05-19 09:00:00","MAC-20","112.72","339.73","1.175"
"SENS-7040","2025-05-19 09:00:00","MAC-21","112.24","343.23","0.689"
"SENS-7041","2025-05-19 10:00:00","MAC-20","97.31","304.93","1.323"
"SENS-7042","2025-05-19 10:00:00","MAC-21","81.5","319.74","1.124"
"SENS-7043","2025-05-19 11:00:00","MAC-20","81.53","322.17","1.401"
"SENS-7044","2025-05-19 11:00:00","MAC-21","101.13","345.04","0.842"
"SENS-7045","2025-05-20 00:00:00","MAC-10","110.8","309.12","0.566"
"SENS-7046","2025-05-20 00:00:00","MAC-11","84.42","345.76","1.306"
"SENS-7047","2025-05-20 01:00:00","MAC-10","86.54","346.14","0.658"
"SENS-7048","2025-05-20 01:00:00","MAC-11","115.9","304.49","1.051"
"SENS-7049","2025-05-20 02:00:00","MAC-10","117.96","346.06","1.288"
"SENS-7050","2025-05-20 02:00:00","MAC-11","93.31","345.71","1.258"
"SENS-7051","2025-05-20 03:00:00","MAC-10","95.99","316.12","0.871"
"SENS-7052","2025-05-20 03:00:00","MAC-11","111.54","340.4","0.519"
"SENS-7053","2025-05-20 04:00:00","MAC-10","83.86","312.99","0.611"
"SENS-7054","2025-05-20 04:00:00","MAC-11","97.68","309.47","0.707"
"SENS-7055","2025-05-20 05:00:00","MAC-10","87.92","307.04","0.715"
"SENS-7056","2025-05-20 05:00:00","MAC-11","84.59","323.56","0.693"
"SENS-7057","2025-05-20 06:00:00","MAC-10","105.58","302.43","1.292"
"SENS-7058","2025-05-20 06:00:00","MAC-11","95.2","311.23","0.501"
"SENS-7059","2025-05-20 07:00:00","MAC-10","112.58","336.67","1.341"
"SENS-7060","2025-05-20 07:00:00","MAC-11","102.98","346.71","1.001"
"SENS-7061","2025-05-20 08:00:00","MAC-10","114.91","325.28","0.533"
"SENS-7062","2025-05-20 08:00:00","MAC-11","106.71","345.7","0.853"
"SENS-7063","2025-05-20 09:00:00","MAC-10","105.44","304.57","1.184"
"SENS-7064","2025-05-20 09:00:00","MAC-11","87.19","310.14","0.521"
"SENS-7065","2025-05-20 10:00:00","MAC-10","111.46","319.99","0.672"
"SENS-7066","2025-05-20 10:00:00","MAC-11","119.17","317.66","0.609"
"SENS-7067","2025-05-20 11:00:00","MAC-10","91.05","319.76","0.897"
"SENS-7068","2025-05-20 11:00:00","MAC-11","108.71","305.33","1.031"
"SENS-7069","2025-05-20 12:00:00","MAC-10","99.09","337.15","0.742"
"SENS-7070","2025-05-20 12:00:00","MAC-11","90.17","336.25","1.077"
"SENS-7071","2025-09-24 00:00:00","MAC-10","115.52","301.59","1.243"
"SENS-7072","2025-09-24 00:00:00","MAC-11","116.71","319.84","0.507"
"SENS-7073","2025-09-24 01:00:00","MAC-10","88.19","302.36","0.803"
"SENS-7074","2025-09-24 01:00:00","MAC-11","102.65","324.54","1.437"
"SENS-7075","2025-09-24 02:00:00","MAC-10","101.88","337.27","0.917"
"SENS-7076","2025-09-24 02:00:00","MAC-11","84.18","343","0.571"
"SENS-7077","2025-09-24 03:00:00","MAC-10","86.7","311.13","0.714"
"SENS-7078","2025-09-24 03:00:00","MAC-11","80.1","317.17","0.607"
"SENS-7079","2025-09-24 04:00:00","MAC-10","86.7","318.69","0.696"
"SENS-7080","2025-09-24 04:00:00","MAC-11","86.48","313.29","1.352"
"SENS-7081","2025-09-24 05:00:00","MAC-10","111.63","335.19","1.269"
"SENS-7082","2025-09-24 05:00:00","MAC-11","113.07","314.81","0.975"
"SENS-7083","2025-09-24 06:00:00","MAC-10","105.29","337.77","0.864"
"SENS-7084","2025-09-24 06:00:00","MAC-11","112.52","322.81","0.756"
"SENS-7085","2025-09-11 00:00:00","MAC-10","97.77","322.57","0.763"
"SENS-7086","2025-09-11 00:00:00","MAC-11","116.7","307.93","0.533"
"SENS-7087","2025-09-11 01:00:00","MAC-10","100.78","332.38","1.477"
"SENS-7088","2025-09-11 01:00:00","MAC-11","97.16","306.8","0.841"
"SENS-7089","2025-09-11 02:00:00","MAC-10","91.68","348.27","1.341"
"SENS-7090","2025-09-11 02:00:00","MAC-11","114.67","344.15","0.694"
"SENS-7091","2025-09-11 03:00:00","MAC-10","117.58","347.92","0.834"
"SENS-7092","2025-09-11 03:00:00","MAC-11","83.7","303.82","0.979"
"SENS-7093","2025-09-11 04:00:00","MAC-10","117.12","308.45","1.093"
"SENS-7094","2025-09-11 04:00:00","MAC-11","96.87","313.57","1.343"
"SENS-7095","2025-09-11 05:00:00","MAC-10","101.52","341.52","1.237"
"SENS-7096","2025-09-11 05:00:00","MAC-11","106.39","338.07","0.674"
"SENS-7097","2025-09-11 06:00:00","MAC-10","108.07","304.91","0.7"
"SENS-7098","2025-09-11 06:00:00","MAC-11","118.72","347.27","1.435"
"SENS-7099","2025-09-11 07:00:00","MAC-10","109.93","325.7","0.732"
"SENS-7100","2025-09-11 07:00:00","MAC-11","111.87","307.29","0.579"
"SENS-7101","2025-09-11 08:00:00","MAC-10","98.58","304.89","0.511"
"SENS-7102","2025-09-11 08:00:00","MAC-11","100.45","308.3","0.878"
"SENS-7103","2025-09-11 09:00:00","MAC-10","92.85","332.78","0.565"
"SENS-7104","2025-09-11 09:00:00","MAC-11","113.28","319.69","1.017"
"SENS-7105","2025-09-11 10:00:00","MAC-10","100.44","339.71","0.56"
"SENS-7106","2025-09-11 10:00:00","MAC-11","116.66","314.09","0.629"
"SENS-7107","2025-09-11 11:00:00","MAC-10","93.28","312.02","0.628"
"SENS-7108","2025-09-11 11:00:00","MAC-11","97.8","337.38","0.633"
"SENS-7109","2025-09-11 12:00:00","MAC-10","100.95","301.74","0.563"
"SENS-7110","2025-09-11 12:00:00","MAC-11","87.74","316.65","1.445"
"SENS-7111","2025-09-11 13:00:00","MAC-10","83.77","308.6","1.054"
"SENS-7112","2025-09-11 13:00:00","MAC-11","81.12","323.34","1.19"
"SENS-7113","2025-09-11 14:00:00","MAC-10","80.56","323","0.57"
"SENS-7114","2025-09-11 14:00:00","MAC-11","116","311.97","1.12"
"SENS-7115","2025-09-11 15:00:00","MAC-10","91.77","300.46","0.869"
"SENS-7116","2025-09-11 15:00:00","MAC-11","91.33","334.58","0.605"
"SENS-7117","2025-09-11 16:00:00","MAC-10","113.37","333.37","1.295"
"SENS-7118","2025-09-11 16:00:00","MAC-11","91.45","339.86","1.462"
"SENS-7119","2025-09-11 17:00:00","MAC-10","85.6","318.72","1.043"
"SENS-7120","2025-09-11 17:00:00","MAC-11","91.42","346.77","1.457"
"SENS-7121","2026-02-11 00:00:00","MAC-10","91.27","333.37","1.034"
"SENS-7122","2026-02-11 00:00:00","MAC-11","80.78","344.33","0.538"
"SENS-7123","2026-02-11 01:00:00","MAC-10","92.77","345.17","0.72"
"SENS-7124","2026-02-11 01:00:00","MAC-11","112.56","301.88","0.582"
"SENS-7125","2026-02-11 02:00:00","MAC-10","109.11","329.27","0.896"
"SENS-7126","2026-02-11 02:00:00","MAC-11","90.5","340.75","0.783"
"SENS-7127","2026-02-11 03:00:00","MAC-10","114.69","329.94","1.397"
"SENS-7128","2026-02-11 03:00:00","MAC-11","90.55","337.59","1.053"
"SENS-7129","2026-02-11 04:00:00","MAC-10","98.7","311.23","1.109"
"SENS-7130","2026-02-11 04:00:00","MAC-11","117.28","331.63","0.804"
"SENS-7131","2026-02-11 05:00:00","MAC-10","80.25","335.47","0.872"
"SENS-7132","2026-02-11 05:00:00","MAC-11","80.13","349.88","1.084"
"SENS-7133","2026-02-11 06:00:00","MAC-10","111.47","302.21","0.759"
"SENS-7134","2026-02-11 06:00:00","MAC-11","116.06","334.76","0.604"
"SENS-7135","2026-02-17 00:00:00","MAC-30","117.93","314.61","0.855"
"SENS-7136","2026-02-17 00:00:00","MAC-31","81.31","313.41","0.561"
"SENS-7137","2026-02-17 01:00:00","MAC-30","119.08","306.08","1.387"
"SENS-7138","2026-02-17 01:00:00","MAC-31","104.07","339.02","1.019"
"SENS-7139","2026-02-17 02:00:00","MAC-30","117.31","300.65","0.967"
"SENS-7140","2026-02-17 02:00:00","MAC-31","103.49","333.11","1.263"
"SENS-7141","2025-09-02 00:00:00","MAC-20","84.68","300.37","1.496"
"SENS-7142","2025-09-02 00:00:00","MAC-21","85.78","313.53","1.477"
"SENS-7143","2025-09-02 01:00:00","MAC-20","81.39","314.49","1.08"
"SENS-7144","2025-09-02 01:00:00","MAC-21","82.18","326.22","0.891"
"SENS-7145","2025-09-02 02:00:00","MAC-20","118.68","334.7","1.138"
"SENS-7146","2025-09-02 02:00:00","MAC-21","105.41","306.89","1.224"
"SENS-7147","2025-09-02 03:00:00","MAC-20","86.07","321.7","1.422"
"SENS-7148","2025-09-02 03:00:00","MAC-21","83.04","304.96","0.812"
"SENS-7149","2025-09-02 04:00:00","MAC-20","84.94","321.92","0.994"
"SENS-7150","2025-09-02 04:00:00","MAC-21","99.8","311.99","0.976"
"SENS-7151","2025-09-02 05:00:00","MAC-20","115.7","309.38","1.041"
"SENS-7152","2025-09-02 05:00:00","MAC-21","119.73","340.79","1.288"
"SENS-7153","2025-09-02 06:00:00","MAC-20","95.91","327.33","1.025"
"SENS-7154","2025-09-02 06:00:00","MAC-21","91.06","314.45","1.014"
"SENS-7155","2025-09-02 07:00:00","MAC-20","98.23","343.13","0.538"
"SENS-7156","2025-09-02 07:00:00","MAC-21","87.01","306.23","1.234"
"SENS-7157","2025-09-02 08:00:00","MAC-20","104.22","320.7","1.131"
"SENS-7158","2025-09-02 08:00:00","MAC-21","98.19","303.98","0.802"
"SENS-7159","2025-09-02 09:00:00","MAC-20","113.79","316.78","1.109"
"SENS-7160","2025-09-02 09:00:00","MAC-21","81.06","308.83","1.494"
"SENS-7161","2025-09-02 10:00:00","MAC-20","104.78","326.78","0.7"
"SENS-7162","2025-09-02 10:00:00","MAC-21","113.19","341.54","0.619"
"SENS-7163","2025-09-02 11:00:00","MAC-20","93.36","312.3","0.729"
"SENS-7164","2025-09-02 11:00:00","MAC-21","96.82","306.6","0.604"
"SENS-7165","2025-09-02 12:00:00","MAC-20","103.16","313.32","0.701"
"SENS-7166","2025-09-02 12:00:00","MAC-21","97.71","344.48","1.321"
"SENS-7167","2025-09-02 13:00:00","MAC-20","115.99","346.76","0.51"
"SENS-7168","2025-09-02 13:00:00","MAC-21","85.23","335.29","1.343"
"SENS-7169","2026-03-02 00:00:00","MAC-20","88.27","327.19","1.336"
"SENS-7170","2026-03-02 00:00:00","MAC-21","83.39","311.48","1.24"
"SENS-7171","2026-03-02 01:00:00","MAC-20","117.29","340.83","0.842"
"SENS-7172","2026-03-02 01:00:00","MAC-21","103.17","300.86","1.059"
"SENS-7173","2026-03-02 02:00:00","MAC-20","100.13","326.34","1.054"
"SENS-7174","2026-03-02 02:00:00","MAC-21","94.03","344.11","1.248"
"SENS-7175","2026-03-02 03:00:00","MAC-20","89.43","333.56","0.91"
"SENS-7176","2026-03-02 03:00:00","MAC-21","84.25","343.7","0.519"
"SENS-7177","2026-03-02 04:00:00","MAC-20","90.68","328.75","0.955"
"SENS-7178","2026-03-02 04:00:00","MAC-21","91.39","304.46","0.616"
"SENS-7179","2026-03-02 05:00:00","MAC-20","107.55","334.16","0.562"
"SENS-7180","2026-03-02 05:00:00","MAC-21","116.66","348.64","0.556"
"SENS-7181","2026-03-02 06:00:00","MAC-20","101.79","315.53","1.132"
"SENS-7182","2026-03-02 06:00:00","MAC-21","86.78","347","0.756"
"SENS-7183","2026-02-19 00:00:00","MAC-30","111.36","300","0.934"
"SENS-7184","2026-02-19 00:00:00","MAC-31","103.35","337.86","0.722"
"SENS-7185","2026-02-19 01:00:00","MAC-30","92.9","337.18","1.29"
"SENS-7186","2026-02-19 01:00:00","MAC-31","117.82","326.84","0.55"
"SENS-7187","2026-02-19 02:00:00","MAC-30","113.51","337.31","0.844"
"SENS-7188","2026-02-19 02:00:00","MAC-31","91.44","341.53","0.937"
"SENS-7189","2026-02-19 03:00:00","MAC-30","86.8","322.32","0.565"
"SENS-7190","2026-02-19 03:00:00","MAC-31","93.5","314.94","1.34"
"SENS-7191","2026-02-19 04:00:00","MAC-30","107.13","321.82","1.214"
"SENS-7192","2026-02-19 04:00:00","MAC-31","86.52","311.61","1.368"
"SENS-7193","2026-02-19 05:00:00","MAC-30","100.59","330.18","1.487"
"SENS-7194","2026-02-19 05:00:00","MAC-31","103.15","308.69","1.082"
"SENS-7195","2026-02-19 06:00:00","MAC-30","116.27","347.6","1.117"
"SENS-7196","2026-02-19 06:00:00","MAC-31","116.29","347.33","0.648"
"SENS-7197","2026-02-19 07:00:00","MAC-30","81.72","333.47","1.423"
"SENS-7198","2026-02-19 07:00:00","MAC-31","90.89","315.22","0.903"
"SENS-7199","2026-02-19 08:00:00","MAC-30","90.4","328.24","0.744"
"SENS-7200","2026-02-19 08:00:00","MAC-31","82.9","343.86","0.726"
"SENS-7201","2026-02-19 09:00:00","MAC-30","103.63","316.63","0.731"
"SENS-7202","2026-02-19 09:00:00","MAC-31","110.89","344.93","1.019"
"SENS-7203","2025-07-12 00:00:00","MAC-20","109.85","342.53","0.901"
"SENS-7204","2025-07-12 00:00:00","MAC-21","82.37","315.6","1.179"
"SENS-7205","2025-07-12 01:00:00","MAC-20","94.56","311.33","1.283"
"SENS-7206","2025-07-12 01:00:00","MAC-21","97.13","329.24","0.877"
"SENS-7207","2025-07-12 02:00:00","MAC-20","88.75","319.55","1.406"
"SENS-7208","2025-07-12 02:00:00","MAC-21","118.45","327.51","1.492"
"SENS-7209","2025-07-12 03:00:00","MAC-20","108.21","344.12","1.255"
"SENS-7210","2025-07-12 03:00:00","MAC-21","116.78","322.37","0.738"
"SENS-7211","2025-07-12 04:00:00","MAC-20","88.46","338.22","1.107"
"SENS-7212","2025-07-12 04:00:00","MAC-21","88.5","307.16","1.371"
"SENS-7213","2025-07-12 05:00:00","MAC-20","97.56","343.88","0.568"
"SENS-7214","2025-07-12 05:00:00","MAC-21","96.38","347.77","0.829"
"SENS-7215","2025-07-12 06:00:00","MAC-20","90.68","317.33","0.631"
"SENS-7216","2025-07-12 06:00:00","MAC-21","90.79","345.35","0.67"
"SENS-7217","2025-07-12 07:00:00","MAC-20","90.09","312.68","1.29"
"SENS-7218","2025-07-12 07:00:00","MAC-21","89.33","338.56","1.173"
"SENS-7219","2025-07-12 08:00:00","MAC-20","91.36","308.92","0.534"
"SENS-7220","2025-07-12 08:00:00","MAC-21","81.88","332.25","1.083"
"SENS-7221","2025-07-12 09:00:00","MAC-20","98.15","310.88","1.107"
"SENS-7222","2025-07-12 09:00:00","MAC-21","84.26","319.43","0.787"
"SENS-7223","2025-07-12 10:00:00","MAC-20","85.13","330.6","0.951"
"SENS-7224","2025-07-12 10:00:00","MAC-21","100.93","328.21","0.641"
"SENS-7225","2025-07-12 11:00:00","MAC-20","113.86","308.71","1.006"
"SENS-7226","2025-07-12 11:00:00","MAC-21","95.2","321.02","1.455"
"SENS-7227","2025-07-12 12:00:00","MAC-20","89.45","304.05","1.182"
"SENS-7228","2025-07-12 12:00:00","MAC-21","119.8","329.64","0.922"
"SENS-7229","2025-07-12 13:00:00","MAC-20","103","336.49","0.599"
"SENS-7230","2025-07-12 13:00:00","MAC-21","117.34","317.92","1.336"
"SENS-7231","2025-07-12 14:00:00","MAC-20","94.67","316.26","1.184"
"SENS-7232","2025-07-12 14:00:00","MAC-21","90.95","343.4","0.742"
"SENS-7233","2025-10-21 00:00:00","MAC-10","105.44","335.17","1.035"
"SENS-7234","2025-10-21 00:00:00","MAC-11","98.67","308.85","1.46"
"SENS-7235","2025-10-21 01:00:00","MAC-10","101.78","346.71","0.794"
"SENS-7236","2025-10-21 01:00:00","MAC-11","81.39","336.17","1.171"
"SENS-7237","2025-10-21 02:00:00","MAC-10","109.08","307.6","0.937"
"SENS-7238","2025-10-21 02:00:00","MAC-11","110.93","310.05","0.852"
"SENS-7239","2025-10-21 03:00:00","MAC-10","96.02","333.65","1.209"
"SENS-7240","2025-10-21 03:00:00","MAC-11","81.62","344.77","1.333"
"SENS-7241","2025-10-21 04:00:00","MAC-10","86.84","344.51","1.259"
"SENS-7242","2025-10-21 04:00:00","MAC-11","118.43","317.66","1.261"
"SENS-7243","2025-10-21 05:00:00","MAC-10","83.81","329.77","0.945"
"SENS-7244","2025-10-21 05:00:00","MAC-11","83.69","326.96","0.631"
"SENS-7245","2025-10-21 06:00:00","MAC-10","107.35","326.89","1.203"
"SENS-7246","2025-10-21 06:00:00","MAC-11","107.14","303.58","0.716"
"SENS-7247","2025-10-21 07:00:00","MAC-10","80.26","342.99","1.322"
"SENS-7248","2025-10-21 07:00:00","MAC-11","100.65","345.06","1.059"
"SENS-7249","2025-10-21 08:00:00","MAC-10","86.93","310.93","1.302"
"SENS-7250","2025-10-21 08:00:00","MAC-11","96.78","306.4","0.71"
"SENS-7251","2025-10-21 09:00:00","MAC-10","112.8","329.48","1.472"
"SENS-7252","2025-10-21 09:00:00","MAC-11","91.6","307.16","1.465"
"SENS-7253","2025-10-21 10:00:00","MAC-10","94.05","323.07","0.864"
"SENS-7254","2025-10-21 10:00:00","MAC-11","91.09","323.74","1.476"
"SENS-7255","2025-10-21 11:00:00","MAC-10","101.08","309.76","1.164"
"SENS-7256","2025-10-21 11:00:00","MAC-11","85.76","330.18","1.176"
"SENS-7257","2026-02-20 00:00:00","MAC-30","91.84","320.18","0.973"
"SENS-7258","2026-02-20 00:00:00","MAC-31","85.16","313.71","1.293"
"SENS-7259","2026-02-20 01:00:00","MAC-30","87.81","312.32","1.474"
"SENS-7260","2026-02-20 01:00:00","MAC-31","84.77","344.59","1.15"
"SENS-7261","2026-02-20 02:00:00","MAC-30","97.32","316.6","0.978"
"SENS-7262","2026-02-20 02:00:00","MAC-31","99.98","338.65","1.126"
"SENS-7263","2026-02-20 03:00:00","MAC-30","103.81","331.97","1.043"
"SENS-7264","2026-02-20 03:00:00","MAC-31","98.51","325.19","1.44"
"SENS-7265","2026-02-20 04:00:00","MAC-30","94.33","316.53","0.993"
"SENS-7266","2026-02-20 04:00:00","MAC-31","110.23","314.99","0.681"
"SENS-7267","2026-02-20 05:00:00","MAC-30","94.18","300.85","0.637"
"SENS-7268","2026-02-20 05:00:00","MAC-31","90.31","338.59","0.503"
"SENS-7269","2026-02-20 06:00:00","MAC-30","80.08","349.15","0.77"
"SENS-7270","2026-02-20 06:00:00","MAC-31","82.71","323.58","1.373"
"SENS-7271","2026-02-20 07:00:00","MAC-30","111.49","308.28","1.005"
"SENS-7272","2026-02-20 07:00:00","MAC-31","100.92","320.75","0.541"
"SENS-7273","2026-02-20 08:00:00","MAC-30","112.12","321.24","0.645"
"SENS-7274","2026-02-20 08:00:00","MAC-31","110.15","307.18","1.207"
"SENS-7275","2026-02-20 09:00:00","MAC-30","111.07","316.25","0.742"
"SENS-7276","2026-02-20 09:00:00","MAC-31","113.79","337.46","0.798"
"SENS-7277","2026-02-20 10:00:00","MAC-30","104.82","305.4","0.784"
"SENS-7278","2026-02-20 10:00:00","MAC-31","117.57","332.79","1.335"
"SENS-7279","2026-02-20 11:00:00","MAC-30","83.21","308.82","1.225"
"SENS-7280","2026-02-20 11:00:00","MAC-31","90.78","331.14","1.305"
"SENS-7281","2026-02-20 12:00:00","MAC-30","102.01","329.43","1.284"
"SENS-7282","2026-02-20 12:00:00","MAC-31","103.62","330.4","0.797"
"SENS-7283","2025-09-30 00:00:00","MAC-10","87.02","324.19","1.318"
"SENS-7284","2025-09-30 00:00:00","MAC-11","118.68","339.06","0.659"
"SENS-7285","2025-09-30 01:00:00","MAC-10","116.09","306.03","0.935"
"SENS-7286","2025-09-30 01:00:00","MAC-11","96.63","335.98","1.101"
"SENS-7287","2025-09-30 02:00:00","MAC-10","108.61","330.12","1.5"
"SENS-7288","2025-09-30 02:00:00","MAC-11","109.09","322.21","0.526"
"SENS-7289","2026-01-12 00:00:00","MAC-10","80","302.1","0.594"
"SENS-7290","2026-01-12 00:00:00","MAC-11","97.62","342.15","1.161"
"SENS-7291","2026-01-12 01:00:00","MAC-10","108.93","303.58","1.316"
"SENS-7292","2026-01-12 01:00:00","MAC-11","100.27","325.01","1.407"
"SENS-7293","2025-11-30 00:00:00","MAC-10","100.82","316.94","1.032"
"SENS-7294","2025-11-30 00:00:00","MAC-11","87.18","309.73","1.279"
"SENS-7295","2025-11-30 01:00:00","MAC-10","109.47","345.12","1.219"
"SENS-7296","2025-11-30 01:00:00","MAC-11","106.33","335.74","0.923"
"SENS-7297","2025-11-30 02:00:00","MAC-10","92.64","307.53","0.858"
"SENS-7298","2025-11-30 02:00:00","MAC-11","108.97","307.86","0.52"
"SENS-7299","2025-11-30 03:00:00","MAC-10","117.22","348.46","0.712"
"SENS-7300","2025-11-30 03:00:00","MAC-11","100.94","324.87","1.113"
"SENS-7301","2025-11-30 04:00:00","MAC-10","99.39","333.29","0.812"
"SENS-7302","2025-11-30 04:00:00","MAC-11","95.54","341.62","1.151"
"SENS-7303","2025-11-30 05:00:00","MAC-10","96.14","310.76","0.895"
"SENS-7304","2025-11-30 05:00:00","MAC-11","115.18","335.39","1.419"
"SENS-7305","2025-11-30 06:00:00","MAC-10","97.3","307.35","1.101"
"SENS-7306","2025-11-30 06:00:00","MAC-11","111.95","346","0.742"
"SENS-7307","2025-11-30 07:00:00","MAC-10","113.74","322.72","1.147"
"SENS-7308","2025-11-30 07:00:00","MAC-11","104.54","346.96","1.325"
"SENS-7309","2025-11-30 08:00:00","MAC-10","117.58","332.73","0.844"
"SENS-7310","2025-11-30 08:00:00","MAC-11","88.57","320.43","1.045"
"SENS-7311","2025-11-30 09:00:00","MAC-10","107.52","322.84","0.682"
"SENS-7312","2025-11-30 09:00:00","MAC-11","94.71","326.32","0.576"
"SENS-7313","2025-09-30 00:00:00","MAC-20","97.17","330.48","0.754"
"SENS-7314","2025-09-30 00:00:00","MAC-21","87.53","300.17","0.724"
"SENS-7315","2025-09-30 01:00:00","MAC-20","86.71","337.49","0.584"
"SENS-7316","2025-09-30 01:00:00","MAC-21","95.91","349.35","0.604"
"SENS-7317","2025-09-30 02:00:00","MAC-20","87.32","342.31","0.62"
"SENS-7318","2025-09-30 02:00:00","MAC-21","80.72","325.19","0.791"
"SENS-7319","2025-09-30 03:00:00","MAC-20","82.49","310.52","0.741"
"SENS-7320","2025-09-30 03:00:00","MAC-21","99.26","339.28","1.455"
"SENS-7321","2025-09-30 04:00:00","MAC-20","109.18","303.46","1.322"
"SENS-7322","2025-09-30 04:00:00","MAC-21","89.74","339.07","0.91"
"SENS-7323","2025-09-30 05:00:00","MAC-20","112.7","300.88","1.432"
"SENS-7324","2025-09-30 05:00:00","MAC-21","100.88","318.27","1.146"
"SENS-7325","2025-09-30 06:00:00","MAC-20","85.25","331.34","1.324"
"SENS-7326","2025-09-30 06:00:00","MAC-21","95.29","344.59","1.435"
"SENS-7327","2025-10-19 00:00:00","MAC-10","116.6","304.37","0.818"
"SENS-7328","2025-10-19 00:00:00","MAC-11","103.05","312.1","0.85"
"SENS-7329","2025-10-19 01:00:00","MAC-10","112.8","334.86","0.709"
"SENS-7330","2025-10-19 01:00:00","MAC-11","109.4","349.52","0.81"
"SENS-7331","2025-10-19 02:00:00","MAC-10","81.05","329.45","0.747"
"SENS-7332","2025-10-19 02:00:00","MAC-11","83.83","333.42","1.107"
"SENS-7333","2025-10-19 03:00:00","MAC-10","99.17","300.49","1.084"
"SENS-7334","2025-10-19 03:00:00","MAC-11","116.91","339.11","1.415"
"SENS-7335","2025-05-27 00:00:00","MAC-30","91.7","343.43","0.668"
"SENS-7336","2025-05-27 00:00:00","MAC-31","101.79","325.04","0.796"
"SENS-7337","2025-05-27 01:00:00","MAC-30","91.91","319.25","0.874"
"SENS-7338","2025-05-27 01:00:00","MAC-31","107.68","332.39","1.446"
"SENS-7339","2025-05-27 02:00:00","MAC-30","104.37","339.73","1.46"
"SENS-7340","2025-05-27 02:00:00","MAC-31","82.15","325.76","0.593"
"SENS-7341","2025-05-27 03:00:00","MAC-30","85.42","349.35","0.922"
"SENS-7342","2025-05-27 03:00:00","MAC-31","111.08","334.38","1.35"
"SENS-7343","2025-05-27 04:00:00","MAC-30","104.85","302.78","1.179"
"SENS-7344","2025-05-27 04:00:00","MAC-31","92.11","311.35","0.547"
"SENS-7345","2025-05-27 05:00:00","MAC-30","97.98","333.38","1.048"
"SENS-7346","2025-05-27 05:00:00","MAC-31","114.14","347.77","0.932"
"SENS-7347","2025-05-27 06:00:00","MAC-30","81.06","320.18","1.315"
"SENS-7348","2025-05-27 06:00:00","MAC-31","100.71","342.11","1.377"
"SENS-7349","2025-05-27 07:00:00","MAC-30","84.98","349.84","1.22"
"SENS-7350","2025-05-27 07:00:00","MAC-31","94.55","322.65","1.195"
"SENS-7351","2025-05-27 08:00:00","MAC-30","83.97","303.08","0.632"
"SENS-7352","2025-05-27 08:00:00","MAC-31","94.39","342.73","1.423"
"SENS-7353","2025-05-27 09:00:00","MAC-30","111.24","309.47","1.213"
"SENS-7354","2025-05-27 09:00:00","MAC-31","119.29","301.99","0.595"
"SENS-7355","2025-11-12 00:00:00","MAC-10","105.36","336.5","1.021"
"SENS-7356","2025-11-12 00:00:00","MAC-11","111.41","311.56","0.765"
"SENS-7357","2025-11-12 01:00:00","MAC-10","106.79","322.08","1.108"
"SENS-7358","2025-11-12 01:00:00","MAC-11","104.29","339.71","0.938"
"SENS-7359","2025-11-12 02:00:00","MAC-10","97.34","344.32","0.747"
"SENS-7360","2025-11-12 02:00:00","MAC-11","89.55","322.2","1.14"
"SENS-7361","2025-11-12 03:00:00","MAC-10","103.12","341.08","0.713"
"SENS-7362","2025-11-12 03:00:00","MAC-11","86.83","334.04","1.226"
"SENS-7363","2025-11-12 04:00:00","MAC-10","116.38","340.87","0.627"
"SENS-7364","2025-11-12 04:00:00","MAC-11","119.41","321.91","0.814"
"SENS-7365","2025-11-12 05:00:00","MAC-10","93.78","336.72","1.438"
"SENS-7366","2025-11-12 05:00:00","MAC-11","83.84","307.41","0.794"
"SENS-7367","2025-11-12 06:00:00","MAC-10","106.91","318.03","0.568"
"SENS-7368","2025-11-12 06:00:00","MAC-11","115.05","330.06","0.947"
"SENS-7369","2025-11-12 07:00:00","MAC-10","95.88","329.59","0.578"
"SENS-7370","2025-11-12 07:00:00","MAC-11","102.85","342.55","0.754"
"SENS-7371","2025-11-12 08:00:00","MAC-10","106.72","309.23","0.881"
"SENS-7372","2025-11-12 08:00:00","MAC-11","115.76","317.15","0.982"
"SENS-7373","2025-11-12 09:00:00","MAC-10","110.61","311.49","0.777"
"SENS-7374","2025-11-12 09:00:00","MAC-11","96.5","308.92","1.434"
"SENS-7375","2025-11-12 10:00:00","MAC-10","90.32","336","1.239"
"SENS-7376","2025-11-12 10:00:00","MAC-11","105.87","348.63","1.463"
"SENS-7377","2025-11-12 11:00:00","MAC-10","85.43","336.27","1.33"
"SENS-7378","2025-11-12 11:00:00","MAC-11","101.08","326.79","0.567"
"SENS-7379","2025-11-12 00:00:00","MAC-20","83.84","331.91","0.614"
"SENS-7380","2025-11-12 00:00:00","MAC-21","91.8","317.49","1.223"
"SENS-7381","2025-11-12 01:00:00","MAC-20","107.97","302.74","1.468"
"SENS-7382","2025-11-12 01:00:00","MAC-21","93.99","301.36","1.358"
"SENS-7383","2025-11-12 02:00:00","MAC-20","119.86","320.36","1.451"
"SENS-7384","2025-11-12 02:00:00","MAC-21","112.45","319.82","1.145"
"SENS-7385","2025-11-12 03:00:00","MAC-20","110.81","316.93","0.561"
"SENS-7386","2025-11-12 03:00:00","MAC-21","109.78","339.6","0.866"
"SENS-7387","2025-11-12 04:00:00","MAC-20","89.48","319.29","0.896"
"SENS-7388","2025-11-12 04:00:00","MAC-21","117.67","327.83","0.596"
"SENS-7389","2025-11-12 05:00:00","MAC-20","80.8","309.85","1.243"
"SENS-7390","2025-11-12 05:00:00","MAC-21","90.71","324.06","1.095"
"SENS-7391","2025-11-12 06:00:00","MAC-20","114.73","311.9","0.725"
"SENS-7392","2025-11-12 06:00:00","MAC-21","104.21","338.69","0.949"
"SENS-7393","2025-11-12 07:00:00","MAC-20","96.33","331.44","1.105"
"SENS-7394","2025-11-12 07:00:00","MAC-21","83.97","313.08","0.804"
"SENS-7395","2025-11-12 08:00:00","MAC-20","82.17","329.97","0.911"
"SENS-7396","2025-11-12 08:00:00","MAC-21","84.35","325.02","1.22"
"SENS-7397","2025-11-12 09:00:00","MAC-20","102.17","346.48","0.532"
"SENS-7398","2025-11-12 09:00:00","MAC-21","80.18","341.12","1.219"
"SENS-7399","2025-11-12 10:00:00","MAC-20","118.25","326.78","1.341"
"SENS-7400","2025-11-12 10:00:00","MAC-21","81.81","343.53","1.389"
"SENS-7401","2025-06-30 00:00:00","MAC-20","93.34","306.61","1.088"
"SENS-7402","2025-06-30 00:00:00","MAC-21","105.73","313.89","0.952"
"SENS-7403","2025-06-30 01:00:00","MAC-20","109.04","337.31","1.295"
"SENS-7404","2025-06-30 01:00:00","MAC-21","104.72","327.23","0.578"
"SENS-7405","2025-06-30 02:00:00","MAC-20","115.37","335.74","0.896"
"SENS-7406","2025-06-30 02:00:00","MAC-21","80.28","329.88","0.608"
"SENS-7407","2025-06-30 03:00:00","MAC-20","102.87","304.99","0.767"
"SENS-7408","2025-06-30 03:00:00","MAC-21","82.16","341.51","0.867"
"SENS-7409","2025-12-16 00:00:00","MAC-20","109.14","339.89","1.083"
"SENS-7410","2025-12-16 00:00:00","MAC-21","97.91","347.9","1.299"
"SENS-7411","2025-12-16 01:00:00","MAC-20","100.16","335.93","1.147"
"SENS-7412","2025-12-16 01:00:00","MAC-21","108.88","322.41","0.527"
"SENS-7413","2025-12-16 02:00:00","MAC-20","86.42","315.7","0.985"
"SENS-7414","2025-12-16 02:00:00","MAC-21","99.51","349.04","1.132"
"SENS-7415","2025-12-16 03:00:00","MAC-20","107.37","317.49","1.389"
"SENS-7416","2025-12-16 03:00:00","MAC-21","104.24","345.87","0.601"
"SENS-7417","2025-12-16 04:00:00","MAC-20","107.45","324.09","1.149"
"SENS-7418","2025-12-16 04:00:00","MAC-21","117.27","346.33","1.146"
"SENS-7419","2025-12-16 05:00:00","MAC-20","117.44","334.12","1.218"
"SENS-7420","2025-12-16 05:00:00","MAC-21","116.79","343.1","0.992"
"SENS-7421","2025-12-16 06:00:00","MAC-20","80.71","330.25","1.16"
"SENS-7422","2025-12-16 06:00:00","MAC-21","86.92","349.37","0.93"
"SENS-7423","2025-12-16 07:00:00","MAC-20","98.76","302.81","1.256"
"SENS-7424","2025-12-16 07:00:00","MAC-21","108.77","308.79","0.81"
"SENS-7425","2025-12-16 08:00:00","MAC-20","112.6","331.54","1.469"
"SENS-7426","2025-12-16 08:00:00","MAC-21","116.66","302","1.013"
"SENS-7427","2025-12-16 09:00:00","MAC-20","87.53","332.17","1.062"
"SENS-7428","2025-12-16 09:00:00","MAC-21","103.96","346.58","1.137"
"SENS-7429","2025-12-11 00:00:00","MAC-20","88.85","339","1.276"
"SENS-7430","2025-12-11 00:00:00","MAC-21","106","322.59","0.955"
"SENS-7431","2025-12-11 01:00:00","MAC-20","115.95","317.7","1.401"
"SENS-7432","2025-12-11 01:00:00","MAC-21","96.2","306.21","1.412"
"SENS-7433","2025-12-11 02:00:00","MAC-20","80.42","348.21","1.469"
"SENS-7434","2025-12-11 02:00:00","MAC-21","96.9","343.86","0.725"
"SENS-7435","2025-12-11 03:00:00","MAC-20","80.43","304.63","0.543"
"SENS-7436","2025-12-11 03:00:00","MAC-21","94.53","317.48","0.83"
"SENS-7437","2025-12-11 04:00:00","MAC-20","80.93","343.72","1.329"
"SENS-7438","2025-12-11 04:00:00","MAC-21","115.39","348.04","1.342"
"SENS-7439","2025-12-11 05:00:00","MAC-20","85.3","323.08","0.782"
"SENS-7440","2025-12-11 05:00:00","MAC-21","114.43","302.59","0.972"
"SENS-7441","2025-12-11 06:00:00","MAC-20","97.52","319.74","0.647"
"SENS-7442","2025-12-11 06:00:00","MAC-21","100.75","337.68","0.805"
"SENS-7443","2025-12-11 07:00:00","MAC-20","109.9","332.07","0.921"
"SENS-7444","2025-12-11 07:00:00","MAC-21","114.55","344.42","0.94"
"SENS-7445","2025-12-11 08:00:00","MAC-20","93.8","338.75","1.308"
"SENS-7446","2025-12-11 08:00:00","MAC-21","106.17","304.01","0.81"
"SENS-7447","2025-12-11 09:00:00","MAC-20","97.01","300.07","1.211"
"SENS-7448","2025-12-11 09:00:00","MAC-21","102.4","349.35","1.487"
"SENS-7449","2025-12-11 10:00:00","MAC-20","101.6","324.33","1.066"
"SENS-7450","2025-12-11 10:00:00","MAC-21","97.82","325.57","0.722"
"SENS-7451","2025-12-11 11:00:00","MAC-20","94.92","306.84","0.669"
"SENS-7452","2025-12-11 11:00:00","MAC-21","92.42","324.88","1.215"
"SENS-7453","2025-12-11 12:00:00","MAC-20","111.26","324.24","0.994"
"SENS-7454","2025-12-11 12:00:00","MAC-21","83.56","303.04","0.578"
"SENS-7455","2025-12-11 13:00:00","MAC-20","108.43","323.37","0.74"
"SENS-7456","2025-12-11 13:00:00","MAC-21","89.87","316.46","0.702"
"SENS-7457","2025-12-11 14:00:00","MAC-20","88.75","335.97","0.955"
"SENS-7458","2025-12-11 14:00:00","MAC-21","119.27","336.08","1.373"
"SENS-7459","2025-12-11 15:00:00","MAC-20","86.92","324.74","0.982"
"SENS-7460","2025-12-11 15:00:00","MAC-21","102.14","314.45","0.942"
"SENS-7461","2025-12-11 16:00:00","MAC-20","117.41","317.33","1.398"
"SENS-7462","2025-12-11 16:00:00","MAC-21","81.1","316.22","1.423"
"SENS-7463","2025-12-11 17:00:00","MAC-20","80.33","345.39","1.027"
"SENS-7464","2025-12-11 17:00:00","MAC-21","104.67","312","1.345"
"SENS-7465","2025-09-23 00:00:00","MAC-30","96.08","348.36","1.105"
"SENS-7466","2025-09-23 00:00:00","MAC-31","80.18","347.16","1.4"
"SENS-7467","2025-09-23 01:00:00","MAC-30","113.91","329.41","1.077"
"SENS-7468","2025-09-23 01:00:00","MAC-31","84.86","317.86","0.628"
"SENS-7469","2025-09-23 02:00:00","MAC-30","88.01","337.45","1.456"
"SENS-7470","2025-09-23 02:00:00","MAC-31","80.8","333.95","1.497"
"SENS-7471","2025-09-23 03:00:00","MAC-30","93.86","306.94","1.388"
"SENS-7472","2025-09-23 03:00:00","MAC-31","88.4","310.6","0.718"
"SENS-7473","2025-09-23 04:00:00","MAC-30","110.39","328.77","0.587"
"SENS-7474","2025-09-23 04:00:00","MAC-31","117.48","330.97","1.321"
"SENS-7475","2025-09-23 05:00:00","MAC-30","85.18","348","0.697"
"SENS-7476","2025-09-23 05:00:00","MAC-31","88.98","321.65","1.397"
"SENS-7477","2025-09-23 06:00:00","MAC-30","81.66","343.73","0.784"
"SENS-7478","2025-09-23 06:00:00","MAC-31","100.21","338.99","1.052"
"SENS-7479","2025-09-23 07:00:00","MAC-30","112.59","329.76","0.645"
"SENS-7480","2025-09-23 07:00:00","MAC-31","111.23","349.22","1.354"
"SENS-7481","2025-09-23 08:00:00","MAC-30","113.78","300.36","0.528"
"SENS-7482","2025-09-23 08:00:00","MAC-31","86.75","309.82","0.712"
"SENS-7483","2025-09-23 09:00:00","MAC-30","110.06","346.31","1.22"
"SENS-7484","2025-09-23 09:00:00","MAC-31","88.62","331.9","1.272"
"SENS-7485","2026-01-31 00:00:00","MAC-30","107.19","304.85","0.627"
"SENS-7486","2026-01-31 00:00:00","MAC-31","110.57","341.16","0.755"
"SENS-7487","2026-01-31 01:00:00","MAC-30","80.18","307.96","0.611"
"SENS-7488","2026-01-31 01:00:00","MAC-31","92.44","343.17","0.781"
"SENS-7489","2026-01-31 02:00:00","MAC-30","100.77","318.99","0.619"
"SENS-7490","2026-01-31 02:00:00","MAC-31","98.08","309.96","0.756"
"SENS-7491","2026-01-31 03:00:00","MAC-30","116.9","326.41","1.205"
"SENS-7492","2026-01-31 03:00:00","MAC-31","115.93","307.34","0.705"
"SENS-7493","2026-01-31 04:00:00","MAC-30","97.52","338.24","0.875"
"SENS-7494","2026-01-31 04:00:00","MAC-31","88.18","324.07","0.557"
"SENS-7495","2026-01-31 05:00:00","MAC-30","87.1","333.51","0.648"
"SENS-7496","2026-01-31 05:00:00","MAC-31","100.03","307.72","1.419"
"SENS-7497","2026-01-31 06:00:00","MAC-30","107.91","323.53","0.662"
"SENS-7498","2026-01-31 06:00:00","MAC-31","110.7","321.59","0.52"
"SENS-7499","2026-01-31 07:00:00","MAC-30","102.77","318.12","0.525"
"SENS-7500","2026-01-31 07:00:00","MAC-31","95.24","327.97","0.759"
"SENS-7501","2026-01-31 08:00:00","MAC-30","92.9","325.5","0.614"
"SENS-7502","2026-01-31 08:00:00","MAC-31","84.67","326.94","1.335"
"SENS-7503","2026-01-31 09:00:00","MAC-30","114.39","311.98","0.973"
"SENS-7504","2026-01-31 09:00:00","MAC-31","118.2","304.11","1.455"
"SENS-7505","2026-01-31 10:00:00","MAC-30","106.6","327.66","1.148"
"SENS-7506","2026-01-31 10:00:00","MAC-31","98.54","327.21","0.612"
"SENS-7507","2026-01-31 11:00:00","MAC-30","93.23","332.34","0.657"
"SENS-7508","2026-01-31 11:00:00","MAC-31","111.33","320.71","0.633"
"SENS-7509","2025-12-20 00:00:00","MAC-20","117.89","300.86","1.204"
"SENS-7510","2025-12-20 00:00:00","MAC-21","114.77","326.04","1.461"
"SENS-7511","2025-12-20 01:00:00","MAC-20","85.23","333.98","1.231"
"SENS-7512","2025-12-20 01:00:00","MAC-21","97.07","349.28","0.753"
"SENS-7513","2025-12-20 02:00:00","MAC-20","117.3","344.55","1.015"
"SENS-7514","2025-12-20 02:00:00","MAC-21","104.91","301.15","0.546"
"SENS-7515","2025-12-20 03:00:00","MAC-20","86.42","311.44","1.452"
"SENS-7516","2025-12-20 03:00:00","MAC-21","81.47","303.78","1.212"
"SENS-7517","2026-03-12 00:00:00","MAC-30","90.24","307.48","0.793"
"SENS-7518","2026-03-12 00:00:00","MAC-31","104.69","332.33","1.462"
"SENS-7519","2026-03-12 01:00:00","MAC-30","98.48","330.32","1.391"
"SENS-7520","2026-03-12 01:00:00","MAC-31","118.9","325.84","1.124"
"SENS-7521","2026-03-12 02:00:00","MAC-30","82.71","300.59","1.133"
"SENS-7522","2026-03-12 02:00:00","MAC-31","81.96","346.31","1.124"
"SENS-7523","2026-03-12 03:00:00","MAC-30","103.38","309.09","0.676"
"SENS-7524","2026-03-12 03:00:00","MAC-31","111.18","345.87","0.797"
"SENS-7525","2026-03-12 04:00:00","MAC-30","119.98","302.38","0.633"
"SENS-7526","2026-03-12 04:00:00","MAC-31","99.67","324.77","0.741"
"SENS-7527","2026-03-12 05:00:00","MAC-30","89.33","323.2","1.092"
"SENS-7528","2026-03-12 05:00:00","MAC-31","84.1","324.97","0.531"
"SENS-7529","2026-03-12 06:00:00","MAC-30","93.27","303.1","0.547"
"SENS-7530","2026-03-12 06:00:00","MAC-31","117.87","318.24","1.28"
"SENS-7531","2026-03-12 07:00:00","MAC-30","104.09","320.96","1.34"
"SENS-7532","2026-03-12 07:00:00","MAC-31","86.99","301.48","0.976"
"SENS-7533","2026-03-12 08:00:00","MAC-30","98.7","329.06","0.999"
"SENS-7534","2026-03-12 08:00:00","MAC-31","93.9","345.08","1.267"
"SENS-7535","2025-04-24 00:00:00","MAC-30","80.61","335.12","1.266"
"SENS-7536","2025-04-24 00:00:00","MAC-31","102.62","324.64","0.665"
"SENS-7537","2025-04-24 01:00:00","MAC-30","95.51","329.54","1.387"
"SENS-7538","2025-04-24 01:00:00","MAC-31","96.4","310.22","1.381"
"SENS-7539","2025-04-24 02:00:00","MAC-30","89.38","300.04","1.281"
"SENS-7540","2025-04-24 02:00:00","MAC-31","82.96","334.07","1.363"
"SENS-7541","2025-04-24 03:00:00","MAC-30","93.93","305.09","0.673"
"SENS-7542","2025-04-24 03:00:00","MAC-31","80.97","325.28","1.434"
"SENS-7543","2025-04-24 04:00:00","MAC-30","82.83","312.12","1.29"
"SENS-7544","2025-04-24 04:00:00","MAC-31","115.78","329.06","1.433"
"SENS-7545","2025-04-24 05:00:00","MAC-30","87.03","348.39","0.75"
"SENS-7546","2025-04-24 05:00:00","MAC-31","106.34","312.56","0.585"
"SENS-7547","2025-04-24 06:00:00","MAC-30","88","337.92","1.447"
"SENS-7548","2025-04-24 06:00:00","MAC-31","116.05","331.11","1.215"
"SENS-7549","2025-04-24 07:00:00","MAC-30","93.32","316.3","0.775"
"SENS-7550","2025-04-24 07:00:00","MAC-31","90.78","331.92","0.583"
"SENS-7551","2025-04-24 08:00:00","MAC-30","94.5","319.89","1.468"
"SENS-7552","2025-04-24 08:00:00","MAC-31","118.91","335.22","0.656"
"SENS-7553","2025-04-24 09:00:00","MAC-30","105.31","338.45","0.732"
"SENS-7554","2025-04-24 09:00:00","MAC-31","100.65","323.66","1.328"
"SENS-7555","2025-04-24 10:00:00","MAC-30","110.39","324.3","1.398"
"SENS-7556","2025-04-24 10:00:00","MAC-31","107.64","345.41","1.029"
"SENS-7557","2025-04-24 11:00:00","MAC-30","110.75","348.33","0.813"
"SENS-7558","2025-04-24 11:00:00","MAC-31","113.74","328.5","0.892"
"SENS-7559","2025-04-24 12:00:00","MAC-30","82.73","330.17","0.547"
"SENS-7560","2025-04-24 12:00:00","MAC-31","118.32","307.46","1.065"
"SENS-7561","2025-10-11 00:00:00","MAC-30","82.39","346.58","0.592"
"SENS-7562","2025-10-11 00:00:00","MAC-31","84.26","311.76","1.262"
"SENS-7563","2025-10-11 01:00:00","MAC-30","81.28","300.91","0.988"
"SENS-7564","2025-10-11 01:00:00","MAC-31","105.06","302.33","1.001"
"SENS-7565","2025-10-11 02:00:00","MAC-30","116.44","302.69","1.221"
"SENS-7566","2025-10-11 02:00:00","MAC-31","93.69","310.36","1.246"
"SENS-7567","2025-10-11 03:00:00","MAC-30","112.88","339.78","0.806"
"SENS-7568","2025-10-11 03:00:00","MAC-31","88.84","324.91","0.913"
"SENS-7569","2025-10-11 04:00:00","MAC-30","114.92","337.66","0.775"
"SENS-7570","2025-10-11 04:00:00","MAC-31","100.51","335.51","0.725"
"SENS-7571","2025-10-11 05:00:00","MAC-30","104.29","307.69","0.785"
"SENS-7572","2025-10-11 05:00:00","MAC-31","109.65","344.9","1.018"
"SENS-7573","2025-10-11 06:00:00","MAC-30","95.03","311.85","0.879"
"SENS-7574","2025-10-11 06:00:00","MAC-31","101.98","340.82","1.445"
"SENS-7575","2025-10-11 07:00:00","MAC-30","113.09","309.66","1.14"
"SENS-7576","2025-10-11 07:00:00","MAC-31","91.68","334.11","0.604"
"SENS-7577","2025-10-11 08:00:00","MAC-30","95.01","310.96","0.862"
"SENS-7578","2025-10-11 08:00:00","MAC-31","112.24","332.13","0.679"
"SENS-7579","2026-01-23 00:00:00","MAC-10","84.63","301.07","1.062"
"SENS-7580","2026-01-23 00:00:00","MAC-11","81.69","321.08","1.377"
"SENS-7581","2026-01-23 01:00:00","MAC-10","100.04","331.84","0.718"
"SENS-7582","2026-01-23 01:00:00","MAC-11","88.38","318.5","1.442"
"SENS-7583","2026-01-23 02:00:00","MAC-10","105.16","324.3","1.314"
"SENS-7584","2026-01-23 02:00:00","MAC-11","116.42","335.33","1.198"
"SENS-7585","2026-01-23 03:00:00","MAC-10","100.81","302.99","1.449"
"SENS-7586","2026-01-23 03:00:00","MAC-11","114.85","329.85","1.158"
"SENS-7587","2026-01-23 04:00:00","MAC-10","97.23","313.92","0.63"
"SENS-7588","2026-01-23 04:00:00","MAC-11","99.89","305.2","1.457"
"SENS-7589","2026-01-23 05:00:00","MAC-10","100.43","339.66","1.296"
"SENS-7590","2026-01-23 05:00:00","MAC-11","96.66","300.39","1.206"
"SENS-7591","2026-01-23 06:00:00","MAC-10","103.41","349.57","0.602"
"SENS-7592","2026-01-23 06:00:00","MAC-11","116.14","319.28","0.815"
"SENS-7593","2026-01-23 07:00:00","MAC-10","115.42","341.43","0.673"
"SENS-7594","2026-01-23 07:00:00","MAC-11","100.65","331.33","0.696"
"SENS-7595","2026-01-23 08:00:00","MAC-10","83.29","347.56","1.341"
"SENS-7596","2026-01-23 08:00:00","MAC-11","116.91","320.69","1.34"
"SENS-7597","2026-01-23 09:00:00","MAC-10","100.08","322.7","1.372"
"SENS-7598","2026-01-23 09:00:00","MAC-11","115.44","324.23","0.978"
"SENS-7599","2026-01-23 10:00:00","MAC-10","101.42","339.28","0.808"
"SENS-7600","2026-01-23 10:00:00","MAC-11","93.8","326.72","1.484"
"SENS-7601","2025-04-19 00:00:00","MAC-30","80.78","337.21","1.164"
"SENS-7602","2025-04-19 00:00:00","MAC-31","96.15","328.14","0.89"
"SENS-7603","2025-04-19 01:00:00","MAC-30","118.32","319.15","0.658"
"SENS-7604","2025-04-19 01:00:00","MAC-31","95.07","321.02","0.836"
"SENS-7605","2025-04-19 02:00:00","MAC-30","95.95","349.06","0.975"
"SENS-7606","2025-04-19 02:00:00","MAC-31","93.09","335.73","0.957"
"SENS-7607","2025-04-19 03:00:00","MAC-30","80.52","313.44","1.396"
"SENS-7608","2025-04-19 03:00:00","MAC-31","95.07","328.12","0.63"
"SENS-7609","2025-04-19 04:00:00","MAC-30","98.88","321.61","1.344"
"SENS-7610","2025-04-19 04:00:00","MAC-31","119.86","304.85","0.815"
"SENS-7611","2025-04-19 05:00:00","MAC-30","93.67","324.65","1.297"
"SENS-7612","2025-04-19 05:00:00","MAC-31","102.33","316.91","0.671"
"SENS-7613","2025-04-19 06:00:00","MAC-30","95.7","348.59","1.496"
"SENS-7614","2025-04-19 06:00:00","MAC-31","88","349.92","0.636"
"SENS-7615","2025-04-19 07:00:00","MAC-30","88.28","307.43","0.744"
"SENS-7616","2025-04-19 07:00:00","MAC-31","107.7","323.92","1.256"
"SENS-7617","2025-04-19 08:00:00","MAC-30","117.54","323.76","1.281"
"SENS-7618","2025-04-19 08:00:00","MAC-31","92.88","341.75","0.871"
"SENS-7619","2025-06-24 00:00:00","MAC-20","102.09","328.64","0.517"
"SENS-7620","2025-06-24 00:00:00","MAC-21","87.46","303.78","0.963"
"SENS-7621","2025-06-24 01:00:00","MAC-20","94.68","316.56","0.951"
"SENS-7622","2025-06-24 01:00:00","MAC-21","111.43","300.64","0.515"
"SENS-7623","2025-06-24 02:00:00","MAC-20","82.67","306.27","1.262"
"SENS-7624","2025-06-24 02:00:00","MAC-21","105.52","329.56","1.413"
"SENS-7625","2025-06-24 03:00:00","MAC-20","89.91","340.38","1.242"
"SENS-7626","2025-06-24 03:00:00","MAC-21","87.2","308.91","0.901"
"SENS-7627","2025-06-24 04:00:00","MAC-20","106.92","325.71","0.641"
"SENS-7628","2025-06-24 04:00:00","MAC-21","107.23","327.32","0.96"
"SENS-7629","2025-06-24 05:00:00","MAC-20","81.75","335.1","0.781"
"SENS-7630","2025-06-24 05:00:00","MAC-21","89.45","336.47","1.043"
"SENS-7631","2025-08-10 00:00:00","MAC-10","111.68","323.06","0.96"
"SENS-7632","2025-08-10 00:00:00","MAC-11","100.76","347.98","1.076"
"SENS-7633","2025-08-10 01:00:00","MAC-10","99.11","328.64","1.135"
"SENS-7634","2025-08-10 01:00:00","MAC-11","118.42","329.95","1.334"
"SENS-7635","2025-08-10 02:00:00","MAC-10","104.81","326.09","0.832"
"SENS-7636","2025-08-10 02:00:00","MAC-11","92.77","309.88","0.764"
"SENS-7637","2025-08-10 03:00:00","MAC-10","83.35","339.02","1.124"
"SENS-7638","2025-08-10 03:00:00","MAC-11","114.82","316.66","0.564"
"SENS-7639","2025-08-10 04:00:00","MAC-10","100.33","338.03","0.58"
"SENS-7640","2025-08-10 04:00:00","MAC-11","108.03","334.86","0.876"
"SENS-7641","2025-08-10 05:00:00","MAC-10","116.41","316.98","1.39"
"SENS-7642","2025-08-10 05:00:00","MAC-11","102.31","333.57","1.313"
"SENS-7643","2025-08-10 06:00:00","MAC-10","101.72","345.29","0.522"
"SENS-7644","2025-08-10 06:00:00","MAC-11","89.38","340.57","0.928"
"SENS-7645","2025-08-10 07:00:00","MAC-10","114.12","335.46","0.948"
"SENS-7646","2025-08-10 07:00:00","MAC-11","85.7","341.86","0.776"
"SENS-7647","2025-08-10 08:00:00","MAC-10","104.12","304.6","0.7"
"SENS-7648","2025-08-10 08:00:00","MAC-11","94.74","325.72","0.656"
"SENS-7649","2025-08-10 09:00:00","MAC-10","89.76","341.7","0.713"
"SENS-7650","2025-08-10 09:00:00","MAC-11","86.95","311.11","1.312"
"SENS-7651","2025-08-10 10:00:00","MAC-10","118.48","307.12","1.016"
"SENS-7652","2025-08-10 10:00:00","MAC-11","99.31","305.71","0.737"
"SENS-7653","2025-08-10 11:00:00","MAC-10","81.76","334.56","0.534"
"SENS-7654","2025-08-10 11:00:00","MAC-11","91.07","304.12","1.345"
"SENS-7655","2025-08-10 12:00:00","MAC-10","92.81","308.44","1.486"
"SENS-7656","2025-08-10 12:00:00","MAC-11","93.65","302.51","1.422"
"SENS-7657","2025-08-10 13:00:00","MAC-10","96.96","327.96","1.164"
"SENS-7658","2025-08-10 13:00:00","MAC-11","113.26","344.28","0.514"
"SENS-7659","2025-04-08 00:00:00","MAC-10","92.62","340.53","1.364"
"SENS-7660","2025-04-08 00:00:00","MAC-11","99.73","306.59","0.871"
"SENS-7661","2025-04-08 01:00:00","MAC-10","83.9","313.38","1.494"
"SENS-7662","2025-04-08 01:00:00","MAC-11","100.94","313.65","1.003"
"SENS-7663","2025-04-08 02:00:00","MAC-10","81.05","304.28","1.043"
"SENS-7664","2025-04-08 02:00:00","MAC-11","89.94","347.06","0.983"
"SENS-7665","2025-04-08 03:00:00","MAC-10","94.98","312.72","1.156"
"SENS-7666","2025-04-08 03:00:00","MAC-11","88.91","345.55","1.424"
"SENS-7667","2025-04-08 04:00:00","MAC-10","83.81","324.4","1.36"
"SENS-7668","2025-04-08 04:00:00","MAC-11","93.53","338.65","0.57"
"SENS-7669","2025-04-08 05:00:00","MAC-10","94.45","334.89","1.032"
"SENS-7670","2025-04-08 05:00:00","MAC-11","101.91","349.83","0.893"
"SENS-7671","2025-04-08 06:00:00","MAC-10","92.93","332.29","0.527"
"SENS-7672","2025-04-08 06:00:00","MAC-11","115","341.24","1.148"
"SENS-7673","2025-04-08 07:00:00","MAC-10","108.53","348.92","0.76"
"SENS-7674","2025-04-08 07:00:00","MAC-11","88.02","316.45","1.099"
"SENS-7675","2025-04-08 08:00:00","MAC-10","84.52","344.38","1.372"
"SENS-7676","2025-04-08 08:00:00","MAC-11","102.25","310.83","1.214"
"SENS-7677","2025-04-08 09:00:00","MAC-10","83.93","311.66","1.051"
"SENS-7678","2025-04-08 09:00:00","MAC-11","118.01","309.12","1.352"
"SENS-7679","2025-04-08 10:00:00","MAC-10","83.48","310.35","1.364"
"SENS-7680","2025-04-08 10:00:00","MAC-11","97.87","323.09","1.277"
"SENS-7681","2025-08-27 00:00:00","MAC-30","113.23","318.52","0.632"
"SENS-7682","2025-08-27 00:00:00","MAC-31","95.37","309.48","0.563"
"SENS-7683","2025-08-27 01:00:00","MAC-30","80.73","348.76","0.617"
"SENS-7684","2025-08-27 01:00:00","MAC-31","114.69","333.65","1.163"
"SENS-7685","2025-08-27 02:00:00","MAC-30","96.79","305.16","0.535"
"SENS-7686","2025-08-27 02:00:00","MAC-31","81.52","310.67","0.971"
"SENS-7687","2025-08-27 03:00:00","MAC-30","106","305.12","0.873"
"SENS-7688","2025-08-27 03:00:00","MAC-31","80.13","312.27","0.53"
"SENS-7689","2025-08-27 04:00:00","MAC-30","109.39","342.59","0.781"
"SENS-7690","2025-08-27 04:00:00","MAC-31","90.4","318.16","1.036"
"SENS-7691","2025-08-27 05:00:00","MAC-30","89.77","327.56","1.243"
"SENS-7692","2025-08-27 05:00:00","MAC-31","116.11","300.97","0.726"
"SENS-7693","2025-08-27 06:00:00","MAC-30","83.35","335.72","0.634"
"SENS-7694","2025-08-27 06:00:00","MAC-31","108.14","340.36","0.739"
"SENS-7695","2025-08-27 07:00:00","MAC-30","112.76","325.44","1.489"
"SENS-7696","2025-08-27 07:00:00","MAC-31","109.93","303.95","0.969"
"SENS-7697","2025-08-27 08:00:00","MAC-30","97.84","332.96","0.754"
"SENS-7698","2025-08-27 08:00:00","MAC-31","100.74","315.21","0.675"
"SENS-7699","2025-11-22 00:00:00","MAC-10","112.32","341.45","0.694"
"SENS-7700","2025-11-22 00:00:00","MAC-11","110.54","346.24","1.271"
"SENS-7701","2025-11-22 01:00:00","MAC-10","81.73","340.35","0.577"
"SENS-7702","2025-11-22 01:00:00","MAC-11","85.38","345.03","1.148"
"SENS-7703","2025-11-22 02:00:00","MAC-10","102.87","338.7","1.371"
"SENS-7704","2025-11-22 02:00:00","MAC-11","85.64","303.92","0.881"
"SENS-7705","2025-11-22 03:00:00","MAC-10","81.89","349.26","0.966"
"SENS-7706","2025-11-22 03:00:00","MAC-11","95.18","301.84","0.87"
"SENS-7707","2025-11-22 04:00:00","MAC-10","86.21","314.38","0.757"
"SENS-7708","2025-11-22 04:00:00","MAC-11","104.97","348.96","1.084"
"SENS-7709","2025-11-22 05:00:00","MAC-10","119.42","327.39","1.221"
"SENS-7710","2025-11-22 05:00:00","MAC-11","99.07","324.99","0.885"
"SENS-7711","2025-11-22 06:00:00","MAC-10","92.57","332.55","0.856"
"SENS-7712","2025-11-22 06:00:00","MAC-11","82.84","319.9","0.595"
"SENS-7713","2025-11-22 07:00:00","MAC-10","117.84","308.83","1.319"
"SENS-7714","2025-11-22 07:00:00","MAC-11","89.24","306.9","0.745"
"SENS-7715","2025-11-22 08:00:00","MAC-10","97.96","324.59","1.134"
"SENS-7716","2025-11-22 08:00:00","MAC-11","84.23","347.99","1.354"
"SENS-7717","2025-11-22 09:00:00","MAC-10","90.68","322.12","1.315"
"SENS-7718","2025-11-22 09:00:00","MAC-11","89.24","322.81","1.41"
"SENS-7719","2025-11-22 10:00:00","MAC-10","82.55","327.5","0.862"
"SENS-7720","2025-11-22 10:00:00","MAC-11","83.77","307.42","0.765"
"SENS-7721","2025-11-22 11:00:00","MAC-10","91.02","349.16","1.263"
"SENS-7722","2025-11-22 11:00:00","MAC-11","90.7","319.08","0.828"
"SENS-7723","2025-11-22 12:00:00","MAC-10","117.42","313.37","1.331"
"SENS-7724","2025-11-22 12:00:00","MAC-11","98.53","309.84","0.851"
"SENS-7725","2025-11-22 13:00:00","MAC-10","101.96","305.39","0.612"
"SENS-7726","2025-11-22 13:00:00","MAC-11","94.5","344.45","0.615"
"SENS-7727","2025-11-22 14:00:00","MAC-10","104.52","315.34","0.936"
"SENS-7728","2025-11-22 14:00:00","MAC-11","97.07","334.25","1.275"
"SENS-7729","2025-06-23 00:00:00","MAC-10","92.74","332.71","0.523"
"SENS-7730","2025-06-23 00:00:00","MAC-11","84.81","328.68","0.763"
"SENS-7731","2025-06-23 01:00:00","MAC-10","90.62","341.78","1.148"
"SENS-7732","2025-06-23 01:00:00","MAC-11","87.13","312.28","0.956"
"SENS-7733","2025-06-23 02:00:00","MAC-10","93.22","308.15","1.39"
"SENS-7734","2025-06-23 02:00:00","MAC-11","85.17","343.53","1.445"
"SENS-7735","2025-06-23 03:00:00","MAC-10","95.17","325.98","1.228"
"SENS-7736","2025-06-23 03:00:00","MAC-11","99.58","321.64","1.393"
"SENS-7737","2025-09-27 00:00:00","MAC-30","103.85","325.22","1.442"
"SENS-7738","2025-09-27 00:00:00","MAC-31","100.73","339.37","0.874"
"SENS-7739","2025-09-27 01:00:00","MAC-30","108.58","335.33","1.182"
"SENS-7740","2025-09-27 01:00:00","MAC-31","99.05","316.58","1.118"
"SENS-7741","2025-09-27 02:00:00","MAC-30","102.79","342.91","0.51"
"SENS-7742","2025-09-27 02:00:00","MAC-31","86.24","339.34","0.543"
"SENS-7743","2025-09-27 03:00:00","MAC-30","99.67","318.55","0.89"
"SENS-7744","2025-09-27 03:00:00","MAC-31","114.15","335.14","1.034"
"SENS-7745","2025-09-27 04:00:00","MAC-30","84.65","304.61","0.809"
"SENS-7746","2025-09-27 04:00:00","MAC-31","80","329.24","1.211"
"SENS-7747","2025-09-27 05:00:00","MAC-30","118.22","342.53","1.319"
"SENS-7748","2025-09-27 05:00:00","MAC-31","106.22","312.83","0.931"
"SENS-7749","2025-09-27 06:00:00","MAC-30","114.48","344.23","0.556"
"SENS-7750","2025-09-27 06:00:00","MAC-31","92.22","330.44","0.844"
"SENS-7751","2025-09-27 07:00:00","MAC-30","81.26","341.61","0.903"
"SENS-7752","2025-09-27 07:00:00","MAC-31","109.07","322.09","1.111"
"SENS-7753","2025-09-27 08:00:00","MAC-30","87.35","314.82","1.297"
"SENS-7754","2025-09-27 08:00:00","MAC-31","90.32","305.73","1.455"
"SENS-7755","2025-10-15 00:00:00","MAC-30","98.05","311.02","0.505"
"SENS-7756","2025-10-15 00:00:00","MAC-31","82.79","336.47","0.544"
"SENS-7757","2025-10-15 01:00:00","MAC-30","119.14","333.49","0.78"
"SENS-7758","2025-10-15 01:00:00","MAC-31","119.11","323.77","0.598"
"SENS-7759","2025-10-15 02:00:00","MAC-30","108.06","321.14","1.268"
"SENS-7760","2025-10-15 02:00:00","MAC-31","94.8","304.41","1.466"
"SENS-7761","2025-10-15 03:00:00","MAC-30","108.45","330.88","1.093"
"SENS-7762","2025-10-15 03:00:00","MAC-31","88.92","314.18","0.795"
"SENS-7763","2025-10-15 04:00:00","MAC-30","114.68","331.1","1.475"
"SENS-7764","2025-10-15 04:00:00","MAC-31","98.54","302.06","0.884"
"SENS-7765","2025-10-15 05:00:00","MAC-30","93.83","313.98","0.918"
"SENS-7766","2025-10-15 05:00:00","MAC-31","116.36","340.69","1.099"
"SENS-7767","2025-10-15 06:00:00","MAC-30","110","328.42","1.121"
"SENS-7768","2025-10-15 06:00:00","MAC-31","115.77","308.97","1.408"
"SENS-7769","2025-10-15 07:00:00","MAC-30","106","333.18","1.34"
"SENS-7770","2025-10-15 07:00:00","MAC-31","109.81","307.31","0.816"
"SENS-7771","2025-10-15 08:00:00","MAC-30","116.77","338.58","0.884"
"SENS-7772","2025-10-15 08:00:00","MAC-31","90.18","317.29","0.536"
"SENS-7773","2025-10-15 09:00:00","MAC-30","119.16","336.54","1.378"
"SENS-7774","2025-10-15 09:00:00","MAC-31","114.18","339.71","1.084"
"SENS-7775","2025-10-15 10:00:00","MAC-30","95","318.81","1.445"
"SENS-7776","2025-10-15 10:00:00","MAC-31","111.83","311.25","0.933"
"SENS-7777","2025-10-15 11:00:00","MAC-30","96.45","330.89","1.302"
"SENS-7778","2025-10-15 11:00:00","MAC-31","117.58","315.5","0.879"
"SENS-7779","2025-08-25 00:00:00","MAC-10","88.15","347.56","1.163"
"SENS-7780","2025-08-25 00:00:00","MAC-11","115","323.9","0.633"
"SENS-7781","2025-08-25 01:00:00","MAC-10","106.46","336.71","0.88"
"SENS-7782","2025-08-25 01:00:00","MAC-11","102.7","304.68","1.032"
"SENS-7783","2025-08-25 02:00:00","MAC-10","100.76","305.35","1.054"
"SENS-7784","2025-08-25 02:00:00","MAC-11","117.91","333.28","1.421"
"SENS-7785","2025-08-25 03:00:00","MAC-10","107.39","324.21","0.605"
"SENS-7786","2025-08-25 03:00:00","MAC-11","88.88","316.75","1.399"
"SENS-7787","2025-11-23 00:00:00","MAC-30","114.57","331.59","1.319"
"SENS-7788","2025-11-23 00:00:00","MAC-31","83.66","332.59","1.034"
"SENS-7789","2025-11-23 01:00:00","MAC-30","112.86","300.1","1.447"
"SENS-7790","2025-11-23 01:00:00","MAC-31","118.06","344.65","0.917"
"SENS-7791","2025-04-22 00:00:00","MAC-30","96.43","345.7","0.854"
"SENS-7792","2025-04-22 00:00:00","MAC-31","102.34","342.51","0.988"
"SENS-7793","2025-04-22 01:00:00","MAC-30","106.51","327.83","1.026"
"SENS-7794","2025-04-22 01:00:00","MAC-31","115.78","345.58","0.676"
"SENS-7795","2025-04-22 02:00:00","MAC-30","109.63","328.21","1.444"
"SENS-7796","2025-04-22 02:00:00","MAC-31","87.23","332.53","1.357"
"SENS-7797","2025-04-22 03:00:00","MAC-30","93.13","304.87","0.547"
"SENS-7798","2025-04-22 03:00:00","MAC-31","106.8","305.38","1.39"
"SENS-7799","2025-04-22 04:00:00","MAC-30","113.87","323.11","0.8"
"SENS-7800","2025-04-22 04:00:00","MAC-31","80.69","349.17","1.39"
"SENS-7801","2025-04-22 05:00:00","MAC-30","100.3","318.88","1.314"
"SENS-7802","2025-04-22 05:00:00","MAC-31","119.79","346.86","1.109"
"SENS-7803","2025-07-07 00:00:00","MAC-10","115.97","341.47","1.005"
"SENS-7804","2025-07-07 00:00:00","MAC-11","81.98","310.09","0.854"
"SENS-7805","2025-07-07 01:00:00","MAC-10","94.48","327.17","1.198"
"SENS-7806","2025-07-07 01:00:00","MAC-11","92.47","325.9","0.742"
"SENS-7807","2025-07-07 02:00:00","MAC-10","100.32","328.73","0.804"
"SENS-7808","2025-07-07 02:00:00","MAC-11","113.1","306.56","0.668"
"SENS-7809","2025-07-07 03:00:00","MAC-10","103.28","333.44","1.122"
"SENS-7810","2025-07-07 03:00:00","MAC-11","92","343.08","1.037"
"SENS-7811","2025-07-07 04:00:00","MAC-10","103.07","342.56","1.275"
"SENS-7812","2025-07-07 04:00:00","MAC-11","118.76","301.99","1.327"
"SENS-7813","2025-07-07 05:00:00","MAC-10","83.81","337.63","1.051"
"SENS-7814","2025-07-07 05:00:00","MAC-11","109.69","310.97","0.832"
"SENS-7815","2025-07-07 06:00:00","MAC-10","104.63","325.19","1.046"
"SENS-7816","2025-07-07 06:00:00","MAC-11","118.86","317.68","1.488"
"SENS-7817","2025-07-07 07:00:00","MAC-10","95.46","330","0.718"
"SENS-7818","2025-07-07 07:00:00","MAC-11","115.74","319.42","1.285"
"SENS-7819","2025-07-07 08:00:00","MAC-10","91.69","333.36","0.871"
"SENS-7820","2025-07-07 08:00:00","MAC-11","87.79","336.44","0.577"
"SENS-7821","2025-07-07 09:00:00","MAC-10","95.66","349.93","1.361"
"SENS-7822","2025-07-07 09:00:00","MAC-11","90.76","349.86","0.623"
"SENS-7823","2025-07-07 10:00:00","MAC-10","109.61","337.37","1.399"
"SENS-7824","2025-07-07 10:00:00","MAC-11","104.67","328.6","0.75"
"SENS-7825","2025-12-18 00:00:00","MAC-30","114.84","315.24","0.505"
"SENS-7826","2025-12-18 00:00:00","MAC-31","94.45","300.02","0.697"
"SENS-7827","2025-12-18 01:00:00","MAC-30","100.92","303.52","0.658"
"SENS-7828","2025-12-18 01:00:00","MAC-31","95.81","317.83","0.927"
"SENS-7829","2025-12-18 02:00:00","MAC-30","80.93","309.87","0.787"
"SENS-7830","2025-12-18 02:00:00","MAC-31","81.73","333.72","0.817"
"SENS-7831","2025-12-18 03:00:00","MAC-30","96.95","341.64","0.763"
"SENS-7832","2025-12-18 03:00:00","MAC-31","80.02","328.91","0.689"
"SENS-7833","2025-12-18 04:00:00","MAC-30","107.17","325.31","0.904"
"SENS-7834","2025-12-18 04:00:00","MAC-31","95.47","311.33","0.721"
"SENS-7835","2025-12-18 05:00:00","MAC-30","89.88","324.17","0.78"
"SENS-7836","2025-12-18 05:00:00","MAC-31","93.61","345.79","0.611"
"SENS-7837","2025-12-18 06:00:00","MAC-30","108.01","341.02","1.126"
"SENS-7838","2025-12-18 06:00:00","MAC-31","114.11","328.1","0.826"
"SENS-7839","2025-12-18 07:00:00","MAC-30","115.74","343.87","1.08"
"SENS-7840","2025-12-18 07:00:00","MAC-31","107.88","318.83","1.441"
"SENS-7841","2025-12-18 08:00:00","MAC-30","92.58","337.9","1.207"
"SENS-7842","2025-12-18 08:00:00","MAC-31","85.77","338.55","1.397"
"SENS-7843","2025-12-18 09:00:00","MAC-30","119.39","305.34","1.237"
"SENS-7844","2025-12-18 09:00:00","MAC-31","118.3","306.7","0.956"
"SENS-7845","2025-12-18 10:00:00","MAC-30","109.79","336.28","0.685"
"SENS-7846","2025-12-18 10:00:00","MAC-31","115.04","311.11","1.347"
"SENS-7847","2025-12-18 11:00:00","MAC-30","87.53","335.07","0.866"
"SENS-7848","2025-12-18 11:00:00","MAC-31","99.01","339.73","0.889"
"SENS-7849","2025-12-18 12:00:00","MAC-30","103.35","331.8","0.844"
"SENS-7850","2025-12-18 12:00:00","MAC-31","80.94","320.27","1.172"
"SENS-7851","2025-12-18 13:00:00","MAC-30","84.27","342.31","1.033"
"SENS-7852","2025-12-18 13:00:00","MAC-31","113.23","336.48","1.399"
"SENS-7853","2025-12-18 14:00:00","MAC-30","107.19","344.03","1.174"
"SENS-7854","2025-12-18 14:00:00","MAC-31","83.75","328.57","1.443"
"SENS-7855","2025-12-02 00:00:00","MAC-20","87.85","346.65","0.555"
"SENS-7856","2025-12-02 00:00:00","MAC-21","111.36","343.54","1.141"
"SENS-7857","2025-12-02 01:00:00","MAC-20","114.76","333.75","0.665"
"SENS-7858","2025-12-02 01:00:00","MAC-21","86.07","307.46","1.248"
"SENS-7859","2025-12-02 02:00:00","MAC-20","81.44","313.03","0.903"
"SENS-7860","2025-12-02 02:00:00","MAC-21","116.79","327.55","0.583"
"SENS-7861","2025-08-02 00:00:00","MAC-30","100.04","325.77","0.956"
"SENS-7862","2025-08-02 00:00:00","MAC-31","105.6","326.86","1.203"
"SENS-7863","2025-08-02 01:00:00","MAC-30","114.79","307.31","1.333"
"SENS-7864","2025-08-02 01:00:00","MAC-31","93.71","338.09","0.738"
"SENS-7865","2025-08-02 02:00:00","MAC-30","89.17","339.3","0.845"
"SENS-7866","2025-08-02 02:00:00","MAC-31","114.26","339.74","1.383"
"SENS-7867","2025-08-02 03:00:00","MAC-30","104.4","311.87","1.355"
"SENS-7868","2025-08-02 03:00:00","MAC-31","111.86","346.58","1.467"
"SENS-7869","2025-08-02 04:00:00","MAC-30","100.62","331.99","1.086"
"SENS-7870","2025-08-02 04:00:00","MAC-31","109.29","343.6","0.699"
"SENS-7871","2025-08-02 05:00:00","MAC-30","82.51","312.79","1.134"
"SENS-7872","2025-08-02 05:00:00","MAC-31","119.13","335.55","0.85"
"SENS-7873","2025-08-02 06:00:00","MAC-30","83.35","324.32","1.048"
"SENS-7874","2025-08-02 06:00:00","MAC-31","100.83","321.06","0.987"
"SENS-7875","2025-08-02 07:00:00","MAC-30","97.97","312.45","1.274"
"SENS-7876","2025-08-02 07:00:00","MAC-31","116.54","345.77","0.511"
"SENS-7877","2025-08-02 08:00:00","MAC-30","90.51","322.95","0.842"
"SENS-7878","2025-08-02 08:00:00","MAC-31","82.1","317","1.388"
"SENS-7879","2025-08-02 09:00:00","MAC-30","83.22","334.74","0.502"
"SENS-7880","2025-08-02 09:00:00","MAC-31","118.46","300.75","1.257"
"SENS-7881","2026-01-01 00:00:00","MAC-30","99.93","331.73","0.868"
"SENS-7882","2026-01-01 00:00:00","MAC-31","98.62","317.35","1.166"
"SENS-7883","2026-01-01 01:00:00","MAC-30","112.38","313.48","0.89"
"SENS-7884","2026-01-01 01:00:00","MAC-31","118.84","331.56","1.218"
"SENS-7885","2026-01-01 02:00:00","MAC-30","85.48","307.91","1.24"
"SENS-7886","2026-01-01 02:00:00","MAC-31","103.35","331.04","0.617"
"SENS-7887","2026-01-01 03:00:00","MAC-30","107.43","321.35","0.782"
"SENS-7888","2026-01-01 03:00:00","MAC-31","81.14","336.24","0.612"
"SENS-7889","2026-01-01 04:00:00","MAC-30","84.89","315.63","0.833"
"SENS-7890","2026-01-01 04:00:00","MAC-31","96.85","345.17","1.173"
"SENS-7891","2025-11-04 00:00:00","MAC-30","97.01","315.53","1.215"
"SENS-7892","2025-11-04 00:00:00","MAC-31","86.66","340.47","0.72"
"SENS-7893","2025-11-04 01:00:00","MAC-30","104.22","309.33","1.086"
"SENS-7894","2025-11-04 01:00:00","MAC-31","105.64","319.21","1.258"
"SENS-7895","2025-11-04 02:00:00","MAC-30","115.16","306.9","0.839"
"SENS-7896","2025-11-04 02:00:00","MAC-31","100.39","315.39","1.471"
"SENS-7897","2025-11-04 03:00:00","MAC-30","119.81","335.06","1.229"
"SENS-7898","2025-11-04 03:00:00","MAC-31","90.99","347.86","1.244"
"SENS-7899","2025-11-04 04:00:00","MAC-30","103.68","335.02","1.39"
"SENS-7900","2025-11-04 04:00:00","MAC-31","116.89","309.96","0.943"
"SENS-7901","2025-11-04 05:00:00","MAC-30","81.7","304.05","1.192"
"SENS-7902","2025-11-04 05:00:00","MAC-31","91.09","335.01","1.358"
"SENS-7903","2025-11-04 06:00:00","MAC-30","102.78","348.6","0.916"
"SENS-7904","2025-11-04 06:00:00","MAC-31","99.81","333.37","0.757"
"SENS-7905","2025-09-01 00:00:00","MAC-10","87.16","302.79","0.606"
"SENS-7906","2025-09-01 00:00:00","MAC-11","92.88","330.93","0.556"
"SENS-7907","2025-09-01 01:00:00","MAC-10","88.28","325.38","1.068"
"SENS-7908","2025-09-01 01:00:00","MAC-11","118.2","323.17","1.28"
"SENS-7909","2025-09-01 02:00:00","MAC-10","98.56","308.92","1.047"
"SENS-7910","2025-09-01 02:00:00","MAC-11","96.21","346.41","1.481"
"SENS-7911","2025-09-01 03:00:00","MAC-10","100.77","310.53","0.513"
"SENS-7912","2025-09-01 03:00:00","MAC-11","83.06","314.1","1.197"
"SENS-7913","2025-09-01 04:00:00","MAC-10","97.3","333.74","0.935"
"SENS-7914","2025-09-01 04:00:00","MAC-11","110.05","306.52","0.573"
"SENS-7915","2025-09-01 05:00:00","MAC-10","89.68","311.3","0.721"
"SENS-7916","2025-09-01 05:00:00","MAC-11","85.13","331.9","1.066"
"SENS-7917","2025-09-01 06:00:00","MAC-10","115.92","349.54","0.806"
"SENS-7918","2025-09-01 06:00:00","MAC-11","81.23","343.71","0.951"
"SENS-7919","2025-09-01 07:00:00","MAC-10","91.54","306.36","0.785"
"SENS-7920","2025-09-01 07:00:00","MAC-11","109.17","349.23","1.198"
"SENS-7921","2025-09-01 08:00:00","MAC-10","109.95","331.43","1.481"
"SENS-7922","2025-09-01 08:00:00","MAC-11","89.07","305.59","1.265"
"SENS-7923","2025-09-01 09:00:00","MAC-10","89.89","343.58","1.124"
"SENS-7924","2025-09-01 09:00:00","MAC-11","115.69","326.54","1.142"
"SENS-7925","2025-09-01 10:00:00","MAC-10","111.01","328.23","1.012"
"SENS-7926","2025-09-01 10:00:00","MAC-11","118.87","320","0.735"
"SENS-7927","2025-09-01 11:00:00","MAC-10","93.41","329.66","0.874"
"SENS-7928","2025-09-01 11:00:00","MAC-11","119.89","300.77","1.076"
"SENS-7929","2025-09-01 12:00:00","MAC-10","115.83","303.83","0.671"
"SENS-7930","2025-09-01 12:00:00","MAC-11","106.43","324.47","0.819"
"SENS-7931","2025-09-01 13:00:00","MAC-10","114.75","301.5","0.945"
"SENS-7932","2025-09-01 13:00:00","MAC-11","95.08","313.17","1.483"
"SENS-7933","2025-09-01 14:00:00","MAC-10","115.39","320.76","1.45"
"SENS-7934","2025-09-01 14:00:00","MAC-11","95.65","304.56","1.183"
"SENS-7935","2025-09-01 15:00:00","MAC-10","103.53","321.14","1.21"
"SENS-7936","2025-09-01 15:00:00","MAC-11","102.03","337.64","1.281"
"SENS-7937","2025-09-01 16:00:00","MAC-10","117.95","309.27","0.623"
"SENS-7938","2025-09-01 16:00:00","MAC-11","111.59","319.32","1.028"
"SENS-7939","2025-09-01 17:00:00","MAC-10","103.23","341.14","0.724"
"SENS-7940","2025-09-01 17:00:00","MAC-11","111.21","307.27","1.092"
"SENS-7941","2026-01-14 00:00:00","MAC-10","82.25","323.27","0.667"
"SENS-7942","2026-01-14 00:00:00","MAC-11","92.89","349.67","0.687"
"SENS-7943","2026-01-14 01:00:00","MAC-10","86.18","337.74","1.127"
"SENS-7944","2026-01-14 01:00:00","MAC-11","118.88","348.03","1.163"
"SENS-7945","2026-01-14 02:00:00","MAC-10","85.62","345.16","0.852"
"SENS-7946","2026-01-14 02:00:00","MAC-11","113.64","309.37","1.298"
"SENS-7947","2026-01-14 03:00:00","MAC-10","108.25","311.21","0.701"
"SENS-7948","2026-01-14 03:00:00","MAC-11","114.15","304.9","0.904"
"SENS-7949","2026-01-14 04:00:00","MAC-10","101.17","341.34","1.171"
"SENS-7950","2026-01-14 04:00:00","MAC-11","93.73","306.45","0.965"
"SENS-7951","2026-01-14 05:00:00","MAC-10","118.2","309","1.238"
"SENS-7952","2026-01-14 05:00:00","MAC-11","112.11","303.71","0.853"
"SENS-7953","2026-01-14 06:00:00","MAC-10","91.07","336.76","1.343"
"SENS-7954","2026-01-14 06:00:00","MAC-11","86.27","300.58","1.497"
"SENS-7955","2026-01-14 07:00:00","MAC-10","109.49","340.73","1.103"
"SENS-7956","2026-01-14 07:00:00","MAC-11","116.88","349.47","0.936"
"SENS-7957","2026-01-14 08:00:00","MAC-10","87.28","334.56","1.03"
"SENS-7958","2026-01-14 08:00:00","MAC-11","117.14","317.79","1.307"
"SENS-7959","2026-01-14 09:00:00","MAC-10","91.8","315.26","1.435"
"SENS-7960","2026-01-14 09:00:00","MAC-11","91.71","325.35","0.576"
"SENS-7961","2026-01-14 10:00:00","MAC-10","118.79","307.91","1.452"
"SENS-7962","2026-01-14 10:00:00","MAC-11","90.68","339.95","0.582"
"SENS-7963","2026-02-08 00:00:00","MAC-30","115.69","320.8","0.675"
"SENS-7964","2026-02-08 00:00:00","MAC-31","108.54","328.56","0.732"
"SENS-7965","2026-02-08 01:00:00","MAC-30","102.79","314.65","1.498"
"SENS-7966","2026-02-08 01:00:00","MAC-31","104.48","319.17","1.08"
"SENS-7967","2026-02-08 02:00:00","MAC-30","81.53","331.6","0.683"
"SENS-7968","2026-02-08 02:00:00","MAC-31","83.33","312.79","0.888"
"SENS-7969","2026-02-08 03:00:00","MAC-30","98.14","328.95","1.2"
"SENS-7970","2026-02-08 03:00:00","MAC-31","95.26","349.16","0.868"
"SENS-7971","2026-02-08 04:00:00","MAC-30","97.59","325.9","1.097"
"SENS-7972","2026-02-08 04:00:00","MAC-31","96.69","305.24","0.865"
"SENS-7973","2026-02-08 05:00:00","MAC-30","102.34","329.94","1.001"
"SENS-7974","2026-02-08 05:00:00","MAC-31","98.41","335.38","0.96"
"SENS-7975","2026-02-08 06:00:00","MAC-30","85.26","346.88","1.304"
"SENS-7976","2026-02-08 06:00:00","MAC-31","116.02","339.95","1.321"
"SENS-7977","2026-02-08 07:00:00","MAC-30","101.67","310.35","0.531"
"SENS-7978","2026-02-08 07:00:00","MAC-31","82.58","325.57","1.007"
"SENS-7979","2026-02-08 08:00:00","MAC-30","104.44","347.24","1.347"
"SENS-7980","2026-02-08 08:00:00","MAC-31","98.84","306.43","0.762"
"SENS-7981","2026-02-08 09:00:00","MAC-30","116.42","337.95","1.498"
"SENS-7982","2026-02-08 09:00:00","MAC-31","104.67","322.68","0.908"
"SENS-7983","2026-02-08 10:00:00","MAC-30","106.02","349.98","1.082"
"SENS-7984","2026-02-08 10:00:00","MAC-31","109","301.53","0.71"
"SENS-7985","2026-02-08 11:00:00","MAC-30","80.32","349.5","1.169"
"SENS-7986","2026-02-08 11:00:00","MAC-31","83.93","303.8","0.963"
"SENS-7987","2026-02-08 12:00:00","MAC-30","80.89","300.9","0.773"
"SENS-7988","2026-02-08 12:00:00","MAC-31","86.44","331.18","0.737"
"SENS-7989","2026-01-01 00:00:00","MAC-20","92.79","339.01","0.522"
"SENS-7990","2026-01-01 00:00:00","MAC-21","90.45","349.07","1.368"
"SENS-7991","2026-01-01 01:00:00","MAC-20","98.83","349.7","1.041"
"SENS-7992","2026-01-01 01:00:00","MAC-21","117.8","334.09","0.769"
"SENS-7993","2026-01-01 02:00:00","MAC-20","85.5","330.67","1.464"
"SENS-7994","2026-01-01 02:00:00","MAC-21","101.44","309.79","1.042"
"SENS-7995","2026-01-01 03:00:00","MAC-20","102.48","300.64","1.148"
"SENS-7996","2026-01-01 03:00:00","MAC-21","91.5","336.4","1.166"
"SENS-7997","2026-01-01 04:00:00","MAC-20","109.22","333.36","1.105"
"SENS-7998","2026-01-01 04:00:00","MAC-21","94.13","300.87","1.225"
"SENS-7999","2025-05-19 00:00:00","MAC-30","95.22","346.68","0.726"
"SENS-8000","2025-05-19 00:00:00","MAC-31","102.34","329.62","0.664"
"SENS-8001","2025-05-19 01:00:00","MAC-30","98.09","334.98","1.14"
"SENS-8002","2025-05-19 01:00:00","MAC-31","103.8","309.68","1.023"
"SENS-8003","2025-04-04 00:00:00","MAC-10","119.32","328.08","0.709"
"SENS-8004","2025-04-04 00:00:00","MAC-11","83.45","334.49","0.519"
"SENS-8005","2025-04-04 01:00:00","MAC-10","109.67","303.17","1.475"
"SENS-8006","2025-04-04 01:00:00","MAC-11","105.08","347.07","0.713"
"SENS-8007","2025-04-04 02:00:00","MAC-10","97.94","302.9","0.784"
"SENS-8008","2025-04-04 02:00:00","MAC-11","113.91","315.42","1.199"
"SENS-8009","2025-09-14 00:00:00","MAC-30","118.2","323.71","1.093"
"SENS-8010","2025-09-14 00:00:00","MAC-31","82.62","314.64","0.537"
"SENS-8011","2025-09-14 01:00:00","MAC-30","105.73","310.52","1.063"
"SENS-8012","2025-09-14 01:00:00","MAC-31","113.03","316.82","0.988"
"SENS-8013","2025-09-14 02:00:00","MAC-30","100.81","313.78","1.469"
"SENS-8014","2025-09-14 02:00:00","MAC-31","108.99","308.32","0.747"
"SENS-8015","2025-09-14 03:00:00","MAC-30","87.99","344.52","0.714"
"SENS-8016","2025-09-14 03:00:00","MAC-31","88.47","322.45","1.183"
"SENS-8017","2025-09-14 04:00:00","MAC-30","108.72","347.5","0.567"
"SENS-8018","2025-09-14 04:00:00","MAC-31","114.37","331.17","1.036"
"SENS-8019","2025-09-14 05:00:00","MAC-30","91.53","318.97","0.825"
"SENS-8020","2025-09-14 05:00:00","MAC-31","82.21","307.74","1.095"
"SENS-8021","2025-09-14 06:00:00","MAC-30","107.85","332.46","1.095"
"SENS-8022","2025-09-14 06:00:00","MAC-31","103.8","347.68","0.994"
"SENS-8023","2025-09-14 07:00:00","MAC-30","104.41","300.38","0.575"
"SENS-8024","2025-09-14 07:00:00","MAC-31","113.93","316.98","1.196"
"SENS-8025","2025-09-14 08:00:00","MAC-30","82.45","314.92","1.477"
"SENS-8026","2025-09-14 08:00:00","MAC-31","109.99","307.59","0.977"
"SENS-8027","2025-09-14 09:00:00","MAC-30","109.96","309.19","1.4"
"SENS-8028","2025-09-14 09:00:00","MAC-31","108.21","330.19","1.401"
"SENS-8029","2025-06-15 00:00:00","MAC-10","97.25","321","0.753"
"SENS-8030","2025-06-15 00:00:00","MAC-11","92.34","324.58","1.256"
"SENS-8031","2025-06-15 01:00:00","MAC-10","98.67","304.97","1.092"
"SENS-8032","2025-06-15 01:00:00","MAC-11","92.81","303.04","1.495"
"SENS-8033","2025-06-15 02:00:00","MAC-10","91.92","317.38","1.109"
"SENS-8034","2025-06-15 02:00:00","MAC-11","83.08","313.61","0.505"
"SENS-8035","2025-06-15 03:00:00","MAC-10","117.22","330.49","1.112"
"SENS-8036","2025-06-15 03:00:00","MAC-11","115.95","335.34","0.527"
"SENS-8037","2025-06-15 04:00:00","MAC-10","100.78","341.08","0.506"
"SENS-8038","2025-06-15 04:00:00","MAC-11","100.05","325.08","0.739"
"SENS-8039","2026-02-03 00:00:00","MAC-30","85.38","327.22","0.595"
"SENS-8040","2026-02-03 00:00:00","MAC-31","94.19","304.67","1.396"
"SENS-8041","2026-02-03 01:00:00","MAC-30","86.36","311.68","0.678"
"SENS-8042","2026-02-03 01:00:00","MAC-31","96.64","311.32","1.118"
"SENS-8043","2026-02-03 02:00:00","MAC-30","97.3","338.25","0.61"
"SENS-8044","2026-02-03 02:00:00","MAC-31","109.79","337.69","1.091"
"SENS-8045","2025-05-19 00:00:00","MAC-10","91.61","320.82","0.63"
"SENS-8046","2025-05-19 00:00:00","MAC-11","106.14","328.17","1.145"
"SENS-8047","2025-05-19 01:00:00","MAC-10","81.56","313.12","1.024"
"SENS-8048","2025-05-19 01:00:00","MAC-11","111.39","313.86","1.457"
"SENS-8049","2025-05-19 02:00:00","MAC-10","89.37","320.14","1.295"
"SENS-8050","2025-05-19 02:00:00","MAC-11","98.78","319.48","0.568"
"SENS-8051","2025-05-19 03:00:00","MAC-10","100.54","345.52","1.16"
"SENS-8052","2025-05-19 03:00:00","MAC-11","92.88","337.64","0.906"
"SENS-8053","2025-05-19 04:00:00","MAC-10","119.85","342.91","1.356"
"SENS-8054","2025-05-19 04:00:00","MAC-11","118","338.28","0.944"
"SENS-8055","2025-05-19 05:00:00","MAC-10","110.18","327.37","0.771"
"SENS-8056","2025-05-19 05:00:00","MAC-11","117.83","331.16","1.44"
"SENS-8057","2025-05-19 06:00:00","MAC-10","115.17","349.01","1.175"
"SENS-8058","2025-05-19 06:00:00","MAC-11","86.55","342.2","0.669"
"SENS-8059","2025-05-19 07:00:00","MAC-10","109.79","319.93","0.879"
"SENS-8060","2025-05-19 07:00:00","MAC-11","103.17","320.53","0.985"
"SENS-8061","2025-05-19 08:00:00","MAC-10","111.18","303.11","0.675"
"SENS-8062","2025-05-19 08:00:00","MAC-11","90.33","335.5","1.026"
"SENS-8063","2025-05-19 09:00:00","MAC-10","95.1","303.57","1.108"
"SENS-8064","2025-05-19 09:00:00","MAC-11","101.82","316.03","0.736"
"SENS-8065","2025-05-19 10:00:00","MAC-10","82.86","304.46","0.74"
"SENS-8066","2025-05-19 10:00:00","MAC-11","104.12","326.89","0.627"
"SENS-8067","2025-09-24 00:00:00","MAC-10","89.76","314.76","1.033"
"SENS-8068","2025-09-24 00:00:00","MAC-11","108.07","323.14","1.17"
"SENS-8069","2025-09-24 01:00:00","MAC-10","84.38","304.92","1.18"
"SENS-8070","2025-09-24 01:00:00","MAC-11","97.37","307.82","0.887"
"SENS-8071","2025-09-24 02:00:00","MAC-10","82.51","339.78","1.097"
"SENS-8072","2025-09-24 02:00:00","MAC-11","105.64","329.67","0.98"
"SENS-8073","2025-09-24 03:00:00","MAC-10","117.62","305.11","1.05"
"SENS-8074","2025-09-24 03:00:00","MAC-11","106.83","324.61","0.994"
"SENS-8075","2025-09-24 04:00:00","MAC-10","91.37","306.62","0.71"
"SENS-8076","2025-09-24 04:00:00","MAC-11","106.08","349.14","1.365"
"SENS-8077","2025-09-24 05:00:00","MAC-10","113.56","319.93","0.889"
"SENS-8078","2025-09-24 05:00:00","MAC-11","101.9","321.98","0.5"
"SENS-8079","2025-07-05 00:00:00","MAC-20","107.76","305.47","0.953"
"SENS-8080","2025-07-05 00:00:00","MAC-21","118.21","308.25","0.605"
"SENS-8081","2025-07-05 01:00:00","MAC-20","95.22","329.9","1.056"
"SENS-8082","2025-07-05 01:00:00","MAC-21","104.5","320.68","1.45"
"SENS-8083","2025-07-05 02:00:00","MAC-20","84.07","344.13","0.707"
"SENS-8084","2025-07-05 02:00:00","MAC-21","86.14","321.64","0.781"
"SENS-8085","2025-07-05 03:00:00","MAC-20","82.2","304.18","0.858"
"SENS-8086","2025-07-05 03:00:00","MAC-21","109.37","310.91","0.524"
"SENS-8087","2025-07-05 04:00:00","MAC-20","83.9","334.22","0.651"
"SENS-8088","2025-07-05 04:00:00","MAC-21","94.51","323.13","0.764"
"SENS-8089","2025-07-05 05:00:00","MAC-20","104.43","309.32","1.337"
"SENS-8090","2025-07-05 05:00:00","MAC-21","91.7","346.37","0.763"
"SENS-8091","2025-07-05 06:00:00","MAC-20","98.54","338.9","1.234"
"SENS-8092","2025-07-05 06:00:00","MAC-21","104.44","309.28","1.313"
"SENS-8093","2025-07-05 07:00:00","MAC-20","94.4","349.07","1.43"
"SENS-8094","2025-07-05 07:00:00","MAC-21","105.14","340.9","1.059"
"SENS-8095","2025-07-05 08:00:00","MAC-20","103.96","345.54","0.98"
"SENS-8096","2025-07-05 08:00:00","MAC-21","102.11","302.42","0.513"
"SENS-8097","2025-08-12 00:00:00","MAC-30","107.38","343.4","1.068"
"SENS-8098","2025-08-12 00:00:00","MAC-31","109.98","339.98","0.666"
"SENS-8099","2025-08-12 01:00:00","MAC-30","92.63","335.79","0.514"
"SENS-8100","2025-08-12 01:00:00","MAC-31","97.52","318.65","0.713"
"SENS-8101","2025-08-12 02:00:00","MAC-30","80.33","302.15","1.436"
"SENS-8102","2025-08-12 02:00:00","MAC-31","80.26","323.63","1.461"
"SENS-8103","2025-08-12 03:00:00","MAC-30","116.43","328.54","1.022"
"SENS-8104","2025-08-12 03:00:00","MAC-31","93","334.24","1.158"
"SENS-8105","2025-08-12 04:00:00","MAC-30","81.21","332.67","1.378"
"SENS-8106","2025-08-12 04:00:00","MAC-31","99.76","335.35","0.622"
"SENS-8107","2025-08-12 05:00:00","MAC-30","112.19","310.59","1.392"
"SENS-8108","2025-08-12 05:00:00","MAC-31","86.47","335.34","0.843"
"SENS-8109","2025-08-12 06:00:00","MAC-30","108.35","346.07","1.411"
"SENS-8110","2025-08-12 06:00:00","MAC-31","89.57","316.93","1.47"
"SENS-8111","2025-08-12 07:00:00","MAC-30","102.03","325.15","0.99"
"SENS-8112","2025-08-12 07:00:00","MAC-31","90.19","347.52","1.492"
"SENS-8113","2025-08-12 08:00:00","MAC-30","96.57","322.04","0.59"
"SENS-8114","2025-08-12 08:00:00","MAC-31","113.12","340.54","0.905"
"SENS-8115","2025-10-23 00:00:00","MAC-20","119.72","313.14","1.169"
"SENS-8116","2025-10-23 00:00:00","MAC-21","90.19","334.71","1.212"
"SENS-8117","2025-10-23 01:00:00","MAC-20","81.62","346.06","0.72"
"SENS-8118","2025-10-23 01:00:00","MAC-21","110.42","304.55","1.32"
"SENS-8119","2025-10-23 02:00:00","MAC-20","116.85","331","0.633"
"SENS-8120","2025-10-23 02:00:00","MAC-21","118.02","312.31","0.52"
"SENS-8121","2025-10-23 03:00:00","MAC-20","114.18","325.03","1.08"
"SENS-8122","2025-10-23 03:00:00","MAC-21","103.94","333.42","1.105"
"SENS-8123","2025-07-14 00:00:00","MAC-20","89.73","336.01","1.252"
"SENS-8124","2025-07-14 00:00:00","MAC-21","100.49","347.01","1.262"
"SENS-8125","2025-07-14 01:00:00","MAC-20","115.07","336.79","0.652"
"SENS-8126","2025-07-14 01:00:00","MAC-21","118.27","303.42","0.55"
"SENS-8127","2025-07-14 02:00:00","MAC-20","97.94","341.98","0.538"
"SENS-8128","2025-07-14 02:00:00","MAC-21","105.24","318.18","0.853"
"SENS-8129","2025-07-14 03:00:00","MAC-20","106.47","332.84","0.809"
"SENS-8130","2025-07-14 03:00:00","MAC-21","110.87","318.43","1.187"
"SENS-8131","2025-07-14 04:00:00","MAC-20","112.78","324.57","1.25"
"SENS-8132","2025-07-14 04:00:00","MAC-21","97.84","321.92","0.941"
"SENS-8133","2025-07-14 05:00:00","MAC-20","104.05","330.55","1.256"
"SENS-8134","2025-07-14 05:00:00","MAC-21","113.93","338.27","0.527"
"SENS-8135","2025-05-09 00:00:00","MAC-30","100.28","312.89","1.349"
"SENS-8136","2025-05-09 00:00:00","MAC-31","81.27","324.29","1.13"
"SENS-8137","2025-05-09 01:00:00","MAC-30","86.83","315.14","1.058"
"SENS-8138","2025-05-09 01:00:00","MAC-31","82.33","322.84","0.866"
"SENS-8139","2025-05-09 02:00:00","MAC-30","102.36","320.76","0.531"
"SENS-8140","2025-05-09 02:00:00","MAC-31","92.63","327.61","1.038"
"SENS-8141","2025-05-09 03:00:00","MAC-30","84.7","300.61","0.729"
"SENS-8142","2025-05-09 03:00:00","MAC-31","91.84","312.17","0.654"
"SENS-8143","2025-05-09 04:00:00","MAC-30","95.44","309.64","0.752"
"SENS-8144","2025-05-09 04:00:00","MAC-31","117.76","318.59","0.844"
"SENS-8145","2025-05-09 05:00:00","MAC-30","107.65","302.42","0.671"
"SENS-8146","2025-05-09 05:00:00","MAC-31","85.78","318.78","0.866"
"SENS-8147","2025-05-09 06:00:00","MAC-30","96.28","300.18","0.768"
"SENS-8148","2025-05-09 06:00:00","MAC-31","95.94","317.72","1.493"
"SENS-8149","2025-05-09 07:00:00","MAC-30","113.03","321.2","0.968"
"SENS-8150","2025-05-09 07:00:00","MAC-31","95.02","313.18","0.611"
"SENS-8151","2025-05-09 08:00:00","MAC-30","106.18","340.76","0.581"
"SENS-8152","2025-05-09 08:00:00","MAC-31","103.65","324.17","1.256"
"SENS-8153","2025-05-09 09:00:00","MAC-30","93.59","330.55","1.205"
"SENS-8154","2025-05-09 09:00:00","MAC-31","113.73","330.85","1.033"
"SENS-8155","2025-05-09 10:00:00","MAC-30","112.83","300.01","0.744"
"SENS-8156","2025-05-09 10:00:00","MAC-31","104.55","317.05","1.447"
"SENS-8157","2025-05-09 11:00:00","MAC-30","105.52","343.28","0.806"
"SENS-8158","2025-05-09 11:00:00","MAC-31","108.36","341.37","1.388"
"SENS-8159","2025-05-12 00:00:00","MAC-30","94.36","335.82","0.966"
"SENS-8160","2025-05-12 00:00:00","MAC-31","110.28","315.04","1.39"
"SENS-8161","2025-05-12 01:00:00","MAC-30","114.61","325.95","0.819"
"SENS-8162","2025-05-12 01:00:00","MAC-31","99.21","336.12","1.208"
"SENS-8163","2025-05-12 02:00:00","MAC-30","82.73","334.57","1.044"
"SENS-8164","2025-05-12 02:00:00","MAC-31","119.6","312.4","0.816"
"SENS-8165","2025-05-12 03:00:00","MAC-30","107.21","311.63","0.594"
"SENS-8166","2025-05-12 03:00:00","MAC-31","100.61","344.82","0.763"
"SENS-8167","2025-05-12 04:00:00","MAC-30","116.22","308.16","1.215"
"SENS-8168","2025-05-12 04:00:00","MAC-31","87.16","314.89","0.635"
"SENS-8169","2025-05-12 05:00:00","MAC-30","90.15","342.91","1.357"
"SENS-8170","2025-05-12 05:00:00","MAC-31","112.92","322.2","1.241"
"SENS-8171","2025-05-12 06:00:00","MAC-30","115.31","347.78","0.755"
"SENS-8172","2025-05-12 06:00:00","MAC-31","91.86","346.97","0.737"
"SENS-8173","2025-05-12 07:00:00","MAC-30","94.71","328.7","0.651"
"SENS-8174","2025-05-12 07:00:00","MAC-31","104.53","330.78","0.66"
"SENS-8175","2025-06-22 00:00:00","MAC-10","112.28","322.11","1.046"
"SENS-8176","2025-06-22 00:00:00","MAC-11","105.02","304.04","1.402"
"SENS-8177","2025-06-22 01:00:00","MAC-10","92.27","324.23","0.821"
"SENS-8178","2025-06-22 01:00:00","MAC-11","83.25","318.83","1.48"
"SENS-8179","2025-06-22 02:00:00","MAC-10","82.14","317.57","1.014"
"SENS-8180","2025-06-22 02:00:00","MAC-11","114.63","337.77","0.622"
"SENS-8181","2025-06-22 03:00:00","MAC-10","111.2","348.28","1.344"
"SENS-8182","2025-06-22 03:00:00","MAC-11","110.75","323.33","0.849"
"SENS-8183","2025-06-22 04:00:00","MAC-10","119.2","338.06","0.857"
"SENS-8184","2025-06-22 04:00:00","MAC-11","108.76","327.18","1.335"
"SENS-8185","2025-06-22 05:00:00","MAC-10","86.21","312.45","1.119"
"SENS-8186","2025-06-22 05:00:00","MAC-11","91.52","348.61","1.014"
"SENS-8187","2025-06-22 06:00:00","MAC-10","96.18","335.9","1.097"
"SENS-8188","2025-06-22 06:00:00","MAC-11","81.66","313.92","0.558"
"SENS-8189","2025-06-22 07:00:00","MAC-10","92.58","316.88","0.996"
"SENS-8190","2025-06-22 07:00:00","MAC-11","111.54","318.69","1.355"
"SENS-8191","2025-06-22 08:00:00","MAC-10","114.17","328.61","0.888"
"SENS-8192","2025-06-22 08:00:00","MAC-11","107.81","338.05","1.21"
"SENS-8193","2026-01-19 00:00:00","MAC-30","111.07","308.33","0.714"
"SENS-8194","2026-01-19 00:00:00","MAC-31","81.62","337.41","0.965"
"SENS-8195","2026-01-19 01:00:00","MAC-30","90.15","332.35","0.606"
"SENS-8196","2026-01-19 01:00:00","MAC-31","88.29","339.28","0.915"
"SENS-8197","2026-01-19 02:00:00","MAC-30","91.83","347.52","1.09"
"SENS-8198","2026-01-19 02:00:00","MAC-31","80.76","333.85","0.752"
"SENS-8199","2026-01-19 03:00:00","MAC-30","118.22","302.82","1.253"
"SENS-8200","2026-01-19 03:00:00","MAC-31","107.55","300.99","1.126"
"SENS-8201","2026-01-19 04:00:00","MAC-30","114.03","329.17","1.191"
"SENS-8202","2026-01-19 04:00:00","MAC-31","106.59","314.74","1.347"
"SENS-8203","2025-08-17 00:00:00","MAC-20","106.01","340.41","0.764"
"SENS-8204","2025-08-17 00:00:00","MAC-21","98.3","342.33","0.838"
"SENS-8205","2025-08-17 01:00:00","MAC-20","88.48","310.03","1.118"
"SENS-8206","2025-08-17 01:00:00","MAC-21","117.9","336.62","1.46"
"SENS-8207","2025-08-17 02:00:00","MAC-20","93.93","308.83","0.738"
"SENS-8208","2025-08-17 02:00:00","MAC-21","115.27","325.41","1.01"
"SENS-8209","2025-08-17 03:00:00","MAC-20","81.93","349.46","1.029"
"SENS-8210","2025-08-17 03:00:00","MAC-21","101.36","316.53","1.075"
"SENS-8211","2025-08-17 04:00:00","MAC-20","87.31","310.53","1.47"
"SENS-8212","2025-08-17 04:00:00","MAC-21","88.05","316.39","1.219"
"SENS-8213","2025-08-17 05:00:00","MAC-20","86.85","329","1.279"
"SENS-8214","2025-08-17 05:00:00","MAC-21","86.11","347.9","1.124"
"SENS-8215","2025-11-08 00:00:00","MAC-10","91.88","329.3","1.15"
"SENS-8216","2025-11-08 00:00:00","MAC-11","101.65","303.76","0.62"
"SENS-8217","2025-11-08 01:00:00","MAC-10","110.19","334.14","1.107"
"SENS-8218","2025-11-08 01:00:00","MAC-11","82.11","339.13","1.203"
"SENS-8219","2025-11-08 02:00:00","MAC-10","96.91","313.65","1.129"
"SENS-8220","2025-11-08 02:00:00","MAC-11","93.75","322.37","0.878"
"SENS-8221","2025-11-08 03:00:00","MAC-10","93.65","319.25","0.961"
"SENS-8222","2025-11-08 03:00:00","MAC-11","104.51","322.55","0.732"
"SENS-8223","2025-11-08 04:00:00","MAC-10","111.6","349.97","1.166"
"SENS-8224","2025-11-08 04:00:00","MAC-11","86.14","347.31","1.48"
"SENS-8225","2025-11-08 05:00:00","MAC-10","105.1","313.95","0.906"
"SENS-8226","2025-11-08 05:00:00","MAC-11","110.52","315.8","1.134"
"SENS-8227","2025-11-08 06:00:00","MAC-10","114.54","321.75","1.422"
"SENS-8228","2025-11-08 06:00:00","MAC-11","87.19","304.95","0.644"
"SENS-8229","2025-11-08 07:00:00","MAC-10","108.81","336.75","1.362"
"SENS-8230","2025-11-08 07:00:00","MAC-11","91.12","340.15","1.181"
"SENS-8231","2025-11-08 08:00:00","MAC-10","115.43","319.74","0.903"
"SENS-8232","2025-11-08 08:00:00","MAC-11","91.69","326.94","1.064"
"SENS-8233","2025-11-08 09:00:00","MAC-10","92.82","322.26","0.989"
"SENS-8234","2025-11-08 09:00:00","MAC-11","102.8","323.45","0.535"
"SENS-8235","2025-11-08 10:00:00","MAC-10","110.63","346.04","1.387"
"SENS-8236","2025-11-08 10:00:00","MAC-11","102.65","326.41","0.782"
"SENS-8237","2025-11-08 11:00:00","MAC-10","111.81","344.97","1.198"
"SENS-8238","2025-11-08 11:00:00","MAC-11","108.81","301.12","1.455"
"SENS-8239","2025-11-08 12:00:00","MAC-10","86.4","326.21","1.433"
"SENS-8240","2025-11-08 12:00:00","MAC-11","90.97","337.83","0.753"
"SENS-8241","2025-05-06 00:00:00","MAC-10","90.36","301.48","0.76"
"SENS-8242","2025-05-06 00:00:00","MAC-11","103.98","347.33","1.083"
"SENS-8243","2025-05-06 01:00:00","MAC-10","115.51","333.92","0.848"
"SENS-8244","2025-05-06 01:00:00","MAC-11","118.33","340.64","1.246"
"SENS-8245","2025-05-06 02:00:00","MAC-10","87.27","339.38","0.548"
"SENS-8246","2025-05-06 02:00:00","MAC-11","89.66","330.24","0.514"
"SENS-8247","2025-05-06 03:00:00","MAC-10","108.27","306.65","1.155"
"SENS-8248","2025-05-06 03:00:00","MAC-11","82.93","308.21","1.258"
"SENS-8249","2025-05-06 04:00:00","MAC-10","97.46","323.47","0.981"
"SENS-8250","2025-05-06 04:00:00","MAC-11","119.66","338.66","1.176"
"SENS-8251","2025-05-06 05:00:00","MAC-10","119.49","331.82","1.444"
"SENS-8252","2025-05-06 05:00:00","MAC-11","84.59","341.1","1.412"
"SENS-8253","2025-05-06 06:00:00","MAC-10","83.61","343.13","0.933"
"SENS-8254","2025-05-06 06:00:00","MAC-11","85.25","328.69","1.139"
"SENS-8255","2025-05-06 07:00:00","MAC-10","81.32","315.94","0.583"
"SENS-8256","2025-05-06 07:00:00","MAC-11","118.87","313.95","0.908"
"SENS-8257","2025-05-06 08:00:00","MAC-10","83.08","309.86","1.142"
"SENS-8258","2025-05-06 08:00:00","MAC-11","119.11","326.28","1.407"
"SENS-8259","2025-05-06 09:00:00","MAC-10","105.67","337.83","0.684"
"SENS-8260","2025-05-06 09:00:00","MAC-11","110.69","321.25","1.47"
"SENS-8261","2025-05-06 10:00:00","MAC-10","99.14","331.72","0.884"
"SENS-8262","2025-05-06 10:00:00","MAC-11","83.27","328.46","1.479"
"SENS-8263","2025-05-06 11:00:00","MAC-10","94.3","322.06","1.433"
"SENS-8264","2025-05-06 11:00:00","MAC-11","80.47","315.33","1.477"
"SENS-8265","2025-05-06 12:00:00","MAC-10","96.95","305.92","0.646"
"SENS-8266","2025-05-06 12:00:00","MAC-11","102.76","326.61","1.151"
"SENS-8267","2025-05-06 13:00:00","MAC-10","117.72","335.95","1.078"
"SENS-8268","2025-05-06 13:00:00","MAC-11","90.31","332.8","0.87"
"SENS-8269","2025-05-06 14:00:00","MAC-10","87.7","311.69","0.697"
"SENS-8270","2025-05-06 14:00:00","MAC-11","101.54","324.81","0.578"
"SENS-8271","2025-11-24 00:00:00","MAC-20","116.6","347.5","0.761"
"SENS-8272","2025-11-24 00:00:00","MAC-21","92.19","349.03","0.711"
"SENS-8273","2025-11-24 01:00:00","MAC-20","87.36","314.95","1.102"
"SENS-8274","2025-11-24 01:00:00","MAC-21","89.08","333.8","1.303"
"SENS-8275","2025-11-24 02:00:00","MAC-20","87.65","318.27","1.395"
"SENS-8276","2025-11-24 02:00:00","MAC-21","84.59","313.42","0.858"
"SENS-8277","2025-11-24 03:00:00","MAC-20","100.6","325.5","0.719"
"SENS-8278","2025-11-24 03:00:00","MAC-21","89.51","337.43","0.976"
"SENS-8279","2025-11-24 04:00:00","MAC-20","91.91","322.58","1.474"
"SENS-8280","2025-11-24 04:00:00","MAC-21","117.29","337.82","1.255"
"SENS-8281","2025-11-24 05:00:00","MAC-20","81.53","308.69","0.8"
"SENS-8282","2025-11-24 05:00:00","MAC-21","117.75","320.54","0.825"
"SENS-8283","2025-11-24 06:00:00","MAC-20","85.09","345.89","1.19"
"SENS-8284","2025-11-24 06:00:00","MAC-21","91.82","326.85","1.388"
"SENS-8285","2025-11-24 07:00:00","MAC-20","108.28","333.98","1.349"
"SENS-8286","2025-11-24 07:00:00","MAC-21","91.29","329.97","1.232"
"SENS-8287","2025-11-24 08:00:00","MAC-20","105.6","301.98","1.255"
"SENS-8288","2025-11-24 08:00:00","MAC-21","81.17","316.03","1.306"
"SENS-8289","2025-11-24 09:00:00","MAC-20","102.26","334.94","1.383"
"SENS-8290","2025-11-24 09:00:00","MAC-21","97.8","310.18","1.062"
"SENS-8291","2025-11-24 10:00:00","MAC-20","117.02","328.98","1.478"
"SENS-8292","2025-11-24 10:00:00","MAC-21","80.78","304.24","0.571"
"SENS-8293","2026-01-22 00:00:00","MAC-20","82.9","313.79","0.696"
"SENS-8294","2026-01-22 00:00:00","MAC-21","93.18","304","1.427"
"SENS-8295","2026-01-22 01:00:00","MAC-20","115.23","321.07","0.948"
"SENS-8296","2026-01-22 01:00:00","MAC-21","97.99","331.07","0.616"
"SENS-8297","2026-01-22 02:00:00","MAC-20","97.83","331.21","1.234"
"SENS-8298","2026-01-22 02:00:00","MAC-21","91.66","312.44","0.726"
"SENS-8299","2026-01-22 03:00:00","MAC-20","82.64","328.1","0.552"
"SENS-8300","2026-01-22 03:00:00","MAC-21","117.59","303.26","0.649"
"SENS-8301","2026-01-22 04:00:00","MAC-20","85.76","323.46","0.516"
"SENS-8302","2026-01-22 04:00:00","MAC-21","80.57","305.57","1.354"
"SENS-8303","2026-01-22 05:00:00","MAC-20","100.96","317.58","1.127"
"SENS-8304","2026-01-22 05:00:00","MAC-21","85.25","341.47","0.979"
"SENS-8305","2026-01-22 06:00:00","MAC-20","87.43","326.54","1.019"
"SENS-8306","2026-01-22 06:00:00","MAC-21","91.28","305.33","0.626"
"SENS-8307","2026-01-22 07:00:00","MAC-20","112.36","321.82","0.546"
"SENS-8308","2026-01-22 07:00:00","MAC-21","87.41","328.67","0.592"
"SENS-8309","2026-01-22 08:00:00","MAC-20","112.1","315.49","0.536"
"SENS-8310","2026-01-22 08:00:00","MAC-21","83.39","317.27","1.122"
"SENS-8311","2026-01-22 09:00:00","MAC-20","114.76","326.56","1.316"
"SENS-8312","2026-01-22 09:00:00","MAC-21","100.63","330.93","1.223"
"SENS-8313","2026-01-22 10:00:00","MAC-20","113.13","339.1","0.853"
"SENS-8314","2026-01-22 10:00:00","MAC-21","116.89","335.58","0.869"
"SENS-8315","2026-01-22 11:00:00","MAC-20","108.56","338.26","1.286"
"SENS-8316","2026-01-22 11:00:00","MAC-21","89.93","337.71","1.237"
"SENS-8317","2026-01-22 12:00:00","MAC-20","94.04","331.56","0.557"
"SENS-8318","2026-01-22 12:00:00","MAC-21","116.02","319.92","1.246"
"SENS-8319","2026-01-22 13:00:00","MAC-20","92.75","330.56","1.017"
"SENS-8320","2026-01-22 13:00:00","MAC-21","119","335.42","0.625"
"SENS-8321","2026-01-22 14:00:00","MAC-20","88.51","310.33","1.142"
"SENS-8322","2026-01-22 14:00:00","MAC-21","114.59","308.37","0.57"
"SENS-8323","2026-01-22 15:00:00","MAC-20","92.35","322.29","1.029"
"SENS-8324","2026-01-22 15:00:00","MAC-21","91.23","318.1","1.42"
"SENS-8325","2026-01-22 16:00:00","MAC-20","85.14","332.75","0.827"
"SENS-8326","2026-01-22 16:00:00","MAC-21","99.42","325.8","0.618"
"SENS-8327","2025-09-15 00:00:00","MAC-20","105.19","303.34","1.131"
"SENS-8328","2025-09-15 00:00:00","MAC-21","107.51","307.22","1.479"
"SENS-8329","2025-09-15 01:00:00","MAC-20","95.76","339.67","0.574"
"SENS-8330","2025-09-15 01:00:00","MAC-21","116.24","312.25","1.003"
"SENS-8331","2025-09-15 02:00:00","MAC-20","87.72","327.28","1.034"
"SENS-8332","2025-09-15 02:00:00","MAC-21","102.92","338.8","1.384"
"SENS-8333","2025-09-15 03:00:00","MAC-20","93.7","340.87","1.011"
"SENS-8334","2025-09-15 03:00:00","MAC-21","109.92","313.84","0.686"
"SENS-8335","2026-01-10 00:00:00","MAC-20","86.86","346.62","1.088"
"SENS-8336","2026-01-10 00:00:00","MAC-21","118.2","307.8","0.732"
"SENS-8337","2026-01-10 01:00:00","MAC-20","97.24","322.4","0.698"
"SENS-8338","2026-01-10 01:00:00","MAC-21","101.28","340.58","0.97"
"SENS-8339","2026-01-10 02:00:00","MAC-20","89.59","341.8","1.078"
"SENS-8340","2026-01-10 02:00:00","MAC-21","81.18","349.59","0.526"
"SENS-8341","2026-01-10 03:00:00","MAC-20","116.49","323.01","1.054"
"SENS-8342","2026-01-10 03:00:00","MAC-21","80.47","309.61","1.404"
"SENS-8343","2026-01-10 04:00:00","MAC-20","88.17","305.19","0.619"
"SENS-8344","2026-01-10 04:00:00","MAC-21","114.04","311.33","1.164"
"SENS-8345","2026-01-10 05:00:00","MAC-20","115.39","306.3","0.879"
"SENS-8346","2026-01-10 05:00:00","MAC-21","93.98","342.68","1.326"
"SENS-8347","2025-06-12 00:00:00","MAC-30","91.08","339.54","1.462"
"SENS-8348","2025-06-12 00:00:00","MAC-31","83.79","321.33","0.85"
"SENS-8349","2025-06-12 01:00:00","MAC-30","102.68","303.35","1.315"
"SENS-8350","2025-06-12 01:00:00","MAC-31","115.3","333.67","1.305"
"SENS-8351","2025-06-12 02:00:00","MAC-30","99.91","335.7","1.472"
"SENS-8352","2025-06-12 02:00:00","MAC-31","91.62","311.73","0.789"
"SENS-8353","2025-06-12 03:00:00","MAC-30","104.76","309.7","0.585"
"SENS-8354","2025-06-12 03:00:00","MAC-31","105.99","338.58","1.387"
"SENS-8355","2025-06-12 04:00:00","MAC-30","93.55","317.06","1.023"
"SENS-8356","2025-06-12 04:00:00","MAC-31","80.61","338.14","1.157"
"SENS-8357","2025-06-12 05:00:00","MAC-30","81.52","334.4","0.57"
"SENS-8358","2025-06-12 05:00:00","MAC-31","94.67","329.82","1.288"
"SENS-8359","2026-03-30 00:00:00","MAC-20","100.61","314.05","1.143"
"SENS-8360","2026-03-30 00:00:00","MAC-21","91.81","340.47","1.287"
"SENS-8361","2026-03-30 01:00:00","MAC-20","92","325.59","0.98"
"SENS-8362","2026-03-30 01:00:00","MAC-21","93.51","307.02","0.915"
"SENS-8363","2026-03-30 02:00:00","MAC-20","85.92","331.98","0.952"
"SENS-8364","2026-03-30 02:00:00","MAC-21","115.11","335.02","0.566"
"SENS-8365","2026-03-30 03:00:00","MAC-20","80.15","349.61","1.196"
"SENS-8366","2026-03-30 03:00:00","MAC-21","104.13","311.98","1.489"
"SENS-8367","2026-03-30 04:00:00","MAC-20","96.05","303.55","1.433"
"SENS-8368","2026-03-30 04:00:00","MAC-21","91.53","307.14","1.328"
"SENS-8369","2025-07-05 00:00:00","MAC-20","118.55","346.47","1.014"
"SENS-8370","2025-07-05 00:00:00","MAC-21","94.5","346.12","1.298"
"SENS-8371","2025-07-05 01:00:00","MAC-20","104.14","325.13","1.447"
"SENS-8372","2025-07-05 01:00:00","MAC-21","91.14","307.84","1.11"
"SENS-8373","2025-07-05 02:00:00","MAC-20","110.42","320.13","0.706"
"SENS-8374","2025-07-05 02:00:00","MAC-21","116.04","303.97","0.95"
"SENS-8375","2025-07-05 03:00:00","MAC-20","114.03","312.37","0.666"
"SENS-8376","2025-07-05 03:00:00","MAC-21","94.47","310.39","1.302"
"SENS-8377","2025-07-05 04:00:00","MAC-20","94.18","315.01","1.341"
"SENS-8378","2025-07-05 04:00:00","MAC-21","85.17","339.25","1.387"
"SENS-8379","2025-07-05 05:00:00","MAC-20","105.97","302.05","1.082"
"SENS-8380","2025-07-05 05:00:00","MAC-21","94.57","330.89","0.84"
"SENS-8381","2025-07-05 06:00:00","MAC-20","110.65","336.58","1.376"
"SENS-8382","2025-07-05 06:00:00","MAC-21","103.48","316.55","1.469"
"SENS-8383","2025-07-13 00:00:00","MAC-10","111.55","310.19","1.155"
"SENS-8384","2025-07-13 00:00:00","MAC-11","94.4","348.42","0.724"
"SENS-8385","2025-07-13 01:00:00","MAC-10","96.46","345","0.667"
"SENS-8386","2025-07-13 01:00:00","MAC-11","117.63","312.43","0.622"
"SENS-8387","2025-07-13 02:00:00","MAC-10","112.58","318.94","0.947"
"SENS-8388","2025-07-13 02:00:00","MAC-11","104.26","344.68","1.081"
"SENS-8389","2025-07-13 03:00:00","MAC-10","102.07","340.65","0.925"
"SENS-8390","2025-07-13 03:00:00","MAC-11","113.75","325.83","0.677"
"SENS-8391","2025-07-13 04:00:00","MAC-10","104","343.74","1.212"
"SENS-8392","2025-07-13 04:00:00","MAC-11","116.03","332.59","0.838"
"SENS-8393","2025-07-13 05:00:00","MAC-10","102.95","305.46","1.288"
"SENS-8394","2025-07-13 05:00:00","MAC-11","84.95","330.8","1.383"
"SENS-8395","2025-07-13 06:00:00","MAC-10","105.86","324.06","0.616"
"SENS-8396","2025-07-13 06:00:00","MAC-11","100.24","348.63","1.451"
"SENS-8397","2025-07-13 07:00:00","MAC-10","116.42","334.68","1.114"
"SENS-8398","2025-07-13 07:00:00","MAC-11","97.94","322.79","0.845"
"SENS-8399","2025-07-13 08:00:00","MAC-10","99.91","307.13","1.152"
"SENS-8400","2025-07-13 08:00:00","MAC-11","90.75","332.57","1.337"
"SENS-8401","2025-08-26 00:00:00","MAC-10","115.44","311.95","1.051"
"SENS-8402","2025-08-26 00:00:00","MAC-11","114.45","328.02","0.781"
"SENS-8403","2025-08-26 01:00:00","MAC-10","101.29","332.73","1.319"
"SENS-8404","2025-08-26 01:00:00","MAC-11","103.06","303.54","0.67"
"SENS-8405","2025-08-26 02:00:00","MAC-10","108.81","306.48","1.32"
"SENS-8406","2025-08-26 02:00:00","MAC-11","105.77","325.15","1.012"
"SENS-8407","2025-08-26 03:00:00","MAC-10","86.33","307.19","0.709"
"SENS-8408","2025-08-26 03:00:00","MAC-11","119.47","300.45","1.222"
"SENS-8409","2025-08-26 04:00:00","MAC-10","117.88","320.81","1.318"
"SENS-8410","2025-08-26 04:00:00","MAC-11","119.56","318.32","1.463"
"SENS-8411","2025-08-26 05:00:00","MAC-10","94.73","307.89","0.948"
"SENS-8412","2025-08-26 05:00:00","MAC-11","100.76","309.97","0.542"
"SENS-8413","2025-08-26 06:00:00","MAC-10","116.71","335.55","1.125"
"SENS-8414","2025-08-26 06:00:00","MAC-11","115.07","326.31","1.385"
"SENS-8415","2025-08-26 07:00:00","MAC-10","100.81","338.03","1.437"
"SENS-8416","2025-08-26 07:00:00","MAC-11","82.89","314.06","0.988"
"SENS-8417","2025-08-26 08:00:00","MAC-10","85.54","323.21","1.437"
"SENS-8418","2025-08-26 08:00:00","MAC-11","95.05","345.87","1.49"
"SENS-8419","2025-08-26 09:00:00","MAC-10","89.82","349.41","0.511"
"SENS-8420","2025-08-26 09:00:00","MAC-11","111.17","315.89","0.773"
"SENS-8421","2025-08-26 10:00:00","MAC-10","86.9","346.29","0.982"
"SENS-8422","2025-08-26 10:00:00","MAC-11","90.28","336.81","0.639"
"SENS-8423","2025-08-15 00:00:00","MAC-10","114.03","343.06","1.4"
"SENS-8424","2025-08-15 00:00:00","MAC-11","83.1","312.96","0.925"
"SENS-8425","2025-08-15 01:00:00","MAC-10","97.04","338.81","1.269"
"SENS-8426","2025-08-15 01:00:00","MAC-11","110.13","309.97","1.022"
"SENS-8427","2025-08-15 02:00:00","MAC-10","115.91","323.45","0.632"
"SENS-8428","2025-08-15 02:00:00","MAC-11","106","340.42","1.254"
"SENS-8429","2025-08-15 03:00:00","MAC-10","103.14","346.28","1.387"
"SENS-8430","2025-08-15 03:00:00","MAC-11","115.39","349.75","0.612"
"SENS-8431","2025-08-25 00:00:00","MAC-20","108.48","322.49","0.796"
"SENS-8432","2025-08-25 00:00:00","MAC-21","114.88","335.75","0.534"
"SENS-8433","2025-08-25 01:00:00","MAC-20","104.01","338.51","1.176"
"SENS-8434","2025-08-25 01:00:00","MAC-21","96.03","322.43","0.611"
"SENS-8435","2025-08-25 02:00:00","MAC-20","81.8","346.97","0.576"
"SENS-8436","2025-08-25 02:00:00","MAC-21","114.88","301.24","1.156"
"SENS-8437","2025-08-25 03:00:00","MAC-20","96.55","330.91","0.517"
"SENS-8438","2025-08-25 03:00:00","MAC-21","116.85","317.3","0.865"
"SENS-8439","2025-08-25 04:00:00","MAC-20","99.88","300.24","0.848"
"SENS-8440","2025-08-25 04:00:00","MAC-21","103.62","330.62","0.524"
"SENS-8441","2025-08-25 05:00:00","MAC-20","91.93","327.86","1.042"
"SENS-8442","2025-08-25 05:00:00","MAC-21","107.73","303.47","0.513"
"SENS-8443","2025-08-25 06:00:00","MAC-20","103.56","324.91","1.147"
"SENS-8444","2025-08-25 06:00:00","MAC-21","113.81","332.76","0.829"
"SENS-8445","2025-08-25 07:00:00","MAC-20","110.81","335.04","1.011"
"SENS-8446","2025-08-25 07:00:00","MAC-21","95.7","343.52","0.693"
"SENS-8447","2025-08-25 08:00:00","MAC-20","113.49","312.99","0.865"
"SENS-8448","2025-08-25 08:00:00","MAC-21","82.2","332.44","0.524"
"SENS-8449","2025-08-25 09:00:00","MAC-20","95.62","347.3","1.416"
"SENS-8450","2025-08-25 09:00:00","MAC-21","115.12","340.39","1.008"
"SENS-8451","2025-08-25 10:00:00","MAC-20","107.55","331.02","1.076"
"SENS-8452","2025-08-25 10:00:00","MAC-21","93.49","343.86","1.057"
"SENS-8453","2025-08-25 11:00:00","MAC-20","87.55","337.64","0.648"
"SENS-8454","2025-08-25 11:00:00","MAC-21","108.54","317.28","1.436"
"SENS-8455","2025-08-25 12:00:00","MAC-20","115.91","331.24","1.093"
"SENS-8456","2025-08-25 12:00:00","MAC-21","97.27","344.11","1.419"
"SENS-8457","2025-08-25 13:00:00","MAC-20","97.04","335.69","0.68"
"SENS-8458","2025-08-25 13:00:00","MAC-21","113.15","343.49","0.776"
"SENS-8459","2025-08-25 14:00:00","MAC-20","116.32","315.58","1.214"
"SENS-8460","2025-08-25 14:00:00","MAC-21","80.84","331.47","0.941"
"SENS-8461","2025-08-25 15:00:00","MAC-20","104.1","325.17","0.576"
"SENS-8462","2025-08-25 15:00:00","MAC-21","107.77","320.01","1.34"
"SENS-8463","2025-05-30 00:00:00","MAC-20","94.15","347.23","1.047"
"SENS-8464","2025-05-30 00:00:00","MAC-21","98.25","333.39","1.225"
"SENS-8465","2025-05-30 01:00:00","MAC-20","83.85","303.8","1.355"
"SENS-8466","2025-05-30 01:00:00","MAC-21","90.64","303.23","0.598"
"SENS-8467","2025-05-30 02:00:00","MAC-20","119.19","322.5","0.636"
"SENS-8468","2025-05-30 02:00:00","MAC-21","113.94","308.49","1.425"
"SENS-8469","2025-05-30 03:00:00","MAC-20","96.43","301.19","0.818"
"SENS-8470","2025-05-30 03:00:00","MAC-21","111.76","317.7","0.697"
"SENS-8471","2025-05-30 04:00:00","MAC-20","102.58","302.93","0.529"
"SENS-8472","2025-05-30 04:00:00","MAC-21","111.4","348.36","1.191"
"SENS-8473","2025-05-30 05:00:00","MAC-20","84.05","316.65","0.723"
"SENS-8474","2025-05-30 05:00:00","MAC-21","111.92","344.96","0.988"
"SENS-8475","2025-07-31 00:00:00","MAC-20","112.88","318.45","0.931"
"SENS-8476","2025-07-31 00:00:00","MAC-21","93.53","326.41","0.625"
"SENS-8477","2025-07-31 01:00:00","MAC-20","93.25","328.81","1.409"
"SENS-8478","2025-07-31 01:00:00","MAC-21","100.05","323.78","1.231"
"SENS-8479","2025-07-31 02:00:00","MAC-20","87.04","339.51","0.764"
"SENS-8480","2025-07-31 02:00:00","MAC-21","116.91","314.82","1.251"
"SENS-8481","2025-07-31 03:00:00","MAC-20","88.84","344.84","0.847"
"SENS-8482","2025-07-31 03:00:00","MAC-21","104.42","342.65","1.281"
"SENS-8483","2025-07-31 04:00:00","MAC-20","96.11","326.64","1.078"
"SENS-8484","2025-07-31 04:00:00","MAC-21","103.99","310.02","0.745"
"SENS-8485","2025-11-11 00:00:00","MAC-30","94.78","340.7","1.14"
"SENS-8486","2025-11-11 00:00:00","MAC-31","98.16","341.39","1.088"
"SENS-8487","2025-11-11 01:00:00","MAC-30","84.5","339.98","0.998"
"SENS-8488","2025-11-11 01:00:00","MAC-31","109.44","347.33","0.814"
"SENS-8489","2025-11-11 02:00:00","MAC-30","115.95","310.16","1.23"
"SENS-8490","2025-11-11 02:00:00","MAC-31","98.19","340.1","0.515"
"SENS-8491","2025-11-11 03:00:00","MAC-30","110.07","328.98","1.036"
"SENS-8492","2025-11-11 03:00:00","MAC-31","106.35","314.2","1.282"
"SENS-8493","2025-11-11 04:00:00","MAC-30","91.03","336.58","1.415"
"SENS-8494","2025-11-11 04:00:00","MAC-31","119.14","334.36","1.08"
"SENS-8495","2025-11-11 05:00:00","MAC-30","116.22","340.98","0.741"
"SENS-8496","2025-11-11 05:00:00","MAC-31","81.18","344.34","1.403"
"SENS-8497","2025-11-11 06:00:00","MAC-30","114.56","348.94","1.233"
"SENS-8498","2025-11-11 06:00:00","MAC-31","101.84","331.59","0.845"
"SENS-8499","2025-11-11 07:00:00","MAC-30","115.43","347.22","0.819"
"SENS-8500","2025-11-11 07:00:00","MAC-31","101.59","308.96","0.52"
"SENS-8501","2025-11-11 08:00:00","MAC-30","84.92","348.88","1.44"
"SENS-8502","2025-11-11 08:00:00","MAC-31","84.8","344.73","1.378"
"SENS-8503","2025-10-30 00:00:00","MAC-20","110.62","331.03","1.041"
"SENS-8504","2025-10-30 00:00:00","MAC-21","81.03","306.02","0.709"
"SENS-8505","2025-10-30 01:00:00","MAC-20","101.99","304.17","0.501"
"SENS-8506","2025-10-30 01:00:00","MAC-21","98.91","322.13","1.426"
"SENS-8507","2025-10-30 02:00:00","MAC-20","118.11","342.56","1.081"
"SENS-8508","2025-10-30 02:00:00","MAC-21","83.55","315.14","0.985"
"SENS-8509","2025-10-30 03:00:00","MAC-20","97.11","313.42","0.751"
"SENS-8510","2025-10-30 03:00:00","MAC-21","91.85","318.5","1.118"
"SENS-8511","2025-10-30 04:00:00","MAC-20","105.34","340.98","1.222"
"SENS-8512","2025-10-30 04:00:00","MAC-21","108.97","307.34","1.431"
"SENS-8513","2025-10-30 05:00:00","MAC-20","92.76","314.68","0.788"
"SENS-8514","2025-10-30 05:00:00","MAC-21","90.49","337.06","1.412"
"SENS-8515","2025-10-30 06:00:00","MAC-20","83.74","339.31","1.05"
"SENS-8516","2025-10-30 06:00:00","MAC-21","95.99","309.77","1.165"
"SENS-8517","2025-10-30 07:00:00","MAC-20","118.16","313.57","1.356"
"SENS-8518","2025-10-30 07:00:00","MAC-21","89.3","345.87","1.386"
"SENS-8519","2025-10-30 08:00:00","MAC-20","101.09","326.61","0.727"
"SENS-8520","2025-10-30 08:00:00","MAC-21","95.15","326.04","1.304"
"SENS-8521","2025-10-30 09:00:00","MAC-20","119.25","343.61","1.364"
"SENS-8522","2025-10-30 09:00:00","MAC-21","109.84","303.97","0.569"
"SENS-8523","2025-11-19 00:00:00","MAC-10","117.66","304.15","1.396"
"SENS-8524","2025-11-19 00:00:00","MAC-11","81.89","334.18","1.469"
"SENS-8525","2025-11-19 01:00:00","MAC-10","114.85","300.86","0.578"
"SENS-8526","2025-11-19 01:00:00","MAC-11","117.1","347.44","0.501"
"SENS-8527","2025-11-19 02:00:00","MAC-10","82.51","303.64","0.743"
"SENS-8528","2025-11-19 02:00:00","MAC-11","111.05","315.21","0.678"
"SENS-8529","2025-06-22 00:00:00","MAC-30","89.62","322.01","0.924"
"SENS-8530","2025-06-22 00:00:00","MAC-31","83.49","331.08","0.557"
"SENS-8531","2025-06-22 01:00:00","MAC-30","94.05","342.58","0.641"
"SENS-8532","2025-06-22 01:00:00","MAC-31","106.84","311.29","1.303"
"SENS-8533","2025-06-22 02:00:00","MAC-30","80.22","337.91","1.206"
"SENS-8534","2025-06-22 02:00:00","MAC-31","97.11","311.23","1.174"
"SENS-8535","2025-06-22 03:00:00","MAC-30","120","349.01","1.276"
"SENS-8536","2025-06-22 03:00:00","MAC-31","87.45","323.35","1.019"
"SENS-8537","2025-06-22 04:00:00","MAC-30","93.19","323.84","1.044"
"SENS-8538","2025-06-22 04:00:00","MAC-31","115.01","345.76","1.004"
"SENS-8539","2025-06-22 05:00:00","MAC-30","102.71","326.06","1.151"
"SENS-8540","2025-06-22 05:00:00","MAC-31","98.03","349.32","0.83"
"SENS-8541","2025-06-22 06:00:00","MAC-30","98.73","331.54","1.447"
"SENS-8542","2025-06-22 06:00:00","MAC-31","117.4","332.48","1.268"
"SENS-8543","2025-06-22 07:00:00","MAC-30","96.31","332.34","1.229"
"SENS-8544","2025-06-22 07:00:00","MAC-31","85.26","342.39","1.436"
"SENS-8545","2025-06-22 08:00:00","MAC-30","106.17","315.15","1.082"
"SENS-8546","2025-06-22 08:00:00","MAC-31","82.71","302.4","1.294"
"SENS-8547","2025-06-22 09:00:00","MAC-30","94.18","343.34","1.092"
"SENS-8548","2025-06-22 09:00:00","MAC-31","96.16","341.22","0.765"
"SENS-8549","2025-06-22 10:00:00","MAC-30","80.7","348.98","1.381"
"SENS-8550","2025-06-22 10:00:00","MAC-31","113.6","316.37","1.356"
"SENS-8551","2025-06-22 11:00:00","MAC-30","98.08","348.84","1.391"
"SENS-8552","2025-06-22 11:00:00","MAC-31","95.26","307.78","1.325"
"SENS-8553","2025-06-22 12:00:00","MAC-30","82.42","334.69","0.847"
"SENS-8554","2025-06-22 12:00:00","MAC-31","107.05","308.99","0.783"
"SENS-8555","2025-06-22 13:00:00","MAC-30","88.11","300.28","0.705"
"SENS-8556","2025-06-22 13:00:00","MAC-31","81.14","349.23","0.51"
"SENS-8557","2025-06-22 14:00:00","MAC-30","84.46","329.79","0.788"
"SENS-8558","2025-06-22 14:00:00","MAC-31","89.39","337.79","0.81"
"SENS-8559","2025-06-22 15:00:00","MAC-30","80.25","333.86","1.359"
"SENS-8560","2025-06-22 15:00:00","MAC-31","119.73","342.64","0.822"
"SENS-8561","2025-06-22 16:00:00","MAC-30","96.33","323.43","1.119"
"SENS-8562","2025-06-22 16:00:00","MAC-31","81.36","340.83","1.463"
"SENS-8563","2026-03-27 00:00:00","MAC-10","81.96","320.67","0.783"
"SENS-8564","2026-03-27 00:00:00","MAC-11","113.73","301.76","0.706"
"SENS-8565","2026-03-27 01:00:00","MAC-10","103.11","346.06","0.749"
"SENS-8566","2026-03-27 01:00:00","MAC-11","82.63","309.9","1.352"
"SENS-8567","2026-03-27 02:00:00","MAC-10","109.22","343.38","0.838"
"SENS-8568","2026-03-27 02:00:00","MAC-11","80.78","332.89","0.865"
"SENS-8569","2026-03-27 03:00:00","MAC-10","83.57","305.43","1.437"
"SENS-8570","2026-03-27 03:00:00","MAC-11","106.93","306.77","0.718"
"SENS-8571","2026-03-27 04:00:00","MAC-10","107.74","302.08","0.924"
"SENS-8572","2026-03-27 04:00:00","MAC-11","83.45","328.57","1.055"
"SENS-8573","2026-03-27 05:00:00","MAC-10","84.73","319.7","1.204"
"SENS-8574","2026-03-27 05:00:00","MAC-11","103.04","332.84","0.527"
"SENS-8575","2026-03-27 06:00:00","MAC-10","81.6","325.69","0.568"
"SENS-8576","2026-03-27 06:00:00","MAC-11","107.42","326.77","1.421"
"SENS-8577","2026-03-27 07:00:00","MAC-10","102.68","308.21","1.226"
"SENS-8578","2026-03-27 07:00:00","MAC-11","83.15","316.17","1.129"
"SENS-8579","2026-02-06 00:00:00","MAC-10","102.04","330.98","0.86"
"SENS-8580","2026-02-06 00:00:00","MAC-11","114.76","340.43","0.823"
"SENS-8581","2026-02-06 01:00:00","MAC-10","89.93","305.99","0.982"
"SENS-8582","2026-02-06 01:00:00","MAC-11","103.6","336.29","0.724"
"SENS-8583","2026-02-06 02:00:00","MAC-10","96.85","327.12","1.315"
"SENS-8584","2026-02-06 02:00:00","MAC-11","109.27","311.99","0.715"
"SENS-8585","2026-02-06 03:00:00","MAC-10","107.07","344.88","0.866"
"SENS-8586","2026-02-06 03:00:00","MAC-11","86.1","345.1","0.647"
"SENS-8587","2026-02-06 04:00:00","MAC-10","114.33","301.78","1.385"
"SENS-8588","2026-02-06 04:00:00","MAC-11","95.92","323.18","0.645"
"SENS-8589","2026-02-06 05:00:00","MAC-10","82.03","300.41","1.046"
"SENS-8590","2026-02-06 05:00:00","MAC-11","113.38","344.73","1.107"
"SENS-8591","2026-02-06 06:00:00","MAC-10","119.99","325.63","0.685"
"SENS-8592","2026-02-06 06:00:00","MAC-11","80.7","347.7","0.798"
"SENS-8593","2026-02-06 07:00:00","MAC-10","118.57","326.69","0.792"
"SENS-8594","2026-02-06 07:00:00","MAC-11","87.98","330.21","1.052"
"SENS-8595","2026-02-06 08:00:00","MAC-10","117.27","339.19","0.778"
"SENS-8596","2026-02-06 08:00:00","MAC-11","98.78","342.31","1.267"
"SENS-8597","2026-02-06 09:00:00","MAC-10","108.31","334.52","0.787"
"SENS-8598","2026-02-06 09:00:00","MAC-11","91.42","309.48","0.757"
"SENS-8599","2025-07-23 00:00:00","MAC-20","86.48","331.23","1.302"
"SENS-8600","2025-07-23 00:00:00","MAC-21","97.58","325.51","0.689"
"SENS-8601","2025-07-23 01:00:00","MAC-20","86.02","348.32","0.609"
"SENS-8602","2025-07-23 01:00:00","MAC-21","80.49","328.59","0.715"
"SENS-8603","2025-07-23 02:00:00","MAC-20","88.74","302.31","1.273"
"SENS-8604","2025-07-23 02:00:00","MAC-21","89.04","323.22","1.388"
"SENS-8605","2025-04-11 00:00:00","MAC-10","92.75","312.1","1.428"
"SENS-8606","2025-04-11 00:00:00","MAC-11","82.75","316.87","0.884"
"SENS-8607","2025-04-11 01:00:00","MAC-10","86.35","321.97","1.372"
"SENS-8608","2025-04-11 01:00:00","MAC-11","109.08","316.93","0.559"
"SENS-8609","2025-04-11 02:00:00","MAC-10","105.42","300.91","0.764"
"SENS-8610","2025-04-11 02:00:00","MAC-11","83.92","347.48","1.438"
"SENS-8611","2025-04-11 03:00:00","MAC-10","101.42","326.04","0.825"
"SENS-8612","2025-04-11 03:00:00","MAC-11","114.9","329.44","1.474"
"SENS-8613","2025-04-11 04:00:00","MAC-10","80.95","323.31","0.533"
"SENS-8614","2025-04-11 04:00:00","MAC-11","82.79","347.85","0.628"
"SENS-8615","2025-04-11 05:00:00","MAC-10","96.82","314.57","1.009"
"SENS-8616","2025-04-11 05:00:00","MAC-11","93.36","321.67","0.51"
"SENS-8617","2025-04-11 06:00:00","MAC-10","99.77","314.51","1.334"
"SENS-8618","2025-04-11 06:00:00","MAC-11","91.54","336.16","0.994"
"SENS-8619","2025-04-11 07:00:00","MAC-10","84.24","305.36","0.721"
"SENS-8620","2025-04-11 07:00:00","MAC-11","91.17","342.15","1.226"
"SENS-8621","2025-04-11 08:00:00","MAC-10","114.3","342.75","0.646"
"SENS-8622","2025-04-11 08:00:00","MAC-11","107.85","346.99","0.745"
"SENS-8623","2025-06-30 00:00:00","MAC-30","108.34","330.11","1.382"
"SENS-8624","2025-06-30 00:00:00","MAC-31","106.1","324.92","1.462"
"SENS-8625","2025-06-30 01:00:00","MAC-30","117.19","319.29","0.921"
"SENS-8626","2025-06-30 01:00:00","MAC-31","95.77","326.42","1.334"
"SENS-8627","2025-06-30 02:00:00","MAC-30","105.82","333.56","0.676"
"SENS-8628","2025-06-30 02:00:00","MAC-31","110.42","337.45","1.253"
"SENS-8629","2025-06-30 03:00:00","MAC-30","92.21","300.61","1.166"
"SENS-8630","2025-06-30 03:00:00","MAC-31","108.7","336.68","0.633"
"SENS-8631","2025-07-29 00:00:00","MAC-30","106.14","323.62","0.806"
"SENS-8632","2025-07-29 00:00:00","MAC-31","99.57","311.61","0.962"
"SENS-8633","2025-07-29 01:00:00","MAC-30","118.49","330.01","0.82"
"SENS-8634","2025-07-29 01:00:00","MAC-31","109.58","302.08","0.539"
"SENS-8635","2025-07-29 02:00:00","MAC-30","106.15","343.84","0.718"
"SENS-8636","2025-07-29 02:00:00","MAC-31","105.68","323.48","1.066"
"SENS-8637","2025-05-06 00:00:00","MAC-10","89.68","335.58","0.757"
"SENS-8638","2025-05-06 00:00:00","MAC-11","87.06","323.36","0.543"
"SENS-8639","2025-05-06 01:00:00","MAC-10","89.11","314.19","1.44"
"SENS-8640","2025-05-06 01:00:00","MAC-11","108.7","325.83","0.85"
"SENS-8641","2025-05-06 02:00:00","MAC-10","118.3","327.8","1.411"
"SENS-8642","2025-05-06 02:00:00","MAC-11","91.58","307.49","0.504"
"SENS-8643","2025-05-06 03:00:00","MAC-10","102.22","308.37","1.229"
"SENS-8644","2025-05-06 03:00:00","MAC-11","80.72","345.8","1.209"
"SENS-8645","2025-05-06 04:00:00","MAC-10","107.51","319.6","0.68"
"SENS-8646","2025-05-06 04:00:00","MAC-11","98.84","306.69","0.875"
"SENS-8647","2025-05-06 05:00:00","MAC-10","92.7","347.67","0.777"
"SENS-8648","2025-05-06 05:00:00","MAC-11","98.27","338.38","0.73"
"SENS-8649","2025-05-06 06:00:00","MAC-10","97.46","325.83","0.991"
"SENS-8650","2025-05-06 06:00:00","MAC-11","104.69","346.53","0.916"
"SENS-8651","2025-08-13 00:00:00","MAC-20","98.12","304.92","0.855"
"SENS-8652","2025-08-13 00:00:00","MAC-21","82.8","339.48","1.013"
"SENS-8653","2025-08-13 01:00:00","MAC-20","105.33","337.76","0.994"
"SENS-8654","2025-08-13 01:00:00","MAC-21","82.85","344.41","0.823"
"SENS-8655","2025-08-13 02:00:00","MAC-20","89.49","306.12","0.802"
"SENS-8656","2025-08-13 02:00:00","MAC-21","104.86","338.63","0.779"
"SENS-8657","2025-08-13 03:00:00","MAC-20","93.18","343.08","0.741"
"SENS-8658","2025-08-13 03:00:00","MAC-21","101.79","311.03","1.452"
"SENS-8659","2025-08-13 04:00:00","MAC-20","104.11","320.51","1.208"
"SENS-8660","2025-08-13 04:00:00","MAC-21","110.96","315.74","1.121"
"SENS-8661","2025-08-13 05:00:00","MAC-20","93.31","335","0.773"
"SENS-8662","2025-08-13 05:00:00","MAC-21","91.73","302.28","1.29"
"SENS-8663","2025-08-13 06:00:00","MAC-20","103.86","300.5","1.289"
"SENS-8664","2025-08-13 06:00:00","MAC-21","92.02","342.19","1.361"
"SENS-8665","2025-08-13 07:00:00","MAC-20","96.69","322.4","1.373"
"SENS-8666","2025-08-13 07:00:00","MAC-21","88.75","348.35","1.136"
"SENS-8667","2025-08-13 08:00:00","MAC-20","112.57","330.49","1.419"
"SENS-8668","2025-08-13 08:00:00","MAC-21","103.69","324.72","1.031"
"SENS-8669","2025-08-13 09:00:00","MAC-20","95.17","341.18","1.109"
"SENS-8670","2025-08-13 09:00:00","MAC-21","111.59","312.04","1.26"
"SENS-8671","2025-08-13 10:00:00","MAC-20","90.89","339.7","1.488"
"SENS-8672","2025-08-13 10:00:00","MAC-21","101.26","320.62","1.198"
"SENS-8673","2026-02-05 00:00:00","MAC-20","119.94","318.38","1.26"
"SENS-8674","2026-02-05 00:00:00","MAC-21","81.11","332.29","1.443"
"SENS-8675","2026-02-05 01:00:00","MAC-20","102.14","332.9","1.491"
"SENS-8676","2026-02-05 01:00:00","MAC-21","113.02","304.99","0.543"
"SENS-8677","2026-02-05 02:00:00","MAC-20","97.17","345.37","0.7"
"SENS-8678","2026-02-05 02:00:00","MAC-21","89.51","329.8","0.863"
"SENS-8679","2026-02-05 03:00:00","MAC-20","98.33","307.79","1.012"
"SENS-8680","2026-02-05 03:00:00","MAC-21","114.3","337.03","0.685"
"SENS-8681","2026-02-05 04:00:00","MAC-20","114.53","343.44","0.502"
"SENS-8682","2026-02-05 04:00:00","MAC-21","109.08","339.38","1.228"
"SENS-8683","2026-02-05 05:00:00","MAC-20","118.85","339.1","0.811"
"SENS-8684","2026-02-05 05:00:00","MAC-21","113.62","336.56","1.139"
"SENS-8685","2026-02-05 06:00:00","MAC-20","82.42","344.12","0.844"
"SENS-8686","2026-02-05 06:00:00","MAC-21","87.11","306.35","1.264"
"SENS-8687","2026-02-05 07:00:00","MAC-20","106.89","330.82","1.115"
"SENS-8688","2026-02-05 07:00:00","MAC-21","113.82","345.68","1.477"
"SENS-8689","2026-02-05 08:00:00","MAC-20","96.2","302.24","1.457"
"SENS-8690","2026-02-05 08:00:00","MAC-21","102.85","312.07","1.24"
"SENS-8691","2026-02-05 09:00:00","MAC-20","88.33","326.88","0.57"
"SENS-8692","2026-02-05 09:00:00","MAC-21","103.55","341.18","0.666"
"SENS-8693","2026-02-05 10:00:00","MAC-20","100.4","321.26","0.708"
"SENS-8694","2026-02-05 10:00:00","MAC-21","114.89","325.32","1.457"
"SENS-8695","2025-11-21 00:00:00","MAC-10","90.07","345.24","0.691"
"SENS-8696","2025-11-21 00:00:00","MAC-11","87.7","306.9","0.903"
"SENS-8697","2025-11-21 01:00:00","MAC-10","90.05","334.25","0.641"
"SENS-8698","2025-11-21 01:00:00","MAC-11","116.37","322.03","1.069"
"SENS-8699","2025-11-21 02:00:00","MAC-10","80.28","307.39","0.763"
"SENS-8700","2025-11-21 02:00:00","MAC-11","113.02","330.49","0.738"
"SENS-8701","2025-11-21 03:00:00","MAC-10","91.22","337.35","0.628"
"SENS-8702","2025-11-21 03:00:00","MAC-11","98.59","312.77","1.007"
"SENS-8703","2025-11-21 04:00:00","MAC-10","95.42","338.19","1.407"
"SENS-8704","2025-11-21 04:00:00","MAC-11","89.85","316.43","1.12"
"SENS-8705","2025-11-21 05:00:00","MAC-10","84.58","317.23","1.385"
"SENS-8706","2025-11-21 05:00:00","MAC-11","108.58","317.68","0.547"
"SENS-8707","2025-11-21 06:00:00","MAC-10","107.43","302.49","1.081"
"SENS-8708","2025-11-21 06:00:00","MAC-11","96.89","312.55","1.095"
"SENS-8709","2025-11-21 07:00:00","MAC-10","111.18","310.51","0.525"
"SENS-8710","2025-11-21 07:00:00","MAC-11","90.75","313.29","1.183"
"SENS-8711","2025-11-21 08:00:00","MAC-10","80.67","317.35","0.745"
"SENS-8712","2025-11-21 08:00:00","MAC-11","85.12","326.04","0.537"
"SENS-8713","2025-11-21 09:00:00","MAC-10","118.37","308.1","1.045"
"SENS-8714","2025-11-21 09:00:00","MAC-11","93.52","314.5","0.5"
"SENS-8715","2025-11-21 10:00:00","MAC-10","80.68","343.43","0.549"
"SENS-8716","2025-11-21 10:00:00","MAC-11","107.98","310.65","1.13"
"SENS-8717","2025-11-21 11:00:00","MAC-10","99.16","301.95","1.379"
"SENS-8718","2025-11-21 11:00:00","MAC-11","96.36","317.1","0.881"
"SENS-8719","2025-11-21 12:00:00","MAC-10","81.84","309.78","1.2"
"SENS-8720","2025-11-21 12:00:00","MAC-11","106","323.82","1.465"
"SENS-8721","2025-11-21 13:00:00","MAC-10","119.27","335.26","1.012"
"SENS-8722","2025-11-21 13:00:00","MAC-11","95.26","347.19","0.539"
"SENS-8723","2025-11-21 14:00:00","MAC-10","93.06","319.73","0.74"
"SENS-8724","2025-11-21 14:00:00","MAC-11","111.16","326.63","0.956"
"SENS-8725","2025-11-21 15:00:00","MAC-10","98.26","304.96","1.471"
"SENS-8726","2025-11-21 15:00:00","MAC-11","111.74","323.96","0.501"
"SENS-8727","2025-11-21 16:00:00","MAC-10","92.45","311.24","1.234"
"SENS-8728","2025-11-21 16:00:00","MAC-11","104.62","312.75","0.785"
"SENS-8729","2025-11-21 17:00:00","MAC-10","114.59","300.53","0.813"
"SENS-8730","2025-11-21 17:00:00","MAC-11","82.84","307.81","1.118"
"SENS-8731","2026-02-09 00:00:00","MAC-20","86.45","319.11","1.289"
"SENS-8732","2026-02-09 00:00:00","MAC-21","94.46","345.64","0.631"
"SENS-8733","2026-02-09 01:00:00","MAC-20","113.84","337.52","1.09"
"SENS-8734","2026-02-09 01:00:00","MAC-21","99.86","311.13","1.419"
"SENS-8735","2026-02-09 02:00:00","MAC-20","107.05","337.78","1.477"
"SENS-8736","2026-02-09 02:00:00","MAC-21","105.39","316.21","1.41"
"SENS-8737","2025-05-06 00:00:00","MAC-10","117.82","321.41","1.5"
"SENS-8738","2025-05-06 00:00:00","MAC-11","93.18","310.04","0.694"
"SENS-8739","2025-05-06 01:00:00","MAC-10","118.4","337.22","0.803"
"SENS-8740","2025-05-06 01:00:00","MAC-11","98.35","345.22","1.277"
"SENS-8741","2025-05-06 02:00:00","MAC-10","80.36","326.72","0.872"
"SENS-8742","2025-05-06 02:00:00","MAC-11","93.87","300.99","1.253"
"SENS-8743","2025-05-06 03:00:00","MAC-10","85.48","318.3","1.251"
"SENS-8744","2025-05-06 03:00:00","MAC-11","114.72","310.45","1.386"
"SENS-8745","2025-05-06 04:00:00","MAC-10","83.2","324.36","1.133"
"SENS-8746","2025-05-06 04:00:00","MAC-11","108.91","318.83","0.547"
"SENS-8747","2025-05-06 05:00:00","MAC-10","101","335.5","1.305"
"SENS-8748","2025-05-06 05:00:00","MAC-11","113.91","318.85","1.382"
"SENS-8749","2025-05-06 06:00:00","MAC-10","103.3","340.36","1.358"
"SENS-8750","2025-05-06 06:00:00","MAC-11","97.58","344.2","0.574"
"SENS-8751","2025-05-29 00:00:00","MAC-10","97.56","305.06","1.348"
"SENS-8752","2025-05-29 00:00:00","MAC-11","110.29","344.21","1.284"
"SENS-8753","2025-05-29 01:00:00","MAC-10","96.41","311.44","0.838"
"SENS-8754","2025-05-29 01:00:00","MAC-11","119.56","324.44","1.485"
"SENS-8755","2025-05-29 02:00:00","MAC-10","82.29","320.49","1.391"
"SENS-8756","2025-05-29 02:00:00","MAC-11","115.91","304.05","1.417"
"SENS-8757","2025-05-29 03:00:00","MAC-10","94.49","308.09","0.668"
"SENS-8758","2025-05-29 03:00:00","MAC-11","98.55","331.05","0.912"
"SENS-8759","2025-05-29 04:00:00","MAC-10","117.38","349.58","1.283"
"SENS-8760","2025-05-29 04:00:00","MAC-11","107.44","301.35","0.976"
"SENS-8761","2025-09-22 00:00:00","MAC-30","102.6","320.24","1.302"
"SENS-8762","2025-09-22 00:00:00","MAC-31","97.99","340.27","0.855"
"SENS-8763","2025-09-22 01:00:00","MAC-30","86.72","337.81","0.981"
"SENS-8764","2025-09-22 01:00:00","MAC-31","116.76","313.14","0.923"
"SENS-8765","2025-09-22 02:00:00","MAC-30","91.04","348.12","1.086"
"SENS-8766","2025-09-22 02:00:00","MAC-31","86.06","306.02","0.613"
"SENS-8767","2025-08-24 00:00:00","MAC-10","90.7","315.28","1.442"
"SENS-8768","2025-08-24 00:00:00","MAC-11","112.49","302.12","0.983"
"SENS-8769","2025-08-24 01:00:00","MAC-10","83.94","340.83","0.57"
"SENS-8770","2025-08-24 01:00:00","MAC-11","85.14","339.56","1.016"
"SENS-8771","2025-08-24 02:00:00","MAC-10","80.36","318.28","1.192"
"SENS-8772","2025-08-24 02:00:00","MAC-11","117.82","330.77","1.272"
"SENS-8773","2025-08-24 03:00:00","MAC-10","109.73","318.56","1.108"
"SENS-8774","2025-08-24 03:00:00","MAC-11","85","331.66","0.858"
"SENS-8775","2025-08-24 04:00:00","MAC-10","91.1","310.17","1.37"
"SENS-8776","2025-08-24 04:00:00","MAC-11","101.7","343.14","0.818"
"SENS-8777","2025-08-24 05:00:00","MAC-10","81.58","304.69","1.229"
"SENS-8778","2025-08-24 05:00:00","MAC-11","116.08","329.29","0.921"
"SENS-8779","2025-08-24 06:00:00","MAC-10","112.3","325.49","0.896"
"SENS-8780","2025-08-24 06:00:00","MAC-11","117.34","324.62","0.743"
"SENS-8781","2025-08-24 07:00:00","MAC-10","108.59","315.06","0.897"
"SENS-8782","2025-08-24 07:00:00","MAC-11","113.58","312.15","0.812"
"SENS-8783","2025-08-24 08:00:00","MAC-10","112.02","340.42","1.323"
"SENS-8784","2025-08-24 08:00:00","MAC-11","117.99","319.43","1.33"
"SENS-8785","2025-08-24 09:00:00","MAC-10","81.25","349.25","1.344"
"SENS-8786","2025-08-24 09:00:00","MAC-11","115.1","307.43","0.725"
"SENS-8787","2025-08-24 10:00:00","MAC-10","97.26","327.89","1.139"
"SENS-8788","2025-08-24 10:00:00","MAC-11","108.25","344.76","0.552"
"SENS-8789","2025-12-05 00:00:00","MAC-30","114.16","342.21","0.687"
"SENS-8790","2025-12-05 00:00:00","MAC-31","86.38","305.27","0.589"
"SENS-8791","2025-12-05 01:00:00","MAC-30","117","338.29","0.994"
"SENS-8792","2025-12-05 01:00:00","MAC-31","107.86","348.83","1.363"
"SENS-8793","2025-12-05 02:00:00","MAC-30","93.32","346.32","0.622"
"SENS-8794","2025-12-05 02:00:00","MAC-31","96.22","348.15","0.957"
"SENS-8795","2025-12-05 03:00:00","MAC-30","92.44","340.69","1.35"
"SENS-8796","2025-12-05 03:00:00","MAC-31","114.52","349.97","1.129"
"SENS-8797","2025-12-05 04:00:00","MAC-30","116.02","302.57","0.874"
"SENS-8798","2025-12-05 04:00:00","MAC-31","95.53","306.19","1.385"
"SENS-8799","2025-12-05 05:00:00","MAC-30","83.05","322.16","1.027"
"SENS-8800","2025-12-05 05:00:00","MAC-31","113.95","325.04","0.565"
"SENS-8801","2025-06-30 00:00:00","MAC-10","108.12","323.15","1.199"
"SENS-8802","2025-06-30 00:00:00","MAC-11","108.05","319.03","0.665"
"SENS-8803","2025-06-30 01:00:00","MAC-10","106.83","315.75","0.893"
"SENS-8804","2025-06-30 01:00:00","MAC-11","108.17","320.04","1.068"
"SENS-8805","2025-06-30 02:00:00","MAC-10","99.57","340.33","1.176"
"SENS-8806","2025-06-30 02:00:00","MAC-11","90.71","304.74","1.155"
"SENS-8807","2025-06-30 03:00:00","MAC-10","93.41","344.25","0.666"
"SENS-8808","2025-06-30 03:00:00","MAC-11","103.03","327.29","0.909"
"SENS-8809","2026-01-18 00:00:00","MAC-30","94.13","329.87","0.566"
"SENS-8810","2026-01-18 00:00:00","MAC-31","120","348.44","0.564"
"SENS-8811","2026-01-18 01:00:00","MAC-30","104.2","349.36","0.591"
"SENS-8812","2026-01-18 01:00:00","MAC-31","119.07","309.61","1.343"
"SENS-8813","2026-01-18 02:00:00","MAC-30","110.8","326.42","0.556"
"SENS-8814","2026-01-18 02:00:00","MAC-31","94.04","324.69","1.376"
"SENS-8815","2026-01-18 03:00:00","MAC-30","117.06","302.03","1.336"
"SENS-8816","2026-01-18 03:00:00","MAC-31","117.46","344.93","1.196"
"SENS-8817","2026-01-18 04:00:00","MAC-30","82.79","318.04","1.442"
"SENS-8818","2026-01-18 04:00:00","MAC-31","84.04","333.89","1.098"
"SENS-8819","2026-01-18 05:00:00","MAC-30","80.33","331.56","1.176"
"SENS-8820","2026-01-18 05:00:00","MAC-31","96.1","348.42","0.845"
"SENS-8821","2026-01-18 06:00:00","MAC-30","90.65","330.53","1.27"
"SENS-8822","2026-01-18 06:00:00","MAC-31","112.34","310.2","0.57"
"SENS-8823","2026-01-18 07:00:00","MAC-30","108.03","320.89","1.419"
"SENS-8824","2026-01-18 07:00:00","MAC-31","93.98","346.53","1.072"
"SENS-8825","2026-01-18 08:00:00","MAC-30","113","329.73","0.554"
"SENS-8826","2026-01-18 08:00:00","MAC-31","117.76","305.32","0.956"
"SENS-8827","2026-01-18 09:00:00","MAC-30","97.98","343.23","1.467"
"SENS-8828","2026-01-18 09:00:00","MAC-31","87.93","345.18","0.701"
"SENS-8829","2026-01-18 10:00:00","MAC-30","85.56","332.04","1.169"
"SENS-8830","2026-01-18 10:00:00","MAC-31","86.62","345.8","0.511"
"SENS-8831","2026-01-18 11:00:00","MAC-30","95.02","348.85","0.996"
"SENS-8832","2026-01-18 11:00:00","MAC-31","113.7","312.18","0.975"
"SENS-8833","2026-01-18 12:00:00","MAC-30","119.45","339.32","0.721"
"SENS-8834","2026-01-18 12:00:00","MAC-31","89.21","330.66","1.361"
"SENS-8835","2026-01-18 13:00:00","MAC-30","100.59","313.6","0.562"
"SENS-8836","2026-01-18 13:00:00","MAC-31","109.39","318.57","1.343"
"SENS-8837","2025-09-12 00:00:00","MAC-10","110.51","312.98","1.147"
"SENS-8838","2025-09-12 00:00:00","MAC-11","106.95","345.83","1.448"
"SENS-8839","2025-09-12 01:00:00","MAC-10","98.46","312.14","1.124"
"SENS-8840","2025-09-12 01:00:00","MAC-11","117.51","319.12","1.098"
"SENS-8841","2025-09-12 02:00:00","MAC-10","111.22","303.41","1.149"
"SENS-8842","2025-09-12 02:00:00","MAC-11","99.36","331.83","0.741"
"SENS-8843","2025-09-12 03:00:00","MAC-10","81.54","337.97","0.635"
"SENS-8844","2025-09-12 03:00:00","MAC-11","109.86","325.62","0.954"
"SENS-8845","2025-09-12 04:00:00","MAC-10","115.84","344.27","1.425"
"SENS-8846","2025-09-12 04:00:00","MAC-11","99.29","305.87","1.338"
"SENS-8847","2025-09-12 05:00:00","MAC-10","117.13","319.94","0.859"
"SENS-8848","2025-09-12 05:00:00","MAC-11","88.04","323.85","1.391"
"SENS-8849","2025-09-12 06:00:00","MAC-10","112.32","335.18","1.463"
"SENS-8850","2025-09-12 06:00:00","MAC-11","90.73","313.33","0.777"
"SENS-8851","2025-09-12 07:00:00","MAC-10","92.26","302.6","1.446"
"SENS-8852","2025-09-12 07:00:00","MAC-11","97.14","334.28","0.995"
"SENS-8853","2025-09-12 08:00:00","MAC-10","98.14","321.94","0.844"
"SENS-8854","2025-09-12 08:00:00","MAC-11","101.12","345.48","1.45"
"SENS-8855","2025-12-27 00:00:00","MAC-20","102.37","328.28","0.639"
"SENS-8856","2025-12-27 00:00:00","MAC-21","94.9","319.31","0.98"
"SENS-8857","2025-12-27 01:00:00","MAC-20","106.22","309.22","1.164"
"SENS-8858","2025-12-27 01:00:00","MAC-21","103.88","306.13","1.272"
"SENS-8859","2025-12-27 02:00:00","MAC-20","112.85","301.44","0.631"
"SENS-8860","2025-12-27 02:00:00","MAC-21","84.54","346.42","1.107"
"SENS-8861","2025-12-27 03:00:00","MAC-20","95.96","325.55","1.075"
"SENS-8862","2025-12-27 03:00:00","MAC-21","107.48","304.81","0.558"
"SENS-8863","2025-12-27 04:00:00","MAC-20","104.33","328.08","0.561"
"SENS-8864","2025-12-27 04:00:00","MAC-21","101.32","337.18","1.263"
"SENS-8865","2025-12-27 05:00:00","MAC-20","112.41","325.69","0.52"
"SENS-8866","2025-12-27 05:00:00","MAC-21","81.74","311.93","1.178"
"SENS-8867","2025-12-21 00:00:00","MAC-30","101.77","332.29","0.572"
"SENS-8868","2025-12-21 00:00:00","MAC-31","84.6","309.91","1.468"
"SENS-8869","2025-12-21 01:00:00","MAC-30","92.1","327.37","0.881"
"SENS-8870","2025-12-21 01:00:00","MAC-31","115.85","348.26","0.529"
"SENS-8871","2025-12-21 02:00:00","MAC-30","119.89","319.29","1.233"
"SENS-8872","2025-12-21 02:00:00","MAC-31","105.56","328.32","1.048"
"SENS-8873","2025-12-21 03:00:00","MAC-30","113.24","311.79","0.571"
"SENS-8874","2025-12-21 03:00:00","MAC-31","111.21","312.27","0.757"
"SENS-8875","2025-12-21 04:00:00","MAC-30","88.64","320.08","1.075"
"SENS-8876","2025-12-21 04:00:00","MAC-31","117.08","334.59","1.437"
"SENS-8877","2025-12-21 05:00:00","MAC-30","98.44","314.72","1.268"
"SENS-8878","2025-12-21 05:00:00","MAC-31","114.46","317.69","0.904"
"SENS-8879","2025-12-21 06:00:00","MAC-30","105.15","331.15","0.556"
"SENS-8880","2025-12-21 06:00:00","MAC-31","117.39","342","0.631"
"SENS-8881","2025-12-21 07:00:00","MAC-30","84.45","344.81","0.566"
"SENS-8882","2025-12-21 07:00:00","MAC-31","86.35","333.01","1.205"
"SENS-8883","2025-12-21 08:00:00","MAC-30","91.84","343.12","1.458"
"SENS-8884","2025-12-21 08:00:00","MAC-31","105.23","305.74","0.704"
"SENS-8885","2025-12-21 09:00:00","MAC-30","80.08","305.36","1.223"
"SENS-8886","2025-12-21 09:00:00","MAC-31","110.71","314.8","0.764"
"SENS-8887","2025-12-21 10:00:00","MAC-30","95.75","321.64","0.675"
"SENS-8888","2025-12-21 10:00:00","MAC-31","101.84","303.18","1.493"
"SENS-8889","2025-12-21 11:00:00","MAC-30","118.85","301.59","0.96"
"SENS-8890","2025-12-21 11:00:00","MAC-31","117.38","325.52","0.801"
"SENS-8891","2026-03-09 00:00:00","MAC-10","104.56","340.48","0.955"
"SENS-8892","2026-03-09 00:00:00","MAC-11","110.32","300.67","1.081"
"SENS-8893","2026-03-09 01:00:00","MAC-10","113.18","308.46","1.362"
"SENS-8894","2026-03-09 01:00:00","MAC-11","89.13","320.18","0.804"
"SENS-8895","2026-03-09 02:00:00","MAC-10","89.38","333.35","0.511"
"SENS-8896","2026-03-09 02:00:00","MAC-11","117.34","302.39","0.858"
"SENS-8897","2026-03-09 03:00:00","MAC-10","108.69","344.8","0.521"
"SENS-8898","2026-03-09 03:00:00","MAC-11","117.36","326.01","0.96"
"SENS-8899","2026-03-09 04:00:00","MAC-10","107.85","345.37","1.181"
"SENS-8900","2026-03-09 04:00:00","MAC-11","115.87","318.79","0.93"
"SENS-8901","2026-03-09 05:00:00","MAC-10","82.43","349.07","1.192"
"SENS-8902","2026-03-09 05:00:00","MAC-11","106.23","306.62","1.103"
"SENS-8903","2026-03-09 06:00:00","MAC-10","117.67","305.17","0.969"
"SENS-8904","2026-03-09 06:00:00","MAC-11","90.36","311.46","0.63"
"SENS-8905","2026-03-09 07:00:00","MAC-10","97.13","308.84","0.917"
"SENS-8906","2026-03-09 07:00:00","MAC-11","84.2","342.11","0.563"
"SENS-8907","2026-03-09 08:00:00","MAC-10","88.6","319.04","1.073"
"SENS-8908","2026-03-09 08:00:00","MAC-11","82.71","305.83","0.688"
"SENS-8909","2026-03-09 09:00:00","MAC-10","116.17","337.3","1.045"
"SENS-8910","2026-03-09 09:00:00","MAC-11","107.88","302.38","1.142"
"SENS-8911","2026-03-09 10:00:00","MAC-10","106.61","315.43","0.978"
"SENS-8912","2026-03-09 10:00:00","MAC-11","96.34","328.05","1.458"
"SENS-8913","2026-03-09 11:00:00","MAC-10","103.29","328.9","1.077"
"SENS-8914","2026-03-09 11:00:00","MAC-11","102.83","345.96","1.445"
"SENS-8915","2026-03-09 12:00:00","MAC-10","92.38","318.58","0.599"
"SENS-8916","2026-03-09 12:00:00","MAC-11","101.58","337.08","0.749"
"SENS-8917","2026-03-09 13:00:00","MAC-10","82.8","331.01","1.326"
"SENS-8918","2026-03-09 13:00:00","MAC-11","117.24","305.5","1.196"
"SENS-8919","2026-03-09 14:00:00","MAC-10","115.12","301.19","0.802"
"SENS-8920","2026-03-09 14:00:00","MAC-11","100.5","310.24","0.875"
"SENS-8921","2026-03-09 15:00:00","MAC-10","117.4","341.16","1.049"
"SENS-8922","2026-03-09 15:00:00","MAC-11","118.94","333.27","1.308"
"SENS-8923","2026-03-09 16:00:00","MAC-10","102.97","323.46","1.023"
"SENS-8924","2026-03-09 16:00:00","MAC-11","96.34","324.25","1.115"
"SENS-8925","2026-03-23 00:00:00","MAC-20","94.67","309.88","0.589"
"SENS-8926","2026-03-23 00:00:00","MAC-21","95.97","300.41","1.302"
"SENS-8927","2026-03-23 01:00:00","MAC-20","89.41","309.85","0.912"
"SENS-8928","2026-03-23 01:00:00","MAC-21","81.33","302.27","1.088"
"SENS-8929","2026-03-23 02:00:00","MAC-20","92.27","300.33","1.03"
"SENS-8930","2026-03-23 02:00:00","MAC-21","118.88","334.84","0.832"
"SENS-8931","2026-03-23 03:00:00","MAC-20","96.87","302.72","1.421"
"SENS-8932","2026-03-23 03:00:00","MAC-21","85.9","319.7","0.75"
"SENS-8933","2026-03-23 04:00:00","MAC-20","102.8","316.19","0.865"
"SENS-8934","2026-03-23 04:00:00","MAC-21","93.37","328.56","0.709"
"SENS-8935","2026-03-23 05:00:00","MAC-20","92.67","333.18","1.033"
"SENS-8936","2026-03-23 05:00:00","MAC-21","100.57","329.82","0.55"
"SENS-8937","2026-03-23 06:00:00","MAC-20","106.99","317.2","0.943"
"SENS-8938","2026-03-23 06:00:00","MAC-21","107.66","301.14","1.47"
"SENS-8939","2025-05-30 00:00:00","MAC-30","88.87","314.9","1.035"
"SENS-8940","2025-05-30 00:00:00","MAC-31","83.97","334.25","0.811"
"SENS-8941","2025-05-30 01:00:00","MAC-30","118.59","322.49","1.313"
"SENS-8942","2025-05-30 01:00:00","MAC-31","88.92","335.12","1.32"
"SENS-8943","2025-05-30 02:00:00","MAC-30","107.71","303.35","0.747"
"SENS-8944","2025-05-30 02:00:00","MAC-31","89.03","334.22","0.52"
"SENS-8945","2025-05-30 03:00:00","MAC-30","102.31","308.25","0.67"
"SENS-8946","2025-05-30 03:00:00","MAC-31","116.59","341.93","0.667"
"SENS-8947","2025-05-30 04:00:00","MAC-30","95.93","344.67","0.816"
"SENS-8948","2025-05-30 04:00:00","MAC-31","84.02","329.94","1.368"
"SENS-8949","2025-05-30 05:00:00","MAC-30","94.14","334.76","1.367"
"SENS-8950","2025-05-30 05:00:00","MAC-31","105.08","347.72","1.449"
"SENS-8951","2025-05-30 06:00:00","MAC-30","84.11","314.73","1.431"
"SENS-8952","2025-05-30 06:00:00","MAC-31","109.19","339.58","0.776"
"SENS-8953","2025-05-30 07:00:00","MAC-30","90.25","313.75","1.423"
"SENS-8954","2025-05-30 07:00:00","MAC-31","84.19","320.03","1.104"
"SENS-8955","2025-05-30 08:00:00","MAC-30","113.31","332.11","1.348"
"SENS-8956","2025-05-30 08:00:00","MAC-31","100.93","345.01","1.099"
"SENS-8957","2025-05-30 09:00:00","MAC-30","106.41","315.56","0.579"
"SENS-8958","2025-05-30 09:00:00","MAC-31","93.99","347.91","1.322"
"SENS-8959","2025-05-30 10:00:00","MAC-30","108.23","309.65","1.163"
"SENS-8960","2025-05-30 10:00:00","MAC-31","108.49","303.79","0.912"
"SENS-8961","2025-05-30 11:00:00","MAC-30","109.88","330.32","0.617"
"SENS-8962","2025-05-30 11:00:00","MAC-31","84.8","349.29","1.131"
"SENS-8963","2025-05-30 12:00:00","MAC-30","109.23","319.18","0.972"
"SENS-8964","2025-05-30 12:00:00","MAC-31","114.16","308.8","1.094"
"SENS-8965","2025-05-30 13:00:00","MAC-30","87.41","334.02","0.725"
"SENS-8966","2025-05-30 13:00:00","MAC-31","103.59","313.2","1.139"
"SENS-8967","2025-09-21 00:00:00","MAC-10","91.21","309.75","0.885"
"SENS-8968","2025-09-21 00:00:00","MAC-11","118.35","336.45","0.6"
"SENS-8969","2025-09-21 01:00:00","MAC-10","109.45","334.69","0.899"
"SENS-8970","2025-09-21 01:00:00","MAC-11","89.75","321.98","0.653"
"SENS-8971","2025-09-21 02:00:00","MAC-10","113.72","324.31","0.633"
"SENS-8972","2025-09-21 02:00:00","MAC-11","105.76","341.1","1.036"
"SENS-8973","2025-09-21 03:00:00","MAC-10","82.74","329.23","0.599"
"SENS-8974","2025-09-21 03:00:00","MAC-11","110.88","305.02","0.792"
"SENS-8975","2025-09-21 04:00:00","MAC-10","110.67","316.1","1.363"
"SENS-8976","2025-09-21 04:00:00","MAC-11","103.68","312.22","1.245"
"SENS-8977","2025-09-21 05:00:00","MAC-10","112.28","349.43","0.618"
"SENS-8978","2025-09-21 05:00:00","MAC-11","105.32","338.85","1.048"
"SENS-8979","2025-09-21 06:00:00","MAC-10","96.63","318.31","1.126"
"SENS-8980","2025-09-21 06:00:00","MAC-11","82.88","334.87","1.238"
"SENS-8981","2025-09-21 07:00:00","MAC-10","92.03","326.71","1.425"
"SENS-8982","2025-09-21 07:00:00","MAC-11","96.31","302.48","0.925"
"SENS-8983","2025-09-21 08:00:00","MAC-10","82.38","309.82","1.37"
"SENS-8984","2025-09-21 08:00:00","MAC-11","116.39","321.35","1.218"
"SENS-8985","2025-09-21 09:00:00","MAC-10","113.53","313.45","0.848"
"SENS-8986","2025-09-21 09:00:00","MAC-11","115.42","344.42","1.279"
"SENS-8987","2026-03-18 00:00:00","MAC-30","107.44","340.86","1.059"
"SENS-8988","2026-03-18 00:00:00","MAC-31","97.9","307.84","0.6"
"SENS-8989","2026-03-18 01:00:00","MAC-30","98.29","320.33","0.736"
"SENS-8990","2026-03-18 01:00:00","MAC-31","80.27","313.32","1.37"
"SENS-8991","2026-03-18 02:00:00","MAC-30","96.87","349.13","0.893"
"SENS-8992","2026-03-18 02:00:00","MAC-31","82.45","300.15","1.094"
"SENS-8993","2025-11-19 00:00:00","MAC-30","83.63","302.88","0.551"
"SENS-8994","2025-11-19 00:00:00","MAC-31","115.22","338.78","0.943"
"SENS-8995","2025-11-19 01:00:00","MAC-30","114.68","303.6","1.21"
"SENS-8996","2025-11-19 01:00:00","MAC-31","102.06","311.19","1.134"
"SENS-8997","2025-11-19 02:00:00","MAC-30","96.33","315.46","1.447"
"SENS-8998","2025-11-19 02:00:00","MAC-31","80.86","328.99","0.797"
"SENS-8999","2025-11-19 03:00:00","MAC-30","106.88","318.05","0.663"
"SENS-9000","2025-11-19 03:00:00","MAC-31","116.41","312.81","0.532"
"SENS-9001","2025-11-19 04:00:00","MAC-30","107.69","337.94","0.918"
"SENS-9002","2025-11-19 04:00:00","MAC-31","83","301.55","1.393"
"SENS-9003","2025-11-19 05:00:00","MAC-30","113.75","328.8","1.457"
"SENS-9004","2025-11-19 05:00:00","MAC-31","114.34","346.63","0.961"
"SENS-9005","2025-11-19 06:00:00","MAC-30","94.21","307.75","0.666"
"SENS-9006","2025-11-19 06:00:00","MAC-31","88.68","322","1.423"
"SENS-9007","2025-11-19 07:00:00","MAC-30","97.83","319.9","1.133"
"SENS-9008","2025-11-19 07:00:00","MAC-31","111.38","316.89","1.01"
"SENS-9009","2025-11-19 08:00:00","MAC-30","109.52","343.41","0.701"
"SENS-9010","2025-11-19 08:00:00","MAC-31","90.93","320.52","1.01"
"SENS-9011","2025-11-19 09:00:00","MAC-30","84.2","318.85","1.253"
"SENS-9012","2025-11-19 09:00:00","MAC-31","101.09","313.81","0.69"
"SENS-9013","2025-11-19 10:00:00","MAC-30","106.35","313.09","1.304"
"SENS-9014","2025-11-19 10:00:00","MAC-31","116.48","313.52","0.546"
"SENS-9015","2025-11-19 11:00:00","MAC-30","99.98","318.86","1.185"
"SENS-9016","2025-11-19 11:00:00","MAC-31","89.78","335.19","0.98"
"SENS-9017","2025-11-19 12:00:00","MAC-30","113.19","332.09","0.666"
"SENS-9018","2025-11-19 12:00:00","MAC-31","99.48","348.24","0.899"
"SENS-9019","2025-04-29 00:00:00","MAC-10","104.65","331.82","1.241"
"SENS-9020","2025-04-29 00:00:00","MAC-11","90.22","310.06","1.135"
"SENS-9021","2025-04-29 01:00:00","MAC-10","105.15","336.32","0.932"
"SENS-9022","2025-04-29 01:00:00","MAC-11","95.58","304.36","0.655"
"SENS-9023","2025-04-30 00:00:00","MAC-10","112.89","304.15","1.397"
"SENS-9024","2025-04-30 00:00:00","MAC-11","110.4","332.79","1.37"
"SENS-9025","2025-04-30 01:00:00","MAC-10","86.04","316.76","0.643"
"SENS-9026","2025-04-30 01:00:00","MAC-11","119.73","323.71","1.407"
"SENS-9027","2025-04-30 02:00:00","MAC-10","104.4","314.16","1.3"
"SENS-9028","2025-04-30 02:00:00","MAC-11","115.23","317.31","1.097"
"SENS-9029","2025-09-09 00:00:00","MAC-30","84.76","313.2","1.224"
"SENS-9030","2025-09-09 00:00:00","MAC-31","92.09","333.28","0.75"
"SENS-9031","2025-09-09 01:00:00","MAC-30","113.17","339.47","1.168"
"SENS-9032","2025-09-09 01:00:00","MAC-31","116.97","315.11","0.735"
"SENS-9033","2025-09-09 02:00:00","MAC-30","92.8","331","0.956"
"SENS-9034","2025-09-09 02:00:00","MAC-31","107.64","336.87","1.269"
"SENS-9035","2025-09-09 03:00:00","MAC-30","103.01","329.53","0.51"
"SENS-9036","2025-09-09 03:00:00","MAC-31","90.36","346.43","1.438"
"SENS-9037","2025-09-09 04:00:00","MAC-30","89.52","310.1","1.143"
"SENS-9038","2025-09-09 04:00:00","MAC-31","112.02","347.69","1.398"
"SENS-9039","2025-09-09 05:00:00","MAC-30","98.7","326.28","0.708"
"SENS-9040","2025-09-09 05:00:00","MAC-31","84.15","320.9","0.943"
"SENS-9041","2025-09-09 06:00:00","MAC-30","80.81","349.72","1.326"
"SENS-9042","2025-09-09 06:00:00","MAC-31","114.49","310.85","1.215"
"SENS-9043","2025-09-09 07:00:00","MAC-30","92.19","341.63","0.553"
"SENS-9044","2025-09-09 07:00:00","MAC-31","91.01","348.22","0.628"
"SENS-9045","2025-09-09 08:00:00","MAC-30","82.07","332.89","1.094"
"SENS-9046","2025-09-09 08:00:00","MAC-31","82.01","325.18","1.423"
"SENS-9047","2025-09-09 09:00:00","MAC-30","87.3","316.78","1.292"
"SENS-9048","2025-09-09 09:00:00","MAC-31","109.42","302.7","0.683"
"SENS-9049","2025-09-09 10:00:00","MAC-30","92.94","331.72","1.28"
"SENS-9050","2025-09-09 10:00:00","MAC-31","94.83","314.36","1.198"
"SENS-9051","2025-09-09 11:00:00","MAC-30","103.19","325.52","1.299"
"SENS-9052","2025-09-09 11:00:00","MAC-31","93.32","328.48","1.254"
"SENS-9053","2025-09-09 12:00:00","MAC-30","113.35","313.83","0.722"
"SENS-9054","2025-09-09 12:00:00","MAC-31","106.59","326.85","0.807"
"SENS-9055","2025-09-09 13:00:00","MAC-30","106","335.5","0.924"
"SENS-9056","2025-09-09 13:00:00","MAC-31","114.28","329.23","1.191"
"SENS-9057","2025-06-02 00:00:00","MAC-10","107.28","323.57","1.493"
"SENS-9058","2025-06-02 00:00:00","MAC-11","86.1","308.15","1.004"
"SENS-9059","2025-06-02 01:00:00","MAC-10","112.54","310.12","0.578"
"SENS-9060","2025-06-02 01:00:00","MAC-11","108.33","304.55","1.13"
"SENS-9061","2025-06-02 02:00:00","MAC-10","113.16","348.18","1.078"
"SENS-9062","2025-06-02 02:00:00","MAC-11","102.61","322.95","0.936"
"SENS-9063","2025-06-02 03:00:00","MAC-10","96.05","323.62","1.145"
"SENS-9064","2025-06-02 03:00:00","MAC-11","91.26","305.71","0.808"
"SENS-9065","2025-06-02 04:00:00","MAC-10","93.85","333.11","1.48"
"SENS-9066","2025-06-02 04:00:00","MAC-11","95.55","338.31","0.898"
"SENS-9067","2025-06-02 05:00:00","MAC-10","104.64","348.81","0.929"
"SENS-9068","2025-06-02 05:00:00","MAC-11","114.6","339.7","1.487"
"SENS-9069","2025-06-02 06:00:00","MAC-10","102.92","318.55","0.538"
"SENS-9070","2025-06-02 06:00:00","MAC-11","112.13","305.33","0.965"
"SENS-9071","2025-06-02 07:00:00","MAC-10","80.65","318.29","0.692"
"SENS-9072","2025-06-02 07:00:00","MAC-11","83.5","336.1","1.363"
"SENS-9073","2025-06-02 08:00:00","MAC-10","110.51","311.31","1.371"
"SENS-9074","2025-06-02 08:00:00","MAC-11","101.22","315.29","1.348"
"SENS-9075","2025-06-02 09:00:00","MAC-10","90.1","346.54","0.929"
"SENS-9076","2025-06-02 09:00:00","MAC-11","87.4","318.5","0.859"
"SENS-9077","2026-03-27 00:00:00","MAC-20","108.2","329.29","1.116"
"SENS-9078","2026-03-27 00:00:00","MAC-21","93.27","300.25","1.137"
"SENS-9079","2026-03-27 01:00:00","MAC-20","90.25","309.63","1.075"
"SENS-9080","2026-03-27 01:00:00","MAC-21","109.16","334.22","1.236"
"SENS-9081","2026-03-27 02:00:00","MAC-20","104.47","336.46","1.055"
"SENS-9082","2026-03-27 02:00:00","MAC-21","103.12","319.97","1.224"
"SENS-9083","2026-03-27 03:00:00","MAC-20","115.55","348.58","1.057"
"SENS-9084","2026-03-27 03:00:00","MAC-21","113.36","322.07","0.843"
"SENS-9085","2026-03-27 04:00:00","MAC-20","97.49","348.36","1.199"
"SENS-9086","2026-03-27 04:00:00","MAC-21","107.31","317.88","0.791"
"SENS-9087","2026-03-27 05:00:00","MAC-20","83.49","302.69","1.227"
"SENS-9088","2026-03-27 05:00:00","MAC-21","98.54","332.72","1.066"
"SENS-9089","2026-03-27 06:00:00","MAC-20","98.71","330.95","0.619"
"SENS-9090","2026-03-27 06:00:00","MAC-21","93.51","320.89","0.808"
"SENS-9091","2026-03-27 07:00:00","MAC-20","86.83","304.39","1.252"
"SENS-9092","2026-03-27 07:00:00","MAC-21","94.25","303.85","0.971"
"SENS-9093","2025-08-17 00:00:00","MAC-10","117.84","329.53","1.39"
"SENS-9094","2025-08-17 00:00:00","MAC-11","93.68","301.47","1.186"
"SENS-9095","2025-08-17 01:00:00","MAC-10","107.63","306.71","0.771"
"SENS-9096","2025-08-17 01:00:00","MAC-11","89.77","312.04","0.604"
"SENS-9097","2025-08-17 02:00:00","MAC-10","113.31","343.79","0.696"
"SENS-9098","2025-08-17 02:00:00","MAC-11","99.69","329.8","0.607"
"SENS-9099","2025-08-17 03:00:00","MAC-10","114.65","304.23","1.16"
"SENS-9100","2025-08-17 03:00:00","MAC-11","83.44","337.8","0.906"
"SENS-9101","2025-08-17 04:00:00","MAC-10","85.56","349.24","1.366"
"SENS-9102","2025-08-17 04:00:00","MAC-11","92.97","346.6","1.281"
"SENS-9103","2025-08-17 05:00:00","MAC-10","109.64","341.92","0.751"
"SENS-9104","2025-08-17 05:00:00","MAC-11","115.23","309.15","0.541"
"SENS-9105","2025-08-17 06:00:00","MAC-10","89.99","325.18","0.75"
"SENS-9106","2025-08-17 06:00:00","MAC-11","86.34","318.22","1.247"
"SENS-9107","2025-08-17 07:00:00","MAC-10","97.25","335.68","1.076"
"SENS-9108","2025-08-17 07:00:00","MAC-11","117.44","342.79","0.666"
"SENS-9109","2025-08-17 08:00:00","MAC-10","102.73","304.63","0.506"
"SENS-9110","2025-08-17 08:00:00","MAC-11","95.2","318.25","1.144"
"SENS-9111","2025-08-17 09:00:00","MAC-10","100.58","323.25","1.264"
"SENS-9112","2025-08-17 09:00:00","MAC-11","107.49","328.57","1.211"
"SENS-9113","2025-08-17 10:00:00","MAC-10","95.58","339.7","0.664"
"SENS-9114","2025-08-17 10:00:00","MAC-11","119.83","344.44","1.288"
"SENS-9115","2025-08-17 11:00:00","MAC-10","81.72","324.2","1.289"
"SENS-9116","2025-08-17 11:00:00","MAC-11","115.93","306.9","1.487"
"SENS-9117","2026-01-20 00:00:00","MAC-10","99.67","321.46","0.846"
"SENS-9118","2026-01-20 00:00:00","MAC-11","82.48","319.14","1.296"
"SENS-9119","2026-01-20 01:00:00","MAC-10","107.83","310.9","1.301"
"SENS-9120","2026-01-20 01:00:00","MAC-11","109.38","331.56","1.046"
"SENS-9121","2026-01-20 02:00:00","MAC-10","96.95","316.85","0.984"
"SENS-9122","2026-01-20 02:00:00","MAC-11","85.64","308.18","0.894"
"SENS-9123","2026-01-20 03:00:00","MAC-10","95.39","347.2","1.265"
"SENS-9124","2026-01-20 03:00:00","MAC-11","106","321.91","0.685"
"SENS-9125","2026-01-20 04:00:00","MAC-10","97.26","330.92","0.872"
"SENS-9126","2026-01-20 04:00:00","MAC-11","97.94","343.41","1.392"
"SENS-9127","2025-05-29 00:00:00","MAC-10","84.18","344.84","1.25"
"SENS-9128","2025-05-29 00:00:00","MAC-11","110.9","325.76","1.001"
"SENS-9129","2025-05-29 01:00:00","MAC-10","81.84","334.52","0.65"
"SENS-9130","2025-05-29 01:00:00","MAC-11","81.22","336.55","1.018"
"SENS-9131","2025-05-29 02:00:00","MAC-10","118.98","329.71","0.604"
"SENS-9132","2025-05-29 02:00:00","MAC-11","104.77","326.15","1.005"
"SENS-9133","2025-05-29 03:00:00","MAC-10","111.05","312.04","1.267"
"SENS-9134","2025-05-29 03:00:00","MAC-11","88.65","327.69","0.613"
"SENS-9135","2026-01-10 00:00:00","MAC-10","92.44","308.72","0.702"
"SENS-9136","2026-01-10 00:00:00","MAC-11","90.71","327.08","0.565"
"SENS-9137","2026-01-10 01:00:00","MAC-10","96.48","342.97","1.267"
"SENS-9138","2026-01-10 01:00:00","MAC-11","89.25","349.73","1.299"
"SENS-9139","2026-01-10 02:00:00","MAC-10","84.65","345.73","1.178"
"SENS-9140","2026-01-10 02:00:00","MAC-11","111.99","307.77","0.86"
"SENS-9141","2026-01-10 03:00:00","MAC-10","107.71","329.61","1.376"
"SENS-9142","2026-01-10 03:00:00","MAC-11","91.52","309.21","0.953"
"SENS-9143","2026-01-10 04:00:00","MAC-10","115.36","328.93","0.711"
"SENS-9144","2026-01-10 04:00:00","MAC-11","102.79","306.58","1.109"
"SENS-9145","2026-01-10 05:00:00","MAC-10","103.48","348.68","1.441"
"SENS-9146","2026-01-10 05:00:00","MAC-11","93.5","348.33","1.167"
"SENS-9147","2026-01-10 06:00:00","MAC-10","82.96","302.39","1.27"
"SENS-9148","2026-01-10 06:00:00","MAC-11","81.95","343.72","1.004"
"SENS-9149","2026-01-10 07:00:00","MAC-10","87.83","311.05","0.817"
"SENS-9150","2026-01-10 07:00:00","MAC-11","96.95","330.15","0.578"
"SENS-9151","2025-09-24 00:00:00","MAC-20","92.15","333.99","1.199"
"SENS-9152","2025-09-24 00:00:00","MAC-21","85.27","328.43","0.943"
"SENS-9153","2025-09-24 01:00:00","MAC-20","93.63","333.38","1.192"
"SENS-9154","2025-09-24 01:00:00","MAC-21","109.44","316.4","1.424"
"SENS-9155","2025-09-24 02:00:00","MAC-20","90.82","307.19","0.784"
"SENS-9156","2025-09-24 02:00:00","MAC-21","87.13","303.37","0.862"
"SENS-9157","2025-09-24 03:00:00","MAC-20","98.97","320.94","1.402"
"SENS-9158","2025-09-24 03:00:00","MAC-21","87.54","333.37","0.763"
"SENS-9159","2025-09-24 04:00:00","MAC-20","93.56","334.15","0.516"
"SENS-9160","2025-09-24 04:00:00","MAC-21","83.09","315.45","1.201"
"SENS-9161","2025-09-24 05:00:00","MAC-20","107.84","303.87","0.561"
"SENS-9162","2025-09-24 05:00:00","MAC-21","115.25","301.83","1.494"
"SENS-9163","2025-09-24 06:00:00","MAC-20","88.58","335.35","0.728"
"SENS-9164","2025-09-24 06:00:00","MAC-21","98.16","304.79","1.087"
"SENS-9165","2026-03-28 00:00:00","MAC-30","108.26","314.03","1.477"
"SENS-9166","2026-03-28 00:00:00","MAC-31","96.41","336.39","1.29"
"SENS-9167","2026-03-28 01:00:00","MAC-30","117.32","335.34","0.886"
"SENS-9168","2026-03-28 01:00:00","MAC-31","100","340.52","1.475"
"SENS-9169","2026-03-28 02:00:00","MAC-30","103.37","322.66","0.848"
"SENS-9170","2026-03-28 02:00:00","MAC-31","86.29","304.81","1.234"
"SENS-9171","2026-03-28 03:00:00","MAC-30","111.48","308.48","0.675"
"SENS-9172","2026-03-28 03:00:00","MAC-31","118.46","349.31","0.963"
"SENS-9173","2026-03-28 04:00:00","MAC-30","86.5","332.35","1.438"
"SENS-9174","2026-03-28 04:00:00","MAC-31","87.67","316.21","0.501"
"SENS-9175","2026-03-28 05:00:00","MAC-30","89.58","322.07","1.33"
"SENS-9176","2026-03-28 05:00:00","MAC-31","110.47","308.41","0.883"
"SENS-9177","2025-05-13 00:00:00","MAC-20","98.66","313.87","0.685"
"SENS-9178","2025-05-13 00:00:00","MAC-21","109.65","308.52","1.228"
"SENS-9179","2025-05-13 01:00:00","MAC-20","114.77","347.38","0.591"
"SENS-9180","2025-05-13 01:00:00","MAC-21","82.29","337.87","1.17"
"SENS-9181","2025-05-13 02:00:00","MAC-20","107.12","332.7","0.614"
"SENS-9182","2025-05-13 02:00:00","MAC-21","83.18","340.73","0.709"
"SENS-9183","2025-05-13 03:00:00","MAC-20","83.22","329.74","1.118"
"SENS-9184","2025-05-13 03:00:00","MAC-21","102.44","340.79","0.903"
"SENS-9185","2025-05-13 04:00:00","MAC-20","87.69","340.3","0.513"
"SENS-9186","2025-05-13 04:00:00","MAC-21","109.66","336.44","1.15"
"SENS-9187","2025-05-13 05:00:00","MAC-20","104.06","325.27","1.295"
"SENS-9188","2025-05-13 05:00:00","MAC-21","92.82","334.47","0.859"
"SENS-9189","2025-05-13 06:00:00","MAC-20","93.62","304.58","1.3"
"SENS-9190","2025-05-13 06:00:00","MAC-21","99.36","331.82","1.267"
"SENS-9191","2025-05-13 07:00:00","MAC-20","81.04","344.56","0.922"
"SENS-9192","2025-05-13 07:00:00","MAC-21","111.58","309","1.286"
"SENS-9193","2025-05-13 08:00:00","MAC-20","114.62","349.64","1.359"
"SENS-9194","2025-05-13 08:00:00","MAC-21","118.06","304.61","1.266"
"SENS-9195","2025-05-13 09:00:00","MAC-20","92.34","335.65","0.563"
"SENS-9196","2025-05-13 09:00:00","MAC-21","114.45","342.16","1.406"
"SENS-9197","2025-05-13 10:00:00","MAC-20","91.41","342.87","1.478"
"SENS-9198","2025-05-13 10:00:00","MAC-21","99.24","325.03","1.057"
"SENS-9199","2025-05-13 11:00:00","MAC-20","82.51","305.28","0.514"
"SENS-9200","2025-05-13 11:00:00","MAC-21","115.96","310.26","1.246"
"SENS-9201","2025-04-15 00:00:00","MAC-10","101.51","305.49","0.732"
"SENS-9202","2025-04-15 00:00:00","MAC-11","86.12","337.98","0.636"
"SENS-9203","2025-04-15 01:00:00","MAC-10","110.19","326.34","0.571"
"SENS-9204","2025-04-15 01:00:00","MAC-11","112.38","332.35","1.409"
"SENS-9205","2025-04-15 02:00:00","MAC-10","96.36","324.56","0.872"
"SENS-9206","2025-04-15 02:00:00","MAC-11","81.04","338.31","1.158"
"SENS-9207","2025-04-15 03:00:00","MAC-10","95.8","344.66","1.257"
"SENS-9208","2025-04-15 03:00:00","MAC-11","102.36","311.37","0.537"
"SENS-9209","2025-04-15 04:00:00","MAC-10","94.28","322.12","1.5"
"SENS-9210","2025-04-15 04:00:00","MAC-11","83.29","335.98","1.002"
"SENS-9211","2025-04-15 05:00:00","MAC-10","92.28","325.72","0.518"
"SENS-9212","2025-04-15 05:00:00","MAC-11","92.54","329.99","1.4"
"SENS-9213","2025-04-15 06:00:00","MAC-10","95.26","315.45","1.116"
"SENS-9214","2025-04-15 06:00:00","MAC-11","107.76","347.3","1.36"
"SENS-9215","2025-04-15 07:00:00","MAC-10","83.53","339.3","0.823"
"SENS-9216","2025-04-15 07:00:00","MAC-11","103.77","347.39","0.711"
"SENS-9217","2025-04-15 08:00:00","MAC-10","106.55","307.48","0.788"
"SENS-9218","2025-04-15 08:00:00","MAC-11","80.31","306.63","1.138"
"SENS-9219","2025-12-07 00:00:00","MAC-30","117.38","306.58","1.092"
"SENS-9220","2025-12-07 00:00:00","MAC-31","93.66","336.66","1.088"
"SENS-9221","2025-12-07 01:00:00","MAC-30","119.31","312.02","0.631"
"SENS-9222","2025-12-07 01:00:00","MAC-31","89.21","303.94","1.217"
"SENS-9223","2025-12-07 02:00:00","MAC-30","101.53","314.16","0.571"
"SENS-9224","2025-12-07 02:00:00","MAC-31","115.68","329.87","0.955"
"SENS-9225","2025-12-07 03:00:00","MAC-30","91.88","314.59","1.009"
"SENS-9226","2025-12-07 03:00:00","MAC-31","107.93","313.01","0.503"
"SENS-9227","2025-08-21 00:00:00","MAC-20","87.62","348.25","0.515"
"SENS-9228","2025-08-21 00:00:00","MAC-21","98.27","305.7","1.22"
"SENS-9229","2025-08-21 01:00:00","MAC-20","80.04","316.82","0.948"
"SENS-9230","2025-08-21 01:00:00","MAC-21","100.82","306.56","1.455"
"SENS-9231","2025-08-21 02:00:00","MAC-20","80.75","309.95","1.064"
"SENS-9232","2025-08-21 02:00:00","MAC-21","81.48","337.27","0.593"
"SENS-9233","2025-08-21 03:00:00","MAC-20","110.64","308.05","0.982"
"SENS-9234","2025-08-21 03:00:00","MAC-21","93.86","339.19","0.524"
"SENS-9235","2025-08-21 04:00:00","MAC-20","100.61","317.03","0.593"
"SENS-9236","2025-08-21 04:00:00","MAC-21","105.71","320.86","0.628"
"SENS-9237","2025-08-21 05:00:00","MAC-20","97.66","345.28","1.393"
"SENS-9238","2025-08-21 05:00:00","MAC-21","104.83","341.34","0.635"
"SENS-9239","2025-08-21 06:00:00","MAC-20","87.05","331.61","1.241"
"SENS-9240","2025-08-21 06:00:00","MAC-21","100.93","305.18","0.817"
"SENS-9241","2025-08-21 07:00:00","MAC-20","108.8","318.46","0.984"
"SENS-9242","2025-08-21 07:00:00","MAC-21","117.99","313.13","1.011"
"SENS-9243","2025-08-21 08:00:00","MAC-20","83.97","348.17","0.853"
"SENS-9244","2025-08-21 08:00:00","MAC-21","117.56","303.03","0.974"
"SENS-9245","2025-08-21 09:00:00","MAC-20","106.93","334.51","1.478"
"SENS-9246","2025-08-21 09:00:00","MAC-21","119.32","303.37","1.379"
"SENS-9247","2025-08-21 10:00:00","MAC-20","111.15","336.14","1.255"
"SENS-9248","2025-08-21 10:00:00","MAC-21","116.52","337.73","1.246"
"SENS-9249","2025-08-21 11:00:00","MAC-20","86.32","337.58","1.085"
"SENS-9250","2025-08-21 11:00:00","MAC-21","107.51","333.9","0.864"
"SENS-9251","2025-08-21 12:00:00","MAC-20","85.22","312.67","1.208"
"SENS-9252","2025-08-21 12:00:00","MAC-21","106.73","337.9","0.751"
"SENS-9253","2025-08-21 13:00:00","MAC-20","84.05","348.33","0.921"
"SENS-9254","2025-08-21 13:00:00","MAC-21","116.27","309.24","1.376"
"SENS-9255","2025-08-21 14:00:00","MAC-20","117.69","311.43","0.7"
"SENS-9256","2025-08-21 14:00:00","MAC-21","99.82","310.13","1.105"
"SENS-9257","2025-08-21 15:00:00","MAC-20","94.18","302.27","0.699"
"SENS-9258","2025-08-21 15:00:00","MAC-21","94.29","318.69","0.54"
"SENS-9259","2025-08-21 16:00:00","MAC-20","107.42","327.05","1.298"
"SENS-9260","2025-08-21 16:00:00","MAC-21","113.56","301.7","1.408"
"SENS-9261","2025-08-21 17:00:00","MAC-20","110.22","319.33","0.601"
"SENS-9262","2025-08-21 17:00:00","MAC-21","115.27","323.77","1.429"
"SENS-9263","2025-08-21 18:00:00","MAC-20","103.4","340.12","1.26"
"SENS-9264","2025-08-21 18:00:00","MAC-21","88.52","335.29","0.601"
"SENS-9265","2025-08-12 00:00:00","MAC-10","96.81","315.41","1.041"
"SENS-9266","2025-08-12 00:00:00","MAC-11","106.02","330.77","0.809"
"SENS-9267","2025-08-12 01:00:00","MAC-10","94.32","346.48","1.046"
"SENS-9268","2025-08-12 01:00:00","MAC-11","91.9","336.61","0.529"
"SENS-9269","2025-08-12 02:00:00","MAC-10","93.65","319.57","0.523"
"SENS-9270","2025-08-12 02:00:00","MAC-11","117.66","343.28","1.401"
"SENS-9271","2025-08-12 03:00:00","MAC-10","86.51","323.81","0.823"
"SENS-9272","2025-08-12 03:00:00","MAC-11","89.49","321.35","1.405"
"SENS-9273","2025-08-12 04:00:00","MAC-10","93.8","308.89","1.31"
"SENS-9274","2025-08-12 04:00:00","MAC-11","118.14","314.78","0.548"
"SENS-9275","2025-08-12 05:00:00","MAC-10","91.25","347.68","0.663"
"SENS-9276","2025-08-12 05:00:00","MAC-11","90.12","338.4","0.911"
"SENS-9277","2025-08-12 06:00:00","MAC-10","109.69","310.37","0.501"
"SENS-9278","2025-08-12 06:00:00","MAC-11","82.54","302.73","0.512"
"SENS-9279","2025-08-12 07:00:00","MAC-10","99.52","340.46","1.238"
"SENS-9280","2025-08-12 07:00:00","MAC-11","88.94","300.05","1.226"
"SENS-9281","2026-03-12 00:00:00","MAC-10","93.26","302.2","0.89"
"SENS-9282","2026-03-12 00:00:00","MAC-11","90.13","300.2","1.267"
"SENS-9283","2026-03-12 01:00:00","MAC-10","110.97","316.89","0.957"
"SENS-9284","2026-03-12 01:00:00","MAC-11","102.16","307.92","0.741"
"SENS-9285","2026-03-12 02:00:00","MAC-10","118.31","334.94","0.549"
"SENS-9286","2026-03-12 02:00:00","MAC-11","114.73","340.47","0.857"
"SENS-9287","2026-03-12 03:00:00","MAC-10","119.72","349.75","0.996"
"SENS-9288","2026-03-12 03:00:00","MAC-11","84.13","344.99","1.186"
"SENS-9289","2026-03-12 04:00:00","MAC-10","109.35","340.07","1.189"
"SENS-9290","2026-03-12 04:00:00","MAC-11","104.42","313.49","0.623"
"SENS-9291","2026-03-12 05:00:00","MAC-10","113.22","345.99","1.093"
"SENS-9292","2026-03-12 05:00:00","MAC-11","89.95","305.78","0.809"
"SENS-9293","2026-03-12 06:00:00","MAC-10","115.95","302.77","0.813"
"SENS-9294","2026-03-12 06:00:00","MAC-11","97.19","306.68","0.682"
"SENS-9295","2026-03-12 07:00:00","MAC-10","113.97","320.27","1.437"
"SENS-9296","2026-03-12 07:00:00","MAC-11","84.01","332.55","0.662"
"SENS-9297","2026-03-12 08:00:00","MAC-10","116.68","302.51","1.485"
"SENS-9298","2026-03-12 08:00:00","MAC-11","115.52","340.77","0.668"
"SENS-9299","2026-02-18 00:00:00","MAC-20","93.54","335.24","1.079"
"SENS-9300","2026-02-18 00:00:00","MAC-21","83.5","323.13","0.905"
"SENS-9301","2026-02-18 01:00:00","MAC-20","88.41","343.25","0.946"
"SENS-9302","2026-02-18 01:00:00","MAC-21","86.54","316.01","1.342"
"SENS-9303","2026-02-18 02:00:00","MAC-20","116.45","346.67","0.864"
"SENS-9304","2026-02-18 02:00:00","MAC-21","97.11","325.04","1.406"
"SENS-9305","2026-02-18 03:00:00","MAC-20","102.69","305.96","1.492"
"SENS-9306","2026-02-18 03:00:00","MAC-21","102.3","302.5","1.212"
"SENS-9307","2026-02-18 04:00:00","MAC-20","93.18","334.04","0.87"
"SENS-9308","2026-02-18 04:00:00","MAC-21","106.06","302.76","1.465"
"SENS-9309","2026-02-18 05:00:00","MAC-20","119.24","310.65","1.236"
"SENS-9310","2026-02-18 05:00:00","MAC-21","85.35","302.97","1.118"
"SENS-9311","2026-02-18 06:00:00","MAC-20","99.15","328.71","1.361"
"SENS-9312","2026-02-18 06:00:00","MAC-21","105.07","303.72","1.096"
"SENS-9313","2026-02-18 07:00:00","MAC-20","110.65","346.12","1.139"
"SENS-9314","2026-02-18 07:00:00","MAC-21","94.7","346.34","1.466"
"SENS-9315","2025-08-06 00:00:00","MAC-10","92.41","314.06","0.644"
"SENS-9316","2025-08-06 00:00:00","MAC-11","115.16","313.1","1.218"
"SENS-9317","2025-08-06 01:00:00","MAC-10","104.1","317.8","0.532"
"SENS-9318","2025-08-06 01:00:00","MAC-11","107.77","342.31","1.265"
"SENS-9319","2025-08-06 02:00:00","MAC-10","106.28","332.7","1.461"
"SENS-9320","2025-08-06 02:00:00","MAC-11","85.41","321.87","1.348"
"SENS-9321","2025-08-06 03:00:00","MAC-10","113.24","317.87","1.045"
"SENS-9322","2025-08-06 03:00:00","MAC-11","106.38","343.56","1.08"
"SENS-9323","2025-08-06 04:00:00","MAC-10","99.6","328.12","0.685"
"SENS-9324","2025-08-06 04:00:00","MAC-11","103.56","345.5","1.269"
"SENS-9325","2025-08-06 05:00:00","MAC-10","115.57","325","1.129"
"SENS-9326","2025-08-06 05:00:00","MAC-11","119.72","317.29","0.525"
"SENS-9327","2025-08-06 06:00:00","MAC-10","116.31","324.81","0.579"
"SENS-9328","2025-08-06 06:00:00","MAC-11","85.46","331.42","0.682"
"SENS-9329","2025-08-06 07:00:00","MAC-10","97.67","317.01","0.683"
"SENS-9330","2025-08-06 07:00:00","MAC-11","115.47","317.17","1.223"
"SENS-9331","2025-08-06 08:00:00","MAC-10","113.36","347.52","1.054"
"SENS-9332","2025-08-06 08:00:00","MAC-11","97.34","329.68","1.076"
"SENS-9333","2025-08-30 00:00:00","MAC-30","94.17","301.18","1.254"
"SENS-9334","2025-08-30 00:00:00","MAC-31","99.24","347.68","0.638"
"SENS-9335","2025-08-30 01:00:00","MAC-30","103.64","336.34","1.088"
"SENS-9336","2025-08-30 01:00:00","MAC-31","102.79","346.94","1.177"
"SENS-9337","2025-08-30 02:00:00","MAC-30","81.05","340.46","0.572"
"SENS-9338","2025-08-30 02:00:00","MAC-31","116.64","314.33","0.78"
"SENS-9339","2026-03-07 00:00:00","MAC-30","95.1","335.35","1.178"
"SENS-9340","2026-03-07 00:00:00","MAC-31","119.37","348.12","0.745"
"SENS-9341","2026-03-07 01:00:00","MAC-30","93.35","321.47","1.414"
"SENS-9342","2026-03-07 01:00:00","MAC-31","82.4","336.19","0.752"
"SENS-9343","2026-03-07 02:00:00","MAC-30","109.33","319.02","1.206"
"SENS-9344","2026-03-07 02:00:00","MAC-31","101.44","325.93","1.318"
"SENS-9345","2026-03-07 03:00:00","MAC-30","119.5","329.45","0.577"
"SENS-9346","2026-03-07 03:00:00","MAC-31","90.11","349.09","0.893"
"SENS-9347","2026-03-07 04:00:00","MAC-30","81.58","344.94","0.629"
"SENS-9348","2026-03-07 04:00:00","MAC-31","92.15","344.48","1.433"
"SENS-9349","2026-03-07 05:00:00","MAC-30","107.63","343.37","0.686"
"SENS-9350","2026-03-07 05:00:00","MAC-31","109.7","333.17","0.748"
"SENS-9351","2026-03-07 06:00:00","MAC-30","89.1","315.01","0.913"
"SENS-9352","2026-03-07 06:00:00","MAC-31","108.96","303.35","0.886"
"SENS-9353","2026-02-13 00:00:00","MAC-30","113.07","302.16","0.972"
"SENS-9354","2026-02-13 00:00:00","MAC-31","81.63","324.45","1.203"
"SENS-9355","2026-02-13 01:00:00","MAC-30","101.71","319.27","0.877"
"SENS-9356","2026-02-13 01:00:00","MAC-31","86.79","344.36","1.24"
"SENS-9357","2026-02-13 02:00:00","MAC-30","84.46","308.91","1.498"
"SENS-9358","2026-02-13 02:00:00","MAC-31","103.48","318.32","1.257"
"SENS-9359","2026-02-13 03:00:00","MAC-30","80.49","318.79","1.016"
"SENS-9360","2026-02-13 03:00:00","MAC-31","117.23","336.98","1.089"
"SENS-9361","2026-02-13 04:00:00","MAC-30","91.39","305.78","0.668"
"SENS-9362","2026-02-13 04:00:00","MAC-31","102.02","310.37","1.426"
"SENS-9363","2026-02-13 05:00:00","MAC-30","93.13","335.99","1.171"
"SENS-9364","2026-02-13 05:00:00","MAC-31","90.86","318.15","0.641"
"SENS-9365","2025-05-31 00:00:00","MAC-10","80.97","320.64","1.114"
"SENS-9366","2025-05-31 00:00:00","MAC-11","96.51","304.18","1.399"
"SENS-9367","2025-05-31 01:00:00","MAC-10","100.24","332.52","0.683"
"SENS-9368","2025-05-31 01:00:00","MAC-11","110.63","336.78","0.856"
"SENS-9369","2025-05-31 02:00:00","MAC-10","81.98","326.95","1.287"
"SENS-9370","2025-05-31 02:00:00","MAC-11","117.55","313.9","0.764"
"SENS-9371","2025-05-31 03:00:00","MAC-10","116.81","345.19","1.263"
"SENS-9372","2025-05-31 03:00:00","MAC-11","119.18","310.05","1.366"
"SENS-9373","2025-05-31 04:00:00","MAC-10","82.34","336.78","0.577"
"SENS-9374","2025-05-31 04:00:00","MAC-11","86.75","313.3","1.339"
"SENS-9375","2025-10-04 00:00:00","MAC-10","102.26","322.6","1.024"
"SENS-9376","2025-10-04 00:00:00","MAC-11","108.18","318.37","0.981"
"SENS-9377","2025-10-04 01:00:00","MAC-10","98.77","316.77","0.641"
"SENS-9378","2025-10-04 01:00:00","MAC-11","116.46","313.53","0.869"
"SENS-9379","2025-10-04 02:00:00","MAC-10","111.2","329.69","1.389"
"SENS-9380","2025-10-04 02:00:00","MAC-11","106.92","328.96","0.703"
"SENS-9381","2025-10-04 03:00:00","MAC-10","99.74","306.56","1.213"
"SENS-9382","2025-10-04 03:00:00","MAC-11","113.61","301.19","0.672"
"SENS-9383","2025-10-04 04:00:00","MAC-10","117.52","331.76","1.398"
"SENS-9384","2025-10-04 04:00:00","MAC-11","86.85","349.12","1.177"
"SENS-9385","2025-10-04 05:00:00","MAC-10","86.21","338.12","0.576"
"SENS-9386","2025-10-04 05:00:00","MAC-11","104.54","348.22","0.963"
"SENS-9387","2025-10-04 06:00:00","MAC-10","117.7","327.71","0.737"
"SENS-9388","2025-10-04 06:00:00","MAC-11","84.75","330.53","0.615"
"SENS-9389","2025-10-04 07:00:00","MAC-10","104.83","328.66","0.978"
"SENS-9390","2025-10-04 07:00:00","MAC-11","108.75","337.98","0.823"
"SENS-9391","2025-10-04 08:00:00","MAC-10","98.76","342.45","0.865"
"SENS-9392","2025-10-04 08:00:00","MAC-11","103.55","343.35","1.39"
"SENS-9393","2025-10-04 09:00:00","MAC-10","90.52","322.29","1.086"
"SENS-9394","2025-10-04 09:00:00","MAC-11","111.41","344.65","1.331"
"SENS-9395","2025-05-14 00:00:00","MAC-20","114.1","338.39","0.822"
"SENS-9396","2025-05-14 00:00:00","MAC-21","100.78","337.83","1.037"
"SENS-9397","2025-05-14 01:00:00","MAC-20","88.64","342.19","1.362"
"SENS-9398","2025-05-14 01:00:00","MAC-21","116.38","327.37","1.38"
"SENS-9399","2025-05-14 02:00:00","MAC-20","99.62","327.08","1.044"
"SENS-9400","2025-05-14 02:00:00","MAC-21","81.83","339.81","1.14"
"SENS-9401","2025-11-16 00:00:00","MAC-20","86.55","307.92","0.844"
"SENS-9402","2025-11-16 00:00:00","MAC-21","95.19","330.41","0.781"
"SENS-9403","2025-11-16 01:00:00","MAC-20","114.58","325.3","1.288"
"SENS-9404","2025-11-16 01:00:00","MAC-21","80.22","330.21","1.251"
"SENS-9405","2025-11-16 02:00:00","MAC-20","88.1","310.12","0.851"
"SENS-9406","2025-11-16 02:00:00","MAC-21","102.63","310.43","1.172"
"SENS-9407","2025-11-16 03:00:00","MAC-20","87.04","324","1.181"
"SENS-9408","2025-11-16 03:00:00","MAC-21","105.59","325.6","1.351"
"SENS-9409","2025-11-16 04:00:00","MAC-20","112.56","328.91","1.107"
"SENS-9410","2025-11-16 04:00:00","MAC-21","109.12","311.77","1.133"
"SENS-9411","2025-11-16 05:00:00","MAC-20","90.19","302.74","0.523"
"SENS-9412","2025-11-16 05:00:00","MAC-21","94.51","326.85","1.183"
"SENS-9413","2025-11-16 06:00:00","MAC-20","117.98","321.19","0.839"
"SENS-9414","2025-11-16 06:00:00","MAC-21","101.68","326.55","0.515"
"SENS-9415","2025-11-16 07:00:00","MAC-20","89.15","344.51","0.637"
"SENS-9416","2025-11-16 07:00:00","MAC-21","80.06","315.12","1.004"
"SENS-9417","2025-11-16 08:00:00","MAC-20","96.48","303.63","0.799"
"SENS-9418","2025-11-16 08:00:00","MAC-21","95.44","309.34","1.286"
"SENS-9419","2025-11-16 09:00:00","MAC-20","112.39","312.52","0.69"
"SENS-9420","2025-11-16 09:00:00","MAC-21","88.64","332.07","0.905"
"SENS-9421","2025-11-16 10:00:00","MAC-20","90.07","349.26","1.11"
"SENS-9422","2025-11-16 10:00:00","MAC-21","116.83","306.19","0.832"
"SENS-9423","2025-05-02 00:00:00","MAC-30","110.71","341.76","1.394"
"SENS-9424","2025-05-02 00:00:00","MAC-31","103.81","325.29","1.256"
"SENS-9425","2025-05-02 01:00:00","MAC-30","105.58","318.27","1.486"
"SENS-9426","2025-05-02 01:00:00","MAC-31","108.68","322.59","0.532"
"SENS-9427","2025-05-02 02:00:00","MAC-30","86.02","327.83","0.803"
"SENS-9428","2025-05-02 02:00:00","MAC-31","102.22","308.57","0.971"
"SENS-9429","2025-05-02 03:00:00","MAC-30","103.18","325.38","0.953"
"SENS-9430","2025-05-02 03:00:00","MAC-31","99.93","339.65","1.223"
"SENS-9431","2025-05-02 04:00:00","MAC-30","107.3","302.7","0.884"
"SENS-9432","2025-05-02 04:00:00","MAC-31","85.14","348.06","1.012"
"SENS-9433","2025-05-02 05:00:00","MAC-30","112.92","340.05","0.596"
"SENS-9434","2025-05-02 05:00:00","MAC-31","117.34","344.27","1.089"
"SENS-9435","2026-02-27 00:00:00","MAC-10","98.43","301.48","0.764"
"SENS-9436","2026-02-27 00:00:00","MAC-11","82.02","317.74","1.369"
"SENS-9437","2026-02-27 01:00:00","MAC-10","85","338.8","0.959"
"SENS-9438","2026-02-27 01:00:00","MAC-11","94.77","302.55","0.857"
"SENS-9439","2026-02-27 02:00:00","MAC-10","109.97","322.85","0.822"
"SENS-9440","2026-02-27 02:00:00","MAC-11","116.23","323.57","0.579"
"SENS-9441","2025-12-07 00:00:00","MAC-10","95.48","338.54","0.842"
"SENS-9442","2025-12-07 00:00:00","MAC-11","90.75","314.99","0.946"
"SENS-9443","2025-12-07 01:00:00","MAC-10","119.76","325.59","0.545"
"SENS-9444","2025-12-07 01:00:00","MAC-11","115.69","319.28","0.614"
"SENS-9445","2025-12-07 02:00:00","MAC-10","101.87","328.42","0.508"
"SENS-9446","2025-12-07 02:00:00","MAC-11","86.07","302.04","1.099"
"SENS-9447","2025-12-07 03:00:00","MAC-10","92.23","341.24","0.976"
"SENS-9448","2025-12-07 03:00:00","MAC-11","94.31","310.07","1.338"
"SENS-9449","2025-12-07 04:00:00","MAC-10","81.91","301.46","1.075"
"SENS-9450","2025-12-07 04:00:00","MAC-11","88.6","324.11","0.672"
"SENS-9451","2025-12-07 05:00:00","MAC-10","93.81","324.87","1.364"
"SENS-9452","2025-12-07 05:00:00","MAC-11","98.07","319.26","0.794"
"SENS-9453","2026-03-18 00:00:00","MAC-10","107.76","349.14","1.183"
"SENS-9454","2026-03-18 00:00:00","MAC-11","106.24","341.06","1.055"
"SENS-9455","2026-03-18 01:00:00","MAC-10","95.21","342.95","1.288"
"SENS-9456","2026-03-18 01:00:00","MAC-11","112.36","321.69","1.049"
"SENS-9457","2026-03-18 02:00:00","MAC-10","84.9","303.11","1.005"
"SENS-9458","2026-03-18 02:00:00","MAC-11","88.36","316.44","0.647"
"SENS-9459","2025-06-17 00:00:00","MAC-30","106.19","339.58","1.312"
"SENS-9460","2025-06-17 00:00:00","MAC-31","89.88","331.09","1.231"
"SENS-9461","2025-06-17 01:00:00","MAC-30","109.12","323.1","1.373"
"SENS-9462","2025-06-17 01:00:00","MAC-31","119.21","305.93","0.796"
"SENS-9463","2025-06-17 02:00:00","MAC-30","111.29","347.49","1.182"
"SENS-9464","2025-06-17 02:00:00","MAC-31","115.53","307.77","1.213"
"SENS-9465","2025-06-17 03:00:00","MAC-30","92.66","325.82","0.793"
"SENS-9466","2025-06-17 03:00:00","MAC-31","90.53","304.62","1.428"
"SENS-9467","2026-03-20 00:00:00","MAC-30","87.61","349.61","0.648"
"SENS-9468","2026-03-20 00:00:00","MAC-31","82.36","319.09","0.889"
"SENS-9469","2026-03-20 01:00:00","MAC-30","100.51","328.1","1.447"
"SENS-9470","2026-03-20 01:00:00","MAC-31","106.05","305.35","1.033"
"SENS-9471","2026-03-20 02:00:00","MAC-30","99.71","324.46","1.214"
"SENS-9472","2026-03-20 02:00:00","MAC-31","117.16","339.69","0.848"
"SENS-9473","2026-03-20 03:00:00","MAC-30","82.78","303.89","0.756"
"SENS-9474","2026-03-20 03:00:00","MAC-31","119.3","322.91","0.798"
"SENS-9475","2026-03-20 04:00:00","MAC-30","86.48","334.5","1.436"
"SENS-9476","2026-03-20 04:00:00","MAC-31","116.77","310.34","1.427"
"SENS-9477","2026-03-20 05:00:00","MAC-30","106.68","347.24","1.164"
"SENS-9478","2026-03-20 05:00:00","MAC-31","115.11","337.44","1.078"
"SENS-9479","2026-03-20 06:00:00","MAC-30","100.37","325.87","1.074"
"SENS-9480","2026-03-20 06:00:00","MAC-31","102.1","338.56","1.119"
"SENS-9481","2026-03-20 07:00:00","MAC-30","117.15","326.41","1.099"
"SENS-9482","2026-03-20 07:00:00","MAC-31","103.48","320.18","1.296"
"SENS-9483","2025-08-04 00:00:00","MAC-30","81.8","335.28","1.479"
"SENS-9484","2025-08-04 00:00:00","MAC-31","80.17","323.45","0.985"
"SENS-9485","2025-08-04 01:00:00","MAC-30","117.94","342.47","1.17"
"SENS-9486","2025-08-04 01:00:00","MAC-31","105.38","344.09","0.509"
"SENS-9487","2025-08-04 02:00:00","MAC-30","104.15","307.84","1.304"
"SENS-9488","2025-08-04 02:00:00","MAC-31","102.05","342.15","1.293"
"SENS-9489","2025-08-04 03:00:00","MAC-30","111.67","308.51","1.443"
"SENS-9490","2025-08-04 03:00:00","MAC-31","81.87","309.29","0.639"
"SENS-9491","2025-11-20 00:00:00","MAC-20","114.83","303.77","1.068"
"SENS-9492","2025-11-20 00:00:00","MAC-21","102.16","329.49","1.162"
"SENS-9493","2025-11-20 01:00:00","MAC-20","86.7","339.32","1.489"
"SENS-9494","2025-11-20 01:00:00","MAC-21","80.08","335.41","1.475"
"SENS-9495","2025-11-20 02:00:00","MAC-20","82.13","307.93","0.837"
"SENS-9496","2025-11-20 02:00:00","MAC-21","101.18","338.55","0.925"
"SENS-9497","2025-11-20 03:00:00","MAC-20","93.06","346.41","0.505"
"SENS-9498","2025-11-20 03:00:00","MAC-21","87.92","316.03","0.917"
"SENS-9499","2025-11-20 00:00:00","MAC-30","115.42","301.14","1.166"
"SENS-9500","2025-11-20 00:00:00","MAC-31","87.11","323.7","0.645"
"SENS-9501","2025-11-20 01:00:00","MAC-30","115.36","315.59","1.413"
"SENS-9502","2025-11-20 01:00:00","MAC-31","119.83","305.95","0.651"
"SENS-9503","2025-11-20 02:00:00","MAC-30","92.69","317.86","0.947"
"SENS-9504","2025-11-20 02:00:00","MAC-31","100.75","331.99","0.777"
"SENS-9505","2025-12-09 00:00:00","MAC-20","89.47","333.46","1.332"
"SENS-9506","2025-12-09 00:00:00","MAC-21","119.7","305.08","0.566"
"SENS-9507","2025-12-09 01:00:00","MAC-20","104.58","313.22","1.462"
"SENS-9508","2025-12-09 01:00:00","MAC-21","119.31","332.53","0.677"
"SENS-9509","2025-07-20 00:00:00","MAC-20","117.59","339.7","1"
"SENS-9510","2025-07-20 00:00:00","MAC-21","108.62","342.46","0.823"
"SENS-9511","2025-07-20 01:00:00","MAC-20","115.13","331.19","0.506"
"SENS-9512","2025-07-20 01:00:00","MAC-21","102.71","341.4","0.732"
"SENS-9513","2025-07-20 02:00:00","MAC-20","80.2","328.68","0.803"
"SENS-9514","2025-07-20 02:00:00","MAC-21","116.64","319.3","1.035"
"SENS-9515","2025-07-20 03:00:00","MAC-20","100.81","336.78","0.537"
"SENS-9516","2025-07-20 03:00:00","MAC-21","96.12","323.52","1.395"
"SENS-9517","2025-07-20 04:00:00","MAC-20","83.49","318.42","0.528"
"SENS-9518","2025-07-20 04:00:00","MAC-21","104.35","330.81","0.632"
"SENS-9519","2025-07-20 05:00:00","MAC-20","102.7","316.48","1.489"
"SENS-9520","2025-07-20 05:00:00","MAC-21","118.51","318.62","1.329"
"SENS-9521","2025-07-20 06:00:00","MAC-20","114.73","316.69","0.991"
"SENS-9522","2025-07-20 06:00:00","MAC-21","96.18","343.89","1.128"
"SENS-9523","2025-07-20 07:00:00","MAC-20","101.91","327.63","0.592"
"SENS-9524","2025-07-20 07:00:00","MAC-21","96.84","318.86","1.221"
"SENS-9525","2025-07-20 08:00:00","MAC-20","99.25","318.45","0.953"
"SENS-9526","2025-07-20 08:00:00","MAC-21","83.61","304.89","0.723"
"SENS-9527","2025-04-14 00:00:00","MAC-10","87.89","341.59","1.043"
"SENS-9528","2025-04-14 00:00:00","MAC-11","93.29","329.25","1.353"
"SENS-9529","2025-04-14 01:00:00","MAC-10","81.41","308.1","1.104"
"SENS-9530","2025-04-14 01:00:00","MAC-11","97.08","345.31","1.099"
"SENS-9531","2025-04-14 02:00:00","MAC-10","106.92","315.55","0.639"
"SENS-9532","2025-04-14 02:00:00","MAC-11","90.36","337.55","0.87"
"SENS-9533","2025-10-24 00:00:00","MAC-10","103.76","345.77","0.554"
"SENS-9534","2025-10-24 00:00:00","MAC-11","112.52","327.15","0.618"
"SENS-9535","2025-10-24 01:00:00","MAC-10","111.51","318.25","0.928"
"SENS-9536","2025-10-24 01:00:00","MAC-11","109.95","317.93","1.139"
"SENS-9537","2025-05-27 00:00:00","MAC-30","94.83","333.72","0.528"
"SENS-9538","2025-05-27 00:00:00","MAC-31","84.52","328.91","0.562"
"SENS-9539","2025-05-27 01:00:00","MAC-30","90.38","309.23","1.079"
"SENS-9540","2025-05-27 01:00:00","MAC-31","81.82","301.34","1.07"
"SENS-9541","2025-05-27 02:00:00","MAC-30","109.59","325.1","1.375"
"SENS-9542","2025-05-27 02:00:00","MAC-31","102.1","336.39","0.953"
"SENS-9543","2025-05-27 03:00:00","MAC-30","119.32","300.38","1.461"
"SENS-9544","2025-05-27 03:00:00","MAC-31","113.27","319.1","1.29"
"SENS-9545","2025-05-27 04:00:00","MAC-30","103.8","312.16","0.861"
"SENS-9546","2025-05-27 04:00:00","MAC-31","98.17","308.29","0.691"
"SENS-9547","2025-10-09 00:00:00","MAC-10","110.97","340.71","0.989"
"SENS-9548","2025-10-09 00:00:00","MAC-11","89.02","325.81","1.028"
"SENS-9549","2025-10-09 01:00:00","MAC-10","103.92","332.29","0.647"
"SENS-9550","2025-10-09 01:00:00","MAC-11","115.73","347.27","1.365"
"SENS-9551","2025-10-09 02:00:00","MAC-10","86.71","315.85","0.971"
"SENS-9552","2025-10-09 02:00:00","MAC-11","104.45","320.28","0.819"
"SENS-9553","2025-10-09 03:00:00","MAC-10","105.12","318.8","1.228"
"SENS-9554","2025-10-09 03:00:00","MAC-11","89","304.61","0.939"
"SENS-9555","2025-10-09 04:00:00","MAC-10","116.75","306.32","1.255"
"SENS-9556","2025-10-09 04:00:00","MAC-11","99.6","337.11","0.733"
"SENS-9557","2025-10-09 05:00:00","MAC-10","81.08","344.78","1.22"
"SENS-9558","2025-10-09 05:00:00","MAC-11","107.15","302.8","1.451"
"SENS-9559","2025-10-09 06:00:00","MAC-10","90.51","303.01","0.69"
"SENS-9560","2025-10-09 06:00:00","MAC-11","106.07","340.31","1.408"
"SENS-9561","2025-10-09 07:00:00","MAC-10","112.08","344.35","0.762"
"SENS-9562","2025-10-09 07:00:00","MAC-11","116.63","325.04","1.268"
"SENS-9563","2025-10-09 08:00:00","MAC-10","105.15","327.06","1.168"
"SENS-9564","2025-10-09 08:00:00","MAC-11","114.72","312.53","0.515"
"SENS-9565","2025-10-09 09:00:00","MAC-10","112.9","342.61","0.633"
"SENS-9566","2025-10-09 09:00:00","MAC-11","99.86","335.64","0.721"
"SENS-9567","2025-10-09 10:00:00","MAC-10","89.49","303.55","1.07"
"SENS-9568","2025-10-09 10:00:00","MAC-11","96.03","322.35","1.282"
"SENS-9569","2025-10-09 11:00:00","MAC-10","91.45","339.85","1.482"
"SENS-9570","2025-10-09 11:00:00","MAC-11","91.31","346.88","1.203"
"SENS-9571","2025-10-09 12:00:00","MAC-10","89.65","336.01","0.909"
"SENS-9572","2025-10-09 12:00:00","MAC-11","85.89","315.97","1.306"
"SENS-9573","2025-10-09 13:00:00","MAC-10","110.18","322.11","0.712"
"SENS-9574","2025-10-09 13:00:00","MAC-11","109.73","317.56","1.111"
"SENS-9575","2025-10-09 14:00:00","MAC-10","85.41","315.91","0.547"
"SENS-9576","2025-10-09 14:00:00","MAC-11","117.66","302.66","1.413"
"SENS-9577","2025-10-09 15:00:00","MAC-10","116.49","325.5","0.872"
"SENS-9578","2025-10-09 15:00:00","MAC-11","112.65","345.52","1.424"
"SENS-9579","2025-10-09 16:00:00","MAC-10","85.64","306.99","0.862"
"SENS-9580","2025-10-09 16:00:00","MAC-11","90.88","314.27","0.817"
"SENS-9581","2026-03-25 00:00:00","MAC-30","104.86","305.25","1.429"
"SENS-9582","2026-03-25 00:00:00","MAC-31","119.77","326.72","1.488"
"SENS-9583","2026-03-25 01:00:00","MAC-30","116.92","338.52","1.317"
"SENS-9584","2026-03-25 01:00:00","MAC-31","96.28","323.34","1.206"
"SENS-9585","2026-03-25 02:00:00","MAC-30","100.96","305","0.707"
"SENS-9586","2026-03-25 02:00:00","MAC-31","116.66","305.59","0.914"
"SENS-9587","2026-03-25 03:00:00","MAC-30","82.22","329.26","0.884"
"SENS-9588","2026-03-25 03:00:00","MAC-31","93.94","344.64","1.032"
"SENS-9589","2026-03-25 04:00:00","MAC-30","98.57","317.04","1.489"
"SENS-9590","2026-03-25 04:00:00","MAC-31","117.9","313.03","1.448"
"SENS-9591","2026-03-25 05:00:00","MAC-30","91.84","330.72","0.571"
"SENS-9592","2026-03-25 05:00:00","MAC-31","111.43","323.61","0.862"
"SENS-9593","2026-03-25 06:00:00","MAC-30","101.2","340.6","0.914"
"SENS-9594","2026-03-25 06:00:00","MAC-31","85.32","349.2","0.532"
"SENS-9595","2026-03-25 07:00:00","MAC-30","113.92","320.5","1.499"
"SENS-9596","2026-03-25 07:00:00","MAC-31","115.38","313.59","0.833"
"SENS-9597","2026-03-25 08:00:00","MAC-30","116.65","311.71","0.861"
"SENS-9598","2026-03-25 08:00:00","MAC-31","97.56","314.87","1.185"
"SENS-9599","2026-03-25 09:00:00","MAC-30","88.75","327.31","0.908"
"SENS-9600","2026-03-25 09:00:00","MAC-31","113.5","337.91","0.974"
"SENS-9601","2026-03-25 10:00:00","MAC-30","115.08","320.18","1.262"
"SENS-9602","2026-03-25 10:00:00","MAC-31","89.54","342.05","0.511"
"SENS-9603","2025-11-23 00:00:00","MAC-10","112.3","320.61","1.35"
"SENS-9604","2025-11-23 00:00:00","MAC-11","109.44","311.1","1.052"
"SENS-9605","2025-11-23 01:00:00","MAC-10","93.67","340.15","0.919"
"SENS-9606","2025-11-23 01:00:00","MAC-11","113.16","309.67","0.736"
"SENS-9607","2025-11-23 02:00:00","MAC-10","93.25","348.09","0.609"
"SENS-9608","2025-11-23 02:00:00","MAC-11","84","314.44","1.166"
"SENS-9609","2026-02-11 00:00:00","MAC-30","119.31","331.44","1.101"
"SENS-9610","2026-02-11 00:00:00","MAC-31","106.14","349.42","0.927"
"SENS-9611","2026-02-11 01:00:00","MAC-30","111.89","323.66","0.867"
"SENS-9612","2026-02-11 01:00:00","MAC-31","93.67","312.55","0.797"
"SENS-9613","2026-02-11 02:00:00","MAC-30","108.99","309.67","1.354"
"SENS-9614","2026-02-11 02:00:00","MAC-31","81.04","324.31","1.372"
"SENS-9615","2026-02-11 03:00:00","MAC-30","102.24","319.67","1.129"
"SENS-9616","2026-02-11 03:00:00","MAC-31","89.52","316.95","0.647"
"SENS-9617","2025-07-16 00:00:00","MAC-10","101.65","326.04","0.553"
"SENS-9618","2025-07-16 00:00:00","MAC-11","97.23","328.77","1.37"
"SENS-9619","2025-07-16 01:00:00","MAC-10","115.25","301.58","0.519"
"SENS-9620","2025-07-16 01:00:00","MAC-11","98.36","315.59","1.351"
"SENS-9621","2025-07-16 02:00:00","MAC-10","112.41","347.88","0.917"
"SENS-9622","2025-07-16 02:00:00","MAC-11","119.74","335.1","0.529"
"SENS-9623","2025-07-16 03:00:00","MAC-10","117.47","305.92","0.585"
"SENS-9624","2025-07-16 03:00:00","MAC-11","95.61","340.9","1.422"
"SENS-9625","2025-07-16 04:00:00","MAC-10","98.58","321.85","0.818"
"SENS-9626","2025-07-16 04:00:00","MAC-11","107.54","334.78","0.687"
"SENS-9627","2025-07-16 05:00:00","MAC-10","119.15","303.34","0.568"
"SENS-9628","2025-07-16 05:00:00","MAC-11","109.99","301.99","0.503"
"SENS-9629","2025-07-16 06:00:00","MAC-10","115.07","308.63","1.087"
"SENS-9630","2025-07-16 06:00:00","MAC-11","88.35","326.51","1.453"
"SENS-9631","2025-08-14 00:00:00","MAC-20","114.9","335.48","1.352"
"SENS-9632","2025-08-14 00:00:00","MAC-21","102.87","336.69","1.412"
"SENS-9633","2025-08-14 01:00:00","MAC-20","94.41","313.59","1.119"
"SENS-9634","2025-08-14 01:00:00","MAC-21","94.71","308.09","1.065"
"SENS-9635","2025-08-14 02:00:00","MAC-20","85.59","306.3","0.779"
"SENS-9636","2025-08-14 02:00:00","MAC-21","110.96","345.44","1.093"
"SENS-9637","2025-08-14 03:00:00","MAC-20","95.14","349.54","1.232"
"SENS-9638","2025-08-14 03:00:00","MAC-21","115.29","333.98","1.391"
"SENS-9639","2025-08-14 04:00:00","MAC-20","100.73","340.34","1.377"
"SENS-9640","2025-08-14 04:00:00","MAC-21","101.96","309.18","0.852"
"SENS-9641","2025-08-14 05:00:00","MAC-20","84.15","337.77","0.763"
"SENS-9642","2025-08-14 05:00:00","MAC-21","115.78","343.49","0.699"
"SENS-9643","2025-08-14 06:00:00","MAC-20","111.99","344.27","0.722"
"SENS-9644","2025-08-14 06:00:00","MAC-21","116.72","306.68","1.499"
"SENS-9645","2025-09-16 00:00:00","MAC-30","81.83","347.13","1.027"
"SENS-9646","2025-09-16 00:00:00","MAC-31","114.97","333.73","0.611"
"SENS-9647","2025-09-16 01:00:00","MAC-30","80.41","335.03","0.619"
"SENS-9648","2025-09-16 01:00:00","MAC-31","111.05","314.64","1.019"
"SENS-9649","2025-09-16 02:00:00","MAC-30","117.08","314.92","1.463"
"SENS-9650","2025-09-16 02:00:00","MAC-31","111.13","322.6","0.947"
"SENS-9651","2025-09-16 03:00:00","MAC-30","93.06","307.15","1.242"
"SENS-9652","2025-09-16 03:00:00","MAC-31","108.68","303.1","0.735"
"SENS-9653","2025-07-24 00:00:00","MAC-30","83.89","338.97","1.08"
"SENS-9654","2025-07-24 00:00:00","MAC-31","118.95","348.41","0.847"
"SENS-9655","2025-07-24 01:00:00","MAC-30","105.94","307.9","1.214"
"SENS-9656","2025-07-24 01:00:00","MAC-31","88.39","336.11","1.068"
"SENS-9657","2025-07-24 02:00:00","MAC-30","106.98","316.02","0.848"
"SENS-9658","2025-07-24 02:00:00","MAC-31","109.82","339.83","0.565"
"SENS-9659","2025-07-24 03:00:00","MAC-30","112.2","335.68","0.508"
"SENS-9660","2025-07-24 03:00:00","MAC-31","82.56","331.77","0.886"
"SENS-9661","2025-07-24 04:00:00","MAC-30","99.74","300.58","1.413"
"SENS-9662","2025-07-24 04:00:00","MAC-31","105.16","305.97","1.295"
"SENS-9663","2025-07-24 05:00:00","MAC-30","89.9","300.32","1.087"
"SENS-9664","2025-07-24 05:00:00","MAC-31","115.17","335.81","0.78"
"SENS-9665","2025-07-24 06:00:00","MAC-30","89.97","302.57","1.042"
"SENS-9666","2025-07-24 06:00:00","MAC-31","107.69","313.41","1.174"
"SENS-9667","2025-07-24 07:00:00","MAC-30","98.39","302.61","1.283"
"SENS-9668","2025-07-24 07:00:00","MAC-31","107.74","303.55","0.593"
"SENS-9669","2025-07-24 08:00:00","MAC-30","81.79","331.48","0.761"
"SENS-9670","2025-07-24 08:00:00","MAC-31","80.72","334.86","0.891"
"SENS-9671","2025-07-24 09:00:00","MAC-30","116.91","322.44","0.525"
"SENS-9672","2025-07-24 09:00:00","MAC-31","89.3","321.16","0.845"
"SENS-9673","2025-07-24 10:00:00","MAC-30","117.45","343.11","0.813"
"SENS-9674","2025-07-24 10:00:00","MAC-31","113.99","344.77","1.051"
"SENS-9675","2025-07-24 11:00:00","MAC-30","100.59","300.18","1.362"
"SENS-9676","2025-07-24 11:00:00","MAC-31","94.58","312.9","1.24"
"SENS-9677","2025-07-24 12:00:00","MAC-30","114.66","304.24","0.913"
"SENS-9678","2025-07-24 12:00:00","MAC-31","104.99","306.17","0.983"
"SENS-9679","2025-07-24 13:00:00","MAC-30","100.15","308.23","1.482"
"SENS-9680","2025-07-24 13:00:00","MAC-31","113.01","324.3","1.142"
"SENS-9681","2025-07-24 14:00:00","MAC-30","119.26","318.17","0.529"
"SENS-9682","2025-07-24 14:00:00","MAC-31","83.44","326.31","0.616"
"SENS-9683","2025-07-24 15:00:00","MAC-30","102.61","300.59","0.701"
"SENS-9684","2025-07-24 15:00:00","MAC-31","81.47","315.21","0.892"
"SENS-9685","2025-07-24 16:00:00","MAC-30","92.47","300.77","0.53"
"SENS-9686","2025-07-24 16:00:00","MAC-31","102.67","307.48","1.261"
"SENS-9687","2025-07-24 17:00:00","MAC-30","87.82","306.57","1.162"
"SENS-9688","2025-07-24 17:00:00","MAC-31","82.2","304.69","0.684"
"SENS-9689","2026-03-28 00:00:00","MAC-10","96.31","337.08","1.062"
"SENS-9690","2026-03-28 00:00:00","MAC-11","105","313.05","1.253"
"SENS-9691","2026-03-28 01:00:00","MAC-10","80.06","325.35","1.408"
"SENS-9692","2026-03-28 01:00:00","MAC-11","117.76","330.71","1.043"
"SENS-9693","2026-03-28 02:00:00","MAC-10","97.07","349.15","1.474"
"SENS-9694","2026-03-28 02:00:00","MAC-11","100.18","312.26","1.103"
"SENS-9695","2026-03-28 03:00:00","MAC-10","102.5","316.21","1.43"
"SENS-9696","2026-03-28 03:00:00","MAC-11","114.06","338.33","0.882"
"SENS-9697","2026-03-28 04:00:00","MAC-10","99.59","337.4","0.516"
"SENS-9698","2026-03-28 04:00:00","MAC-11","91.09","333.51","1.091"
"SENS-9699","2026-03-28 05:00:00","MAC-10","86.93","322.26","1.29"
"SENS-9700","2026-03-28 05:00:00","MAC-11","87.62","341.42","1.307"
"SENS-9701","2026-03-28 06:00:00","MAC-10","108.45","327.98","0.614"
"SENS-9702","2026-03-28 06:00:00","MAC-11","115.31","349.59","1.322"
"SENS-9703","2026-03-28 07:00:00","MAC-10","91.95","343.19","1.341"
"SENS-9704","2026-03-28 07:00:00","MAC-11","81.28","327.45","1.325"
"SENS-9705","2026-03-28 08:00:00","MAC-10","96.67","306.33","0.864"
"SENS-9706","2026-03-28 08:00:00","MAC-11","82.43","329.11","0.641"
"SENS-9707","2026-03-28 09:00:00","MAC-10","115.25","309.12","1.223"
"SENS-9708","2026-03-28 09:00:00","MAC-11","109.73","348.56","1.223"
"SENS-9709","2026-03-28 10:00:00","MAC-10","84.64","335.19","1.323"
"SENS-9710","2026-03-28 10:00:00","MAC-11","85.06","309.37","1.39"
"SENS-9711","2025-12-01 00:00:00","MAC-10","101.13","347.75","1.364"
"SENS-9712","2025-12-01 00:00:00","MAC-11","102.34","349.61","0.724"
"SENS-9713","2025-12-01 01:00:00","MAC-10","100.56","348.96","0.743"
"SENS-9714","2025-12-01 01:00:00","MAC-11","102.79","329.83","1.158"
"SENS-9715","2025-12-01 02:00:00","MAC-10","98.82","305.46","0.856"
"SENS-9716","2025-12-01 02:00:00","MAC-11","89.16","301.68","1.066"
"SENS-9717","2025-12-01 03:00:00","MAC-10","91.67","301.77","1.294"
"SENS-9718","2025-12-01 03:00:00","MAC-11","108","341","0.511"
"SENS-9719","2025-12-01 04:00:00","MAC-10","92.12","334.21","1.226"
"SENS-9720","2025-12-01 04:00:00","MAC-11","95.33","339.47","1.016"
"SENS-9721","2025-12-01 05:00:00","MAC-10","92.41","336.75","1.492"
"SENS-9722","2025-12-01 05:00:00","MAC-11","100.66","331.08","0.627"
"SENS-9723","2025-12-01 06:00:00","MAC-10","116.19","344.38","0.904"
"SENS-9724","2025-12-01 06:00:00","MAC-11","101.73","305.13","1.374"
"SENS-9725","2025-12-01 07:00:00","MAC-10","93.74","322.6","1.039"
"SENS-9726","2025-12-01 07:00:00","MAC-11","82.65","302.49","0.938"
"SENS-9727","2025-12-01 08:00:00","MAC-10","99.22","347.44","1.002"
"SENS-9728","2025-12-01 08:00:00","MAC-11","108.15","317.48","0.697"
"SENS-9729","2025-12-01 09:00:00","MAC-10","83.28","345.1","1.326"
"SENS-9730","2025-12-01 09:00:00","MAC-11","119.87","309.1","0.553"
"SENS-9731","2025-04-27 00:00:00","MAC-10","81.91","340.36","1.414"
"SENS-9732","2025-04-27 00:00:00","MAC-11","100.21","330.29","0.556"
"SENS-9733","2025-04-27 01:00:00","MAC-10","84.23","337.51","0.969"
"SENS-9734","2025-04-27 01:00:00","MAC-11","85.78","335.7","0.938"
"SENS-9735","2025-04-27 02:00:00","MAC-10","92.48","343.09","1.47"
"SENS-9736","2025-04-27 02:00:00","MAC-11","109.37","313.68","0.751"
"SENS-9737","2025-04-27 03:00:00","MAC-10","94.61","304.27","1.173"
"SENS-9738","2025-04-27 03:00:00","MAC-11","91.57","336.39","0.998"
"SENS-9739","2025-04-27 04:00:00","MAC-10","106.01","333.36","1.171"
"SENS-9740","2025-04-27 04:00:00","MAC-11","86.91","306.83","0.702"
"SENS-9741","2025-04-27 05:00:00","MAC-10","87.19","322.87","1.082"
"SENS-9742","2025-04-27 05:00:00","MAC-11","108.47","319.25","0.781"
"SENS-9743","2025-10-17 00:00:00","MAC-30","98.43","348.12","0.798"
"SENS-9744","2025-10-17 00:00:00","MAC-31","91.95","306.5","1.164"
"SENS-9745","2025-10-17 01:00:00","MAC-30","100.62","317.76","1.256"
"SENS-9746","2025-10-17 01:00:00","MAC-31","100.9","316.53","1.403"
"SENS-9747","2025-10-17 02:00:00","MAC-30","106.19","330.83","0.569"
"SENS-9748","2025-10-17 02:00:00","MAC-31","92.46","328.62","0.766"
"SENS-9749","2025-10-17 03:00:00","MAC-30","100.53","333.38","0.963"
"SENS-9750","2025-10-17 03:00:00","MAC-31","82.16","347.73","0.551"
"SENS-9751","2025-10-17 04:00:00","MAC-30","113.56","343.94","1.493"
"SENS-9752","2025-10-17 04:00:00","MAC-31","84.31","300.82","1.175"
"SENS-9753","2026-02-19 00:00:00","MAC-30","84.03","340.71","0.911"
"SENS-9754","2026-02-19 00:00:00","MAC-31","88.39","308.93","1.048"
"SENS-9755","2026-02-19 01:00:00","MAC-30","87.13","301.81","1.499"
"SENS-9756","2026-02-19 01:00:00","MAC-31","85.99","344.86","0.945"
"SENS-9757","2026-02-19 02:00:00","MAC-30","88.46","339.82","0.804"
"SENS-9758","2026-02-19 02:00:00","MAC-31","82.13","317.37","1.217"
"SENS-9759","2026-02-19 03:00:00","MAC-30","84.63","331.05","0.582"
"SENS-9760","2026-02-19 03:00:00","MAC-31","105.8","346.12","0.766"
"SENS-9761","2026-02-19 04:00:00","MAC-30","110.09","329.79","0.556"
"SENS-9762","2026-02-19 04:00:00","MAC-31","103.59","327.12","1.33"
"SENS-9763","2026-02-19 05:00:00","MAC-30","102.3","336.68","1.284"
"SENS-9764","2026-02-19 05:00:00","MAC-31","82.71","302.14","0.716"
"SENS-9765","2026-02-19 06:00:00","MAC-30","86.08","340.06","0.572"
"SENS-9766","2026-02-19 06:00:00","MAC-31","108.14","314.51","1.013"
"SENS-9767","2025-08-20 00:00:00","MAC-30","82.03","309.62","0.501"
"SENS-9768","2025-08-20 00:00:00","MAC-31","101.51","333.37","0.936"
"SENS-9769","2025-08-20 01:00:00","MAC-30","90.5","335.68","0.683"
"SENS-9770","2025-08-20 01:00:00","MAC-31","102.89","303.76","0.959"
"SENS-9771","2025-08-20 02:00:00","MAC-30","107.85","303.55","0.864"
"SENS-9772","2025-08-20 02:00:00","MAC-31","91.13","301.15","1.242"
"SENS-9773","2025-08-20 03:00:00","MAC-30","115.67","313.45","1.055"
"SENS-9774","2025-08-20 03:00:00","MAC-31","101.9","347.89","1.276"
"SENS-9775","2025-08-04 00:00:00","MAC-10","92.1","344.11","0.959"
"SENS-9776","2025-08-04 00:00:00","MAC-11","83.43","308.67","1.02"
"SENS-9777","2025-08-04 01:00:00","MAC-10","89.45","300.7","0.525"
"SENS-9778","2025-08-04 01:00:00","MAC-11","118.47","342.32","0.942"
"SENS-9779","2025-08-04 02:00:00","MAC-10","80.59","326.17","0.602"
"SENS-9780","2025-08-04 02:00:00","MAC-11","111.51","349.59","0.638"
"SENS-9781","2025-08-04 03:00:00","MAC-10","93.04","318.29","0.627"
"SENS-9782","2025-08-04 03:00:00","MAC-11","90.83","347.68","0.561"
"SENS-9783","2025-08-04 04:00:00","MAC-10","119.66","327.16","1.146"
"SENS-9784","2025-08-04 04:00:00","MAC-11","89.23","319.42","1.223"
"SENS-9785","2025-08-04 05:00:00","MAC-10","81.79","312.6","0.734"
"SENS-9786","2025-08-04 05:00:00","MAC-11","94.49","322.51","0.503"
"SENS-9787","2025-08-04 06:00:00","MAC-10","113.36","337.87","0.658"
"SENS-9788","2025-08-04 06:00:00","MAC-11","105.09","334.59","0.606"
"SENS-9789","2025-08-04 07:00:00","MAC-10","83.14","343.58","1.41"
"SENS-9790","2025-08-04 07:00:00","MAC-11","95.85","306.9","0.847"
"SENS-9791","2025-08-04 08:00:00","MAC-10","89.24","323.75","1.28"
"SENS-9792","2025-08-04 08:00:00","MAC-11","116.46","337.22","0.85"
"SENS-9793","2025-09-29 00:00:00","MAC-10","84.7","344.13","1.247"
"SENS-9794","2025-09-29 00:00:00","MAC-11","116.39","307.96","0.745"
"SENS-9795","2025-09-29 01:00:00","MAC-10","118.19","312.35","0.688"
"SENS-9796","2025-09-29 01:00:00","MAC-11","98.87","349.95","0.601"
"SENS-9797","2025-09-29 02:00:00","MAC-10","92.99","302.51","1.047"
"SENS-9798","2025-09-29 02:00:00","MAC-11","92.01","320.6","0.519"
"SENS-9799","2025-09-29 03:00:00","MAC-10","111.67","340.16","0.623"
"SENS-9800","2025-09-29 03:00:00","MAC-11","114.41","310.28","1.299"
"SENS-9801","2025-09-29 04:00:00","MAC-10","106.66","330.9","1.353"
"SENS-9802","2025-09-29 04:00:00","MAC-11","108.19","325.2","1.443"
"SENS-9803","2025-09-29 05:00:00","MAC-10","85.51","341.1","0.677"
"SENS-9804","2025-09-29 05:00:00","MAC-11","101.77","319.95","1.394"
"SENS-9805","2025-09-29 06:00:00","MAC-10","80.13","320.61","1.155"
"SENS-9806","2025-09-29 06:00:00","MAC-11","101.55","324.58","1.394"
"SENS-9807","2025-09-29 07:00:00","MAC-10","115.81","307.3","0.946"
"SENS-9808","2025-09-29 07:00:00","MAC-11","92.94","318.29","1.325"
"SENS-9809","2025-09-29 08:00:00","MAC-10","110.45","332.42","0.574"
"SENS-9810","2025-09-29 08:00:00","MAC-11","95.15","342.32","1.168"
"SENS-9811","2025-09-29 09:00:00","MAC-10","81.8","318.07","1.122"
"SENS-9812","2025-09-29 09:00:00","MAC-11","83.57","307.69","1.383"
"SENS-9813","2025-04-15 00:00:00","MAC-20","82.78","336.05","1.464"
"SENS-9814","2025-04-15 00:00:00","MAC-21","83.21","304.29","0.997"
"SENS-9815","2025-04-15 01:00:00","MAC-20","103.58","324.44","1.218"
"SENS-9816","2025-04-15 01:00:00","MAC-21","107.71","305.21","1.199"
"SENS-9817","2025-04-15 02:00:00","MAC-20","92.24","345.02","1.225"
"SENS-9818","2025-04-15 02:00:00","MAC-21","89.4","345.06","1.101"
"SENS-9819","2025-04-15 03:00:00","MAC-20","116.19","317.92","0.803"
"SENS-9820","2025-04-15 03:00:00","MAC-21","113.14","317.06","0.991"
"SENS-9821","2025-04-15 04:00:00","MAC-20","108.93","339.14","1.001"
"SENS-9822","2025-04-15 04:00:00","MAC-21","116.3","311.07","1.371"
"SENS-9823","2025-04-15 05:00:00","MAC-20","98.23","333.73","1.181"
"SENS-9824","2025-04-15 05:00:00","MAC-21","87.57","338.97","1.259"
"SENS-9825","2025-04-15 06:00:00","MAC-20","99.89","343.41","1.412"
"SENS-9826","2025-04-15 06:00:00","MAC-21","93.27","345.03","0.709"
"SENS-9827","2025-10-19 00:00:00","MAC-20","87.42","309","1.075"
"SENS-9828","2025-10-19 00:00:00","MAC-21","119.97","319.88","1.369"
"SENS-9829","2025-10-19 01:00:00","MAC-20","96.93","347.88","1.124"
"SENS-9830","2025-10-19 01:00:00","MAC-21","105.78","325.16","1.174"
"SENS-9831","2025-10-19 02:00:00","MAC-20","91.23","304.32","0.854"
"SENS-9832","2025-10-19 02:00:00","MAC-21","91.43","349.27","1.041"
"SENS-9833","2025-10-19 03:00:00","MAC-20","80.12","331.51","1.482"
"SENS-9834","2025-10-19 03:00:00","MAC-21","83.92","313.98","0.668"
"SENS-9835","2025-10-19 04:00:00","MAC-20","117.06","317.22","0.719"
"SENS-9836","2025-10-19 04:00:00","MAC-21","91.84","316.82","1.196"
"SENS-9837","2025-10-19 05:00:00","MAC-20","88.28","313.92","0.99"
"SENS-9838","2025-10-19 05:00:00","MAC-21","93.82","307.29","0.776"
"SENS-9839","2025-10-19 06:00:00","MAC-20","91.61","316.41","0.729"
"SENS-9840","2025-10-19 06:00:00","MAC-21","109.74","307.71","1.334"
"SENS-9841","2025-10-19 07:00:00","MAC-20","103.1","334.73","1.156"
"SENS-9842","2025-10-19 07:00:00","MAC-21","104.63","349.94","1.225"
"SENS-9843","2025-10-19 08:00:00","MAC-20","101.34","325.6","1.459"
"SENS-9844","2025-10-19 08:00:00","MAC-21","97.49","337.67","0.522"
"SENS-9845","2026-01-10 00:00:00","MAC-10","117.31","345.72","0.856"
"SENS-9846","2026-01-10 00:00:00","MAC-11","116.67","315.99","0.601"
"SENS-9847","2026-01-10 01:00:00","MAC-10","109.81","311.36","0.516"
"SENS-9848","2026-01-10 01:00:00","MAC-11","113.15","331.7","1.146"
"SENS-9849","2026-01-10 02:00:00","MAC-10","107.18","311.9","1.457"
"SENS-9850","2026-01-10 02:00:00","MAC-11","90.93","311.31","1.064"
"SENS-9851","2026-01-10 03:00:00","MAC-10","81.34","340.71","1.167"
"SENS-9852","2026-01-10 03:00:00","MAC-11","87.9","310.25","0.961"
"SENS-9853","2026-01-10 04:00:00","MAC-10","102.11","325.64","0.78"
"SENS-9854","2026-01-10 04:00:00","MAC-11","108.08","333.06","0.823"
"SENS-9855","2026-01-10 05:00:00","MAC-10","85.19","321.82","1.48"
"SENS-9856","2026-01-10 05:00:00","MAC-11","119.35","344.99","1.218"
"SENS-9857","2026-01-10 06:00:00","MAC-10","113.54","305.2","1.339"
"SENS-9858","2026-01-10 06:00:00","MAC-11","87.78","300.93","0.986"
"SENS-9859","2026-01-10 07:00:00","MAC-10","109.01","302.85","1.14"
"SENS-9860","2026-01-10 07:00:00","MAC-11","98.61","345.95","1.244"
"SENS-9861","2026-01-10 08:00:00","MAC-10","101.49","325.13","0.969"
"SENS-9862","2026-01-10 08:00:00","MAC-11","113.51","342.26","1.354"
"SENS-9863","2026-01-10 09:00:00","MAC-10","98.7","305.01","1.461"
"SENS-9864","2026-01-10 09:00:00","MAC-11","92.89","324.57","0.522"
"SENS-9865","2025-09-06 00:00:00","MAC-30","109.74","301.11","0.543"
"SENS-9866","2025-09-06 00:00:00","MAC-31","85.43","338.64","0.883"
"SENS-9867","2025-09-06 01:00:00","MAC-30","105.37","302.95","0.78"
"SENS-9868","2025-09-06 01:00:00","MAC-31","107.88","300.63","1.448"
"SENS-9869","2025-09-06 02:00:00","MAC-30","105.84","323.51","0.976"
"SENS-9870","2025-09-06 02:00:00","MAC-31","85.83","316.41","0.837"
"SENS-9871","2025-09-06 03:00:00","MAC-30","109.46","344.23","0.979"
"SENS-9872","2025-09-06 03:00:00","MAC-31","82.74","319.58","1.371"
"SENS-9873","2025-09-06 04:00:00","MAC-30","88.84","310.43","1.058"
"SENS-9874","2025-09-06 04:00:00","MAC-31","108.85","334.33","1.071"
"SENS-9875","2025-09-06 05:00:00","MAC-30","96.04","347.16","0.507"
"SENS-9876","2025-09-06 05:00:00","MAC-31","100.59","347.98","1.424"
"SENS-9877","2025-09-06 06:00:00","MAC-30","115.05","320.76","0.812"
"SENS-9878","2025-09-06 06:00:00","MAC-31","88.98","340.1","0.767"
"SENS-9879","2025-09-06 07:00:00","MAC-30","111.04","322.4","1.129"
"SENS-9880","2025-09-06 07:00:00","MAC-31","106.05","345.74","1.413"
"SENS-9881","2025-09-06 08:00:00","MAC-30","93.87","342.26","1.307"
"SENS-9882","2025-09-06 08:00:00","MAC-31","116.67","345.8","0.788"
"SENS-9883","2025-09-06 09:00:00","MAC-30","118.38","328.48","0.923"
"SENS-9884","2025-09-06 09:00:00","MAC-31","111.88","330.95","1.026"
"SENS-9885","2025-09-06 10:00:00","MAC-30","114.43","332.12","1.049"
"SENS-9886","2025-09-06 10:00:00","MAC-31","106.88","343.62","0.865"
"SENS-9887","2025-09-06 11:00:00","MAC-30","83.83","300.98","1.412"
"SENS-9888","2025-09-06 11:00:00","MAC-31","104.97","335.8","1.34"
"SENS-9889","2025-09-06 12:00:00","MAC-30","97.69","318.71","1.126"
"SENS-9890","2025-09-06 12:00:00","MAC-31","83.75","337.9","0.54"
"SENS-9891","2025-09-06 13:00:00","MAC-30","87.88","349.92","1.248"
"SENS-9892","2025-09-06 13:00:00","MAC-31","109.54","343.98","1.138"
"SENS-9893","2025-09-06 14:00:00","MAC-30","94.02","306.95","1.446"
"SENS-9894","2025-09-06 14:00:00","MAC-31","94.66","302.04","0.588"
"SENS-9895","2025-09-06 15:00:00","MAC-30","117.43","346.87","1.106"
"SENS-9896","2025-09-06 15:00:00","MAC-31","110.9","348.16","0.876"
"SENS-9897","2025-09-06 16:00:00","MAC-30","97.67","305.92","0.81"
"SENS-9898","2025-09-06 16:00:00","MAC-31","84.64","326.71","1.172"
"SENS-9899","2025-11-02 00:00:00","MAC-20","96.86","323.09","1.34"
"SENS-9900","2025-11-02 00:00:00","MAC-21","85.12","331.21","1.328"
"SENS-9901","2025-11-02 01:00:00","MAC-20","110.18","326.92","1.264"
"SENS-9902","2025-11-02 01:00:00","MAC-21","99.19","320.11","1.142"
"SENS-9903","2025-11-02 02:00:00","MAC-20","98.52","343.82","1.134"
"SENS-9904","2025-11-02 02:00:00","MAC-21","114.65","308.81","1.081"
"SENS-9905","2025-11-02 03:00:00","MAC-20","108.07","331.51","1.488"
"SENS-9906","2025-11-02 03:00:00","MAC-21","107.4","304.04","1.172"
"SENS-9907","2025-11-02 04:00:00","MAC-20","107.66","322.1","1.034"
"SENS-9908","2025-11-02 04:00:00","MAC-21","81.56","320.29","1.047"
"SENS-9909","2026-01-24 00:00:00","MAC-20","96.26","344.87","0.554"
"SENS-9910","2026-01-24 00:00:00","MAC-21","95.18","325.43","1.111"
"SENS-9911","2026-01-24 01:00:00","MAC-20","80.13","343.25","1.378"
"SENS-9912","2026-01-24 01:00:00","MAC-21","114.59","309.9","1.426"
"SENS-9913","2025-04-19 00:00:00","MAC-30","92.97","305.11","1.009"
"SENS-9914","2025-04-19 00:00:00","MAC-31","89.93","316.37","1.202"
"SENS-9915","2025-04-19 01:00:00","MAC-30","106.91","338.8","1.114"
"SENS-9916","2025-04-19 01:00:00","MAC-31","108.71","305.3","0.593"
"SENS-9917","2025-04-19 02:00:00","MAC-30","89.4","329.74","0.671"
"SENS-9918","2025-04-19 02:00:00","MAC-31","100.45","317.94","0.524"
"SENS-9919","2025-04-19 03:00:00","MAC-30","110.08","336.89","1.251"
"SENS-9920","2025-04-19 03:00:00","MAC-31","81.4","323.01","1.146"
"SENS-9921","2025-04-19 04:00:00","MAC-30","80.83","305.44","0.617"
"SENS-9922","2025-04-19 04:00:00","MAC-31","96.17","327.86","1.382"
"SENS-9923","2025-04-19 05:00:00","MAC-30","102.4","317.54","0.814"
"SENS-9924","2025-04-19 05:00:00","MAC-31","83.17","309.07","1.135"
"SENS-9925","2025-04-19 06:00:00","MAC-30","80.08","319.22","0.759"
"SENS-9926","2025-04-19 06:00:00","MAC-31","102.27","341.26","1.39"
"SENS-9927","2025-04-19 07:00:00","MAC-30","117.38","340.87","0.772"
"SENS-9928","2025-04-19 07:00:00","MAC-31","110.11","308.78","0.709"
"SENS-9929","2025-04-19 08:00:00","MAC-30","91.84","347","0.796"
"SENS-9930","2025-04-19 08:00:00","MAC-31","106.18","303.39","0.814"
"SENS-9931","2025-04-19 09:00:00","MAC-30","103.65","319.48","0.924"
"SENS-9932","2025-04-19 09:00:00","MAC-31","117.96","317.47","1.208"
"SENS-9933","2025-04-19 10:00:00","MAC-30","103.34","300.8","0.587"
"SENS-9934","2025-04-19 10:00:00","MAC-31","118.93","308.76","1.262"
"SENS-9935","2025-04-19 11:00:00","MAC-30","85.1","324.77","1.175"
"SENS-9936","2025-04-19 11:00:00","MAC-31","88.62","337.71","0.99"
"SENS-9937","2025-04-19 12:00:00","MAC-30","95.78","339.64","0.607"
"SENS-9938","2025-04-19 12:00:00","MAC-31","114.47","326.31","0.631"
"SENS-9939","2025-10-22 00:00:00","MAC-10","110.34","306.61","0.74"
"SENS-9940","2025-10-22 00:00:00","MAC-11","100.58","347.17","0.999"
"SENS-9941","2025-10-22 01:00:00","MAC-10","112.92","329.6","0.677"
"SENS-9942","2025-10-22 01:00:00","MAC-11","96.09","305.12","1.131"
"SENS-9943","2025-10-22 02:00:00","MAC-10","115.69","305.48","1.448"
"SENS-9944","2025-10-22 02:00:00","MAC-11","113.11","315.3","0.509"
"SENS-9945","2025-10-22 03:00:00","MAC-10","92.43","306.68","0.918"
"SENS-9946","2025-10-22 03:00:00","MAC-11","116.69","336.13","1.332"
"SENS-9947","2025-10-22 04:00:00","MAC-10","84.76","347.52","1.008"
"SENS-9948","2025-10-22 04:00:00","MAC-11","85.61","308.82","1.256"
"SENS-9949","2025-10-22 05:00:00","MAC-10","97.74","308.68","1.335"
"SENS-9950","2025-10-22 05:00:00","MAC-11","112.4","342.44","1.208"
"SENS-9951","2025-10-22 06:00:00","MAC-10","83.45","338.93","0.676"
"SENS-9952","2025-10-22 06:00:00","MAC-11","84.98","316.3","1.199"
"SENS-9953","2025-10-22 07:00:00","MAC-10","110.06","328.79","1.33"
"SENS-9954","2025-10-22 07:00:00","MAC-11","94.35","313.94","1.201"
"SENS-9955","2025-06-11 00:00:00","MAC-10","116","317.3","0.969"
"SENS-9956","2025-06-11 00:00:00","MAC-11","88.12","349.53","0.877"
"SENS-9957","2025-06-11 01:00:00","MAC-10","107.14","329.49","0.63"
"SENS-9958","2025-06-11 01:00:00","MAC-11","107.49","309.02","1.355"
"SENS-9959","2025-06-11 02:00:00","MAC-10","86.16","311.96","1.423"
"SENS-9960","2025-06-11 02:00:00","MAC-11","88.8","337.81","1.136"
"SENS-9961","2025-06-11 03:00:00","MAC-10","100.19","324.72","1.184"
"SENS-9962","2025-06-11 03:00:00","MAC-11","101.75","338.73","1.086"
"SENS-9963","2025-06-11 04:00:00","MAC-10","98.52","327.88","0.94"
"SENS-9964","2025-06-11 04:00:00","MAC-11","83.32","345.79","1.299"
"SENS-9965","2025-06-11 05:00:00","MAC-10","99.42","305.83","1.203"
"SENS-9966","2025-06-11 05:00:00","MAC-11","112.28","332.02","0.841"
"SENS-9967","2025-06-11 06:00:00","MAC-10","89.17","307.31","0.969"
"SENS-9968","2025-06-11 06:00:00","MAC-11","100.18","319.6","0.889"
"SENS-9969","2025-06-11 07:00:00","MAC-10","101.75","337.16","1.478"
"SENS-9970","2025-06-11 07:00:00","MAC-11","96.38","321.3","0.845"
"SENS-9971","2025-11-09 00:00:00","MAC-10","84.73","315.33","1.188"
"SENS-9972","2025-11-09 00:00:00","MAC-11","95.85","346.68","0.805"
"SENS-9973","2025-11-09 01:00:00","MAC-10","104.93","304.3","1.366"
"SENS-9974","2025-11-09 01:00:00","MAC-11","102.87","304.09","0.508"
"SENS-9975","2025-11-09 02:00:00","MAC-10","107.23","330.3","1.248"
"SENS-9976","2025-11-09 02:00:00","MAC-11","105.78","331.13","0.54"
"SENS-9977","2025-11-09 03:00:00","MAC-10","88.44","329.6","0.754"
"SENS-9978","2025-11-09 03:00:00","MAC-11","81.9","303.53","1.231"
"SENS-9979","2025-11-09 04:00:00","MAC-10","97.17","308.07","0.955"
"SENS-9980","2025-11-09 04:00:00","MAC-11","84.38","311.63","1.189"
"SENS-9981","2025-11-09 05:00:00","MAC-10","86.9","339.2","0.713"
"SENS-9982","2025-11-09 05:00:00","MAC-11","100.22","341.78","0.917"
"SENS-9983","2025-11-09 06:00:00","MAC-10","87.98","347.14","0.798"
"SENS-9984","2025-11-09 06:00:00","MAC-11","117.73","332.74","1.455"
"SENS-9985","2025-11-09 07:00:00","MAC-10","93.13","300.46","1.154"
"SENS-9986","2025-11-09 07:00:00","MAC-11","97.91","347.48","0.922"
"SENS-9987","2026-03-11 00:00:00","MAC-10","88.67","344.83","1.417"
"SENS-9988","2026-03-11 00:00:00","MAC-11","111.82","328.07","0.814"
"SENS-9989","2026-03-11 01:00:00","MAC-10","112.41","303.27","0.714"
"SENS-9990","2026-03-11 01:00:00","MAC-11","112.79","307.62","1.265"
"SENS-9991","2026-03-11 02:00:00","MAC-10","87.74","312.92","1.166"
"SENS-9992","2026-03-11 02:00:00","MAC-11","118.39","345.26","0.924"
"SENS-9993","2026-03-11 03:00:00","MAC-10","107.54","308.25","1.19"
"SENS-9994","2026-03-11 03:00:00","MAC-11","109.39","313.88","1.39"
"SENS-9995","2026-03-11 04:00:00","MAC-10","85.7","343.23","1.205"
"SENS-9996","2026-03-11 04:00:00","MAC-11","107.21","339.48","1.425"
"SENS-9997","2026-03-11 05:00:00","MAC-10","94.49","340.23","1.141"
"SENS-9998","2026-03-11 05:00:00","MAC-11","118.42","342.4","1.336"
"SENS-9999","2026-03-11 06:00:00","MAC-10","114.57","304.28","0.746"
"SENS-10000","2026-03-11 06:00:00","MAC-11","109.94","314.85","1.304"
"SENS-10001","2026-03-11 07:00:00","MAC-10","115.51","319.94","1.361"
"SENS-10002","2026-03-11 07:00:00","MAC-11","103.29","316.33","1.178"
"SENS-10003","2026-01-13 00:00:00","MAC-20","102.19","340.49","0.966"
"SENS-10004","2026-01-13 00:00:00","MAC-21","84.59","339.52","0.984"
"SENS-10005","2026-01-13 01:00:00","MAC-20","93.81","307.76","0.92"
"SENS-10006","2026-01-13 01:00:00","MAC-21","83.71","310.43","1.37"
"SENS-10007","2026-01-13 02:00:00","MAC-20","91.29","348.33","1.254"
"SENS-10008","2026-01-13 02:00:00","MAC-21","105.04","344.88","0.604"
"SENS-10009","2025-06-01 00:00:00","MAC-20","104.73","304.82","0.597"
"SENS-10010","2025-06-01 00:00:00","MAC-21","83.23","330.04","1.297"
"SENS-10011","2025-06-01 01:00:00","MAC-20","118.17","310.68","1.37"
"SENS-10012","2025-06-01 01:00:00","MAC-21","110.51","304.61","0.521"
"SENS-10013","2025-06-01 02:00:00","MAC-20","117.17","338.36","1.141"
"SENS-10014","2025-06-01 02:00:00","MAC-21","115.79","305.73","1.287"
"SENS-10015","2025-06-01 03:00:00","MAC-20","83.08","302.4","1.139"
"SENS-10016","2025-06-01 03:00:00","MAC-21","85.91","337.36","0.718"
"SENS-10017","2025-06-01 04:00:00","MAC-20","105.92","323.57","0.716"
"SENS-10018","2025-06-01 04:00:00","MAC-21","110.87","325.26","0.949"
"SENS-10019","2025-06-01 05:00:00","MAC-20","84.07","301.39","0.99"
"SENS-10020","2025-06-01 05:00:00","MAC-21","82.14","321.29","1.057"
"SENS-10021","2025-06-01 06:00:00","MAC-20","89.17","319","0.801"
"SENS-10022","2025-06-01 06:00:00","MAC-21","119.52","306.03","0.69"
"SENS-10023","2025-06-01 07:00:00","MAC-20","93.04","325.76","0.972"
"SENS-10024","2025-06-01 07:00:00","MAC-21","106.1","318.92","0.583"
"SENS-10025","2025-06-01 08:00:00","MAC-20","117.19","330.92","0.593"
"SENS-10026","2025-06-01 08:00:00","MAC-21","100.22","347.48","0.655"
"SENS-10027","2025-06-01 09:00:00","MAC-20","102.45","329.03","0.967"
"SENS-10028","2025-06-01 09:00:00","MAC-21","99.43","324.95","0.612"
"SENS-10029","2025-06-01 10:00:00","MAC-20","101.66","348.81","0.948"
"SENS-10030","2025-06-01 10:00:00","MAC-21","110.23","323.37","0.671"
"SENS-10031","2025-06-01 11:00:00","MAC-20","109.5","324.45","1.216"
"SENS-10032","2025-06-01 11:00:00","MAC-21","94.93","310.93","1.02"
"SENS-10033","2025-09-19 00:00:00","MAC-20","118.53","309.76","0.791"
"SENS-10034","2025-09-19 00:00:00","MAC-21","101.49","346.06","1.478"
"SENS-10035","2025-09-19 01:00:00","MAC-20","94.19","316.29","1.403"
"SENS-10036","2025-09-19 01:00:00","MAC-21","80.55","314.52","0.614"
"SENS-10037","2025-09-19 02:00:00","MAC-20","116.38","333.14","0.927"
"SENS-10038","2025-09-19 02:00:00","MAC-21","96.12","322.99","0.638"
"SENS-10039","2025-09-19 03:00:00","MAC-20","108.96","330.44","0.793"
"SENS-10040","2025-09-19 03:00:00","MAC-21","81.78","301.24","0.515"
"SENS-10041","2025-09-19 04:00:00","MAC-20","85.87","316.89","1.144"
"SENS-10042","2025-09-19 04:00:00","MAC-21","87.36","342.1","1.38"
"SENS-10043","2025-09-19 05:00:00","MAC-20","89.91","326.12","0.861"
"SENS-10044","2025-09-19 05:00:00","MAC-21","110.68","302.84","1.121"
"SENS-10045","2025-09-19 06:00:00","MAC-20","83.86","327.36","0.847"
"SENS-10046","2025-09-19 06:00:00","MAC-21","80.93","307.99","1.19"
"SENS-10047","2025-09-19 07:00:00","MAC-20","91.81","326.03","0.58"
"SENS-10048","2025-09-19 07:00:00","MAC-21","81.7","340.69","1.19"
"SENS-10049","2025-09-19 08:00:00","MAC-20","99.85","344.98","0.724"
"SENS-10050","2025-09-19 08:00:00","MAC-21","83.94","317.08","0.948"
"SENS-10051","2025-09-19 09:00:00","MAC-20","114.17","303.47","1.336"
"SENS-10052","2025-09-19 09:00:00","MAC-21","109.76","347.99","1.322"
"SENS-10053","2025-09-19 10:00:00","MAC-20","96.97","318.95","0.979"
"SENS-10054","2025-09-19 10:00:00","MAC-21","95.71","300.89","0.969"
"SENS-10055","2025-09-19 11:00:00","MAC-20","111.7","346.7","0.516"
"SENS-10056","2025-09-19 11:00:00","MAC-21","104.81","322.33","1.481"
"SENS-10057","2025-09-19 12:00:00","MAC-20","115.5","320.6","1.378"
"SENS-10058","2025-09-19 12:00:00","MAC-21","93.39","329.26","0.84"
"SENS-10059","2025-09-19 13:00:00","MAC-20","87.9","342.13","1.329"
"SENS-10060","2025-09-19 13:00:00","MAC-21","89.76","323.69","0.599"
"SENS-10061","2025-09-19 14:00:00","MAC-20","106.9","339.98","1.189"
"SENS-10062","2025-09-19 14:00:00","MAC-21","111.58","300.96","1.438"
"SENS-10063","2025-09-19 15:00:00","MAC-20","89.01","314.3","1.439"
"SENS-10064","2025-09-19 15:00:00","MAC-21","107.89","315.95","0.703"
"SENS-10065","2025-09-19 16:00:00","MAC-20","108.66","344.77","0.74"
"SENS-10066","2025-09-19 16:00:00","MAC-21","99.61","333.95","0.747"
"SENS-10067","2025-09-19 17:00:00","MAC-20","118.58","310.64","0.849"
"SENS-10068","2025-09-19 17:00:00","MAC-21","101.34","333.18","1.043"
"SENS-10069","2025-05-28 00:00:00","MAC-30","91.07","300.37","1.481"
"SENS-10070","2025-05-28 00:00:00","MAC-31","90.4","320.2","1.446"
"SENS-10071","2025-05-28 01:00:00","MAC-30","84.83","318.55","1.434"
"SENS-10072","2025-05-28 01:00:00","MAC-31","117.68","341.09","0.953"
"SENS-10073","2025-05-28 02:00:00","MAC-30","95.43","328.98","0.574"
"SENS-10074","2025-05-28 02:00:00","MAC-31","94.5","311.11","1.461"
"SENS-10075","2025-05-28 03:00:00","MAC-30","100.28","314.92","1.243"
"SENS-10076","2025-05-28 03:00:00","MAC-31","109.09","339.69","1.114"
"SENS-10077","2025-05-28 04:00:00","MAC-30","107.8","333.02","1.02"
"SENS-10078","2025-05-28 04:00:00","MAC-31","107.05","342.54","0.665"
"SENS-10079","2025-10-04 00:00:00","MAC-30","111.97","300.4","0.887"
"SENS-10080","2025-10-04 00:00:00","MAC-31","115.66","330.7","0.918"
"SENS-10081","2025-10-04 01:00:00","MAC-30","114.97","330.64","0.777"
"SENS-10082","2025-10-04 01:00:00","MAC-31","106.98","315.44","0.529"
"SENS-10083","2025-10-04 02:00:00","MAC-30","119.42","310.4","1.118"
"SENS-10084","2025-10-04 02:00:00","MAC-31","112.57","332.61","1.32"
"SENS-10085","2025-10-04 03:00:00","MAC-30","102.75","330.04","0.572"
"SENS-10086","2025-10-04 03:00:00","MAC-31","112.25","321.93","1.108"
"SENS-10087","2025-10-04 04:00:00","MAC-30","97.76","301.75","0.529"
"SENS-10088","2025-10-04 04:00:00","MAC-31","98.03","312.02","1.459"
"SENS-10089","2025-10-04 05:00:00","MAC-30","92.97","314.67","0.658"
"SENS-10090","2025-10-04 05:00:00","MAC-31","88.73","307.84","1.486"
"SENS-10091","2025-10-04 06:00:00","MAC-30","112.1","306.68","1.162"
"SENS-10092","2025-10-04 06:00:00","MAC-31","102.47","343.25","0.715"
"SENS-10093","2025-10-04 07:00:00","MAC-30","100.29","321.59","1.312"
"SENS-10094","2025-10-04 07:00:00","MAC-31","83.59","330.06","0.994"
"SENS-10095","2025-10-04 08:00:00","MAC-30","86.39","347.37","0.612"
"SENS-10096","2025-10-04 08:00:00","MAC-31","81.96","346.23","0.649"
"SENS-10097","2025-04-30 00:00:00","MAC-30","104.1","315.42","0.596"
"SENS-10098","2025-04-30 00:00:00","MAC-31","104.81","311.48","1.12"
"SENS-10099","2025-04-30 01:00:00","MAC-30","85.78","334.08","0.785"
"SENS-10100","2025-04-30 01:00:00","MAC-31","116.22","342.94","0.678"
"SENS-10101","2025-04-30 02:00:00","MAC-30","89.63","323.6","0.784"
"SENS-10102","2025-04-30 02:00:00","MAC-31","118.06","343.41","0.767"
"SENS-10103","2025-04-30 03:00:00","MAC-30","88.35","332.89","1.091"
"SENS-10104","2025-04-30 03:00:00","MAC-31","82.01","339.38","0.85"
"SENS-10105","2025-04-30 04:00:00","MAC-30","110.09","326.84","0.917"
"SENS-10106","2025-04-30 04:00:00","MAC-31","113.3","305.14","1.238"
"SENS-10107","2025-04-30 05:00:00","MAC-30","93.99","330.79","1.002"
"SENS-10108","2025-04-30 05:00:00","MAC-31","117.22","335.85","0.503"
"SENS-10109","2025-12-13 00:00:00","MAC-30","117.93","338.3","0.916"
"SENS-10110","2025-12-13 00:00:00","MAC-31","98.27","302.08","0.723"
"SENS-10111","2025-12-13 01:00:00","MAC-30","88.5","304.49","1.161"
"SENS-10112","2025-12-13 01:00:00","MAC-31","102.2","322.43","1.454"
"SENS-10113","2025-12-13 02:00:00","MAC-30","88.11","313.5","1.188"
"SENS-10114","2025-12-13 02:00:00","MAC-31","97.05","300.93","1.333"
"SENS-10115","2025-12-13 03:00:00","MAC-30","107.85","341.41","0.538"
"SENS-10116","2025-12-13 03:00:00","MAC-31","105.33","322.93","1.163"
"SENS-10117","2025-12-13 04:00:00","MAC-30","95.14","328.5","0.77"
"SENS-10118","2025-12-13 04:00:00","MAC-31","93.74","316.47","0.539"
"SENS-10119","2025-12-13 05:00:00","MAC-30","105.32","343.9","0.7"
"SENS-10120","2025-12-13 05:00:00","MAC-31","84.77","313.58","0.625"
"SENS-10121","2025-12-13 06:00:00","MAC-30","99.97","344.33","1.459"
"SENS-10122","2025-12-13 06:00:00","MAC-31","112.91","318.89","1.142"
"SENS-10123","2026-01-27 00:00:00","MAC-10","116.55","325.38","0.869"
"SENS-10124","2026-01-27 00:00:00","MAC-11","119.59","347.82","1.451"
"SENS-10125","2026-01-27 01:00:00","MAC-10","84.4","336.79","0.61"
"SENS-10126","2026-01-27 01:00:00","MAC-11","87.72","338.59","0.958"
"SENS-10127","2026-01-27 02:00:00","MAC-10","100.12","329.88","0.582"
"SENS-10128","2026-01-27 02:00:00","MAC-11","103.15","335.15","0.503"
"SENS-10129","2025-10-05 00:00:00","MAC-30","100.12","327.04","0.926"
"SENS-10130","2025-10-05 00:00:00","MAC-31","106.69","309.68","0.931"
"SENS-10131","2025-10-05 01:00:00","MAC-30","98.35","327.78","0.516"
"SENS-10132","2025-10-05 01:00:00","MAC-31","95.78","327.84","0.994"
"SENS-10133","2025-10-05 02:00:00","MAC-30","109.02","324.25","0.691"
"SENS-10134","2025-10-05 02:00:00","MAC-31","104.84","339.23","1.361"
"SENS-10135","2025-10-05 03:00:00","MAC-30","86.38","333.62","1.108"
"SENS-10136","2025-10-05 03:00:00","MAC-31","119.43","332","0.502"
"SENS-10137","2025-10-05 04:00:00","MAC-30","95.36","345.64","1.465"
"SENS-10138","2025-10-05 04:00:00","MAC-31","115.27","342.44","0.608"
"SENS-10139","2025-10-05 05:00:00","MAC-30","113.48","333.09","1.265"
"SENS-10140","2025-10-05 05:00:00","MAC-31","99.31","314.78","1.317"
"SENS-10141","2025-10-05 06:00:00","MAC-30","88.75","300.57","0.827"
"SENS-10142","2025-10-05 06:00:00","MAC-31","93.01","315.81","1.088"
"SENS-10143","2025-10-05 07:00:00","MAC-30","110.33","319.08","0.994"
"SENS-10144","2025-10-05 07:00:00","MAC-31","86.84","319.68","0.642"
"SENS-10145","2025-10-05 08:00:00","MAC-30","95.6","338.66","0.859"
"SENS-10146","2025-10-05 08:00:00","MAC-31","96.93","333.1","0.803"
"SENS-10147","2025-11-26 00:00:00","MAC-20","92.92","337.35","1.064"
"SENS-10148","2025-11-26 00:00:00","MAC-21","95.37","315.31","0.572"
"SENS-10149","2025-11-26 01:00:00","MAC-20","93.75","303.57","1.168"
"SENS-10150","2025-11-26 01:00:00","MAC-21","116.95","319.95","0.646"
"SENS-10151","2025-11-26 02:00:00","MAC-20","83.64","320.79","0.68"
"SENS-10152","2025-11-26 02:00:00","MAC-21","103.21","328.34","0.657"
"SENS-10153","2025-11-26 03:00:00","MAC-20","89.02","337.02","1.378"
"SENS-10154","2025-11-26 03:00:00","MAC-21","89.42","304.14","1.332"
"SENS-10155","2025-11-26 04:00:00","MAC-20","96.28","314.86","0.863"
"SENS-10156","2025-11-26 04:00:00","MAC-21","91.97","327.63","1.041"
"SENS-10157","2025-11-26 05:00:00","MAC-20","86.75","340.78","0.894"
"SENS-10158","2025-11-26 05:00:00","MAC-21","105.46","348.42","0.809"
"SENS-10159","2025-11-26 06:00:00","MAC-20","115.4","307.13","0.98"
"SENS-10160","2025-11-26 06:00:00","MAC-21","115.71","309.34","0.802"
"SENS-10161","2025-06-23 00:00:00","MAC-30","82.4","300.59","1.474"
"SENS-10162","2025-06-23 00:00:00","MAC-31","112.99","311.97","0.544"
"SENS-10163","2025-06-23 01:00:00","MAC-30","104.29","316.05","0.634"
"SENS-10164","2025-06-23 01:00:00","MAC-31","103.77","304.68","1.274"
"SENS-10165","2025-07-02 00:00:00","MAC-20","88.18","318.82","1.039"
"SENS-10166","2025-07-02 00:00:00","MAC-21","106.2","302.63","0.74"
"SENS-10167","2025-07-02 01:00:00","MAC-20","100.51","313.11","0.624"
"SENS-10168","2025-07-02 01:00:00","MAC-21","96.87","316.9","1.151"
"SENS-10169","2025-07-02 02:00:00","MAC-20","113.52","340.29","1.186"
"SENS-10170","2025-07-02 02:00:00","MAC-21","85.5","333.19","0.627"
"SENS-10171","2025-08-28 00:00:00","MAC-10","92.97","320.08","1.41"
"SENS-10172","2025-08-28 00:00:00","MAC-11","85.89","324.01","0.99"
"SENS-10173","2025-08-28 01:00:00","MAC-10","97.99","326.35","1.135"
"SENS-10174","2025-08-28 01:00:00","MAC-11","80.21","344.5","0.949"
"SENS-10175","2025-08-28 02:00:00","MAC-10","112.07","308.28","0.813"
"SENS-10176","2025-08-28 02:00:00","MAC-11","105.46","311.33","0.699"
"SENS-10177","2025-08-28 03:00:00","MAC-10","119.37","328.68","1.411"
"SENS-10178","2025-08-28 03:00:00","MAC-11","102.65","336.62","0.673"
"SENS-10179","2025-08-28 04:00:00","MAC-10","108.25","308.14","1.2"
"SENS-10180","2025-08-28 04:00:00","MAC-11","82.84","329.19","1.382"
"SENS-10181","2025-08-28 05:00:00","MAC-10","107.38","338.82","1.259"
"SENS-10182","2025-08-28 05:00:00","MAC-11","89.82","326.49","0.708"
"SENS-10183","2025-08-28 06:00:00","MAC-10","90.54","333.47","0.698"
"SENS-10184","2025-08-28 06:00:00","MAC-11","111.58","331.4","1.255"
"SENS-10185","2025-08-28 07:00:00","MAC-10","112.39","303.77","1.104"
"SENS-10186","2025-08-28 07:00:00","MAC-11","81.93","342.72","0.531"
"SENS-10187","2025-08-28 08:00:00","MAC-10","97.23","331.44","1.243"
"SENS-10188","2025-08-28 08:00:00","MAC-11","117.19","340.08","1.43"
"SENS-10189","2025-08-28 09:00:00","MAC-10","110.28","306.97","1.216"
"SENS-10190","2025-08-28 09:00:00","MAC-11","89.77","343.98","0.633"
"SENS-10191","2025-08-28 10:00:00","MAC-10","113.52","327.71","0.595"
"SENS-10192","2025-08-28 10:00:00","MAC-11","110.75","331.82","1.377"
"SENS-10193","2025-08-28 11:00:00","MAC-10","119.43","326.28","1.235"
"SENS-10194","2025-08-28 11:00:00","MAC-11","81.26","343.57","1.257"
"SENS-10195","2025-08-28 12:00:00","MAC-10","102.22","313.26","1.276"
"SENS-10196","2025-08-28 12:00:00","MAC-11","117.17","328.09","0.514"
"SENS-10197","2025-12-11 00:00:00","MAC-10","112.28","346.28","1.018"
"SENS-10198","2025-12-11 00:00:00","MAC-11","102.86","348.12","0.739"
"SENS-10199","2025-12-11 01:00:00","MAC-10","102.83","310.09","0.898"
"SENS-10200","2025-12-11 01:00:00","MAC-11","102.35","305.02","1.473"
"SENS-10201","2025-12-11 02:00:00","MAC-10","101.15","331.8","1.117"
"SENS-10202","2025-12-11 02:00:00","MAC-11","97.87","327.86","1.404"
"SENS-10203","2025-12-11 03:00:00","MAC-10","105.45","322.41","1.188"
"SENS-10204","2025-12-11 03:00:00","MAC-11","83.23","319.97","1.06"
"SENS-10205","2025-12-11 04:00:00","MAC-10","113.3","324.61","1.281"
"SENS-10206","2025-12-11 04:00:00","MAC-11","108.65","312.88","0.858"
"SENS-10207","2025-12-11 05:00:00","MAC-10","104.77","326.21","1.466"
"SENS-10208","2025-12-11 05:00:00","MAC-11","91.33","348.76","1.011"
"SENS-10209","2025-12-11 06:00:00","MAC-10","83.95","302.76","0.97"
"SENS-10210","2025-12-11 06:00:00","MAC-11","80.81","328.3","0.657"
"SENS-10211","2025-12-11 07:00:00","MAC-10","111.8","319.85","1.427"
"SENS-10212","2025-12-11 07:00:00","MAC-11","81.25","347.18","1.499"
"SENS-10213","2025-10-25 00:00:00","MAC-10","101.66","340.01","1.487"
"SENS-10214","2025-10-25 00:00:00","MAC-11","118.28","310.92","1.314"
"SENS-10215","2025-10-25 01:00:00","MAC-10","104.68","306.98","0.506"
"SENS-10216","2025-10-25 01:00:00","MAC-11","106.45","336.61","0.871"
"SENS-10217","2026-03-23 00:00:00","MAC-10","81.93","308.87","1.336"
"SENS-10218","2026-03-23 00:00:00","MAC-11","99.71","347.93","1.161"
"SENS-10219","2026-03-23 01:00:00","MAC-10","107.76","311.01","1.444"
"SENS-10220","2026-03-23 01:00:00","MAC-11","81.07","343.02","1.056"
"SENS-10221","2026-03-23 02:00:00","MAC-10","83.5","332.92","1.2"
"SENS-10222","2026-03-23 02:00:00","MAC-11","105","322.15","0.702"
"SENS-10223","2026-03-23 03:00:00","MAC-10","86.72","309.01","0.788"
"SENS-10224","2026-03-23 03:00:00","MAC-11","103.29","341.43","0.635"
"SENS-10225","2026-03-23 04:00:00","MAC-10","116.34","345.91","1.331"
"SENS-10226","2026-03-23 04:00:00","MAC-11","85.37","328.28","1.103"
"SENS-10227","2026-03-23 05:00:00","MAC-10","104.12","340.37","0.679"
"SENS-10228","2026-03-23 05:00:00","MAC-11","115.74","342.96","1.099"
"SENS-10229","2026-03-23 06:00:00","MAC-10","100.69","315.16","1.119"
"SENS-10230","2026-03-23 06:00:00","MAC-11","92.47","315.02","0.888"
"SENS-10231","2026-03-23 07:00:00","MAC-10","103.54","341.23","0.669"
"SENS-10232","2026-03-23 07:00:00","MAC-11","112.2","302.64","1.168"
"SENS-10233","2026-03-23 08:00:00","MAC-10","110.17","301.42","1.359"
"SENS-10234","2026-03-23 08:00:00","MAC-11","115.1","319.38","1.156"
"SENS-10235","2026-03-23 09:00:00","MAC-10","96","332.82","1.078"
"SENS-10236","2026-03-23 09:00:00","MAC-11","114.03","329.47","0.89"
"SENS-10237","2026-03-23 10:00:00","MAC-10","84.87","312.26","0.645"
"SENS-10238","2026-03-23 10:00:00","MAC-11","89.59","333.1","0.502"
"SENS-10239","2026-03-23 11:00:00","MAC-10","98.11","318.7","0.536"
"SENS-10240","2026-03-23 11:00:00","MAC-11","98.23","324.81","0.58"
"SENS-10241","2026-03-23 12:00:00","MAC-10","80.72","328.77","0.709"
"SENS-10242","2026-03-23 12:00:00","MAC-11","88.62","341.59","0.816"
"SENS-10243","2026-03-23 13:00:00","MAC-10","118.28","343.47","1.048"
"SENS-10244","2026-03-23 13:00:00","MAC-11","117.4","332.2","0.948"
"SENS-10245","2026-03-23 14:00:00","MAC-10","100.93","348.71","0.906"
"SENS-10246","2026-03-23 14:00:00","MAC-11","118.16","341.59","1.075"
"SENS-10247","2026-03-23 15:00:00","MAC-10","83.14","335.89","0.738"
"SENS-10248","2026-03-23 15:00:00","MAC-11","95.51","305.79","0.792"
"SENS-10249","2026-03-23 16:00:00","MAC-10","93.55","326.35","1.178"
"SENS-10250","2026-03-23 16:00:00","MAC-11","117.8","301.39","0.642"
"SENS-10251","2025-09-08 00:00:00","MAC-20","81.72","329.68","0.746"
"SENS-10252","2025-09-08 00:00:00","MAC-21","109.99","317.51","1.336"
"SENS-10253","2025-09-08 01:00:00","MAC-20","91.18","303.4","0.517"
"SENS-10254","2025-09-08 01:00:00","MAC-21","82.48","335.97","0.777"
"SENS-10255","2025-09-08 02:00:00","MAC-20","103.89","338.54","0.632"
"SENS-10256","2025-09-08 02:00:00","MAC-21","106.69","315.25","0.779"
"SENS-10257","2025-09-08 03:00:00","MAC-20","99.3","343.53","1.434"
"SENS-10258","2025-09-08 03:00:00","MAC-21","80.19","308.23","1.456"
"SENS-10259","2025-09-08 04:00:00","MAC-20","86.52","347.81","1.308"
"SENS-10260","2025-09-08 04:00:00","MAC-21","109.02","307.06","0.777"
"SENS-10261","2025-09-08 05:00:00","MAC-20","90.28","350","0.668"
"SENS-10262","2025-09-08 05:00:00","MAC-21","98.46","310.6","0.622"
"SENS-10263","2025-09-08 06:00:00","MAC-20","93.11","324.62","0.638"
"SENS-10264","2025-09-08 06:00:00","MAC-21","116.49","315.65","1.07"
"SENS-10265","2025-09-08 07:00:00","MAC-20","103.91","318.14","1.265"
"SENS-10266","2025-09-08 07:00:00","MAC-21","103.87","305.37","0.724"
"SENS-10267","2026-01-27 00:00:00","MAC-20","112.67","329.17","1.236"
"SENS-10268","2026-01-27 00:00:00","MAC-21","92.86","320.62","1.249"
"SENS-10269","2026-01-27 01:00:00","MAC-20","117.61","332.89","1.438"
"SENS-10270","2026-01-27 01:00:00","MAC-21","81.12","343.69","1.189"
"SENS-10271","2026-01-27 02:00:00","MAC-20","81.47","339.38","1.407"
"SENS-10272","2026-01-27 02:00:00","MAC-21","102.85","330.87","0.834"
"SENS-10273","2026-01-27 03:00:00","MAC-20","86.26","324.64","0.939"
"SENS-10274","2026-01-27 03:00:00","MAC-21","89.51","336","0.744"
"SENS-10275","2026-01-27 04:00:00","MAC-20","99.47","306.56","1.485"
"SENS-10276","2026-01-27 04:00:00","MAC-21","106.53","329.03","0.776"
"SENS-10277","2026-01-27 05:00:00","MAC-20","111.85","303.3","1.45"
"SENS-10278","2026-01-27 05:00:00","MAC-21","97.19","346.63","0.684"
"SENS-10279","2026-01-27 06:00:00","MAC-20","97.01","311.27","0.84"
"SENS-10280","2026-01-27 06:00:00","MAC-21","102.94","344.68","0.775"
"SENS-10281","2025-08-07 00:00:00","MAC-20","94.67","311.76","1.301"
"SENS-10282","2025-08-07 00:00:00","MAC-21","89.29","307.49","1.261"
"SENS-10283","2025-08-07 01:00:00","MAC-20","117.66","348.94","0.721"
"SENS-10284","2025-08-07 01:00:00","MAC-21","88.86","307.77","1.496"
"SENS-10285","2025-08-07 02:00:00","MAC-20","96.27","318.45","0.569"
"SENS-10286","2025-08-07 02:00:00","MAC-21","89.25","333.28","1.484"
"SENS-10287","2025-10-13 00:00:00","MAC-10","96.64","330.65","0.834"
"SENS-10288","2025-10-13 00:00:00","MAC-11","104.41","324","0.58"
"SENS-10289","2025-10-13 01:00:00","MAC-10","109.05","313.4","0.607"
"SENS-10290","2025-10-13 01:00:00","MAC-11","93.19","342.42","1.187"
"SENS-10291","2025-10-13 02:00:00","MAC-10","117.53","313.4","0.904"
"SENS-10292","2025-10-13 02:00:00","MAC-11","119.18","300.82","1.021"
"SENS-10293","2025-10-13 03:00:00","MAC-10","93.25","325.49","1.158"
"SENS-10294","2025-10-13 03:00:00","MAC-11","106.02","343.82","0.573"
"SENS-10295","2025-10-13 04:00:00","MAC-10","97.77","325.6","1.056"
"SENS-10296","2025-10-13 04:00:00","MAC-11","105.43","317.21","1.021"
"SENS-10297","2025-10-13 05:00:00","MAC-10","117.48","313.14","0.981"
"SENS-10298","2025-10-13 05:00:00","MAC-11","106.39","346.38","1.114"
"SENS-10299","2025-10-13 06:00:00","MAC-10","85.65","342.33","1.23"
"SENS-10300","2025-10-13 06:00:00","MAC-11","82.31","338.07","1.362"
"SENS-10301","2025-06-16 00:00:00","MAC-20","108.44","349.95","0.596"
"SENS-10302","2025-06-16 00:00:00","MAC-21","108.26","317.94","1.003"
"SENS-10303","2025-06-16 01:00:00","MAC-20","100.11","305.43","0.69"
"SENS-10304","2025-06-16 01:00:00","MAC-21","80.96","316.69","1.121"
"SENS-10305","2025-06-16 02:00:00","MAC-20","86.28","335.66","0.838"
"SENS-10306","2025-06-16 02:00:00","MAC-21","92.27","339.86","0.988"
"SENS-10307","2025-06-16 03:00:00","MAC-20","109.88","301.48","0.807"
"SENS-10308","2025-06-16 03:00:00","MAC-21","108.53","305.5","0.906"
"SENS-10309","2025-06-16 04:00:00","MAC-20","103.09","317.62","0.964"
"SENS-10310","2025-06-16 04:00:00","MAC-21","101.24","319.59","0.917"
"SENS-10311","2025-06-16 05:00:00","MAC-20","89.1","327.7","0.718"
"SENS-10312","2025-06-16 05:00:00","MAC-21","104.74","318.73","0.745"
"SENS-10313","2025-06-16 06:00:00","MAC-20","83.29","337.03","0.69"
"SENS-10314","2025-06-16 06:00:00","MAC-21","86.87","337.4","0.884"
"SENS-10315","2025-06-16 07:00:00","MAC-20","103.54","333.86","0.537"
"SENS-10316","2025-06-16 07:00:00","MAC-21","101.87","313.25","0.889"
"SENS-10317","2025-11-05 00:00:00","MAC-30","92.82","308.01","0.543"
"SENS-10318","2025-11-05 00:00:00","MAC-31","83.31","349.15","0.502"
"SENS-10319","2025-11-05 01:00:00","MAC-30","102.59","325.56","0.526"
"SENS-10320","2025-11-05 01:00:00","MAC-31","103.95","336.86","0.759"
"SENS-10321","2025-11-05 02:00:00","MAC-30","102.83","312.9","0.74"
"SENS-10322","2025-11-05 02:00:00","MAC-31","98.81","331.41","1.325"
"SENS-10323","2025-11-05 03:00:00","MAC-30","98.07","306.54","0.694"
"SENS-10324","2025-11-05 03:00:00","MAC-31","109.17","315.96","1.002"
"SENS-10325","2025-11-05 04:00:00","MAC-30","107.19","306.48","1.383"
"SENS-10326","2025-11-05 04:00:00","MAC-31","117.76","341.62","0.927"
"SENS-10327","2025-11-05 05:00:00","MAC-30","113.45","311.89","1.015"
"SENS-10328","2025-11-05 05:00:00","MAC-31","107.35","336.35","0.843"
"SENS-10329","2025-11-05 06:00:00","MAC-30","103.44","337.6","1.093"
"SENS-10330","2025-11-05 06:00:00","MAC-31","81.33","340.17","0.548"
"SENS-10331","2025-11-05 07:00:00","MAC-30","101.62","338.9","0.539"
"SENS-10332","2025-11-05 07:00:00","MAC-31","99.16","320.42","0.689"
"SENS-10333","2025-11-05 08:00:00","MAC-30","101.49","306.5","1.174"
"SENS-10334","2025-11-05 08:00:00","MAC-31","91.82","323.14","0.918"
"SENS-10335","2026-02-20 00:00:00","MAC-10","119.9","314.52","0.99"
"SENS-10336","2026-02-20 00:00:00","MAC-11","111.23","335.65","0.957"
"SENS-10337","2026-02-20 01:00:00","MAC-10","118.82","341.74","0.528"
"SENS-10338","2026-02-20 01:00:00","MAC-11","107.67","300.31","0.762"
"SENS-10339","2026-02-20 02:00:00","MAC-10","84.93","312.04","1.343"
"SENS-10340","2026-02-20 02:00:00","MAC-11","116.3","325.41","0.936"
"SENS-10341","2026-02-20 03:00:00","MAC-10","107.43","325.81","0.793"
"SENS-10342","2026-02-20 03:00:00","MAC-11","109.75","310.28","1.442"
"SENS-10343","2026-02-20 04:00:00","MAC-10","102.16","319.19","0.804"
"SENS-10344","2026-02-20 04:00:00","MAC-11","114.75","337.48","1.271"
"SENS-10345","2026-02-20 05:00:00","MAC-10","115.11","323.43","1.324"
"SENS-10346","2026-02-20 05:00:00","MAC-11","97.88","335.53","1.344"
"SENS-10347","2026-02-20 06:00:00","MAC-10","112.7","302.65","0.814"
"SENS-10348","2026-02-20 06:00:00","MAC-11","87.34","329.4","1.085"
"SENS-10349","2026-02-10 00:00:00","MAC-10","119.05","337.82","1.492"
"SENS-10350","2026-02-10 00:00:00","MAC-11","80.29","344.32","0.817"
"SENS-10351","2026-02-10 01:00:00","MAC-10","103.91","321.34","1.475"
"SENS-10352","2026-02-10 01:00:00","MAC-11","94.68","314.05","1.198"
"SENS-10353","2026-02-10 02:00:00","MAC-10","88.16","343.28","0.985"
"SENS-10354","2026-02-10 02:00:00","MAC-11","113.37","308.17","1.159"
"SENS-10355","2026-02-10 03:00:00","MAC-10","108.74","310.86","1.38"
"SENS-10356","2026-02-10 03:00:00","MAC-11","81.55","303.46","1.17"
"SENS-10357","2026-02-10 04:00:00","MAC-10","95.81","308.37","1"
"SENS-10358","2026-02-10 04:00:00","MAC-11","92.9","332.22","1.07"
"SENS-10359","2026-02-10 05:00:00","MAC-10","115.94","336.19","1.454"
"SENS-10360","2026-02-10 05:00:00","MAC-11","112.33","341.41","1.163"
"SENS-10361","2026-02-10 06:00:00","MAC-10","108.41","321.07","1.31"
"SENS-10362","2026-02-10 06:00:00","MAC-11","92.16","336.25","1.184"
"SENS-10363","2026-02-10 07:00:00","MAC-10","103.63","329.88","0.839"
"SENS-10364","2026-02-10 07:00:00","MAC-11","99.55","326.94","0.59"
"SENS-10365","2026-02-10 08:00:00","MAC-10","86.65","310.46","1.037"
"SENS-10366","2026-02-10 08:00:00","MAC-11","101.26","331.06","1.055"
"SENS-10367","2026-02-10 09:00:00","MAC-10","83.35","344.35","0.824"
"SENS-10368","2026-02-10 09:00:00","MAC-11","105.97","322.18","0.724"
"SENS-10369","2026-03-31 00:00:00","MAC-30","87.27","324.11","0.523"
"SENS-10370","2026-03-31 00:00:00","MAC-31","95.31","338.67","1.009"
"SENS-10371","2025-08-20 00:00:00","MAC-10","88.73","344.63","0.593"
"SENS-10372","2025-08-20 00:00:00","MAC-11","95.12","330.86","1.415"
"SENS-10373","2025-08-20 01:00:00","MAC-10","98.82","339.63","1.176"
"SENS-10374","2025-08-20 01:00:00","MAC-11","87.41","313.21","0.711"
"SENS-10375","2025-12-12 00:00:00","MAC-10","95.17","338.71","0.72"
"SENS-10376","2025-12-12 00:00:00","MAC-11","114.94","326.25","1.416"
"SENS-10377","2025-12-12 01:00:00","MAC-10","117.49","349.93","0.767"
"SENS-10378","2025-12-12 01:00:00","MAC-11","88.24","342.36","0.946"
"SENS-10379","2025-12-12 02:00:00","MAC-10","115.48","329.55","1.344"
"SENS-10380","2025-12-12 02:00:00","MAC-11","80.79","324.75","1.031"
"SENS-10381","2025-12-12 03:00:00","MAC-10","86.54","308.54","0.86"
"SENS-10382","2025-12-12 03:00:00","MAC-11","97.14","302.78","0.722"
"SENS-10383","2025-12-12 04:00:00","MAC-10","93.79","307.7","0.939"
"SENS-10384","2025-12-12 04:00:00","MAC-11","87","349.97","0.869"
"SENS-10385","2025-12-12 05:00:00","MAC-10","99.73","316.67","1.466"
"SENS-10386","2025-12-12 05:00:00","MAC-11","88.47","321.98","0.896"
"SENS-10387","2025-12-12 06:00:00","MAC-10","84.51","349.91","0.574"
"SENS-10388","2025-12-12 06:00:00","MAC-11","83.9","337.1","0.939"
"SENS-10389","2025-12-12 07:00:00","MAC-10","99.78","313.2","0.886"
"SENS-10390","2025-12-12 07:00:00","MAC-11","113.85","337.14","0.928"
"SENS-10391","2025-12-12 08:00:00","MAC-10","101.36","327.07","0.949"
"SENS-10392","2025-12-12 08:00:00","MAC-11","89.34","329.76","0.88"
"SENS-10393","2025-10-11 00:00:00","MAC-10","90.4","306.73","0.582"
"SENS-10394","2025-10-11 00:00:00","MAC-11","91.75","318.91","0.909"
"SENS-10395","2025-10-11 01:00:00","MAC-10","89.2","312.86","0.553"
"SENS-10396","2025-10-11 01:00:00","MAC-11","81.77","337.71","0.502"
"SENS-10397","2025-10-11 02:00:00","MAC-10","84.18","320.77","1.318"
"SENS-10398","2025-10-11 02:00:00","MAC-11","93.3","319.27","0.83"
"SENS-10399","2025-10-11 03:00:00","MAC-10","101","301.4","0.835"
"SENS-10400","2025-10-11 03:00:00","MAC-11","97.3","315.87","0.89"
"SENS-10401","2025-10-11 04:00:00","MAC-10","81.69","312.57","1.325"
"SENS-10402","2025-10-11 04:00:00","MAC-11","86.65","313.29","1.147"
"SENS-10403","2025-10-11 05:00:00","MAC-10","81.7","309.8","1.32"
"SENS-10404","2025-10-11 05:00:00","MAC-11","84.16","330.43","1.242"
"SENS-10405","2025-10-11 06:00:00","MAC-10","100.5","309.64","1.168"
"SENS-10406","2025-10-11 06:00:00","MAC-11","111.72","305.08","1.309"
"SENS-10407","2025-10-11 07:00:00","MAC-10","93.29","328.82","1.306"
"SENS-10408","2025-10-11 07:00:00","MAC-11","97.07","306.34","1.107"
"SENS-10409","2025-10-11 08:00:00","MAC-10","86.16","333.21","0.54"
"SENS-10410","2025-10-11 08:00:00","MAC-11","113.16","311.7","1.459"
"SENS-10411","2025-10-11 09:00:00","MAC-10","104.18","315.4","0.653"
"SENS-10412","2025-10-11 09:00:00","MAC-11","104.15","330.22","1.073"
"SENS-10413","2025-10-11 10:00:00","MAC-10","86.28","331.32","1.313"
"SENS-10414","2025-10-11 10:00:00","MAC-11","117.15","329.67","0.923"
"SENS-10415","2025-10-11 11:00:00","MAC-10","95.35","304.4","0.773"
"SENS-10416","2025-10-11 11:00:00","MAC-11","93.65","319.57","0.535"
"SENS-10417","2025-10-11 12:00:00","MAC-10","108.88","307.53","1.12"
"SENS-10418","2025-10-11 12:00:00","MAC-11","103.88","312.03","1.43"
"SENS-10419","2025-10-11 13:00:00","MAC-10","113.87","344.17","1.203"
"SENS-10420","2025-10-11 13:00:00","MAC-11","119.21","330.25","1.315"
"SENS-10421","2025-10-11 14:00:00","MAC-10","92.4","325.62","1.437"
"SENS-10422","2025-10-11 14:00:00","MAC-11","113.04","348.89","0.746"
"SENS-10423","2026-01-08 00:00:00","MAC-10","103.32","320.45","1.303"
"SENS-10424","2026-01-08 00:00:00","MAC-11","114.99","300.27","0.7"
"SENS-10425","2026-01-08 01:00:00","MAC-10","101.67","339.2","1.301"
"SENS-10426","2026-01-08 01:00:00","MAC-11","111.93","337.42","1.269"
"SENS-10427","2026-01-08 02:00:00","MAC-10","109.76","321.99","1.439"
"SENS-10428","2026-01-08 02:00:00","MAC-11","90.53","320.47","0.677"
"SENS-10429","2026-01-08 03:00:00","MAC-10","111.15","340.83","0.824"
"SENS-10430","2026-01-08 03:00:00","MAC-11","115.83","307.7","1.106"
"SENS-10431","2026-01-08 04:00:00","MAC-10","108.69","302.18","1.239"
"SENS-10432","2026-01-08 04:00:00","MAC-11","88.2","324.33","1.172"
"SENS-10433","2026-01-08 05:00:00","MAC-10","98.36","348.31","0.659"
"SENS-10434","2026-01-08 05:00:00","MAC-11","110.98","303.8","1.189"
"SENS-10435","2026-01-08 06:00:00","MAC-10","108.84","306.83","1.328"
"SENS-10436","2026-01-08 06:00:00","MAC-11","85.17","346.84","1.259"
"SENS-10437","2026-01-08 07:00:00","MAC-10","87.72","339.91","0.84"
"SENS-10438","2026-01-08 07:00:00","MAC-11","88.9","320.2","0.55"
"SENS-10439","2025-08-10 00:00:00","MAC-20","86.4","300.25","1.482"
"SENS-10440","2025-08-10 00:00:00","MAC-21","83.82","325.82","1.203"
"SENS-10441","2025-08-10 01:00:00","MAC-20","90.07","312.6","0.745"
"SENS-10442","2025-08-10 01:00:00","MAC-21","111.12","327.55","1.246"
"SENS-10443","2025-08-10 02:00:00","MAC-20","87.89","312.01","0.76"
"SENS-10444","2025-08-10 02:00:00","MAC-21","94.24","339.09","1.274"
"SENS-10445","2025-08-10 03:00:00","MAC-20","85.73","344.97","1.264"
"SENS-10446","2025-08-10 03:00:00","MAC-21","114.63","347.56","0.917"
"SENS-10447","2025-08-10 04:00:00","MAC-20","114.91","339.96","1.033"
"SENS-10448","2025-08-10 04:00:00","MAC-21","98.21","311.67","1.283"
"SENS-10449","2025-08-10 05:00:00","MAC-20","88.67","340.72","1.458"
"SENS-10450","2025-08-10 05:00:00","MAC-21","111.03","334.21","0.708"
"SENS-10451","2025-08-10 06:00:00","MAC-20","81.18","347.79","1.047"
"SENS-10452","2025-08-10 06:00:00","MAC-21","94.71","322.16","1.487"
"SENS-10453","2025-08-10 07:00:00","MAC-20","99.22","300.81","1.371"
"SENS-10454","2025-08-10 07:00:00","MAC-21","87.21","349.22","0.839"
"SENS-10455","2025-11-12 00:00:00","MAC-30","119.72","344.38","1.013"
"SENS-10456","2025-11-12 00:00:00","MAC-31","106.55","330.83","0.543"
"SENS-10457","2025-11-12 01:00:00","MAC-30","88.09","326.65","1.499"
"SENS-10458","2025-11-12 01:00:00","MAC-31","97.89","300.54","0.851"
"SENS-10459","2025-11-12 02:00:00","MAC-30","100.82","314.21","1.061"
"SENS-10460","2025-11-12 02:00:00","MAC-31","80.54","309.19","0.561"
"SENS-10461","2025-11-12 03:00:00","MAC-30","112.42","319.9","1.426"
"SENS-10462","2025-11-12 03:00:00","MAC-31","109.13","346.92","1.047"
"SENS-10463","2025-11-12 04:00:00","MAC-30","97.35","348.36","0.823"
"SENS-10464","2025-11-12 04:00:00","MAC-31","87.11","338.01","0.737"
"SENS-10465","2025-11-12 05:00:00","MAC-30","99.56","323.67","0.795"
"SENS-10466","2025-11-12 05:00:00","MAC-31","118.93","323.68","1.188"
"SENS-10467","2025-11-12 06:00:00","MAC-30","80.16","327.25","1.437"
"SENS-10468","2025-11-12 06:00:00","MAC-31","96.96","334.72","1.389"
"SENS-10469","2025-11-12 07:00:00","MAC-30","108.21","327.38","1.304"
"SENS-10470","2025-11-12 07:00:00","MAC-31","100.01","336.26","0.551"
"SENS-10471","2025-11-12 08:00:00","MAC-30","89.27","339.81","1.353"
"SENS-10472","2025-11-12 08:00:00","MAC-31","114.77","333.62","0.713"
"SENS-10473","2025-11-12 09:00:00","MAC-30","101.88","321.14","0.696"
"SENS-10474","2025-11-12 09:00:00","MAC-31","117.97","331.97","1.133"
"SENS-10475","2026-02-18 00:00:00","MAC-30","105.04","338.89","0.716"
"SENS-10476","2026-02-18 00:00:00","MAC-31","80.15","302.15","0.98"
"SENS-10477","2026-02-18 01:00:00","MAC-30","84.54","311.08","0.5"
"SENS-10478","2026-02-18 01:00:00","MAC-31","98.06","343.37","1.02"
"SENS-10479","2026-02-18 02:00:00","MAC-30","109.8","346.83","0.567"
"SENS-10480","2026-02-18 02:00:00","MAC-31","100.79","344.33","1.401"
"SENS-10481","2026-02-18 03:00:00","MAC-30","116.4","347.34","1.132"
"SENS-10482","2026-02-18 03:00:00","MAC-31","115.61","313.35","0.504"
"SENS-10483","2026-02-18 04:00:00","MAC-30","101.89","302.75","0.941"
"SENS-10484","2026-02-18 04:00:00","MAC-31","93.3","343.96","1.488"
"SENS-10485","2025-05-01 00:00:00","MAC-30","97.71","321.32","0.952"
"SENS-10486","2025-05-01 00:00:00","MAC-31","100.47","331.82","1.403"
"SENS-10487","2025-05-01 01:00:00","MAC-30","107.29","316.2","1.243"
"SENS-10488","2025-05-01 01:00:00","MAC-31","92.99","334.51","0.992"
"SENS-10489","2025-05-01 02:00:00","MAC-30","105.94","303.09","1.496"
"SENS-10490","2025-05-01 02:00:00","MAC-31","82.32","341.85","0.859"
"SENS-10491","2025-05-01 03:00:00","MAC-30","85.8","302.61","0.78"
"SENS-10492","2025-05-01 03:00:00","MAC-31","85.03","317.42","1.085"
"SENS-10493","2025-05-01 04:00:00","MAC-30","92","311.57","1.014"
"SENS-10494","2025-05-01 04:00:00","MAC-31","89.1","321.1","1.242"
"SENS-10495","2025-05-01 05:00:00","MAC-30","117.56","333.05","0.584"
"SENS-10496","2025-05-01 05:00:00","MAC-31","87.23","329.68","0.633"
"SENS-10497","2025-05-01 06:00:00","MAC-30","108.92","341.5","1.437"
"SENS-10498","2025-05-01 06:00:00","MAC-31","85.96","323.7","1.421"
"SENS-10499","2025-05-01 07:00:00","MAC-30","116.65","331.59","0.845"
"SENS-10500","2025-05-01 07:00:00","MAC-31","90.81","324.18","1.141"
"SENS-10501","2025-05-01 08:00:00","MAC-30","97.5","324.1","1.33"
"SENS-10502","2025-05-01 08:00:00","MAC-31","106.43","308.11","0.835"
"SENS-10503","2025-05-01 09:00:00","MAC-30","83.67","319.89","1.214"
"SENS-10504","2025-05-01 09:00:00","MAC-31","111.4","304.24","0.855"
"SENS-10505","2025-05-01 10:00:00","MAC-30","81.77","314.71","1.035"
"SENS-10506","2025-05-01 10:00:00","MAC-31","113.68","322.44","1.056"
"SENS-10507","2025-05-01 11:00:00","MAC-30","80.18","327.76","1.227"
"SENS-10508","2025-05-01 11:00:00","MAC-31","119.17","345.89","0.538"
"SENS-10509","2025-08-07 00:00:00","MAC-30","97.35","335.02","0.609"
"SENS-10510","2025-08-07 00:00:00","MAC-31","86.01","344.64","1.145"
"SENS-10511","2025-08-07 01:00:00","MAC-30","100.55","315.27","1.29"
"SENS-10512","2025-08-07 01:00:00","MAC-31","96.57","303.25","1.034"
"SENS-10513","2025-08-07 02:00:00","MAC-30","118.05","346.19","1.218"
"SENS-10514","2025-08-07 02:00:00","MAC-31","108.27","331.5","1.087"
"SENS-10515","2025-08-07 03:00:00","MAC-30","80.26","323.65","1.187"
"SENS-10516","2025-08-07 03:00:00","MAC-31","111.68","345.64","1.168"
"SENS-10517","2025-08-07 04:00:00","MAC-30","103.68","308.81","1.228"
"SENS-10518","2025-08-07 04:00:00","MAC-31","89.29","338.23","1.205"
"SENS-10519","2025-08-07 05:00:00","MAC-30","117.06","313.91","0.564"
"SENS-10520","2025-08-07 05:00:00","MAC-31","119.87","335.73","0.879"
"SENS-10521","2025-08-07 06:00:00","MAC-30","90.15","303.06","1.376"
"SENS-10522","2025-08-07 06:00:00","MAC-31","116.93","315.41","0.551"
"SENS-10523","2025-08-07 07:00:00","MAC-30","111.99","319.95","1.387"
"SENS-10524","2025-08-07 07:00:00","MAC-31","80.8","333.38","1.32"
"SENS-10525","2025-08-07 08:00:00","MAC-30","102.68","343.58","0.67"
"SENS-10526","2025-08-07 08:00:00","MAC-31","83.13","328.75","0.578"
"SENS-10527","2025-08-07 09:00:00","MAC-30","83.87","324.96","0.908"
"SENS-10528","2025-08-07 09:00:00","MAC-31","108.93","326.93","1.266"
"SENS-10529","2025-08-07 10:00:00","MAC-30","112.86","339.8","0.722"
"SENS-10530","2025-08-07 10:00:00","MAC-31","83.93","316.36","0.6"