LogID,WorkOrderID,Timestamp,LineID,UnitsProduced,OperatorID
"PLOG-1","WO-10001","2025-09-18 00:00:00","LINE-B","87","OP-7"
"PLOG-2","WO-10001","2025-09-18 01:00:00","LINE-B","52","OP-5"
"PLOG-3","WO-10001","2025-09-18 02:00:00","LINE-B","88","OP-14"
"PLOG-4","WO-10002","2026-03-15 00:00:00","LINE-A","50","OP-14"
"PLOG-5","WO-10002","2026-03-15 01:00:00","LINE-A","64","OP-16"
"PLOG-6","WO-10002","2026-03-15 02:00:00","LINE-A","101","OP-18"
"PLOG-7","WO-10002","2026-03-15 03:00:00","LINE-A","109","OP-6"
"PLOG-8","WO-10002","2026-03-15 04:00:00","LINE-A","53","OP-18"
"PLOG-9","WO-10002","2026-03-15 05:00:00","LINE-A","72","OP-8"
"PLOG-10","WO-10003","2026-01-01 00:00:00","LINE-A","96","OP-14"
"PLOG-11","WO-10003","2026-01-01 01:00:00","LINE-A","82","OP-6"
"PLOG-12","WO-10003","2026-01-01 02:00:00","LINE-A","55","OP-4"
"PLOG-13","WO-10003","2026-01-01 03:00:00","LINE-A","96","OP-19"
"PLOG-14","WO-10003","2026-01-01 04:00:00","LINE-A","80","OP-5"
"PLOG-15","WO-10003","2026-01-01 05:00:00","LINE-A","58","OP-10"
"PLOG-16","WO-10003","2026-01-01 06:00:00","LINE-A","76","OP-10"
"PLOG-17","WO-10003","2026-01-01 07:00:00","LINE-A","59","OP-13"
"PLOG-18","WO-10003","2026-01-01 08:00:00","LINE-A","55","OP-17"
"PLOG-19","WO-10005","2025-09-08 00:00:00","LINE-A","76","OP-3"
"PLOG-20","WO-10005","2025-09-08 01:00:00","LINE-A","65","OP-10"
"PLOG-21","WO-10005","2025-09-08 02:00:00","LINE-A","108","OP-17"
"PLOG-22","WO-10005","2025-09-08 03:00:00","LINE-A","81","OP-20"
"PLOG-23","WO-10005","2025-09-08 04:00:00","LINE-A","108","OP-3"
"PLOG-24","WO-10005","2025-09-08 05:00:00","LINE-A","57","OP-2"
"PLOG-25","WO-10005","2025-09-08 06:00:00","LINE-A","69","OP-2"
"PLOG-26","WO-10005","2025-09-08 07:00:00","LINE-A","73","OP-19"
"PLOG-27","WO-10005","2025-09-08 08:00:00","LINE-A","50","OP-15"
"PLOG-28","WO-10005","2025-09-08 09:00:00","LINE-A","102","OP-5"
"PLOG-29","WO-10006","2026-02-09 00:00:00","LINE-C","54","OP-16"
"PLOG-30","WO-10006","2026-02-09 01:00:00","LINE-C","104","OP-9"
"PLOG-31","WO-10006","2026-02-09 02:00:00","LINE-C","48","OP-3"
"PLOG-32","WO-10006","2026-02-09 03:00:00","LINE-C","94","OP-8"
"PLOG-33","WO-10006","2026-02-09 04:00:00","LINE-C","47","OP-13"
"PLOG-34","WO-10006","2026-02-09 05:00:00","LINE-C","61","OP-3"
"PLOG-35","WO-10006","2026-02-09 06:00:00","LINE-C","89","OP-11"
"PLOG-36","WO-10006","2026-02-09 07:00:00","LINE-C","103","OP-3"
"PLOG-37","WO-10006","2026-02-09 08:00:00","LINE-C","47","OP-20"
"PLOG-38","WO-10006","2026-02-09 09:00:00","LINE-C","81","OP-3"
"PLOG-39","WO-10006","2026-02-09 10:00:00","LINE-C","108","OP-15"
"PLOG-40","WO-10006","2026-02-09 11:00:00","LINE-C","54","OP-15"
"PLOG-41","WO-10006","2026-02-09 12:00:00","LINE-C","106","OP-9"
"PLOG-42","WO-10006","2026-02-09 13:00:00","LINE-C","80","OP-10"
"PLOG-43","WO-10007","2025-11-04 00:00:00","LINE-C","104","OP-16"
"PLOG-44","WO-10007","2025-11-04 01:00:00","LINE-C","54","OP-15"
"PLOG-45","WO-10007","2025-11-04 02:00:00","LINE-C","100","OP-14"
"PLOG-46","WO-10007","2025-11-04 03:00:00","LINE-C","49","OP-7"
"PLOG-47","WO-10007","2025-11-04 04:00:00","LINE-C","81","OP-3"
"PLOG-48","WO-10007","2025-11-04 05:00:00","LINE-C","105","OP-15"
"PLOG-49","WO-10007","2025-11-04 06:00:00","LINE-C","108","OP-6"
"PLOG-50","WO-10007","2025-11-04 07:00:00","LINE-C","103","OP-3"
"PLOG-51","WO-10007","2025-11-04 08:00:00","LINE-C","56","OP-18"
"PLOG-52","WO-10008","2026-01-13 00:00:00","LINE-B","72","OP-3"
"PLOG-53","WO-10008","2026-01-13 01:00:00","LINE-B","107","OP-6"
"PLOG-54","WO-10008","2026-01-13 02:00:00","LINE-B","64","OP-20"
"PLOG-55","WO-10009","2025-08-28 00:00:00","LINE-A","95","OP-17"
"PLOG-56","WO-10009","2025-08-28 01:00:00","LINE-A","95","OP-9"
"PLOG-57","WO-10011","2025-10-25 00:00:00","LINE-C","99","OP-19"
"PLOG-58","WO-10011","2025-10-25 01:00:00","LINE-C","55","OP-13"
"PLOG-59","WO-10011","2025-10-25 02:00:00","LINE-C","61","OP-2"
"PLOG-60","WO-10011","2025-10-25 03:00:00","LINE-C","54","OP-6"
"PLOG-61","WO-10011","2025-10-25 04:00:00","LINE-C","100","OP-11"
"PLOG-62","WO-10011","2025-10-25 05:00:00","LINE-C","67","OP-1"
"PLOG-63","WO-10011","2025-10-25 06:00:00","LINE-C","71","OP-20"
"PLOG-64","WO-10011","2025-10-25 07:00:00","LINE-C","48","OP-13"
"PLOG-65","WO-10011","2025-10-25 08:00:00","LINE-C","84","OP-12"
"PLOG-66","WO-10011","2025-10-25 09:00:00","LINE-C","110","OP-11"
"PLOG-67","WO-10011","2025-10-25 10:00:00","LINE-C","76","OP-2"
"PLOG-68","WO-10012","2026-02-09 00:00:00","LINE-B","97","OP-11"
"PLOG-69","WO-10012","2026-02-09 01:00:00","LINE-B","94","OP-10"
"PLOG-70","WO-10012","2026-02-09 02:00:00","LINE-B","91","OP-15"
"PLOG-71","WO-10012","2026-02-09 03:00:00","LINE-B","50","OP-17"
"PLOG-72","WO-10012","2026-02-09 04:00:00","LINE-B","84","OP-12"
"PLOG-73","WO-10012","2026-02-09 05:00:00","LINE-B","103","OP-7"
"PLOG-74","WO-10012","2026-02-09 06:00:00","LINE-B","82","OP-13"
"PLOG-75","WO-10012","2026-02-09 07:00:00","LINE-B","59","OP-8"
"PLOG-76","WO-10012","2026-02-09 08:00:00","LINE-B","89","OP-2"
"PLOG-77","WO-10012","2026-02-09 09:00:00","LINE-B","100","OP-11"
"PLOG-78","WO-10013","2026-01-19 00:00:00","LINE-B","84","OP-6"
"PLOG-79","WO-10013","2026-01-19 01:00:00","LINE-B","58","OP-10"
"PLOG-80","WO-10013","2026-01-19 02:00:00","LINE-B","87","OP-16"
"PLOG-81","WO-10013","2026-01-19 03:00:00","LINE-B","96","OP-18"
"PLOG-82","WO-10013","2026-01-19 04:00:00","LINE-B","110","OP-9"
"PLOG-83","WO-10013","2026-01-19 05:00:00","LINE-B","51","OP-4"
"PLOG-84","WO-10013","2026-01-19 06:00:00","LINE-B","75","OP-18"
"PLOG-85","WO-10013","2026-01-19 07:00:00","LINE-B","51","OP-14"
"PLOG-86","WO-10013","2026-01-19 08:00:00","LINE-B","89","OP-11"
"PLOG-87","WO-10013","2026-01-19 09:00:00","LINE-B","104","OP-19"
"PLOG-88","WO-10017","2025-09-20 00:00:00","LINE-A","79","OP-16"
"PLOG-89","WO-10017","2025-09-20 01:00:00","LINE-A","64","OP-16"
"PLOG-90","WO-10017","2025-09-20 02:00:00","LINE-A","106","OP-2"
"PLOG-91","WO-10017","2025-09-20 03:00:00","LINE-A","83","OP-14"
"PLOG-92","WO-10017","2025-09-20 04:00:00","LINE-A","53","OP-19"
"PLOG-93","WO-10017","2025-09-20 05:00:00","LINE-A","55","OP-14"
"PLOG-94","WO-10017","2025-09-20 06:00:00","LINE-A","54","OP-8"
"PLOG-95","WO-10018","2026-02-14 00:00:00","LINE-C","72","OP-13"
"PLOG-96","WO-10018","2026-02-14 01:00:00","LINE-C","52","OP-19"
"PLOG-97","WO-10018","2026-02-14 02:00:00","LINE-C","74","OP-8"
"PLOG-98","WO-10018","2026-02-14 03:00:00","LINE-C","52","OP-12"
"PLOG-99","WO-10019","2025-06-29 00:00:00","LINE-B","85","OP-18"
"PLOG-100","WO-10019","2025-06-29 01:00:00","LINE-B","60","OP-7"
"PLOG-101","WO-10019","2025-06-29 02:00:00","LINE-B","48","OP-13"
"PLOG-102","WO-10019","2025-06-29 03:00:00","LINE-B","69","OP-17"
"PLOG-103","WO-10019","2025-06-29 04:00:00","LINE-B","98","OP-5"
"PLOG-104","WO-10019","2025-06-29 05:00:00","LINE-B","91","OP-1"
"PLOG-105","WO-10019","2025-06-29 06:00:00","LINE-B","83","OP-6"
"PLOG-106","WO-10019","2025-06-29 07:00:00","LINE-B","58","OP-5"
"PLOG-107","WO-10019","2025-06-29 08:00:00","LINE-B","60","OP-14"
"PLOG-108","WO-10019","2025-06-29 09:00:00","LINE-B","48","OP-18"
"PLOG-109","WO-10020","2025-09-14 00:00:00","LINE-A","75","OP-19"
"PLOG-110","WO-10020","2025-09-14 01:00:00","LINE-A","94","OP-8"
"PLOG-111","WO-10020","2025-09-14 02:00:00","LINE-A","67","OP-5"
"PLOG-112","WO-10020","2025-09-14 03:00:00","LINE-A","64","OP-18"
"PLOG-113","WO-10020","2025-09-14 04:00:00","LINE-A","51","OP-9"
"PLOG-114","WO-10020","2025-09-14 05:00:00","LINE-A","80","OP-15"
"PLOG-115","WO-10020","2025-09-14 06:00:00","LINE-A","80","OP-7"
"PLOG-116","WO-10020","2025-09-14 07:00:00","LINE-A","68","OP-19"
"PLOG-117","WO-10020","2025-09-14 08:00:00","LINE-A","91","OP-6"
"PLOG-118","WO-10021","2025-11-14 00:00:00","LINE-B","88","OP-12"
"PLOG-119","WO-10021","2025-11-14 01:00:00","LINE-B","82","OP-6"
"PLOG-120","WO-10021","2025-11-14 02:00:00","LINE-B","62","OP-9"
"PLOG-121","WO-10023","2025-12-08 00:00:00","LINE-C","83","OP-2"
"PLOG-122","WO-10023","2025-12-08 01:00:00","LINE-C","47","OP-14"
"PLOG-123","WO-10023","2025-12-08 02:00:00","LINE-C","79","OP-6"
"PLOG-124","WO-10023","2025-12-08 03:00:00","LINE-C","82","OP-10"
"PLOG-125","WO-10023","2025-12-08 04:00:00","LINE-C","97","OP-15"
"PLOG-126","WO-10023","2025-12-08 05:00:00","LINE-C","104","OP-7"
"PLOG-127","WO-10023","2025-12-08 06:00:00","LINE-C","50","OP-3"
"PLOG-128","WO-10023","2025-12-08 07:00:00","LINE-C","88","OP-13"
"PLOG-129","WO-10023","2025-12-08 08:00:00","LINE-C","108","OP-8"
"PLOG-130","WO-10023","2025-12-08 09:00:00","LINE-C","73","OP-18"
"PLOG-131","WO-10023","2025-12-08 10:00:00","LINE-C","45","OP-2"
"PLOG-132","WO-10027","2026-01-10 00:00:00","LINE-A","103","OP-20"
"PLOG-133","WO-10027","2026-01-10 01:00:00","LINE-A","85","OP-10"
"PLOG-134","WO-10027","2026-01-10 02:00:00","LINE-A","72","OP-13"
"PLOG-135","WO-10027","2026-01-10 03:00:00","LINE-A","73","OP-10"
"PLOG-136","WO-10027","2026-01-10 04:00:00","LINE-A","87","OP-4"
"PLOG-137","WO-10027","2026-01-10 05:00:00","LINE-A","108","OP-9"
"PLOG-138","WO-10027","2026-01-10 06:00:00","LINE-A","64","OP-11"
"PLOG-139","WO-10027","2026-01-10 07:00:00","LINE-A","60","OP-11"
"PLOG-140","WO-10028","2026-01-22 00:00:00","LINE-A","77","OP-7"
"PLOG-141","WO-10028","2026-01-22 01:00:00","LINE-A","90","OP-12"
"PLOG-142","WO-10028","2026-01-22 02:00:00","LINE-A","77","OP-11"
"PLOG-143","WO-10029","2025-06-24 00:00:00","LINE-A","106","OP-20"
"PLOG-144","WO-10029","2025-06-24 01:00:00","LINE-A","107","OP-5"
"PLOG-145","WO-10029","2025-06-24 02:00:00","LINE-A","94","OP-7"
"PLOG-146","WO-10029","2025-06-24 03:00:00","LINE-A","107","OP-16"
"PLOG-147","WO-10029","2025-06-24 04:00:00","LINE-A","67","OP-12"
"PLOG-148","WO-10029","2025-06-24 05:00:00","LINE-A","66","OP-17"
"PLOG-149","WO-10029","2025-06-24 06:00:00","LINE-A","107","OP-13"
"PLOG-150","WO-10029","2025-06-24 07:00:00","LINE-A","66","OP-7"
"PLOG-151","WO-10029","2025-06-24 08:00:00","LINE-A","62","OP-6"
"PLOG-152","WO-10029","2025-06-24 09:00:00","LINE-A","95","OP-12"
"PLOG-153","WO-10029","2025-06-24 10:00:00","LINE-A","103","OP-17"
"PLOG-154","WO-10029","2025-06-24 11:00:00","LINE-A","45","OP-7"
"PLOG-155","WO-10029","2025-06-24 12:00:00","LINE-A","47","OP-7"
"PLOG-156","WO-10030","2025-12-04 00:00:00","LINE-C","70","OP-11"
"PLOG-157","WO-10030","2025-12-04 01:00:00","LINE-C","61","OP-4"
"PLOG-158","WO-10030","2025-12-04 02:00:00","LINE-C","91","OP-1"
"PLOG-159","WO-10030","2025-12-04 03:00:00","LINE-C","102","OP-9"
"PLOG-160","WO-10030","2025-12-04 04:00:00","LINE-C","93","OP-4"
"PLOG-161","WO-10030","2025-12-04 05:00:00","LINE-C","92","OP-3"
"PLOG-162","WO-10030","2025-12-04 06:00:00","LINE-C","71","OP-14"
"PLOG-163","WO-10030","2025-12-04 07:00:00","LINE-C","100","OP-6"
"PLOG-164","WO-10030","2025-12-04 08:00:00","LINE-C","105","OP-19"
"PLOG-165","WO-10030","2025-12-04 09:00:00","LINE-C","104","OP-11"
"PLOG-166","WO-10030","2025-12-04 10:00:00","LINE-C","54","OP-18"
"PLOG-167","WO-10032","2025-12-08 00:00:00","LINE-B","63","OP-7"
"PLOG-168","WO-10032","2025-12-08 01:00:00","LINE-B","47","OP-17"
"PLOG-169","WO-10032","2025-12-08 02:00:00","LINE-B","57","OP-13"
"PLOG-170","WO-10032","2025-12-08 03:00:00","LINE-B","83","OP-12"
"PLOG-171","WO-10032","2025-12-08 04:00:00","LINE-B","67","OP-2"
"PLOG-172","WO-10032","2025-12-08 05:00:00","LINE-B","101","OP-7"
"PLOG-173","WO-10032","2025-12-08 06:00:00","LINE-B","90","OP-9"
"PLOG-174","WO-10032","2025-12-08 07:00:00","LINE-B","68","OP-6"
"PLOG-175","WO-10032","2025-12-08 08:00:00","LINE-B","77","OP-9"
"PLOG-176","WO-10032","2025-12-08 09:00:00","LINE-B","50","OP-18"
"PLOG-177","WO-10032","2025-12-08 10:00:00","LINE-B","61","OP-2"
"PLOG-178","WO-10032","2025-12-08 11:00:00","LINE-B","47","OP-9"
"PLOG-179","WO-10032","2025-12-08 12:00:00","LINE-B","60","OP-16"
"PLOG-180","WO-10032","2025-12-08 13:00:00","LINE-B","76","OP-5"
"PLOG-181","WO-10032","2025-12-08 14:00:00","LINE-B","57","OP-13"
"PLOG-182","WO-10032","2025-12-08 15:00:00","LINE-B","61","OP-1"
"PLOG-183","WO-10033","2025-08-09 00:00:00","LINE-A","100","OP-7"
"PLOG-184","WO-10033","2025-08-09 01:00:00","LINE-A","56","OP-6"
"PLOG-185","WO-10033","2025-08-09 02:00:00","LINE-A","108","OP-12"
"PLOG-186","WO-10033","2025-08-09 03:00:00","LINE-A","104","OP-12"
"PLOG-187","WO-10033","2025-08-09 04:00:00","LINE-A","49","OP-19"
"PLOG-188","WO-10033","2025-08-09 05:00:00","LINE-A","51","OP-7"
"PLOG-189","WO-10033","2025-08-09 06:00:00","LINE-A","46","OP-3"
"PLOG-190","WO-10034","2025-07-16 00:00:00","LINE-C","78","OP-7"
"PLOG-191","WO-10034","2025-07-16 01:00:00","LINE-C","70","OP-18"
"PLOG-192","WO-10034","2025-07-16 02:00:00","LINE-C","78","OP-16"
"PLOG-193","WO-10034","2025-07-16 03:00:00","LINE-C","87","OP-13"
"PLOG-194","WO-10034","2025-07-16 04:00:00","LINE-C","59","OP-16"
"PLOG-195","WO-10034","2025-07-16 05:00:00","LINE-C","66","OP-13"
"PLOG-196","WO-10034","2025-07-16 06:00:00","LINE-C","106","OP-7"
"PLOG-197","WO-10034","2025-07-16 07:00:00","LINE-C","80","OP-6"
"PLOG-198","WO-10036","2025-05-31 00:00:00","LINE-A","70","OP-2"
"PLOG-199","WO-10036","2025-05-31 01:00:00","LINE-A","88","OP-2"
"PLOG-200","WO-10036","2025-05-31 02:00:00","LINE-A","80","OP-15"
"PLOG-201","WO-10036","2025-05-31 03:00:00","LINE-A","64","OP-20"
"PLOG-202","WO-10036","2025-05-31 04:00:00","LINE-A","82","OP-20"
"PLOG-203","WO-10036","2025-05-31 05:00:00","LINE-A","99","OP-11"
"PLOG-204","WO-10036","2025-05-31 06:00:00","LINE-A","65","OP-19"
"PLOG-205","WO-10036","2025-05-31 07:00:00","LINE-A","95","OP-9"
"PLOG-206","WO-10036","2025-05-31 08:00:00","LINE-A","66","OP-8"
"PLOG-207","WO-10036","2025-05-31 09:00:00","LINE-A","66","OP-10"
"PLOG-208","WO-10036","2025-05-31 10:00:00","LINE-A","56","OP-1"
"PLOG-209","WO-10036","2025-05-31 11:00:00","LINE-A","69","OP-15"
"PLOG-210","WO-10037","2025-10-21 00:00:00","LINE-A","107","OP-1"
"PLOG-211","WO-10037","2025-10-21 01:00:00","LINE-A","80","OP-14"
"PLOG-212","WO-10037","2025-10-21 02:00:00","LINE-A","49","OP-2"
"PLOG-213","WO-10037","2025-10-21 03:00:00","LINE-A","69","OP-3"
"PLOG-214","WO-10037","2025-10-21 04:00:00","LINE-A","87","OP-14"
"PLOG-215","WO-10037","2025-10-21 05:00:00","LINE-A","109","OP-13"
"PLOG-216","WO-10038","2026-01-09 00:00:00","LINE-C","89","OP-6"
"PLOG-217","WO-10038","2026-01-09 01:00:00","LINE-C","84","OP-12"
"PLOG-218","WO-10038","2026-01-09 02:00:00","LINE-C","92","OP-8"
"PLOG-219","WO-10038","2026-01-09 03:00:00","LINE-C","87","OP-20"
"PLOG-220","WO-10038","2026-01-09 04:00:00","LINE-C","56","OP-11"
"PLOG-221","WO-10038","2026-01-09 05:00:00","LINE-C","105","OP-8"
"PLOG-222","WO-10038","2026-01-09 06:00:00","LINE-C","93","OP-1"
"PLOG-223","WO-10039","2025-08-20 00:00:00","LINE-B","74","OP-17"
"PLOG-224","WO-10039","2025-08-20 01:00:00","LINE-B","63","OP-5"
"PLOG-225","WO-10039","2025-08-20 02:00:00","LINE-B","65","OP-14"
"PLOG-226","WO-10039","2025-08-20 03:00:00","LINE-B","105","OP-7"
"PLOG-227","WO-10039","2025-08-20 04:00:00","LINE-B","55","OP-7"
"PLOG-228","WO-10039","2025-08-20 05:00:00","LINE-B","100","OP-6"
"PLOG-229","WO-10039","2025-08-20 06:00:00","LINE-B","93","OP-4"
"PLOG-230","WO-10039","2025-08-20 07:00:00","LINE-B","74","OP-12"
"PLOG-231","WO-10041","2025-07-28 00:00:00","LINE-A","101","OP-9"
"PLOG-232","WO-10041","2025-07-28 01:00:00","LINE-A","49","OP-14"
"PLOG-233","WO-10041","2025-07-28 02:00:00","LINE-A","48","OP-16"
"PLOG-234","WO-10041","2025-07-28 03:00:00","LINE-A","51","OP-13"
"PLOG-235","WO-10041","2025-07-28 04:00:00","LINE-A","86","OP-13"
"PLOG-236","WO-10041","2025-07-28 05:00:00","LINE-A","53","OP-6"
"PLOG-237","WO-10041","2025-07-28 06:00:00","LINE-A","101","OP-19"
"PLOG-238","WO-10041","2025-07-28 07:00:00","LINE-A","74","OP-13"
"PLOG-239","WO-10042","2025-10-26 00:00:00","LINE-B","76","OP-15"
"PLOG-240","WO-10042","2025-10-26 01:00:00","LINE-B","88","OP-9"
"PLOG-241","WO-10042","2025-10-26 02:00:00","LINE-B","58","OP-1"
"PLOG-242","WO-10042","2025-10-26 03:00:00","LINE-B","104","OP-18"
"PLOG-243","WO-10043","2025-04-04 00:00:00","LINE-B","83","OP-3"
"PLOG-244","WO-10043","2025-04-04 01:00:00","LINE-B","78","OP-6"
"PLOG-245","WO-10044","2025-12-08 00:00:00","LINE-B","49","OP-9"
"PLOG-246","WO-10044","2025-12-08 01:00:00","LINE-B","76","OP-12"
"PLOG-247","WO-10044","2025-12-08 02:00:00","LINE-B","50","OP-13"
"PLOG-248","WO-10044","2025-12-08 03:00:00","LINE-B","71","OP-4"
"PLOG-249","WO-10044","2025-12-08 04:00:00","LINE-B","96","OP-12"
"PLOG-250","WO-10044","2025-12-08 05:00:00","LINE-B","105","OP-14"
"PLOG-251","WO-10044","2025-12-08 06:00:00","LINE-B","91","OP-9"
"PLOG-252","WO-10044","2025-12-08 07:00:00","LINE-B","105","OP-18"
"PLOG-253","WO-10044","2025-12-08 08:00:00","LINE-B","93","OP-8"
"PLOG-254","WO-10044","2025-12-08 09:00:00","LINE-B","66","OP-14"
"PLOG-255","WO-10044","2025-12-08 10:00:00","LINE-B","109","OP-16"
"PLOG-256","WO-10044","2025-12-08 11:00:00","LINE-B","98","OP-7"
"PLOG-257","WO-10044","2025-12-08 12:00:00","LINE-B","84","OP-12"
"PLOG-258","WO-10044","2025-12-08 13:00:00","LINE-B","93","OP-15"
"PLOG-259","WO-10044","2025-12-08 14:00:00","LINE-B","58","OP-18"
"PLOG-260","WO-10044","2025-12-08 15:00:00","LINE-B","97","OP-2"
"PLOG-261","WO-10045","2025-05-27 00:00:00","LINE-B","66","OP-9"
"PLOG-262","WO-10045","2025-05-27 01:00:00","LINE-B","108","OP-2"
"PLOG-263","WO-10045","2025-05-27 02:00:00","LINE-B","56","OP-8"
"PLOG-264","WO-10045","2025-05-27 03:00:00","LINE-B","70","OP-12"
"PLOG-265","WO-10045","2025-05-27 04:00:00","LINE-B","51","OP-17"
"PLOG-266","WO-10045","2025-05-27 05:00:00","LINE-B","54","OP-3"
"PLOG-267","WO-10047","2026-02-20 00:00:00","LINE-B","59","OP-20"
"PLOG-268","WO-10047","2026-02-20 01:00:00","LINE-B","90","OP-10"
"PLOG-269","WO-10047","2026-02-20 02:00:00","LINE-B","84","OP-5"
"PLOG-270","WO-10047","2026-02-20 03:00:00","LINE-B","91","OP-4"
"PLOG-271","WO-10047","2026-02-20 04:00:00","LINE-B","85","OP-15"
"PLOG-272","WO-10047","2026-02-20 05:00:00","LINE-B","83","OP-13"
"PLOG-273","WO-10047","2026-02-20 06:00:00","LINE-B","66","OP-13"
"PLOG-274","WO-10047","2026-02-20 07:00:00","LINE-B","68","OP-11"
"PLOG-275","WO-10047","2026-02-20 08:00:00","LINE-B","99","OP-1"
"PLOG-276","WO-10047","2026-02-20 09:00:00","LINE-B","75","OP-12"
"PLOG-277","WO-10047","2026-02-20 10:00:00","LINE-B","55","OP-5"
"PLOG-278","WO-10050","2026-02-25 00:00:00","LINE-B","60","OP-13"
"PLOG-279","WO-10050","2026-02-25 01:00:00","LINE-B","58","OP-3"
"PLOG-280","WO-10050","2026-02-25 02:00:00","LINE-B","64","OP-15"
"PLOG-281","WO-10050","2026-02-25 03:00:00","LINE-B","95","OP-3"
"PLOG-282","WO-10050","2026-02-25 04:00:00","LINE-B","95","OP-7"
"PLOG-283","WO-10050","2026-02-25 05:00:00","LINE-B","67","OP-17"
"PLOG-284","WO-10050","2026-02-25 06:00:00","LINE-B","82","OP-1"
"PLOG-285","WO-10050","2026-02-25 07:00:00","LINE-B","106","OP-15"
"PLOG-286","WO-10050","2026-02-25 08:00:00","LINE-B","62","OP-4"
"PLOG-287","WO-10051","2025-09-07 00:00:00","LINE-C","68","OP-5"
"PLOG-288","WO-10051","2025-09-07 01:00:00","LINE-C","76","OP-1"
"PLOG-289","WO-10051","2025-09-07 02:00:00","LINE-C","45","OP-12"
"PLOG-290","WO-10053","2025-12-03 00:00:00","LINE-A","76","OP-15"
"PLOG-291","WO-10053","2025-12-03 01:00:00","LINE-A","64","OP-6"
"PLOG-292","WO-10053","2025-12-03 02:00:00","LINE-A","55","OP-17"
"PLOG-293","WO-10054","2025-04-12 00:00:00","LINE-C","68","OP-20"
"PLOG-294","WO-10054","2025-04-12 01:00:00","LINE-C","84","OP-11"
"PLOG-295","WO-10054","2025-04-12 02:00:00","LINE-C","98","OP-20"
"PLOG-296","WO-10054","2025-04-12 03:00:00","LINE-C","54","OP-12"
"PLOG-297","WO-10054","2025-04-12 04:00:00","LINE-C","53","OP-6"
"PLOG-298","WO-10054","2025-04-12 05:00:00","LINE-C","88","OP-19"
"PLOG-299","WO-10054","2025-04-12 06:00:00","LINE-C","107","OP-3"
"PLOG-300","WO-10055","2025-09-16 00:00:00","LINE-C","72","OP-8"
"PLOG-301","WO-10055","2025-09-16 01:00:00","LINE-C","103","OP-10"
"PLOG-302","WO-10055","2025-09-16 02:00:00","LINE-C","72","OP-2"
"PLOG-303","WO-10055","2025-09-16 03:00:00","LINE-C","91","OP-15"
"PLOG-304","WO-10055","2025-09-16 04:00:00","LINE-C","73","OP-7"
"PLOG-305","WO-10055","2025-09-16 05:00:00","LINE-C","82","OP-13"
"PLOG-306","WO-10055","2025-09-16 06:00:00","LINE-C","94","OP-14"
"PLOG-307","WO-10055","2025-09-16 07:00:00","LINE-C","48","OP-19"
"PLOG-308","WO-10055","2025-09-16 08:00:00","LINE-C","60","OP-13"
"PLOG-309","WO-10057","2025-10-10 00:00:00","LINE-A","58","OP-20"
"PLOG-310","WO-10057","2025-10-10 01:00:00","LINE-A","54","OP-4"
"PLOG-311","WO-10057","2025-10-10 02:00:00","LINE-A","63","OP-18"
"PLOG-312","WO-10057","2025-10-10 03:00:00","LINE-A","100","OP-1"
"PLOG-313","WO-10057","2025-10-10 04:00:00","LINE-A","58","OP-2"
"PLOG-314","WO-10057","2025-10-10 05:00:00","LINE-A","76","OP-11"
"PLOG-315","WO-10057","2025-10-10 06:00:00","LINE-A","82","OP-1"
"PLOG-316","WO-10057","2025-10-10 07:00:00","LINE-A","66","OP-15"
"PLOG-317","WO-10057","2025-10-10 08:00:00","LINE-A","46","OP-18"
"PLOG-318","WO-10057","2025-10-10 09:00:00","LINE-A","68","OP-14"
"PLOG-319","WO-10057","2025-10-10 10:00:00","LINE-A","95","OP-4"
"PLOG-320","WO-10058","2025-12-30 00:00:00","LINE-A","58","OP-3"
"PLOG-321","WO-10058","2025-12-30 01:00:00","LINE-A","51","OP-13"
"PLOG-322","WO-10058","2025-12-30 02:00:00","LINE-A","63","OP-4"
"PLOG-323","WO-10058","2025-12-30 03:00:00","LINE-A","82","OP-10"
"PLOG-324","WO-10058","2025-12-30 04:00:00","LINE-A","70","OP-16"
"PLOG-325","WO-10058","2025-12-30 05:00:00","LINE-A","50","OP-11"
"PLOG-326","WO-10058","2025-12-30 06:00:00","LINE-A","108","OP-14"
"PLOG-327","WO-10059","2025-08-20 00:00:00","LINE-B","77","OP-12"
"PLOG-328","WO-10059","2025-08-20 01:00:00","LINE-B","77","OP-13"
"PLOG-329","WO-10059","2025-08-20 02:00:00","LINE-B","68","OP-17"
"PLOG-330","WO-10059","2025-08-20 03:00:00","LINE-B","49","OP-6"
"PLOG-331","WO-10059","2025-08-20 04:00:00","LINE-B","54","OP-9"
"PLOG-332","WO-10059","2025-08-20 05:00:00","LINE-B","54","OP-8"
"PLOG-333","WO-10059","2025-08-20 06:00:00","LINE-B","76","OP-11"
"PLOG-334","WO-10060","2025-04-13 00:00:00","LINE-C","79","OP-5"
"PLOG-335","WO-10060","2025-04-13 01:00:00","LINE-C","49","OP-20"
"PLOG-336","WO-10060","2025-04-13 02:00:00","LINE-C","82","OP-2"
"PLOG-337","WO-10060","2025-04-13 03:00:00","LINE-C","77","OP-12"
"PLOG-338","WO-10060","2025-04-13 04:00:00","LINE-C","59","OP-12"
"PLOG-339","WO-10062","2026-03-22 00:00:00","LINE-A","52","OP-11"
"PLOG-340","WO-10062","2026-03-22 01:00:00","LINE-A","106","OP-10"
"PLOG-341","WO-10062","2026-03-22 02:00:00","LINE-A","77","OP-8"
"PLOG-342","WO-10063","2026-02-27 00:00:00","LINE-C","63","OP-16"
"PLOG-343","WO-10063","2026-02-27 01:00:00","LINE-C","80","OP-18"
"PLOG-344","WO-10063","2026-02-27 02:00:00","LINE-C","91","OP-4"
"PLOG-345","WO-10063","2026-02-27 03:00:00","LINE-C","45","OP-17"
"PLOG-346","WO-10063","2026-02-27 04:00:00","LINE-C","81","OP-10"
"PLOG-347","WO-10063","2026-02-27 05:00:00","LINE-C","48","OP-14"
"PLOG-348","WO-10063","2026-02-27 06:00:00","LINE-C","63","OP-14"
"PLOG-349","WO-10063","2026-02-27 07:00:00","LINE-C","102","OP-11"
"PLOG-350","WO-10065","2025-05-31 00:00:00","LINE-B","100","OP-6"
"PLOG-351","WO-10065","2025-05-31 01:00:00","LINE-B","58","OP-1"
"PLOG-352","WO-10065","2025-05-31 02:00:00","LINE-B","74","OP-8"
"PLOG-353","WO-10065","2025-05-31 03:00:00","LINE-B","102","OP-8"
"PLOG-354","WO-10065","2025-05-31 04:00:00","LINE-B","91","OP-4"
"PLOG-355","WO-10065","2025-05-31 05:00:00","LINE-B","51","OP-14"
"PLOG-356","WO-10065","2025-05-31 06:00:00","LINE-B","96","OP-20"
"PLOG-357","WO-10065","2025-05-31 07:00:00","LINE-B","105","OP-4"
"PLOG-358","WO-10065","2025-05-31 08:00:00","LINE-B","79","OP-4"
"PLOG-359","WO-10065","2025-05-31 09:00:00","LINE-B","102","OP-8"
"PLOG-360","WO-10065","2025-05-31 10:00:00","LINE-B","60","OP-2"
"PLOG-361","WO-10066","2026-02-01 00:00:00","LINE-C","85","OP-9"
"PLOG-362","WO-10066","2026-02-01 01:00:00","LINE-C","61","OP-17"
"PLOG-363","WO-10066","2026-02-01 02:00:00","LINE-C","64","OP-20"
"PLOG-364","WO-10066","2026-02-01 03:00:00","LINE-C","103","OP-6"
"PLOG-365","WO-10066","2026-02-01 04:00:00","LINE-C","94","OP-11"
"PLOG-366","WO-10066","2026-02-01 05:00:00","LINE-C","57","OP-14"
"PLOG-367","WO-10066","2026-02-01 06:00:00","LINE-C","92","OP-19"
"PLOG-368","WO-10066","2026-02-01 07:00:00","LINE-C","58","OP-4"
"PLOG-369","WO-10066","2026-02-01 08:00:00","LINE-C","62","OP-14"
"PLOG-370","WO-10066","2026-02-01 09:00:00","LINE-C","73","OP-12"
"PLOG-371","WO-10067","2025-10-21 00:00:00","LINE-A","82","OP-17"
"PLOG-372","WO-10067","2025-10-21 01:00:00","LINE-A","77","OP-8"
"PLOG-373","WO-10067","2025-10-21 02:00:00","LINE-A","93","OP-9"
"PLOG-374","WO-10067","2025-10-21 03:00:00","LINE-A","48","OP-6"
"PLOG-375","WO-10068","2025-11-11 00:00:00","LINE-C","63","OP-7"
"PLOG-376","WO-10068","2025-11-11 01:00:00","LINE-C","109","OP-11"
"PLOG-377","WO-10068","2025-11-11 02:00:00","LINE-C","108","OP-3"
"PLOG-378","WO-10068","2025-11-11 03:00:00","LINE-C","88","OP-10"
"PLOG-379","WO-10068","2025-11-11 04:00:00","LINE-C","88","OP-13"
"PLOG-380","WO-10069","2025-07-20 00:00:00","LINE-A","96","OP-5"
"PLOG-381","WO-10069","2025-07-20 01:00:00","LINE-A","94","OP-3"
"PLOG-382","WO-10069","2025-07-20 02:00:00","LINE-A","60","OP-17"
"PLOG-383","WO-10069","2025-07-20 03:00:00","LINE-A","69","OP-2"
"PLOG-384","WO-10069","2025-07-20 04:00:00","LINE-A","60","OP-8"
"PLOG-385","WO-10069","2025-07-20 05:00:00","LINE-A","67","OP-18"
"PLOG-386","WO-10069","2025-07-20 06:00:00","LINE-A","61","OP-8"
"PLOG-387","WO-10069","2025-07-20 07:00:00","LINE-A","80","OP-4"
"PLOG-388","WO-10069","2025-07-20 08:00:00","LINE-A","84","OP-6"
"PLOG-389","WO-10069","2025-07-20 09:00:00","LINE-A","98","OP-11"
"PLOG-390","WO-10070","2026-03-26 00:00:00","LINE-C","54","OP-7"
"PLOG-391","WO-10070","2026-03-26 01:00:00","LINE-C","90","OP-14"
"PLOG-392","WO-10070","2026-03-26 02:00:00","LINE-C","45","OP-17"
"PLOG-393","WO-10070","2026-03-26 03:00:00","LINE-C","89","OP-13"
"PLOG-394","WO-10070","2026-03-26 04:00:00","LINE-C","88","OP-2"
"PLOG-395","WO-10071","2025-08-28 00:00:00","LINE-C","72","OP-2"
"PLOG-396","WO-10071","2025-08-28 01:00:00","LINE-C","62","OP-14"
"PLOG-397","WO-10071","2025-08-28 02:00:00","LINE-C","59","OP-9"
"PLOG-398","WO-10071","2025-08-28 03:00:00","LINE-C","51","OP-10"
"PLOG-399","WO-10071","2025-08-28 04:00:00","LINE-C","56","OP-20"
"PLOG-400","WO-10071","2025-08-28 05:00:00","LINE-C","98","OP-16"
"PLOG-401","WO-10071","2025-08-28 06:00:00","LINE-C","61","OP-16"
"PLOG-402","WO-10071","2025-08-28 07:00:00","LINE-C","49","OP-9"
"PLOG-403","WO-10071","2025-08-28 08:00:00","LINE-C","98","OP-18"
"PLOG-404","WO-10071","2025-08-28 09:00:00","LINE-C","67","OP-8"
"PLOG-405","WO-10071","2025-08-28 10:00:00","LINE-C","92","OP-11"
"PLOG-406","WO-10072","2025-09-19 00:00:00","LINE-A","49","OP-9"
"PLOG-407","WO-10072","2025-09-19 01:00:00","LINE-A","75","OP-7"
"PLOG-408","WO-10072","2025-09-19 02:00:00","LINE-A","78","OP-8"
"PLOG-409","WO-10073","2025-06-22 00:00:00","LINE-A","75","OP-7"
"PLOG-410","WO-10073","2025-06-22 01:00:00","LINE-A","56","OP-20"
"PLOG-411","WO-10073","2025-06-22 02:00:00","LINE-A","77","OP-7"
"PLOG-412","WO-10073","2025-06-22 03:00:00","LINE-A","100","OP-19"
"PLOG-413","WO-10073","2025-06-22 04:00:00","LINE-A","59","OP-18"
"PLOG-414","WO-10073","2025-06-22 05:00:00","LINE-A","92","OP-11"
"PLOG-415","WO-10073","2025-06-22 06:00:00","LINE-A","79","OP-17"
"PLOG-416","WO-10073","2025-06-22 07:00:00","LINE-A","105","OP-2"
"PLOG-417","WO-10073","2025-06-22 08:00:00","LINE-A","70","OP-17"
"PLOG-418","WO-10073","2025-06-22 09:00:00","LINE-A","84","OP-17"
"PLOG-419","WO-10073","2025-06-22 10:00:00","LINE-A","93","OP-19"
"PLOG-420","WO-10073","2025-06-22 11:00:00","LINE-A","49","OP-14"
"PLOG-421","WO-10074","2026-02-23 00:00:00","LINE-A","99","OP-3"
"PLOG-422","WO-10074","2026-02-23 01:00:00","LINE-A","60","OP-17"
"PLOG-423","WO-10074","2026-02-23 02:00:00","LINE-A","54","OP-5"
"PLOG-424","WO-10074","2026-02-23 03:00:00","LINE-A","105","OP-10"
"PLOG-425","WO-10074","2026-02-23 04:00:00","LINE-A","60","OP-15"
"PLOG-426","WO-10074","2026-02-23 05:00:00","LINE-A","90","OP-4"
"PLOG-427","WO-10074","2026-02-23 06:00:00","LINE-A","80","OP-5"
"PLOG-428","WO-10074","2026-02-23 07:00:00","LINE-A","46","OP-4"
"PLOG-429","WO-10075","2025-04-10 00:00:00","LINE-A","50","OP-5"
"PLOG-430","WO-10075","2025-04-10 01:00:00","LINE-A","71","OP-16"
"PLOG-431","WO-10075","2025-04-10 02:00:00","LINE-A","82","OP-18"
"PLOG-432","WO-10075","2025-04-10 03:00:00","LINE-A","107","OP-16"
"PLOG-433","WO-10075","2025-04-10 04:00:00","LINE-A","49","OP-5"
"PLOG-434","WO-10075","2025-04-10 05:00:00","LINE-A","65","OP-19"
"PLOG-435","WO-10076","2026-01-26 00:00:00","LINE-B","104","OP-13"
"PLOG-436","WO-10076","2026-01-26 01:00:00","LINE-B","75","OP-9"
"PLOG-437","WO-10076","2026-01-26 02:00:00","LINE-B","90","OP-13"
"PLOG-438","WO-10076","2026-01-26 03:00:00","LINE-B","106","OP-9"
"PLOG-439","WO-10076","2026-01-26 04:00:00","LINE-B","109","OP-8"
"PLOG-440","WO-10076","2026-01-26 05:00:00","LINE-B","92","OP-20"
"PLOG-441","WO-10076","2026-01-26 06:00:00","LINE-B","93","OP-5"
"PLOG-442","WO-10076","2026-01-26 07:00:00","LINE-B","67","OP-3"
"PLOG-443","WO-10077","2026-03-01 00:00:00","LINE-C","75","OP-10"
"PLOG-444","WO-10077","2026-03-01 01:00:00","LINE-C","59","OP-13"
"PLOG-445","WO-10077","2026-03-01 02:00:00","LINE-C","65","OP-19"
"PLOG-446","WO-10077","2026-03-01 03:00:00","LINE-C","67","OP-17"
"PLOG-447","WO-10077","2026-03-01 04:00:00","LINE-C","101","OP-7"
"PLOG-448","WO-10077","2026-03-01 05:00:00","LINE-C","64","OP-15"
"PLOG-449","WO-10077","2026-03-01 06:00:00","LINE-C","92","OP-14"
"PLOG-450","WO-10077","2026-03-01 07:00:00","LINE-C","105","OP-15"
"PLOG-451","WO-10078","2025-04-25 00:00:00","LINE-C","107","OP-11"
"PLOG-452","WO-10078","2025-04-25 01:00:00","LINE-C","102","OP-3"
"PLOG-453","WO-10078","2025-04-25 02:00:00","LINE-C","84","OP-4"
"PLOG-454","WO-10078","2025-04-25 03:00:00","LINE-C","55","OP-1"
"PLOG-455","WO-10078","2025-04-25 04:00:00","LINE-C","105","OP-15"
"PLOG-456","WO-10081","2025-09-30 00:00:00","LINE-C","77","OP-20"
"PLOG-457","WO-10081","2025-09-30 01:00:00","LINE-C","80","OP-14"
"PLOG-458","WO-10081","2025-09-30 02:00:00","LINE-C","98","OP-7"
"PLOG-459","WO-10081","2025-09-30 03:00:00","LINE-C","100","OP-20"
"PLOG-460","WO-10081","2025-09-30 04:00:00","LINE-C","68","OP-14"
"PLOG-461","WO-10081","2025-09-30 05:00:00","LINE-C","79","OP-5"
"PLOG-462","WO-10081","2025-09-30 06:00:00","LINE-C","99","OP-2"
"PLOG-463","WO-10081","2025-09-30 07:00:00","LINE-C","77","OP-6"
"PLOG-464","WO-10082","2025-12-29 00:00:00","LINE-B","93","OP-12"
"PLOG-465","WO-10082","2025-12-29 01:00:00","LINE-B","68","OP-3"
"PLOG-466","WO-10082","2025-12-29 02:00:00","LINE-B","96","OP-7"
"PLOG-467","WO-10082","2025-12-29 03:00:00","LINE-B","91","OP-12"
"PLOG-468","WO-10082","2025-12-29 04:00:00","LINE-B","98","OP-9"
"PLOG-469","WO-10082","2025-12-29 05:00:00","LINE-B","100","OP-1"
"PLOG-470","WO-10082","2025-12-29 06:00:00","LINE-B","46","OP-5"
"PLOG-471","WO-10082","2025-12-29 07:00:00","LINE-B","80","OP-13"
"PLOG-472","WO-10082","2025-12-29 08:00:00","LINE-B","80","OP-10"
"PLOG-473","WO-10082","2025-12-29 09:00:00","LINE-B","89","OP-10"
"PLOG-474","WO-10082","2025-12-29 10:00:00","LINE-B","53","OP-8"
"PLOG-475","WO-10082","2025-12-29 11:00:00","LINE-B","110","OP-19"
"PLOG-476","WO-10082","2025-12-29 12:00:00","LINE-B","84","OP-16"
"PLOG-477","WO-10083","2025-06-22 00:00:00","LINE-B","80","OP-20"
"PLOG-478","WO-10083","2025-06-22 01:00:00","LINE-B","101","OP-15"
"PLOG-479","WO-10083","2025-06-22 02:00:00","LINE-B","90","OP-20"
"PLOG-480","WO-10083","2025-06-22 03:00:00","LINE-B","109","OP-17"
"PLOG-481","WO-10084","2025-11-18 00:00:00","LINE-C","64","OP-10"
"PLOG-482","WO-10084","2025-11-18 01:00:00","LINE-C","73","OP-1"
"PLOG-483","WO-10085","2025-04-10 00:00:00","LINE-A","48","OP-3"
"PLOG-484","WO-10085","2025-04-10 01:00:00","LINE-A","81","OP-5"
"PLOG-485","WO-10085","2025-04-10 02:00:00","LINE-A","60","OP-17"
"PLOG-486","WO-10085","2025-04-10 03:00:00","LINE-A","83","OP-20"
"PLOG-487","WO-10089","2025-05-23 00:00:00","LINE-B","54","OP-10"
"PLOG-488","WO-10089","2025-05-23 01:00:00","LINE-B","104","OP-2"
"PLOG-489","WO-10089","2025-05-23 02:00:00","LINE-B","90","OP-20"
"PLOG-490","WO-10089","2025-05-23 03:00:00","LINE-B","105","OP-1"
"PLOG-491","WO-10089","2025-05-23 04:00:00","LINE-B","51","OP-13"
"PLOG-492","WO-10091","2025-06-04 00:00:00","LINE-A","94","OP-5"
"PLOG-493","WO-10091","2025-06-04 01:00:00","LINE-A","97","OP-14"
"PLOG-494","WO-10091","2025-06-04 02:00:00","LINE-A","101","OP-18"
"PLOG-495","WO-10091","2025-06-04 03:00:00","LINE-A","66","OP-13"
"PLOG-496","WO-10091","2025-06-04 04:00:00","LINE-A","92","OP-10"
"PLOG-497","WO-10091","2025-06-04 05:00:00","LINE-A","70","OP-19"
"PLOG-498","WO-10091","2025-06-04 06:00:00","LINE-A","87","OP-8"
"PLOG-499","WO-10094","2025-12-18 00:00:00","LINE-C","93","OP-6"
"PLOG-500","WO-10094","2025-12-18 01:00:00","LINE-C","77","OP-1"
"PLOG-501","WO-10094","2025-12-18 02:00:00","LINE-C","70","OP-19"
"PLOG-502","WO-10094","2025-12-18 03:00:00","LINE-C","55","OP-9"
"PLOG-503","WO-10094","2025-12-18 04:00:00","LINE-C","91","OP-12"
"PLOG-504","WO-10094","2025-12-18 05:00:00","LINE-C","102","OP-13"
"PLOG-505","WO-10094","2025-12-18 06:00:00","LINE-C","47","OP-4"
"PLOG-506","WO-10094","2025-12-18 07:00:00","LINE-C","110","OP-8"
"PLOG-507","WO-10094","2025-12-18 08:00:00","LINE-C","75","OP-19"
"PLOG-508","WO-10094","2025-12-18 09:00:00","LINE-C","80","OP-19"
"PLOG-509","WO-10094","2025-12-18 10:00:00","LINE-C","51","OP-3"
"PLOG-510","WO-10094","2025-12-18 11:00:00","LINE-C","52","OP-2"
"PLOG-511","WO-10094","2025-12-18 12:00:00","LINE-C","96","OP-9"
"PLOG-512","WO-10094","2025-12-18 13:00:00","LINE-C","61","OP-17"
"PLOG-513","WO-10094","2025-12-18 14:00:00","LINE-C","109","OP-4"
"PLOG-514","WO-10094","2025-12-18 15:00:00","LINE-C","63","OP-17"
"PLOG-515","WO-10096","2026-02-15 00:00:00","LINE-B","105","OP-18"
"PLOG-516","WO-10096","2026-02-15 01:00:00","LINE-B","69","OP-17"
"PLOG-517","WO-10096","2026-02-15 02:00:00","LINE-B","98","OP-16"
"PLOG-518","WO-10096","2026-02-15 03:00:00","LINE-B","61","OP-4"
"PLOG-519","WO-10096","2026-02-15 04:00:00","LINE-B","70","OP-5"
"PLOG-520","WO-10096","2026-02-15 05:00:00","LINE-B","103","OP-9"
"PLOG-521","WO-10096","2026-02-15 06:00:00","LINE-B","72","OP-1"
"PLOG-522","WO-10096","2026-02-15 07:00:00","LINE-B","62","OP-5"
"PLOG-523","WO-10096","2026-02-15 08:00:00","LINE-B","72","OP-9"
"PLOG-524","WO-10096","2026-02-15 09:00:00","LINE-B","85","OP-1"
"PLOG-525","WO-10097","2026-01-26 00:00:00","LINE-A","101","OP-8"
"PLOG-526","WO-10097","2026-01-26 01:00:00","LINE-A","83","OP-16"
"PLOG-527","WO-10097","2026-01-26 02:00:00","LINE-A","110","OP-18"
"PLOG-528","WO-10097","2026-01-26 03:00:00","LINE-A","107","OP-3"
"PLOG-529","WO-10097","2026-01-26 04:00:00","LINE-A","75","OP-12"
"PLOG-530","WO-10097","2026-01-26 05:00:00","LINE-A","78","OP-8"
"PLOG-531","WO-10097","2026-01-26 06:00:00","LINE-A","107","OP-9"
"PLOG-532","WO-10097","2026-01-26 07:00:00","LINE-A","92","OP-20"
"PLOG-533","WO-10100","2025-06-10 00:00:00","LINE-B","96","OP-14"
"PLOG-534","WO-10100","2025-06-10 01:00:00","LINE-B","108","OP-15"
"PLOG-535","WO-10100","2025-06-10 02:00:00","LINE-B","51","OP-15"
"PLOG-536","WO-10100","2025-06-10 03:00:00","LINE-B","96","OP-12"
"PLOG-537","WO-10100","2025-06-10 04:00:00","LINE-B","54","OP-18"
"PLOG-538","WO-10100","2025-06-10 05:00:00","LINE-B","92","OP-2"
"PLOG-539","WO-10100","2025-06-10 06:00:00","LINE-B","65","OP-13"
"PLOG-540","WO-10100","2025-06-10 07:00:00","LINE-B","48","OP-6"
"PLOG-541","WO-10102","2025-07-28 00:00:00","LINE-B","64","OP-17"
"PLOG-542","WO-10102","2025-07-28 01:00:00","LINE-B","58","OP-6"
"PLOG-543","WO-10102","2025-07-28 02:00:00","LINE-B","73","OP-14"
"PLOG-544","WO-10102","2025-07-28 03:00:00","LINE-B","66","OP-8"
"PLOG-545","WO-10102","2025-07-28 04:00:00","LINE-B","85","OP-19"
"PLOG-546","WO-10102","2025-07-28 05:00:00","LINE-B","56","OP-3"
"PLOG-547","WO-10102","2025-07-28 06:00:00","LINE-B","70","OP-13"
"PLOG-548","WO-10102","2025-07-28 07:00:00","LINE-B","48","OP-7"
"PLOG-549","WO-10103","2025-09-10 00:00:00","LINE-A","53","OP-17"
"PLOG-550","WO-10103","2025-09-10 01:00:00","LINE-A","77","OP-12"
"PLOG-551","WO-10103","2025-09-10 02:00:00","LINE-A","110","OP-13"
"PLOG-552","WO-10103","2025-09-10 03:00:00","LINE-A","50","OP-10"
"PLOG-553","WO-10103","2025-09-10 04:00:00","LINE-A","87","OP-16"
"PLOG-554","WO-10103","2025-09-10 05:00:00","LINE-A","75","OP-11"
"PLOG-555","WO-10103","2025-09-10 06:00:00","LINE-A","107","OP-3"
"PLOG-556","WO-10103","2025-09-10 07:00:00","LINE-A","58","OP-2"
"PLOG-557","WO-10107","2025-04-09 00:00:00","LINE-A","63","OP-6"
"PLOG-558","WO-10107","2025-04-09 01:00:00","LINE-A","55","OP-6"
"PLOG-559","WO-10107","2025-04-09 02:00:00","LINE-A","55","OP-18"
"PLOG-560","WO-10107","2025-04-09 03:00:00","LINE-A","51","OP-12"
"PLOG-561","WO-10107","2025-04-09 04:00:00","LINE-A","87","OP-13"
"PLOG-562","WO-10107","2025-04-09 05:00:00","LINE-A","109","OP-8"
"PLOG-563","WO-10107","2025-04-09 06:00:00","LINE-A","107","OP-11"
"PLOG-564","WO-10107","2025-04-09 07:00:00","LINE-A","75","OP-2"
"PLOG-565","WO-10107","2025-04-09 08:00:00","LINE-A","46","OP-6"
"PLOG-566","WO-10108","2025-04-06 00:00:00","LINE-A","47","OP-11"
"PLOG-567","WO-10108","2025-04-06 01:00:00","LINE-A","106","OP-14"
"PLOG-568","WO-10108","2025-04-06 02:00:00","LINE-A","103","OP-4"
"PLOG-569","WO-10108","2025-04-06 03:00:00","LINE-A","110","OP-1"
"PLOG-570","WO-10108","2025-04-06 04:00:00","LINE-A","70","OP-8"
"PLOG-571","WO-10108","2025-04-06 05:00:00","LINE-A","60","OP-16"
"PLOG-572","WO-10108","2025-04-06 06:00:00","LINE-A","106","OP-17"
"PLOG-573","WO-10108","2025-04-06 07:00:00","LINE-A","108","OP-14"
"PLOG-574","WO-10108","2025-04-06 08:00:00","LINE-A","67","OP-1"
"PLOG-575","WO-10108","2025-04-06 09:00:00","LINE-A","96","OP-17"
"PLOG-576","WO-10109","2025-12-06 00:00:00","LINE-A","100","OP-14"
"PLOG-577","WO-10109","2025-12-06 01:00:00","LINE-A","45","OP-13"
"PLOG-578","WO-10109","2025-12-06 02:00:00","LINE-A","65","OP-19"
"PLOG-579","WO-10109","2025-12-06 03:00:00","LINE-A","102","OP-10"
"PLOG-580","WO-10110","2025-08-26 00:00:00","LINE-B","57","OP-15"
"PLOG-581","WO-10110","2025-08-26 01:00:00","LINE-B","73","OP-5"
"PLOG-582","WO-10110","2025-08-26 02:00:00","LINE-B","110","OP-7"
"PLOG-583","WO-10112","2026-03-12 00:00:00","LINE-C","105","OP-4"
"PLOG-584","WO-10112","2026-03-12 01:00:00","LINE-C","107","OP-1"
"PLOG-585","WO-10112","2026-03-12 02:00:00","LINE-C","70","OP-3"
"PLOG-586","WO-10112","2026-03-12 03:00:00","LINE-C","56","OP-9"
"PLOG-587","WO-10112","2026-03-12 04:00:00","LINE-C","102","OP-14"
"PLOG-588","WO-10112","2026-03-12 05:00:00","LINE-C","56","OP-20"
"PLOG-589","WO-10112","2026-03-12 06:00:00","LINE-C","62","OP-8"
"PLOG-590","WO-10112","2026-03-12 07:00:00","LINE-C","70","OP-8"
"PLOG-591","WO-10112","2026-03-12 08:00:00","LINE-C","64","OP-18"
"PLOG-592","WO-10112","2026-03-12 09:00:00","LINE-C","91","OP-20"
"PLOG-593","WO-10112","2026-03-12 10:00:00","LINE-C","70","OP-13"
"PLOG-594","WO-10112","2026-03-12 11:00:00","LINE-C","76","OP-17"
"PLOG-595","WO-10113","2025-12-14 00:00:00","LINE-A","81","OP-3"
"PLOG-596","WO-10113","2025-12-14 01:00:00","LINE-A","63","OP-12"
"PLOG-597","WO-10113","2025-12-14 02:00:00","LINE-A","46","OP-20"
"PLOG-598","WO-10113","2025-12-14 03:00:00","LINE-A","75","OP-13"
"PLOG-599","WO-10113","2025-12-14 04:00:00","LINE-A","66","OP-20"
"PLOG-600","WO-10114","2025-12-13 00:00:00","LINE-C","92","OP-18"
"PLOG-601","WO-10114","2025-12-13 01:00:00","LINE-C","48","OP-13"
"PLOG-602","WO-10114","2025-12-13 02:00:00","LINE-C","58","OP-11"
"PLOG-603","WO-10114","2025-12-13 03:00:00","LINE-C","97","OP-20"
"PLOG-604","WO-10115","2025-09-16 00:00:00","LINE-C","45","OP-13"
"PLOG-605","WO-10115","2025-09-16 01:00:00","LINE-C","65","OP-9"
"PLOG-606","WO-10115","2025-09-16 02:00:00","LINE-C","47","OP-19"
"PLOG-607","WO-10115","2025-09-16 03:00:00","LINE-C","47","OP-7"
"PLOG-608","WO-10115","2025-09-16 04:00:00","LINE-C","55","OP-9"
"PLOG-609","WO-10115","2025-09-16 05:00:00","LINE-C","100","OP-13"
"PLOG-610","WO-10116","2025-08-29 00:00:00","LINE-C","83","OP-11"
"PLOG-611","WO-10116","2025-08-29 01:00:00","LINE-C","105","OP-2"
"PLOG-612","WO-10116","2025-08-29 02:00:00","LINE-C","76","OP-14"
"PLOG-613","WO-10116","2025-08-29 03:00:00","LINE-C","93","OP-4"
"PLOG-614","WO-10116","2025-08-29 04:00:00","LINE-C","59","OP-11"
"PLOG-615","WO-10116","2025-08-29 05:00:00","LINE-C","65","OP-17"
"PLOG-616","WO-10116","2025-08-29 06:00:00","LINE-C","56","OP-8"
"PLOG-617","WO-10116","2025-08-29 07:00:00","LINE-C","90","OP-4"
"PLOG-618","WO-10116","2025-08-29 08:00:00","LINE-C","99","OP-11"
"PLOG-619","WO-10116","2025-08-29 09:00:00","LINE-C","103","OP-1"
"PLOG-620","WO-10116","2025-08-29 10:00:00","LINE-C","104","OP-20"
"PLOG-621","WO-10117","2026-03-05 00:00:00","LINE-C","71","OP-18"
"PLOG-622","WO-10117","2026-03-05 01:00:00","LINE-C","62","OP-18"
"PLOG-623","WO-10117","2026-03-05 02:00:00","LINE-C","59","OP-17"
"PLOG-624","WO-10117","2026-03-05 03:00:00","LINE-C","68","OP-17"
"PLOG-625","WO-10123","2025-04-16 00:00:00","LINE-C","94","OP-20"
"PLOG-626","WO-10123","2025-04-16 01:00:00","LINE-C","83","OP-15"
"PLOG-627","WO-10123","2025-04-16 02:00:00","LINE-C","53","OP-12"
"PLOG-628","WO-10123","2025-04-16 03:00:00","LINE-C","50","OP-17"
"PLOG-629","WO-10123","2025-04-16 04:00:00","LINE-C","83","OP-16"
"PLOG-630","WO-10123","2025-04-16 05:00:00","LINE-C","66","OP-15"
"PLOG-631","WO-10123","2025-04-16 06:00:00","LINE-C","72","OP-10"
"PLOG-632","WO-10123","2025-04-16 07:00:00","LINE-C","107","OP-7"
"PLOG-633","WO-10123","2025-04-16 08:00:00","LINE-C","86","OP-14"
"PLOG-634","WO-10123","2025-04-16 09:00:00","LINE-C","52","OP-17"
"PLOG-635","WO-10123","2025-04-16 10:00:00","LINE-C","66","OP-1"
"PLOG-636","WO-10123","2025-04-16 11:00:00","LINE-C","65","OP-10"
"PLOG-637","WO-10123","2025-04-16 12:00:00","LINE-C","106","OP-10"
"PLOG-638","WO-10124","2026-03-29 00:00:00","LINE-B","87","OP-11"
"PLOG-639","WO-10124","2026-03-29 01:00:00","LINE-B","59","OP-13"
"PLOG-640","WO-10124","2026-03-29 02:00:00","LINE-B","84","OP-10"
"PLOG-641","WO-10124","2026-03-29 03:00:00","LINE-B","65","OP-7"
"PLOG-642","WO-10124","2026-03-29 04:00:00","LINE-B","109","OP-8"
"PLOG-643","WO-10124","2026-03-29 05:00:00","LINE-B","110","OP-12"
"PLOG-644","WO-10127","2025-08-19 00:00:00","LINE-A","91","OP-16"
"PLOG-645","WO-10127","2025-08-19 01:00:00","LINE-A","47","OP-8"
"PLOG-646","WO-10127","2025-08-19 02:00:00","LINE-A","50","OP-2"
"PLOG-647","WO-10127","2025-08-19 03:00:00","LINE-A","45","OP-17"
"PLOG-648","WO-10127","2025-08-19 04:00:00","LINE-A","64","OP-10"
"PLOG-649","WO-10127","2025-08-19 05:00:00","LINE-A","94","OP-6"
"PLOG-650","WO-10127","2025-08-19 06:00:00","LINE-A","99","OP-11"
"PLOG-651","WO-10127","2025-08-19 07:00:00","LINE-A","109","OP-9"
"PLOG-652","WO-10127","2025-08-19 08:00:00","LINE-A","82","OP-4"
"PLOG-653","WO-10127","2025-08-19 09:00:00","LINE-A","82","OP-5"
"PLOG-654","WO-10127","2025-08-19 10:00:00","LINE-A","107","OP-13"
"PLOG-655","WO-10128","2025-08-25 00:00:00","LINE-A","84","OP-19"
"PLOG-656","WO-10128","2025-08-25 01:00:00","LINE-A","61","OP-12"
"PLOG-657","WO-10128","2025-08-25 02:00:00","LINE-A","76","OP-8"
"PLOG-658","WO-10128","2025-08-25 03:00:00","LINE-A","94","OP-13"
"PLOG-659","WO-10129","2025-06-13 00:00:00","LINE-C","76","OP-13"
"PLOG-660","WO-10129","2025-06-13 01:00:00","LINE-C","65","OP-5"
"PLOG-661","WO-10129","2025-06-13 02:00:00","LINE-C","61","OP-17"
"PLOG-662","WO-10130","2025-05-14 00:00:00","LINE-C","56","OP-15"
"PLOG-663","WO-10130","2025-05-14 01:00:00","LINE-C","80","OP-5"
"PLOG-664","WO-10130","2025-05-14 02:00:00","LINE-C","106","OP-7"
"PLOG-665","WO-10130","2025-05-14 03:00:00","LINE-C","67","OP-9"
"PLOG-666","WO-10130","2025-05-14 04:00:00","LINE-C","57","OP-4"
"PLOG-667","WO-10131","2025-08-30 00:00:00","LINE-A","81","OP-2"
"PLOG-668","WO-10131","2025-08-30 01:00:00","LINE-A","84","OP-8"
"PLOG-669","WO-10131","2025-08-30 02:00:00","LINE-A","90","OP-9"
"PLOG-670","WO-10131","2025-08-30 03:00:00","LINE-A","54","OP-8"
"PLOG-671","WO-10131","2025-08-30 04:00:00","LINE-A","61","OP-5"
"PLOG-672","WO-10131","2025-08-30 05:00:00","LINE-A","99","OP-14"
"PLOG-673","WO-10131","2025-08-30 06:00:00","LINE-A","89","OP-7"
"PLOG-674","WO-10131","2025-08-30 07:00:00","LINE-A","87","OP-14"
"PLOG-675","WO-10131","2025-08-30 08:00:00","LINE-A","49","OP-20"
"PLOG-676","WO-10131","2025-08-30 09:00:00","LINE-A","88","OP-19"
"PLOG-677","WO-10131","2025-08-30 10:00:00","LINE-A","55","OP-10"
"PLOG-678","WO-10133","2026-02-24 00:00:00","LINE-C","73","OP-16"
"PLOG-679","WO-10133","2026-02-24 01:00:00","LINE-C","63","OP-14"
"PLOG-680","WO-10133","2026-02-24 02:00:00","LINE-C","101","OP-2"
"PLOG-681","WO-10134","2025-07-14 00:00:00","LINE-A","46","OP-1"
"PLOG-682","WO-10134","2025-07-14 01:00:00","LINE-A","72","OP-12"
"PLOG-683","WO-10134","2025-07-14 02:00:00","LINE-A","74","OP-4"
"PLOG-684","WO-10134","2025-07-14 03:00:00","LINE-A","97","OP-15"
"PLOG-685","WO-10134","2025-07-14 04:00:00","LINE-A","65","OP-19"
"PLOG-686","WO-10134","2025-07-14 05:00:00","LINE-A","54","OP-13"
"PLOG-687","WO-10134","2025-07-14 06:00:00","LINE-A","45","OP-12"
"PLOG-688","WO-10134","2025-07-14 07:00:00","LINE-A","107","OP-7"
"PLOG-689","WO-10135","2025-08-08 00:00:00","LINE-C","65","OP-18"
"PLOG-690","WO-10135","2025-08-08 01:00:00","LINE-C","64","OP-17"
"PLOG-691","WO-10135","2025-08-08 02:00:00","LINE-C","97","OP-16"
"PLOG-692","WO-10135","2025-08-08 03:00:00","LINE-C","77","OP-13"
"PLOG-693","WO-10135","2025-08-08 04:00:00","LINE-C","69","OP-16"
"PLOG-694","WO-10135","2025-08-08 05:00:00","LINE-C","52","OP-14"
"PLOG-695","WO-10135","2025-08-08 06:00:00","LINE-C","72","OP-12"
"PLOG-696","WO-10135","2025-08-08 07:00:00","LINE-C","48","OP-14"
"PLOG-697","WO-10135","2025-08-08 08:00:00","LINE-C","101","OP-17"
"PLOG-698","WO-10135","2025-08-08 09:00:00","LINE-C","81","OP-9"
"PLOG-699","WO-10137","2026-03-18 00:00:00","LINE-B","75","OP-13"
"PLOG-700","WO-10137","2026-03-18 01:00:00","LINE-B","72","OP-15"
"PLOG-701","WO-10137","2026-03-18 02:00:00","LINE-B","58","OP-19"
"PLOG-702","WO-10137","2026-03-18 03:00:00","LINE-B","109","OP-20"
"PLOG-703","WO-10137","2026-03-18 04:00:00","LINE-B","79","OP-11"
"PLOG-704","WO-10137","2026-03-18 05:00:00","LINE-B","52","OP-14"
"PLOG-705","WO-10137","2026-03-18 06:00:00","LINE-B","68","OP-6"
"PLOG-706","WO-10137","2026-03-18 07:00:00","LINE-B","92","OP-19"
"PLOG-707","WO-10137","2026-03-18 08:00:00","LINE-B","60","OP-15"
"PLOG-708","WO-10137","2026-03-18 09:00:00","LINE-B","73","OP-14"
"PLOG-709","WO-10137","2026-03-18 10:00:00","LINE-B","47","OP-7"
"PLOG-710","WO-10137","2026-03-18 11:00:00","LINE-B","108","OP-4"
"PLOG-711","WO-10139","2026-01-31 00:00:00","LINE-B","57","OP-16"
"PLOG-712","WO-10139","2026-01-31 01:00:00","LINE-B","67","OP-4"
"PLOG-713","WO-10139","2026-01-31 02:00:00","LINE-B","82","OP-1"
"PLOG-714","WO-10139","2026-01-31 03:00:00","LINE-B","77","OP-16"
"PLOG-715","WO-10139","2026-01-31 04:00:00","LINE-B","108","OP-8"
"PLOG-716","WO-10139","2026-01-31 05:00:00","LINE-B","54","OP-4"
"PLOG-717","WO-10139","2026-01-31 06:00:00","LINE-B","69","OP-14"
"PLOG-718","WO-10139","2026-01-31 07:00:00","LINE-B","59","OP-16"
"PLOG-719","WO-10139","2026-01-31 08:00:00","LINE-B","57","OP-11"
"PLOG-720","WO-10139","2026-01-31 09:00:00","LINE-B","48","OP-2"
"PLOG-721","WO-10139","2026-01-31 10:00:00","LINE-B","99","OP-12"
"PLOG-722","WO-10139","2026-01-31 11:00:00","LINE-B","66","OP-17"
"PLOG-723","WO-10139","2026-01-31 12:00:00","LINE-B","54","OP-4"
"PLOG-724","WO-10139","2026-01-31 13:00:00","LINE-B","84","OP-20"
"PLOG-725","WO-10140","2026-03-21 00:00:00","LINE-C","45","OP-6"
"PLOG-726","WO-10140","2026-03-21 01:00:00","LINE-C","105","OP-18"
"PLOG-727","WO-10140","2026-03-21 02:00:00","LINE-C","65","OP-16"
"PLOG-728","WO-10142","2025-10-13 00:00:00","LINE-C","97","OP-9"
"PLOG-729","WO-10142","2025-10-13 01:00:00","LINE-C","79","OP-20"
"PLOG-730","WO-10142","2025-10-13 02:00:00","LINE-C","105","OP-6"
"PLOG-731","WO-10142","2025-10-13 03:00:00","LINE-C","63","OP-16"
"PLOG-732","WO-10142","2025-10-13 04:00:00","LINE-C","96","OP-6"
"PLOG-733","WO-10142","2025-10-13 05:00:00","LINE-C","99","OP-18"
"PLOG-734","WO-10142","2025-10-13 06:00:00","LINE-C","105","OP-15"
"PLOG-735","WO-10143","2026-02-01 00:00:00","LINE-A","100","OP-7"
"PLOG-736","WO-10143","2026-02-01 01:00:00","LINE-A","107","OP-12"
"PLOG-737","WO-10143","2026-02-01 02:00:00","LINE-A","54","OP-10"
"PLOG-738","WO-10143","2026-02-01 03:00:00","LINE-A","69","OP-8"
"PLOG-739","WO-10144","2026-01-09 00:00:00","LINE-C","72","OP-5"
"PLOG-740","WO-10144","2026-01-09 01:00:00","LINE-C","46","OP-3"
"PLOG-741","WO-10144","2026-01-09 02:00:00","LINE-C","64","OP-4"
"PLOG-742","WO-10145","2025-10-13 00:00:00","LINE-A","94","OP-12"
"PLOG-743","WO-10145","2025-10-13 01:00:00","LINE-A","51","OP-2"
"PLOG-744","WO-10145","2025-10-13 02:00:00","LINE-A","104","OP-5"
"PLOG-745","WO-10146","2026-02-15 00:00:00","LINE-B","78","OP-20"
"PLOG-746","WO-10146","2026-02-15 01:00:00","LINE-B","57","OP-10"
"PLOG-747","WO-10146","2026-02-15 02:00:00","LINE-B","79","OP-16"
"PLOG-748","WO-10146","2026-02-15 03:00:00","LINE-B","61","OP-3"
"PLOG-749","WO-10146","2026-02-15 04:00:00","LINE-B","59","OP-15"
"PLOG-750","WO-10146","2026-02-15 05:00:00","LINE-B","48","OP-1"
"PLOG-751","WO-10150","2025-09-26 00:00:00","LINE-B","66","OP-3"
"PLOG-752","WO-10150","2025-09-26 01:00:00","LINE-B","46","OP-4"
"PLOG-753","WO-10150","2025-09-26 02:00:00","LINE-B","55","OP-11"
"PLOG-754","WO-10150","2025-09-26 03:00:00","LINE-B","91","OP-14"
"PLOG-755","WO-10150","2025-09-26 04:00:00","LINE-B","93","OP-4"
"PLOG-756","WO-10150","2025-09-26 05:00:00","LINE-B","69","OP-2"
"PLOG-757","WO-10150","2025-09-26 06:00:00","LINE-B","82","OP-13"
"PLOG-758","WO-10150","2025-09-26 07:00:00","LINE-B","83","OP-12"
"PLOG-759","WO-10150","2025-09-26 08:00:00","LINE-B","107","OP-6"
"PLOG-760","WO-10150","2025-09-26 09:00:00","LINE-B","93","OP-4"
"PLOG-761","WO-10150","2025-09-26 10:00:00","LINE-B","61","OP-9"
"PLOG-762","WO-10151","2025-04-15 00:00:00","LINE-C","96","OP-19"
"PLOG-763","WO-10151","2025-04-15 01:00:00","LINE-C","73","OP-17"
"PLOG-764","WO-10151","2025-04-15 02:00:00","LINE-C","75","OP-19"
"PLOG-765","WO-10151","2025-04-15 03:00:00","LINE-C","108","OP-3"
"PLOG-766","WO-10151","2025-04-15 04:00:00","LINE-C","96","OP-4"
"PLOG-767","WO-10152","2026-01-14 00:00:00","LINE-C","65","OP-15"
"PLOG-768","WO-10152","2026-01-14 01:00:00","LINE-C","75","OP-2"
"PLOG-769","WO-10152","2026-01-14 02:00:00","LINE-C","78","OP-18"
"PLOG-770","WO-10152","2026-01-14 03:00:00","LINE-C","73","OP-13"
"PLOG-771","WO-10152","2026-01-14 04:00:00","LINE-C","53","OP-2"
"PLOG-772","WO-10152","2026-01-14 05:00:00","LINE-C","79","OP-16"
"PLOG-773","WO-10152","2026-01-14 06:00:00","LINE-C","61","OP-15"
"PLOG-774","WO-10152","2026-01-14 07:00:00","LINE-C","75","OP-5"
"PLOG-775","WO-10152","2026-01-14 08:00:00","LINE-C","92","OP-2"
"PLOG-776","WO-10152","2026-01-14 09:00:00","LINE-C","65","OP-16"
"PLOG-777","WO-10152","2026-01-14 10:00:00","LINE-C","55","OP-8"
"PLOG-778","WO-10152","2026-01-14 11:00:00","LINE-C","74","OP-20"
"PLOG-779","WO-10155","2025-09-02 00:00:00","LINE-C","84","OP-10"
"PLOG-780","WO-10155","2025-09-02 01:00:00","LINE-C","67","OP-9"
"PLOG-781","WO-10155","2025-09-02 02:00:00","LINE-C","71","OP-2"
"PLOG-782","WO-10155","2025-09-02 03:00:00","LINE-C","63","OP-17"
"PLOG-783","WO-10156","2026-03-30 00:00:00","LINE-A","48","OP-10"
"PLOG-784","WO-10156","2026-03-30 01:00:00","LINE-A","106","OP-13"
"PLOG-785","WO-10156","2026-03-30 02:00:00","LINE-A","67","OP-16"
"PLOG-786","WO-10156","2026-03-30 03:00:00","LINE-A","97","OP-20"
"PLOG-787","WO-10156","2026-03-30 04:00:00","LINE-A","102","OP-4"
"PLOG-788","WO-10156","2026-03-30 05:00:00","LINE-A","91","OP-20"
"PLOG-789","WO-10156","2026-03-30 06:00:00","LINE-A","74","OP-10"
"PLOG-790","WO-10156","2026-03-30 07:00:00","LINE-A","79","OP-5"
"PLOG-791","WO-10156","2026-03-30 08:00:00","LINE-A","87","OP-8"
"PLOG-792","WO-10156","2026-03-30 09:00:00","LINE-A","73","OP-2"
"PLOG-793","WO-10156","2026-03-30 10:00:00","LINE-A","97","OP-5"
"PLOG-794","WO-10160","2025-04-15 00:00:00","LINE-B","65","OP-17"
"PLOG-795","WO-10160","2025-04-15 01:00:00","LINE-B","45","OP-20"
"PLOG-796","WO-10160","2025-04-15 02:00:00","LINE-B","60","OP-4"
"PLOG-797","WO-10160","2025-04-15 03:00:00","LINE-B","71","OP-16"
"PLOG-798","WO-10160","2025-04-15 04:00:00","LINE-B","109","OP-8"
"PLOG-799","WO-10160","2025-04-15 05:00:00","LINE-B","49","OP-2"
"PLOG-800","WO-10162","2025-11-06 00:00:00","LINE-B","85","OP-3"
"PLOG-801","WO-10162","2025-11-06 01:00:00","LINE-B","101","OP-2"
"PLOG-802","WO-10162","2025-11-06 02:00:00","LINE-B","72","OP-4"
"PLOG-803","WO-10162","2025-11-06 03:00:00","LINE-B","91","OP-3"
"PLOG-804","WO-10162","2025-11-06 04:00:00","LINE-B","83","OP-11"
"PLOG-805","WO-10162","2025-11-06 05:00:00","LINE-B","53","OP-12"
"PLOG-806","WO-10163","2026-02-06 00:00:00","LINE-B","103","OP-10"
"PLOG-807","WO-10163","2026-02-06 01:00:00","LINE-B","92","OP-16"
"PLOG-808","WO-10163","2026-02-06 02:00:00","LINE-B","96","OP-19"
"PLOG-809","WO-10165","2025-07-26 00:00:00","LINE-C","75","OP-20"
"PLOG-810","WO-10165","2025-07-26 01:00:00","LINE-C","101","OP-18"
"PLOG-811","WO-10165","2025-07-26 02:00:00","LINE-C","81","OP-20"
"PLOG-812","WO-10165","2025-07-26 03:00:00","LINE-C","52","OP-12"
"PLOG-813","WO-10165","2025-07-26 04:00:00","LINE-C","70","OP-12"
"PLOG-814","WO-10165","2025-07-26 05:00:00","LINE-C","71","OP-11"
"PLOG-815","WO-10165","2025-07-26 06:00:00","LINE-C","102","OP-16"
"PLOG-816","WO-10165","2025-07-26 07:00:00","LINE-C","78","OP-16"
"PLOG-817","WO-10166","2026-02-19 00:00:00","LINE-B","86","OP-6"
"PLOG-818","WO-10166","2026-02-19 01:00:00","LINE-B","107","OP-2"
"PLOG-819","WO-10166","2026-02-19 02:00:00","LINE-B","52","OP-10"
"PLOG-820","WO-10166","2026-02-19 03:00:00","LINE-B","84","OP-10"
"PLOG-821","WO-10166","2026-02-19 04:00:00","LINE-B","63","OP-10"
"PLOG-822","WO-10166","2026-02-19 05:00:00","LINE-B","110","OP-13"
"PLOG-823","WO-10166","2026-02-19 06:00:00","LINE-B","105","OP-19"
"PLOG-824","WO-10166","2026-02-19 07:00:00","LINE-B","92","OP-16"
"PLOG-825","WO-10166","2026-02-19 08:00:00","LINE-B","46","OP-7"
"PLOG-826","WO-10166","2026-02-19 09:00:00","LINE-B","100","OP-4"
"PLOG-827","WO-10166","2026-02-19 10:00:00","LINE-B","50","OP-15"
"PLOG-828","WO-10166","2026-02-19 11:00:00","LINE-B","105","OP-16"
"PLOG-829","WO-10166","2026-02-19 12:00:00","LINE-B","54","OP-7"
"PLOG-830","WO-10166","2026-02-19 13:00:00","LINE-B","77","OP-7"
"PLOG-831","WO-10168","2025-07-05 00:00:00","LINE-B","63","OP-5"
"PLOG-832","WO-10168","2025-07-05 01:00:00","LINE-B","95","OP-19"
"PLOG-833","WO-10168","2025-07-05 02:00:00","LINE-B","91","OP-2"
"PLOG-834","WO-10168","2025-07-05 03:00:00","LINE-B","77","OP-19"
"PLOG-835","WO-10168","2025-07-05 04:00:00","LINE-B","85","OP-6"
"PLOG-836","WO-10168","2025-07-05 05:00:00","LINE-B","74","OP-20"
"PLOG-837","WO-10168","2025-07-05 06:00:00","LINE-B","56","OP-8"
"PLOG-838","WO-10170","2025-11-29 00:00:00","LINE-B","94","OP-18"
"PLOG-839","WO-10170","2025-11-29 01:00:00","LINE-B","83","OP-9"
"PLOG-840","WO-10170","2025-11-29 02:00:00","LINE-B","47","OP-16"
"PLOG-841","WO-10170","2025-11-29 03:00:00","LINE-B","83","OP-18"
"PLOG-842","WO-10170","2025-11-29 04:00:00","LINE-B","54","OP-6"
"PLOG-843","WO-10170","2025-11-29 05:00:00","LINE-B","94","OP-9"
"PLOG-844","WO-10170","2025-11-29 06:00:00","LINE-B","106","OP-4"
"PLOG-845","WO-10170","2025-11-29 07:00:00","LINE-B","69","OP-14"
"PLOG-846","WO-10170","2025-11-29 08:00:00","LINE-B","53","OP-19"
"PLOG-847","WO-10170","2025-11-29 09:00:00","LINE-B","96","OP-1"
"PLOG-848","WO-10170","2025-11-29 10:00:00","LINE-B","68","OP-4"
"PLOG-849","WO-10170","2025-11-29 11:00:00","LINE-B","109","OP-20"
"PLOG-850","WO-10170","2025-11-29 12:00:00","LINE-B","90","OP-12"
"PLOG-851","WO-10172","2025-10-01 00:00:00","LINE-C","85","OP-15"
"PLOG-852","WO-10172","2025-10-01 01:00:00","LINE-C","109","OP-7"
"PLOG-853","WO-10172","2025-10-01 02:00:00","LINE-C","101","OP-20"
"PLOG-854","WO-10172","2025-10-01 03:00:00","LINE-C","58","OP-16"
"PLOG-855","WO-10172","2025-10-01 04:00:00","LINE-C","56","OP-6"
"PLOG-856","WO-10172","2025-10-01 05:00:00","LINE-C","91","OP-7"
"PLOG-857","WO-10172","2025-10-01 06:00:00","LINE-C","56","OP-17"
"PLOG-858","WO-10172","2025-10-01 07:00:00","LINE-C","58","OP-8"
"PLOG-859","WO-10172","2025-10-01 08:00:00","LINE-C","82","OP-9"
"PLOG-860","WO-10172","2025-10-01 09:00:00","LINE-C","58","OP-12"
"PLOG-861","WO-10172","2025-10-01 10:00:00","LINE-C","53","OP-20"
"PLOG-862","WO-10172","2025-10-01 11:00:00","LINE-C","93","OP-12"
"PLOG-863","WO-10172","2025-10-01 12:00:00","LINE-C","61","OP-9"
"PLOG-864","WO-10173","2026-02-08 00:00:00","LINE-A","50","OP-6"
"PLOG-865","WO-10173","2026-02-08 01:00:00","LINE-A","57","OP-4"
"PLOG-866","WO-10173","2026-02-08 02:00:00","LINE-A","85","OP-5"
"PLOG-867","WO-10173","2026-02-08 03:00:00","LINE-A","93","OP-7"
"PLOG-868","WO-10173","2026-02-08 04:00:00","LINE-A","58","OP-10"
"PLOG-869","WO-10173","2026-02-08 05:00:00","LINE-A","88","OP-11"
"PLOG-870","WO-10173","2026-02-08 06:00:00","LINE-A","101","OP-3"
"PLOG-871","WO-10173","2026-02-08 07:00:00","LINE-A","80","OP-18"
"PLOG-872","WO-10173","2026-02-08 08:00:00","LINE-A","49","OP-7"
"PLOG-873","WO-10173","2026-02-08 09:00:00","LINE-A","60","OP-6"
"PLOG-874","WO-10173","2026-02-08 10:00:00","LINE-A","104","OP-20"
"PLOG-875","WO-10173","2026-02-08 11:00:00","LINE-A","76","OP-16"
"PLOG-876","WO-10176","2025-11-01 00:00:00","LINE-A","54","OP-10"
"PLOG-877","WO-10176","2025-11-01 01:00:00","LINE-A","51","OP-14"
"PLOG-878","WO-10179","2026-01-10 00:00:00","LINE-B","54","OP-8"
"PLOG-879","WO-10179","2026-01-10 01:00:00","LINE-B","72","OP-1"
"PLOG-880","WO-10179","2026-01-10 02:00:00","LINE-B","70","OP-6"
"PLOG-881","WO-10179","2026-01-10 03:00:00","LINE-B","56","OP-16"
"PLOG-882","WO-10179","2026-01-10 04:00:00","LINE-B","62","OP-19"
"PLOG-883","WO-10179","2026-01-10 05:00:00","LINE-B","67","OP-6"
"PLOG-884","WO-10179","2026-01-10 06:00:00","LINE-B","59","OP-14"
"PLOG-885","WO-10179","2026-01-10 07:00:00","LINE-B","72","OP-7"
"PLOG-886","WO-10179","2026-01-10 08:00:00","LINE-B","109","OP-1"
"PLOG-887","WO-10179","2026-01-10 09:00:00","LINE-B","78","OP-20"
"PLOG-888","WO-10179","2026-01-10 10:00:00","LINE-B","70","OP-19"
"PLOG-889","WO-10179","2026-01-10 11:00:00","LINE-B","71","OP-3"
"PLOG-890","WO-10179","2026-01-10 12:00:00","LINE-B","110","OP-19"
"PLOG-891","WO-10179","2026-01-10 13:00:00","LINE-B","52","OP-5"
"PLOG-892","WO-10179","2026-01-10 14:00:00","LINE-B","103","OP-15"
"PLOG-893","WO-10180","2025-10-10 00:00:00","LINE-B","63","OP-1"
"PLOG-894","WO-10180","2025-10-10 01:00:00","LINE-B","85","OP-4"
"PLOG-895","WO-10180","2025-10-10 02:00:00","LINE-B","75","OP-9"
"PLOG-896","WO-10180","2025-10-10 03:00:00","LINE-B","59","OP-17"
"PLOG-897","WO-10180","2025-10-10 04:00:00","LINE-B","61","OP-1"
"PLOG-898","WO-10180","2025-10-10 05:00:00","LINE-B","85","OP-14"
"PLOG-899","WO-10180","2025-10-10 06:00:00","LINE-B","66","OP-4"
"PLOG-900","WO-10180","2025-10-10 07:00:00","LINE-B","48","OP-11"
"PLOG-901","WO-10180","2025-10-10 08:00:00","LINE-B","97","OP-3"
"PLOG-902","WO-10180","2025-10-10 09:00:00","LINE-B","68","OP-10"
"PLOG-903","WO-10180","2025-10-10 10:00:00","LINE-B","72","OP-8"
"PLOG-904","WO-10180","2025-10-10 11:00:00","LINE-B","97","OP-5"
"PLOG-905","WO-10180","2025-10-10 12:00:00","LINE-B","76","OP-2"
"PLOG-906","WO-10181","2025-10-23 00:00:00","LINE-B","73","OP-2"
"PLOG-907","WO-10181","2025-10-23 01:00:00","LINE-B","68","OP-8"
"PLOG-908","WO-10181","2025-10-23 02:00:00","LINE-B","61","OP-2"
"PLOG-909","WO-10181","2025-10-23 03:00:00","LINE-B","85","OP-15"
"PLOG-910","WO-10181","2025-10-23 04:00:00","LINE-B","54","OP-1"
"PLOG-911","WO-10183","2025-05-09 00:00:00","LINE-C","45","OP-3"
"PLOG-912","WO-10183","2025-05-09 01:00:00","LINE-C","58","OP-19"
"PLOG-913","WO-10183","2025-05-09 02:00:00","LINE-C","71","OP-17"
"PLOG-914","WO-10183","2025-05-09 03:00:00","LINE-C","83","OP-2"
"PLOG-915","WO-10183","2025-05-09 04:00:00","LINE-C","101","OP-15"
"PLOG-916","WO-10183","2025-05-09 05:00:00","LINE-C","76","OP-9"
"PLOG-917","WO-10183","2025-05-09 06:00:00","LINE-C","62","OP-14"
"PLOG-918","WO-10183","2025-05-09 07:00:00","LINE-C","48","OP-16"
"PLOG-919","WO-10183","2025-05-09 08:00:00","LINE-C","57","OP-3"
"PLOG-920","WO-10183","2025-05-09 09:00:00","LINE-C","56","OP-10"
"PLOG-921","WO-10183","2025-05-09 10:00:00","LINE-C","85","OP-4"
"PLOG-922","WO-10183","2025-05-09 11:00:00","LINE-C","109","OP-19"
"PLOG-923","WO-10183","2025-05-09 12:00:00","LINE-C","109","OP-12"
"PLOG-924","WO-10183","2025-05-09 13:00:00","LINE-C","63","OP-6"
"PLOG-925","WO-10185","2025-12-26 00:00:00","LINE-C","107","OP-6"
"PLOG-926","WO-10185","2025-12-26 01:00:00","LINE-C","110","OP-16"
"PLOG-927","WO-10185","2025-12-26 02:00:00","LINE-C","66","OP-15"
"PLOG-928","WO-10185","2025-12-26 03:00:00","LINE-C","71","OP-15"
"PLOG-929","WO-10185","2025-12-26 04:00:00","LINE-C","106","OP-5"
"PLOG-930","WO-10185","2025-12-26 05:00:00","LINE-C","108","OP-8"
"PLOG-931","WO-10185","2025-12-26 06:00:00","LINE-C","96","OP-8"
"PLOG-932","WO-10187","2026-01-26 00:00:00","LINE-A","74","OP-4"
"PLOG-933","WO-10187","2026-01-26 01:00:00","LINE-A","65","OP-1"
"PLOG-934","WO-10187","2026-01-26 02:00:00","LINE-A","74","OP-13"
"PLOG-935","WO-10187","2026-01-26 03:00:00","LINE-A","65","OP-19"
"PLOG-936","WO-10187","2026-01-26 04:00:00","LINE-A","69","OP-8"
"PLOG-937","WO-10187","2026-01-26 05:00:00","LINE-A","73","OP-2"
"PLOG-938","WO-10187","2026-01-26 06:00:00","LINE-A","47","OP-18"
"PLOG-939","WO-10188","2026-02-05 00:00:00","LINE-B","62","OP-15"
"PLOG-940","WO-10188","2026-02-05 01:00:00","LINE-B","45","OP-6"
"PLOG-941","WO-10188","2026-02-05 02:00:00","LINE-B","108","OP-7"
"PLOG-942","WO-10188","2026-02-05 03:00:00","LINE-B","73","OP-20"
"PLOG-943","WO-10188","2026-02-05 04:00:00","LINE-B","99","OP-5"
"PLOG-944","WO-10188","2026-02-05 05:00:00","LINE-B","82","OP-12"
"PLOG-945","WO-10191","2026-01-19 00:00:00","LINE-C","100","OP-9"
"PLOG-946","WO-10191","2026-01-19 01:00:00","LINE-C","50","OP-4"
"PLOG-947","WO-10191","2026-01-19 02:00:00","LINE-C","90","OP-6"
"PLOG-948","WO-10191","2026-01-19 03:00:00","LINE-C","50","OP-2"
"PLOG-949","WO-10191","2026-01-19 04:00:00","LINE-C","87","OP-16"
"PLOG-950","WO-10191","2026-01-19 05:00:00","LINE-C","107","OP-16"
"PLOG-951","WO-10191","2026-01-19 06:00:00","LINE-C","71","OP-3"
"PLOG-952","WO-10191","2026-01-19 07:00:00","LINE-C","73","OP-18"
"PLOG-953","WO-10191","2026-01-19 08:00:00","LINE-C","62","OP-17"
"PLOG-954","WO-10191","2026-01-19 09:00:00","LINE-C","85","OP-2"
"PLOG-955","WO-10191","2026-01-19 10:00:00","LINE-C","103","OP-2"
"PLOG-956","WO-10191","2026-01-19 11:00:00","LINE-C","82","OP-13"
"PLOG-957","WO-10194","2025-11-10 00:00:00","LINE-B","64","OP-15"
"PLOG-958","WO-10194","2025-11-10 01:00:00","LINE-B","86","OP-4"
"PLOG-959","WO-10194","2025-11-10 02:00:00","LINE-B","72","OP-6"
"PLOG-960","WO-10194","2025-11-10 03:00:00","LINE-B","94","OP-18"
"PLOG-961","WO-10194","2025-11-10 04:00:00","LINE-B","83","OP-16"
"PLOG-962","WO-10194","2025-11-10 05:00:00","LINE-B","61","OP-10"
"PLOG-963","WO-10194","2025-11-10 06:00:00","LINE-B","110","OP-12"
"PLOG-964","WO-10194","2025-11-10 07:00:00","LINE-B","67","OP-20"
"PLOG-965","WO-10194","2025-11-10 08:00:00","LINE-B","60","OP-3"
"PLOG-966","WO-10194","2025-11-10 09:00:00","LINE-B","101","OP-17"
"PLOG-967","WO-10194","2025-11-10 10:00:00","LINE-B","110","OP-18"
"PLOG-968","WO-10194","2025-11-10 11:00:00","LINE-B","87","OP-19"
"PLOG-969","WO-10194","2025-11-10 12:00:00","LINE-B","77","OP-11"
"PLOG-970","WO-10194","2025-11-10 13:00:00","LINE-B","66","OP-10"
"PLOG-971","WO-10198","2026-02-19 00:00:00","LINE-C","72","OP-3"
"PLOG-972","WO-10198","2026-02-19 01:00:00","LINE-C","91","OP-18"
"PLOG-973","WO-10198","2026-02-19 02:00:00","LINE-C","47","OP-10"
"PLOG-974","WO-10198","2026-02-19 03:00:00","LINE-C","52","OP-9"
"PLOG-975","WO-10198","2026-02-19 04:00:00","LINE-C","54","OP-9"
"PLOG-976","WO-10198","2026-02-19 05:00:00","LINE-C","84","OP-16"
"PLOG-977","WO-10198","2026-02-19 06:00:00","LINE-C","45","OP-17"
"PLOG-978","WO-10198","2026-02-19 07:00:00","LINE-C","64","OP-20"
"PLOG-979","WO-10198","2026-02-19 08:00:00","LINE-C","71","OP-20"
"PLOG-980","WO-10198","2026-02-19 09:00:00","LINE-C","93","OP-3"
"PLOG-981","WO-10198","2026-02-19 10:00:00","LINE-C","52","OP-5"
"PLOG-982","WO-10198","2026-02-19 11:00:00","LINE-C","99","OP-7"
"PLOG-983","WO-10198","2026-02-19 12:00:00","LINE-C","102","OP-15"
"PLOG-984","WO-10198","2026-02-19 13:00:00","LINE-C","97","OP-3"
"PLOG-985","WO-10198","2026-02-19 14:00:00","LINE-C","51","OP-2"
"PLOG-986","WO-10198","2026-02-19 15:00:00","LINE-C","58","OP-11"
"PLOG-987","WO-10198","2026-02-19 16:00:00","LINE-C","75","OP-6"
"PLOG-988","WO-10198","2026-02-19 17:00:00","LINE-C","60","OP-13"
"PLOG-989","WO-10198","2026-02-19 18:00:00","LINE-C","76","OP-18"
"PLOG-990","WO-10199","2025-11-24 00:00:00","LINE-A","78","OP-19"
"PLOG-991","WO-10199","2025-11-24 01:00:00","LINE-A","50","OP-14"
"PLOG-992","WO-10199","2025-11-24 02:00:00","LINE-A","99","OP-5"
"PLOG-993","WO-10199","2025-11-24 03:00:00","LINE-A","65","OP-12"
"PLOG-994","WO-10199","2025-11-24 04:00:00","LINE-A","93","OP-4"
"PLOG-995","WO-10199","2025-11-24 05:00:00","LINE-A","86","OP-10"
"PLOG-996","WO-10199","2025-11-24 06:00:00","LINE-A","96","OP-8"
"PLOG-997","WO-10200","2025-07-30 00:00:00","LINE-B","86","OP-19"
"PLOG-998","WO-10200","2025-07-30 01:00:00","LINE-B","110","OP-16"
"PLOG-999","WO-10200","2025-07-30 02:00:00","LINE-B","55","OP-18"
"PLOG-1000","WO-10200","2025-07-30 03:00:00","LINE-B","83","OP-12"
"PLOG-1001","WO-10200","2025-07-30 04:00:00","LINE-B","73","OP-4"
"PLOG-1002","WO-10201","2025-06-26 00:00:00","LINE-C","51","OP-1"
"PLOG-1003","WO-10201","2025-06-26 01:00:00","LINE-C","50","OP-5"
"PLOG-1004","WO-10201","2025-06-26 02:00:00","LINE-C","53","OP-8"
"PLOG-1005","WO-10201","2025-06-26 03:00:00","LINE-C","59","OP-12"
"PLOG-1006","WO-10201","2025-06-26 04:00:00","LINE-C","69","OP-8"
"PLOG-1007","WO-10201","2025-06-26 05:00:00","LINE-C","47","OP-10"
"PLOG-1008","WO-10201","2025-06-26 06:00:00","LINE-C","65","OP-11"
"PLOG-1009","WO-10201","2025-06-26 07:00:00","LINE-C","101","OP-11"
"PLOG-1010","WO-10201","2025-06-26 08:00:00","LINE-C","80","OP-10"
"PLOG-1011","WO-10201","2025-06-26 09:00:00","LINE-C","89","OP-19"
"PLOG-1012","WO-10201","2025-06-26 10:00:00","LINE-C","68","OP-16"
"PLOG-1013","WO-10201","2025-06-26 11:00:00","LINE-C","60","OP-18"
"PLOG-1014","WO-10204","2026-01-15 00:00:00","LINE-C","51","OP-3"
"PLOG-1015","WO-10204","2026-01-15 01:00:00","LINE-C","92","OP-3"
"PLOG-1016","WO-10204","2026-01-15 02:00:00","LINE-C","75","OP-1"
"PLOG-1017","WO-10204","2026-01-15 03:00:00","LINE-C","45","OP-2"
"PLOG-1018","WO-10204","2026-01-15 04:00:00","LINE-C","45","OP-4"
"PLOG-1019","WO-10204","2026-01-15 05:00:00","LINE-C","62","OP-5"
"PLOG-1020","WO-10204","2026-01-15 06:00:00","LINE-C","81","OP-17"
"PLOG-1021","WO-10205","2026-02-23 00:00:00","LINE-C","60","OP-11"
"PLOG-1022","WO-10205","2026-02-23 01:00:00","LINE-C","54","OP-18"
"PLOG-1023","WO-10205","2026-02-23 02:00:00","LINE-C","45","OP-13"
"PLOG-1024","WO-10205","2026-02-23 03:00:00","LINE-C","110","OP-5"
"PLOG-1025","WO-10205","2026-02-23 04:00:00","LINE-C","57","OP-6"
"PLOG-1026","WO-10205","2026-02-23 05:00:00","LINE-C","90","OP-1"
"PLOG-1027","WO-10205","2026-02-23 06:00:00","LINE-C","57","OP-10"
"PLOG-1028","WO-10205","2026-02-23 07:00:00","LINE-C","95","OP-9"
"PLOG-1029","WO-10205","2026-02-23 08:00:00","LINE-C","81","OP-3"
"PLOG-1030","WO-10206","2025-07-21 00:00:00","LINE-A","52","OP-19"
"PLOG-1031","WO-10206","2025-07-21 01:00:00","LINE-A","107","OP-17"
"PLOG-1032","WO-10206","2025-07-21 02:00:00","LINE-A","79","OP-18"
"PLOG-1033","WO-10206","2025-07-21 03:00:00","LINE-A","76","OP-11"
"PLOG-1034","WO-10206","2025-07-21 04:00:00","LINE-A","82","OP-12"
"PLOG-1035","WO-10206","2025-07-21 05:00:00","LINE-A","55","OP-14"
"PLOG-1036","WO-10206","2025-07-21 06:00:00","LINE-A","52","OP-6"
"PLOG-1037","WO-10206","2025-07-21 07:00:00","LINE-A","54","OP-2"
"PLOG-1038","WO-10206","2025-07-21 08:00:00","LINE-A","46","OP-11"
"PLOG-1039","WO-10206","2025-07-21 09:00:00","LINE-A","108","OP-14"
"PLOG-1040","WO-10206","2025-07-21 10:00:00","LINE-A","100","OP-2"
"PLOG-1041","WO-10206","2025-07-21 11:00:00","LINE-A","50","OP-20"
"PLOG-1042","WO-10206","2025-07-21 12:00:00","LINE-A","84","OP-8"
"PLOG-1043","WO-10206","2025-07-21 13:00:00","LINE-A","50","OP-20"
"PLOG-1044","WO-10206","2025-07-21 14:00:00","LINE-A","51","OP-2"
"PLOG-1045","WO-10206","2025-07-21 15:00:00","LINE-A","73","OP-11"
"PLOG-1046","WO-10206","2025-07-21 16:00:00","LINE-A","78","OP-13"
"PLOG-1047","WO-10206","2025-07-21 17:00:00","LINE-A","83","OP-14"
"PLOG-1048","WO-10206","2025-07-21 18:00:00","LINE-A","108","OP-15"
"PLOG-1049","WO-10206","2025-07-21 19:00:00","LINE-A","78","OP-1"
"PLOG-1050","WO-10208","2025-10-31 00:00:00","LINE-B","70","OP-17"
"PLOG-1051","WO-10208","2025-10-31 01:00:00","LINE-B","109","OP-20"
"PLOG-1052","WO-10208","2025-10-31 02:00:00","LINE-B","60","OP-14"
"PLOG-1053","WO-10208","2025-10-31 03:00:00","LINE-B","98","OP-13"
"PLOG-1054","WO-10208","2025-10-31 04:00:00","LINE-B","60","OP-2"
"PLOG-1055","WO-10208","2025-10-31 05:00:00","LINE-B","93","OP-3"
"PLOG-1056","WO-10208","2025-10-31 06:00:00","LINE-B","85","OP-10"
"PLOG-1057","WO-10209","2026-02-27 00:00:00","LINE-A","96","OP-12"
"PLOG-1058","WO-10209","2026-02-27 01:00:00","LINE-A","52","OP-20"
"PLOG-1059","WO-10209","2026-02-27 02:00:00","LINE-A","62","OP-20"
"PLOG-1060","WO-10209","2026-02-27 03:00:00","LINE-A","105","OP-17"
"PLOG-1061","WO-10209","2026-02-27 04:00:00","LINE-A","50","OP-1"
"PLOG-1062","WO-10209","2026-02-27 05:00:00","LINE-A","104","OP-9"
"PLOG-1063","WO-10209","2026-02-27 06:00:00","LINE-A","54","OP-10"
"PLOG-1064","WO-10209","2026-02-27 07:00:00","LINE-A","81","OP-14"
"PLOG-1065","WO-10209","2026-02-27 08:00:00","LINE-A","56","OP-8"
"PLOG-1066","WO-10209","2026-02-27 09:00:00","LINE-A","87","OP-6"
"PLOG-1067","WO-10209","2026-02-27 10:00:00","LINE-A","101","OP-5"
"PLOG-1068","WO-10209","2026-02-27 11:00:00","LINE-A","109","OP-14"
"PLOG-1069","WO-10209","2026-02-27 12:00:00","LINE-A","87","OP-8"
"PLOG-1070","WO-10209","2026-02-27 13:00:00","LINE-A","109","OP-7"
"PLOG-1071","WO-10210","2025-06-18 00:00:00","LINE-A","105","OP-5"
"PLOG-1072","WO-10210","2025-06-18 01:00:00","LINE-A","48","OP-4"
"PLOG-1073","WO-10210","2025-06-18 02:00:00","LINE-A","86","OP-8"
"PLOG-1074","WO-10210","2025-06-18 03:00:00","LINE-A","88","OP-1"
"PLOG-1075","WO-10210","2025-06-18 04:00:00","LINE-A","49","OP-2"
"PLOG-1076","WO-10210","2025-06-18 05:00:00","LINE-A","88","OP-17"
"PLOG-1077","WO-10210","2025-06-18 06:00:00","LINE-A","93","OP-12"
"PLOG-1078","WO-10210","2025-06-18 07:00:00","LINE-A","46","OP-19"
"PLOG-1079","WO-10210","2025-06-18 08:00:00","LINE-A","71","OP-2"
"PLOG-1080","WO-10210","2025-06-18 09:00:00","LINE-A","70","OP-13"
"PLOG-1081","WO-10210","2025-06-18 10:00:00","LINE-A","64","OP-16"
"PLOG-1082","WO-10210","2025-06-18 11:00:00","LINE-A","80","OP-5"
"PLOG-1083","WO-10210","2025-06-18 12:00:00","LINE-A","104","OP-8"
"PLOG-1084","WO-10210","2025-06-18 13:00:00","LINE-A","64","OP-9"
"PLOG-1085","WO-10211","2025-10-25 00:00:00","LINE-C","63","OP-15"
"PLOG-1086","WO-10211","2025-10-25 01:00:00","LINE-C","70","OP-8"
"PLOG-1087","WO-10211","2025-10-25 02:00:00","LINE-C","94","OP-13"
"PLOG-1088","WO-10211","2025-10-25 03:00:00","LINE-C","68","OP-20"
"PLOG-1089","WO-10211","2025-10-25 04:00:00","LINE-C","84","OP-13"
"PLOG-1090","WO-10212","2025-04-15 00:00:00","LINE-B","66","OP-14"
"PLOG-1091","WO-10212","2025-04-15 01:00:00","LINE-B","84","OP-9"
"PLOG-1092","WO-10212","2025-04-15 02:00:00","LINE-B","72","OP-16"
"PLOG-1093","WO-10212","2025-04-15 03:00:00","LINE-B","71","OP-14"
"PLOG-1094","WO-10212","2025-04-15 04:00:00","LINE-B","59","OP-7"
"PLOG-1095","WO-10213","2025-09-28 00:00:00","LINE-A","47","OP-6"
"PLOG-1096","WO-10213","2025-09-28 01:00:00","LINE-A","105","OP-2"
"PLOG-1097","WO-10213","2025-09-28 02:00:00","LINE-A","61","OP-1"
"PLOG-1098","WO-10213","2025-09-28 03:00:00","LINE-A","48","OP-7"
"PLOG-1099","WO-10213","2025-09-28 04:00:00","LINE-A","96","OP-1"
"PLOG-1100","WO-10213","2025-09-28 05:00:00","LINE-A","78","OP-12"
"PLOG-1101","WO-10213","2025-09-28 06:00:00","LINE-A","97","OP-5"
"PLOG-1102","WO-10213","2025-09-28 07:00:00","LINE-A","84","OP-6"
"PLOG-1103","WO-10213","2025-09-28 08:00:00","LINE-A","104","OP-5"
"PLOG-1104","WO-10213","2025-09-28 09:00:00","LINE-A","62","OP-3"
"PLOG-1105","WO-10213","2025-09-28 10:00:00","LINE-A","55","OP-12"
"PLOG-1106","WO-10213","2025-09-28 11:00:00","LINE-A","85","OP-10"
"PLOG-1107","WO-10216","2025-07-30 00:00:00","LINE-B","88","OP-4"
"PLOG-1108","WO-10216","2025-07-30 01:00:00","LINE-B","98","OP-8"
"PLOG-1109","WO-10217","2025-05-17 00:00:00","LINE-C","47","OP-7"
"PLOG-1110","WO-10217","2025-05-17 01:00:00","LINE-C","65","OP-5"
"PLOG-1111","WO-10217","2025-05-17 02:00:00","LINE-C","107","OP-13"
"PLOG-1112","WO-10217","2025-05-17 03:00:00","LINE-C","96","OP-18"
"PLOG-1113","WO-10218","2025-07-17 00:00:00","LINE-C","86","OP-3"
"PLOG-1114","WO-10218","2025-07-17 01:00:00","LINE-C","110","OP-19"
"PLOG-1115","WO-10218","2025-07-17 02:00:00","LINE-C","46","OP-9"
"PLOG-1116","WO-10220","2026-01-30 00:00:00","LINE-A","101","OP-9"
"PLOG-1117","WO-10220","2026-01-30 01:00:00","LINE-A","65","OP-5"
"PLOG-1118","WO-10220","2026-01-30 02:00:00","LINE-A","95","OP-18"
"PLOG-1119","WO-10220","2026-01-30 03:00:00","LINE-A","80","OP-3"
"PLOG-1120","WO-10220","2026-01-30 04:00:00","LINE-A","104","OP-2"
"PLOG-1121","WO-10220","2026-01-30 05:00:00","LINE-A","81","OP-18"
"PLOG-1122","WO-10220","2026-01-30 06:00:00","LINE-A","56","OP-1"
"PLOG-1123","WO-10220","2026-01-30 07:00:00","LINE-A","55","OP-2"
"PLOG-1124","WO-10220","2026-01-30 08:00:00","LINE-A","88","OP-18"
"PLOG-1125","WO-10220","2026-01-30 09:00:00","LINE-A","90","OP-14"
"PLOG-1126","WO-10220","2026-01-30 10:00:00","LINE-A","61","OP-16"
"PLOG-1127","WO-10220","2026-01-30 11:00:00","LINE-A","78","OP-20"
"PLOG-1128","WO-10221","2026-03-05 00:00:00","LINE-C","84","OP-5"
"PLOG-1129","WO-10221","2026-03-05 01:00:00","LINE-C","49","OP-4"
"PLOG-1130","WO-10221","2026-03-05 02:00:00","LINE-C","75","OP-2"
"PLOG-1131","WO-10224","2026-03-13 00:00:00","LINE-C","97","OP-11"
"PLOG-1132","WO-10224","2026-03-13 01:00:00","LINE-C","62","OP-9"
"PLOG-1133","WO-10224","2026-03-13 02:00:00","LINE-C","109","OP-19"
"PLOG-1134","WO-10224","2026-03-13 03:00:00","LINE-C","59","OP-3"
"PLOG-1135","WO-10224","2026-03-13 04:00:00","LINE-C","53","OP-14"
"PLOG-1136","WO-10224","2026-03-13 05:00:00","LINE-C","55","OP-15"
"PLOG-1137","WO-10226","2026-02-09 00:00:00","LINE-B","110","OP-18"
"PLOG-1138","WO-10226","2026-02-09 01:00:00","LINE-B","61","OP-4"
"PLOG-1139","WO-10226","2026-02-09 02:00:00","LINE-B","94","OP-16"
"PLOG-1140","WO-10226","2026-02-09 03:00:00","LINE-B","60","OP-20"
"PLOG-1141","WO-10226","2026-02-09 04:00:00","LINE-B","94","OP-8"
"PLOG-1142","WO-10226","2026-02-09 05:00:00","LINE-B","93","OP-2"
"PLOG-1143","WO-10226","2026-02-09 06:00:00","LINE-B","109","OP-7"
"PLOG-1144","WO-10226","2026-02-09 07:00:00","LINE-B","86","OP-1"
"PLOG-1145","WO-10226","2026-02-09 08:00:00","LINE-B","62","OP-18"
"PLOG-1146","WO-10226","2026-02-09 09:00:00","LINE-B","76","OP-3"
"PLOG-1147","WO-10226","2026-02-09 10:00:00","LINE-B","67","OP-12"
"PLOG-1148","WO-10226","2026-02-09 11:00:00","LINE-B","79","OP-12"
"PLOG-1149","WO-10226","2026-02-09 12:00:00","LINE-B","54","OP-2"
"PLOG-1150","WO-10226","2026-02-09 13:00:00","LINE-B","58","OP-3"
"PLOG-1151","WO-10226","2026-02-09 14:00:00","LINE-B","98","OP-12"
"PLOG-1152","WO-10226","2026-02-09 15:00:00","LINE-B","70","OP-15"
"PLOG-1153","WO-10226","2026-02-09 16:00:00","LINE-B","105","OP-10"
"PLOG-1154","WO-10226","2026-02-09 17:00:00","LINE-B","49","OP-11"
"PLOG-1155","WO-10226","2026-02-09 18:00:00","LINE-B","73","OP-18"
"PLOG-1156","WO-10230","2026-02-25 00:00:00","LINE-C","45","OP-18"
"PLOG-1157","WO-10230","2026-02-25 01:00:00","LINE-C","49","OP-7"
"PLOG-1158","WO-10230","2026-02-25 02:00:00","LINE-C","87","OP-18"
"PLOG-1159","WO-10230","2026-02-25 03:00:00","LINE-C","109","OP-7"
"PLOG-1160","WO-10230","2026-02-25 04:00:00","LINE-C","63","OP-8"
"PLOG-1161","WO-10230","2026-02-25 05:00:00","LINE-C","88","OP-7"
"PLOG-1162","WO-10230","2026-02-25 06:00:00","LINE-C","70","OP-7"
"PLOG-1163","WO-10230","2026-02-25 07:00:00","LINE-C","75","OP-17"
"PLOG-1164","WO-10230","2026-02-25 08:00:00","LINE-C","51","OP-18"
"PLOG-1165","WO-10230","2026-02-25 09:00:00","LINE-C","68","OP-1"
"PLOG-1166","WO-10230","2026-02-25 10:00:00","LINE-C","65","OP-19"
"PLOG-1167","WO-10230","2026-02-25 11:00:00","LINE-C","81","OP-14"
"PLOG-1168","WO-10230","2026-02-25 12:00:00","LINE-C","51","OP-15"
"PLOG-1169","WO-10230","2026-02-25 13:00:00","LINE-C","106","OP-8"
"PLOG-1170","WO-10230","2026-02-25 14:00:00","LINE-C","85","OP-9"
"PLOG-1171","WO-10233","2026-03-04 00:00:00","LINE-A","104","OP-9"
"PLOG-1172","WO-10233","2026-03-04 01:00:00","LINE-A","89","OP-20"
"PLOG-1173","WO-10234","2025-04-22 00:00:00","LINE-C","102","OP-11"
"PLOG-1174","WO-10234","2025-04-22 01:00:00","LINE-C","66","OP-8"
"PLOG-1175","WO-10234","2025-04-22 02:00:00","LINE-C","105","OP-4"
"PLOG-1176","WO-10234","2025-04-22 03:00:00","LINE-C","83","OP-6"
"PLOG-1177","WO-10234","2025-04-22 04:00:00","LINE-C","46","OP-15"
"PLOG-1178","WO-10234","2025-04-22 05:00:00","LINE-C","50","OP-16"
"PLOG-1179","WO-10234","2025-04-22 06:00:00","LINE-C","79","OP-15"
"PLOG-1180","WO-10235","2026-03-12 00:00:00","LINE-A","92","OP-5"
"PLOG-1181","WO-10235","2026-03-12 01:00:00","LINE-A","48","OP-16"
"PLOG-1182","WO-10235","2026-03-12 02:00:00","LINE-A","61","OP-20"
"PLOG-1183","WO-10235","2026-03-12 03:00:00","LINE-A","95","OP-3"
"PLOG-1184","WO-10235","2026-03-12 04:00:00","LINE-A","52","OP-7"
"PLOG-1185","WO-10235","2026-03-12 05:00:00","LINE-A","86","OP-14"
"PLOG-1186","WO-10235","2026-03-12 06:00:00","LINE-A","89","OP-8"
"PLOG-1187","WO-10236","2025-05-30 00:00:00","LINE-A","48","OP-13"
"PLOG-1188","WO-10236","2025-05-30 01:00:00","LINE-A","59","OP-11"
"PLOG-1189","WO-10238","2025-07-15 00:00:00","LINE-B","78","OP-2"
"PLOG-1190","WO-10238","2025-07-15 01:00:00","LINE-B","47","OP-11"
"PLOG-1191","WO-10238","2025-07-15 02:00:00","LINE-B","99","OP-19"
"PLOG-1192","WO-10238","2025-07-15 03:00:00","LINE-B","107","OP-9"
"PLOG-1193","WO-10238","2025-07-15 04:00:00","LINE-B","98","OP-2"
"PLOG-1194","WO-10238","2025-07-15 05:00:00","LINE-B","103","OP-12"
"PLOG-1195","WO-10238","2025-07-15 06:00:00","LINE-B","82","OP-12"
"PLOG-1196","WO-10238","2025-07-15 07:00:00","LINE-B","97","OP-8"
"PLOG-1197","WO-10238","2025-07-15 08:00:00","LINE-B","95","OP-14"
"PLOG-1198","WO-10239","2025-12-29 00:00:00","LINE-B","100","OP-18"
"PLOG-1199","WO-10239","2025-12-29 01:00:00","LINE-B","98","OP-13"
"PLOG-1200","WO-10239","2025-12-29 02:00:00","LINE-B","104","OP-7"
"PLOG-1201","WO-10239","2025-12-29 03:00:00","LINE-B","86","OP-7"
"PLOG-1202","WO-10239","2025-12-29 04:00:00","LINE-B","68","OP-6"
"PLOG-1203","WO-10239","2025-12-29 05:00:00","LINE-B","101","OP-6"
"PLOG-1204","WO-10241","2025-04-24 00:00:00","LINE-B","70","OP-19"
"PLOG-1205","WO-10241","2025-04-24 01:00:00","LINE-B","92","OP-18"
"PLOG-1206","WO-10241","2025-04-24 02:00:00","LINE-B","100","OP-7"
"PLOG-1207","WO-10241","2025-04-24 03:00:00","LINE-B","69","OP-8"
"PLOG-1208","WO-10241","2025-04-24 04:00:00","LINE-B","47","OP-16"
"PLOG-1209","WO-10241","2025-04-24 05:00:00","LINE-B","109","OP-2"
"PLOG-1210","WO-10241","2025-04-24 06:00:00","LINE-B","81","OP-20"
"PLOG-1211","WO-10242","2025-06-14 00:00:00","LINE-C","107","OP-15"
"PLOG-1212","WO-10242","2025-06-14 01:00:00","LINE-C","105","OP-16"
"PLOG-1213","WO-10242","2025-06-14 02:00:00","LINE-C","86","OP-19"
"PLOG-1214","WO-10242","2025-06-14 03:00:00","LINE-C","105","OP-11"
"PLOG-1215","WO-10242","2025-06-14 04:00:00","LINE-C","75","OP-8"
"PLOG-1216","WO-10242","2025-06-14 05:00:00","LINE-C","108","OP-9"
"PLOG-1217","WO-10242","2025-06-14 06:00:00","LINE-C","86","OP-5"
"PLOG-1218","WO-10243","2025-11-19 00:00:00","LINE-B","60","OP-7"
"PLOG-1219","WO-10243","2025-11-19 01:00:00","LINE-B","51","OP-9"
"PLOG-1220","WO-10243","2025-11-19 02:00:00","LINE-B","48","OP-20"
"PLOG-1221","WO-10243","2025-11-19 03:00:00","LINE-B","45","OP-20"
"PLOG-1222","WO-10243","2025-11-19 04:00:00","LINE-B","101","OP-19"
"PLOG-1223","WO-10243","2025-11-19 05:00:00","LINE-B","65","OP-15"
"PLOG-1224","WO-10243","2025-11-19 06:00:00","LINE-B","86","OP-4"
"PLOG-1225","WO-10245","2026-02-27 00:00:00","LINE-C","88","OP-15"
"PLOG-1226","WO-10245","2026-02-27 01:00:00","LINE-C","77","OP-16"
"PLOG-1227","WO-10245","2026-02-27 02:00:00","LINE-C","84","OP-19"
"PLOG-1228","WO-10245","2026-02-27 03:00:00","LINE-C","78","OP-20"
"PLOG-1229","WO-10245","2026-02-27 04:00:00","LINE-C","64","OP-16"
"PLOG-1230","WO-10245","2026-02-27 05:00:00","LINE-C","94","OP-14"
"PLOG-1231","WO-10245","2026-02-27 06:00:00","LINE-C","70","OP-5"
"PLOG-1232","WO-10246","2025-10-06 00:00:00","LINE-C","68","OP-4"
"PLOG-1233","WO-10246","2025-10-06 01:00:00","LINE-C","98","OP-18"
"PLOG-1234","WO-10246","2025-10-06 02:00:00","LINE-C","79","OP-9"
"PLOG-1235","WO-10248","2025-08-24 00:00:00","LINE-A","52","OP-8"
"PLOG-1236","WO-10248","2025-08-24 01:00:00","LINE-A","87","OP-5"
"PLOG-1237","WO-10248","2025-08-24 02:00:00","LINE-A","84","OP-14"
"PLOG-1238","WO-10248","2025-08-24 03:00:00","LINE-A","57","OP-3"
"PLOG-1239","WO-10248","2025-08-24 04:00:00","LINE-A","70","OP-5"
"PLOG-1240","WO-10248","2025-08-24 05:00:00","LINE-A","45","OP-20"
"PLOG-1241","WO-10248","2025-08-24 06:00:00","LINE-A","107","OP-19"
"PLOG-1242","WO-10248","2025-08-24 07:00:00","LINE-A","72","OP-11"
"PLOG-1243","WO-10248","2025-08-24 08:00:00","LINE-A","62","OP-10"
"PLOG-1244","WO-10248","2025-08-24 09:00:00","LINE-A","87","OP-3"
"PLOG-1245","WO-10248","2025-08-24 10:00:00","LINE-A","107","OP-17"
"PLOG-1246","WO-10249","2025-10-21 00:00:00","LINE-B","95","OP-12"
"PLOG-1247","WO-10249","2025-10-21 01:00:00","LINE-B","107","OP-2"
"PLOG-1248","WO-10249","2025-10-21 02:00:00","LINE-B","109","OP-11"
"PLOG-1249","WO-10249","2025-10-21 03:00:00","LINE-B","54","OP-17"
"PLOG-1250","WO-10249","2025-10-21 04:00:00","LINE-B","77","OP-3"
"PLOG-1251","WO-10249","2025-10-21 05:00:00","LINE-B","101","OP-11"
"PLOG-1252","WO-10249","2025-10-21 06:00:00","LINE-B","109","OP-19"
"PLOG-1253","WO-10249","2025-10-21 07:00:00","LINE-B","84","OP-4"
"PLOG-1254","WO-10249","2025-10-21 08:00:00","LINE-B","45","OP-10"
"PLOG-1255","WO-10250","2025-10-27 00:00:00","LINE-B","90","OP-18"
"PLOG-1256","WO-10250","2025-10-27 01:00:00","LINE-B","92","OP-17"
"PLOG-1257","WO-10250","2025-10-27 02:00:00","LINE-B","82","OP-6"
"PLOG-1258","WO-10250","2025-10-27 03:00:00","LINE-B","91","OP-9"
"PLOG-1259","WO-10250","2025-10-27 04:00:00","LINE-B","47","OP-4"
"PLOG-1260","WO-10250","2025-10-27 05:00:00","LINE-B","92","OP-14"
"PLOG-1261","WO-10250","2025-10-27 06:00:00","LINE-B","103","OP-15"
"PLOG-1262","WO-10250","2025-10-27 07:00:00","LINE-B","80","OP-15"
"PLOG-1263","WO-10251","2025-12-23 00:00:00","LINE-C","66","OP-2"
"PLOG-1264","WO-10251","2025-12-23 01:00:00","LINE-C","49","OP-11"
"PLOG-1265","WO-10251","2025-12-23 02:00:00","LINE-C","57","OP-2"
"PLOG-1266","WO-10251","2025-12-23 03:00:00","LINE-C","46","OP-7"
"PLOG-1267","WO-10251","2025-12-23 04:00:00","LINE-C","110","OP-16"
"PLOG-1268","WO-10251","2025-12-23 05:00:00","LINE-C","110","OP-13"
"PLOG-1269","WO-10251","2025-12-23 06:00:00","LINE-C","55","OP-4"
"PLOG-1270","WO-10251","2025-12-23 07:00:00","LINE-C","101","OP-14"
"PLOG-1271","WO-10251","2025-12-23 08:00:00","LINE-C","59","OP-16"
"PLOG-1272","WO-10251","2025-12-23 09:00:00","LINE-C","53","OP-6"
"PLOG-1273","WO-10251","2025-12-23 10:00:00","LINE-C","90","OP-4"
"PLOG-1274","WO-10252","2025-09-07 00:00:00","LINE-C","85","OP-19"
"PLOG-1275","WO-10252","2025-09-07 01:00:00","LINE-C","77","OP-15"
"PLOG-1276","WO-10252","2025-09-07 02:00:00","LINE-C","61","OP-7"
"PLOG-1277","WO-10253","2025-10-10 00:00:00","LINE-C","63","OP-12"
"PLOG-1278","WO-10253","2025-10-10 01:00:00","LINE-C","67","OP-18"
"PLOG-1279","WO-10253","2025-10-10 02:00:00","LINE-C","108","OP-3"
"PLOG-1280","WO-10253","2025-10-10 03:00:00","LINE-C","65","OP-13"
"PLOG-1281","WO-10253","2025-10-10 04:00:00","LINE-C","85","OP-20"
"PLOG-1282","WO-10253","2025-10-10 05:00:00","LINE-C","79","OP-14"
"PLOG-1283","WO-10253","2025-10-10 06:00:00","LINE-C","75","OP-7"
"PLOG-1284","WO-10253","2025-10-10 07:00:00","LINE-C","56","OP-8"
"PLOG-1285","WO-10253","2025-10-10 08:00:00","LINE-C","98","OP-15"
"PLOG-1286","WO-10253","2025-10-10 09:00:00","LINE-C","53","OP-8"
"PLOG-1287","WO-10254","2025-05-19 00:00:00","LINE-C","69","OP-16"
"PLOG-1288","WO-10254","2025-05-19 01:00:00","LINE-C","80","OP-2"
"PLOG-1289","WO-10254","2025-05-19 02:00:00","LINE-C","63","OP-20"
"PLOG-1290","WO-10254","2025-05-19 03:00:00","LINE-C","76","OP-18"
"PLOG-1291","WO-10254","2025-05-19 04:00:00","LINE-C","98","OP-16"
"PLOG-1292","WO-10254","2025-05-19 05:00:00","LINE-C","70","OP-5"
"PLOG-1293","WO-10254","2025-05-19 06:00:00","LINE-C","82","OP-12"
"PLOG-1294","WO-10254","2025-05-19 07:00:00","LINE-C","94","OP-12"
"PLOG-1295","WO-10254","2025-05-19 08:00:00","LINE-C","101","OP-7"
"PLOG-1296","WO-10254","2025-05-19 09:00:00","LINE-C","106","OP-3"
"PLOG-1297","WO-10255","2025-11-15 00:00:00","LINE-B","97","OP-17"
"PLOG-1298","WO-10255","2025-11-15 01:00:00","LINE-B","64","OP-17"
"PLOG-1299","WO-10255","2025-11-15 02:00:00","LINE-B","60","OP-20"
"PLOG-1300","WO-10255","2025-11-15 03:00:00","LINE-B","47","OP-8"
"PLOG-1301","WO-10255","2025-11-15 04:00:00","LINE-B","62","OP-7"
"PLOG-1302","WO-10255","2025-11-15 05:00:00","LINE-B","94","OP-12"
"PLOG-1303","WO-10255","2025-11-15 06:00:00","LINE-B","66","OP-4"
"PLOG-1304","WO-10255","2025-11-15 07:00:00","LINE-B","60","OP-1"
"PLOG-1305","WO-10255","2025-11-15 08:00:00","LINE-B","101","OP-10"
"PLOG-1306","WO-10255","2025-11-15 09:00:00","LINE-B","71","OP-7"
"PLOG-1307","WO-10255","2025-11-15 10:00:00","LINE-B","45","OP-7"
"PLOG-1308","WO-10256","2026-02-16 00:00:00","LINE-C","95","OP-8"
"PLOG-1309","WO-10256","2026-02-16 01:00:00","LINE-C","107","OP-14"
"PLOG-1310","WO-10256","2026-02-16 02:00:00","LINE-C","61","OP-11"
"PLOG-1311","WO-10257","2025-08-10 00:00:00","LINE-B","51","OP-3"
"PLOG-1312","WO-10257","2025-08-10 01:00:00","LINE-B","95","OP-6"
"PLOG-1313","WO-10258","2025-05-10 00:00:00","LINE-B","110","OP-11"
"PLOG-1314","WO-10258","2025-05-10 01:00:00","LINE-B","58","OP-5"
"PLOG-1315","WO-10258","2025-05-10 02:00:00","LINE-B","90","OP-18"
"PLOG-1316","WO-10258","2025-05-10 03:00:00","LINE-B","58","OP-15"
"PLOG-1317","WO-10258","2025-05-10 04:00:00","LINE-B","55","OP-3"
"PLOG-1318","WO-10258","2025-05-10 05:00:00","LINE-B","75","OP-12"
"PLOG-1319","WO-10258","2025-05-10 06:00:00","LINE-B","89","OP-17"
"PLOG-1320","WO-10258","2025-05-10 07:00:00","LINE-B","68","OP-19"
"PLOG-1321","WO-10258","2025-05-10 08:00:00","LINE-B","100","OP-7"
"PLOG-1322","WO-10258","2025-05-10 09:00:00","LINE-B","65","OP-10"
"PLOG-1323","WO-10260","2025-12-23 00:00:00","LINE-A","99","OP-15"
"PLOG-1324","WO-10260","2025-12-23 01:00:00","LINE-A","63","OP-20"
"PLOG-1325","WO-10260","2025-12-23 02:00:00","LINE-A","49","OP-13"
"PLOG-1326","WO-10260","2025-12-23 03:00:00","LINE-A","81","OP-16"
"PLOG-1327","WO-10260","2025-12-23 04:00:00","LINE-A","67","OP-17"
"PLOG-1328","WO-10263","2025-04-22 00:00:00","LINE-B","66","OP-19"
"PLOG-1329","WO-10263","2025-04-22 01:00:00","LINE-B","78","OP-12"
"PLOG-1330","WO-10263","2025-04-22 02:00:00","LINE-B","53","OP-13"
"PLOG-1331","WO-10263","2025-04-22 03:00:00","LINE-B","57","OP-20"
"PLOG-1332","WO-10263","2025-04-22 04:00:00","LINE-B","89","OP-13"
"PLOG-1333","WO-10263","2025-04-22 05:00:00","LINE-B","46","OP-4"
"PLOG-1334","WO-10263","2025-04-22 06:00:00","LINE-B","59","OP-20"
"PLOG-1335","WO-10263","2025-04-22 07:00:00","LINE-B","99","OP-3"
"PLOG-1336","WO-10263","2025-04-22 08:00:00","LINE-B","46","OP-7"
"PLOG-1337","WO-10263","2025-04-22 09:00:00","LINE-B","96","OP-17"
"PLOG-1338","WO-10263","2025-04-22 10:00:00","LINE-B","59","OP-4"
"PLOG-1339","WO-10263","2025-04-22 11:00:00","LINE-B","74","OP-20"
"PLOG-1340","WO-10263","2025-04-22 12:00:00","LINE-B","76","OP-12"
"PLOG-1341","WO-10263","2025-04-22 13:00:00","LINE-B","100","OP-6"
"PLOG-1342","WO-10265","2025-08-02 00:00:00","LINE-B","74","OP-20"
"PLOG-1343","WO-10265","2025-08-02 01:00:00","LINE-B","52","OP-14"
"PLOG-1344","WO-10265","2025-08-02 02:00:00","LINE-B","109","OP-7"
"PLOG-1345","WO-10265","2025-08-02 03:00:00","LINE-B","55","OP-7"
"PLOG-1346","WO-10265","2025-08-02 04:00:00","LINE-B","106","OP-14"
"PLOG-1347","WO-10265","2025-08-02 05:00:00","LINE-B","49","OP-6"
"PLOG-1348","WO-10265","2025-08-02 06:00:00","LINE-B","75","OP-9"
"PLOG-1349","WO-10265","2025-08-02 07:00:00","LINE-B","84","OP-18"
"PLOG-1350","WO-10265","2025-08-02 08:00:00","LINE-B","62","OP-1"
"PLOG-1351","WO-10265","2025-08-02 09:00:00","LINE-B","94","OP-19"
"PLOG-1352","WO-10265","2025-08-02 10:00:00","LINE-B","81","OP-7"
"PLOG-1353","WO-10267","2025-12-16 00:00:00","LINE-A","106","OP-4"
"PLOG-1354","WO-10267","2025-12-16 01:00:00","LINE-A","105","OP-3"
"PLOG-1355","WO-10267","2025-12-16 02:00:00","LINE-A","65","OP-12"
"PLOG-1356","WO-10267","2025-12-16 03:00:00","LINE-A","48","OP-15"
"PLOG-1357","WO-10267","2025-12-16 04:00:00","LINE-A","94","OP-3"
"PLOG-1358","WO-10267","2025-12-16 05:00:00","LINE-A","98","OP-13"
"PLOG-1359","WO-10267","2025-12-16 06:00:00","LINE-A","90","OP-19"
"PLOG-1360","WO-10267","2025-12-16 07:00:00","LINE-A","96","OP-20"
"PLOG-1361","WO-10267","2025-12-16 08:00:00","LINE-A","86","OP-5"
"PLOG-1362","WO-10269","2025-05-23 00:00:00","LINE-A","69","OP-8"
"PLOG-1363","WO-10269","2025-05-23 01:00:00","LINE-A","73","OP-8"
"PLOG-1364","WO-10269","2025-05-23 02:00:00","LINE-A","88","OP-20"
"PLOG-1365","WO-10269","2025-05-23 03:00:00","LINE-A","48","OP-13"
"PLOG-1366","WO-10269","2025-05-23 04:00:00","LINE-A","46","OP-19"
"PLOG-1367","WO-10269","2025-05-23 05:00:00","LINE-A","97","OP-3"
"PLOG-1368","WO-10269","2025-05-23 06:00:00","LINE-A","78","OP-19"
"PLOG-1369","WO-10269","2025-05-23 07:00:00","LINE-A","59","OP-20"
"PLOG-1370","WO-10269","2025-05-23 08:00:00","LINE-A","68","OP-18"
"PLOG-1371","WO-10269","2025-05-23 09:00:00","LINE-A","100","OP-17"
"PLOG-1372","WO-10269","2025-05-23 10:00:00","LINE-A","67","OP-19"
"PLOG-1373","WO-10269","2025-05-23 11:00:00","LINE-A","59","OP-8"
"PLOG-1374","WO-10270","2026-02-27 00:00:00","LINE-C","69","OP-8"
"PLOG-1375","WO-10270","2026-02-27 01:00:00","LINE-C","90","OP-12"
"PLOG-1376","WO-10270","2026-02-27 02:00:00","LINE-C","106","OP-5"
"PLOG-1377","WO-10270","2026-02-27 03:00:00","LINE-C","77","OP-1"
"PLOG-1378","WO-10270","2026-02-27 04:00:00","LINE-C","102","OP-9"
"PLOG-1379","WO-10270","2026-02-27 05:00:00","LINE-C","92","OP-17"
"PLOG-1380","WO-10270","2026-02-27 06:00:00","LINE-C","107","OP-12"
"PLOG-1381","WO-10270","2026-02-27 07:00:00","LINE-C","67","OP-14"
"PLOG-1382","WO-10270","2026-02-27 08:00:00","LINE-C","51","OP-9"
"PLOG-1383","WO-10270","2026-02-27 09:00:00","LINE-C","81","OP-18"
"PLOG-1384","WO-10271","2026-01-15 00:00:00","LINE-A","78","OP-7"
"PLOG-1385","WO-10271","2026-01-15 01:00:00","LINE-A","70","OP-6"
"PLOG-1386","WO-10271","2026-01-15 02:00:00","LINE-A","74","OP-16"
"PLOG-1387","WO-10271","2026-01-15 03:00:00","LINE-A","90","OP-7"
"PLOG-1388","WO-10271","2026-01-15 04:00:00","LINE-A","60","OP-5"
"PLOG-1389","WO-10272","2025-06-20 00:00:00","LINE-A","75","OP-6"
"PLOG-1390","WO-10272","2025-06-20 01:00:00","LINE-A","90","OP-10"
"PLOG-1391","WO-10272","2025-06-20 02:00:00","LINE-A","107","OP-6"
"PLOG-1392","WO-10272","2025-06-20 03:00:00","LINE-A","102","OP-8"
"PLOG-1393","WO-10272","2025-06-20 04:00:00","LINE-A","70","OP-2"
"PLOG-1394","WO-10272","2025-06-20 05:00:00","LINE-A","73","OP-1"
"PLOG-1395","WO-10272","2025-06-20 06:00:00","LINE-A","85","OP-18"
"PLOG-1396","WO-10276","2025-08-08 00:00:00","LINE-C","82","OP-9"
"PLOG-1397","WO-10276","2025-08-08 01:00:00","LINE-C","79","OP-5"
"PLOG-1398","WO-10276","2025-08-08 02:00:00","LINE-C","83","OP-4"
"PLOG-1399","WO-10276","2025-08-08 03:00:00","LINE-C","48","OP-12"
"PLOG-1400","WO-10276","2025-08-08 04:00:00","LINE-C","96","OP-14"
"PLOG-1401","WO-10276","2025-08-08 05:00:00","LINE-C","56","OP-18"
"PLOG-1402","WO-10276","2025-08-08 06:00:00","LINE-C","49","OP-17"
"PLOG-1403","WO-10276","2025-08-08 07:00:00","LINE-C","68","OP-9"
"PLOG-1404","WO-10276","2025-08-08 08:00:00","LINE-C","97","OP-4"
"PLOG-1405","WO-10276","2025-08-08 09:00:00","LINE-C","67","OP-10"
"PLOG-1406","WO-10277","2025-05-02 00:00:00","LINE-B","109","OP-6"
"PLOG-1407","WO-10277","2025-05-02 01:00:00","LINE-B","47","OP-13"
"PLOG-1408","WO-10277","2025-05-02 02:00:00","LINE-B","95","OP-16"
"PLOG-1409","WO-10277","2025-05-02 03:00:00","LINE-B","102","OP-15"
"PLOG-1410","WO-10277","2025-05-02 04:00:00","LINE-B","94","OP-6"
"PLOG-1411","WO-10277","2025-05-02 05:00:00","LINE-B","81","OP-11"
"PLOG-1412","WO-10277","2025-05-02 06:00:00","LINE-B","53","OP-16"
"PLOG-1413","WO-10277","2025-05-02 07:00:00","LINE-B","86","OP-17"
"PLOG-1414","WO-10277","2025-05-02 08:00:00","LINE-B","76","OP-13"
"PLOG-1415","WO-10277","2025-05-02 09:00:00","LINE-B","95","OP-8"
"PLOG-1416","WO-10280","2026-02-04 00:00:00","LINE-A","54","OP-9"
"PLOG-1417","WO-10280","2026-02-04 01:00:00","LINE-A","76","OP-17"
"PLOG-1418","WO-10280","2026-02-04 02:00:00","LINE-A","103","OP-18"
"PLOG-1419","WO-10280","2026-02-04 03:00:00","LINE-A","45","OP-3"
"PLOG-1420","WO-10280","2026-02-04 04:00:00","LINE-A","47","OP-15"
"PLOG-1421","WO-10280","2026-02-04 05:00:00","LINE-A","53","OP-9"
"PLOG-1422","WO-10282","2025-07-21 00:00:00","LINE-C","105","OP-16"
"PLOG-1423","WO-10282","2025-07-21 01:00:00","LINE-C","87","OP-2"
"PLOG-1424","WO-10282","2025-07-21 02:00:00","LINE-C","50","OP-12"
"PLOG-1425","WO-10282","2025-07-21 03:00:00","LINE-C","88","OP-13"
"PLOG-1426","WO-10282","2025-07-21 04:00:00","LINE-C","45","OP-13"
"PLOG-1427","WO-10282","2025-07-21 05:00:00","LINE-C","69","OP-1"
"PLOG-1428","WO-10282","2025-07-21 06:00:00","LINE-C","54","OP-2"
"PLOG-1429","WO-10282","2025-07-21 07:00:00","LINE-C","78","OP-13"
"PLOG-1430","WO-10283","2025-06-27 00:00:00","LINE-A","84","OP-2"
"PLOG-1431","WO-10283","2025-06-27 01:00:00","LINE-A","46","OP-13"
"PLOG-1432","WO-10283","2025-06-27 02:00:00","LINE-A","74","OP-7"
"PLOG-1433","WO-10283","2025-06-27 03:00:00","LINE-A","100","OP-16"
"PLOG-1434","WO-10283","2025-06-27 04:00:00","LINE-A","83","OP-14"
"PLOG-1435","WO-10283","2025-06-27 05:00:00","LINE-A","71","OP-18"
"PLOG-1436","WO-10283","2025-06-27 06:00:00","LINE-A","81","OP-8"
"PLOG-1437","WO-10283","2025-06-27 07:00:00","LINE-A","54","OP-2"
"PLOG-1438","WO-10283","2025-06-27 08:00:00","LINE-A","45","OP-16"
"PLOG-1439","WO-10283","2025-06-27 09:00:00","LINE-A","64","OP-16"
"PLOG-1440","WO-10283","2025-06-27 10:00:00","LINE-A","50","OP-14"
"PLOG-1441","WO-10286","2025-09-07 00:00:00","LINE-A","56","OP-14"
"PLOG-1442","WO-10286","2025-09-07 01:00:00","LINE-A","75","OP-2"
"PLOG-1443","WO-10286","2025-09-07 02:00:00","LINE-A","98","OP-11"
"PLOG-1444","WO-10286","2025-09-07 03:00:00","LINE-A","83","OP-4"
"PLOG-1445","WO-10286","2025-09-07 04:00:00","LINE-A","52","OP-19"
"PLOG-1446","WO-10286","2025-09-07 05:00:00","LINE-A","94","OP-13"
"PLOG-1447","WO-10286","2025-09-07 06:00:00","LINE-A","88","OP-7"
"PLOG-1448","WO-10286","2025-09-07 07:00:00","LINE-A","102","OP-5"
"PLOG-1449","WO-10287","2025-09-07 00:00:00","LINE-A","74","OP-7"
"PLOG-1450","WO-10287","2025-09-07 01:00:00","LINE-A","55","OP-7"
"PLOG-1451","WO-10287","2025-09-07 02:00:00","LINE-A","77","OP-5"
"PLOG-1452","WO-10287","2025-09-07 03:00:00","LINE-A","63","OP-14"
"PLOG-1453","WO-10287","2025-09-07 04:00:00","LINE-A","81","OP-7"
"PLOG-1454","WO-10287","2025-09-07 05:00:00","LINE-A","86","OP-7"
"PLOG-1455","WO-10287","2025-09-07 06:00:00","LINE-A","86","OP-5"
"PLOG-1456","WO-10287","2025-09-07 07:00:00","LINE-A","102","OP-8"
"PLOG-1457","WO-10287","2025-09-07 08:00:00","LINE-A","71","OP-9"
"PLOG-1458","WO-10287","2025-09-07 09:00:00","LINE-A","52","OP-12"
"PLOG-1459","WO-10287","2025-09-07 10:00:00","LINE-A","91","OP-8"
"PLOG-1460","WO-10287","2025-09-07 11:00:00","LINE-A","72","OP-19"
"PLOG-1461","WO-10287","2025-09-07 12:00:00","LINE-A","75","OP-16"
"PLOG-1462","WO-10287","2025-09-07 13:00:00","LINE-A","94","OP-8"
"PLOG-1463","WO-10295","2026-02-04 00:00:00","LINE-C","85","OP-3"
"PLOG-1464","WO-10295","2026-02-04 01:00:00","LINE-C","95","OP-15"
"PLOG-1465","WO-10295","2026-02-04 02:00:00","LINE-C","72","OP-1"
"PLOG-1466","WO-10295","2026-02-04 03:00:00","LINE-C","86","OP-1"
"PLOG-1467","WO-10295","2026-02-04 04:00:00","LINE-C","98","OP-3"
"PLOG-1468","WO-10296","2026-01-26 00:00:00","LINE-B","96","OP-2"
"PLOG-1469","WO-10296","2026-01-26 01:00:00","LINE-B","78","OP-4"
"PLOG-1470","WO-10296","2026-01-26 02:00:00","LINE-B","105","OP-12"
"PLOG-1471","WO-10296","2026-01-26 03:00:00","LINE-B","51","OP-1"
"PLOG-1472","WO-10296","2026-01-26 04:00:00","LINE-B","78","OP-12"
"PLOG-1473","WO-10296","2026-01-26 05:00:00","LINE-B","87","OP-18"
"PLOG-1474","WO-10296","2026-01-26 06:00:00","LINE-B","67","OP-15"
"PLOG-1475","WO-10296","2026-01-26 07:00:00","LINE-B","85","OP-12"
"PLOG-1476","WO-10296","2026-01-26 08:00:00","LINE-B","78","OP-2"
"PLOG-1477","WO-10296","2026-01-26 09:00:00","LINE-B","73","OP-17"
"PLOG-1478","WO-10296","2026-01-26 10:00:00","LINE-B","48","OP-9"
"PLOG-1479","WO-10296","2026-01-26 11:00:00","LINE-B","50","OP-18"
"PLOG-1480","WO-10296","2026-01-26 12:00:00","LINE-B","51","OP-3"
"PLOG-1481","WO-10296","2026-01-26 13:00:00","LINE-B","98","OP-5"
"PLOG-1482","WO-10296","2026-01-26 14:00:00","LINE-B","55","OP-4"
"PLOG-1483","WO-10297","2025-07-07 00:00:00","LINE-A","95","OP-4"
"PLOG-1484","WO-10297","2025-07-07 01:00:00","LINE-A","90","OP-3"
"PLOG-1485","WO-10297","2025-07-07 02:00:00","LINE-A","106","OP-8"
"PLOG-1486","WO-10297","2025-07-07 03:00:00","LINE-A","101","OP-20"
"PLOG-1487","WO-10297","2025-07-07 04:00:00","LINE-A","105","OP-3"
"PLOG-1488","WO-10297","2025-07-07 05:00:00","LINE-A","51","OP-5"
"PLOG-1489","WO-10297","2025-07-07 06:00:00","LINE-A","50","OP-7"
"PLOG-1490","WO-10297","2025-07-07 07:00:00","LINE-A","73","OP-16"
"PLOG-1491","WO-10297","2025-07-07 08:00:00","LINE-A","74","OP-1"
"PLOG-1492","WO-10297","2025-07-07 09:00:00","LINE-A","53","OP-9"
"PLOG-1493","WO-10297","2025-07-07 10:00:00","LINE-A","57","OP-7"
"PLOG-1494","WO-10297","2025-07-07 11:00:00","LINE-A","102","OP-20"
"PLOG-1495","WO-10297","2025-07-07 12:00:00","LINE-A","86","OP-11"
"PLOG-1496","WO-10297","2025-07-07 13:00:00","LINE-A","64","OP-18"
"PLOG-1497","WO-10297","2025-07-07 14:00:00","LINE-A","71","OP-4"
"PLOG-1498","WO-10298","2025-09-14 00:00:00","LINE-A","82","OP-1"
"PLOG-1499","WO-10298","2025-09-14 01:00:00","LINE-A","82","OP-4"
"PLOG-1500","WO-10298","2025-09-14 02:00:00","LINE-A","69","OP-9"
"PLOG-1501","WO-10299","2026-03-19 00:00:00","LINE-B","98","OP-7"
"PLOG-1502","WO-10299","2026-03-19 01:00:00","LINE-B","75","OP-17"
"PLOG-1503","WO-10299","2026-03-19 02:00:00","LINE-B","46","OP-20"
"PLOG-1504","WO-10299","2026-03-19 03:00:00","LINE-B","93","OP-9"
"PLOG-1505","WO-10299","2026-03-19 04:00:00","LINE-B","63","OP-10"
"PLOG-1506","WO-10299","2026-03-19 05:00:00","LINE-B","77","OP-12"
"PLOG-1507","WO-10299","2026-03-19 06:00:00","LINE-B","64","OP-7"
"PLOG-1508","WO-10299","2026-03-19 07:00:00","LINE-B","110","OP-15"
"PLOG-1509","WO-10300","2026-03-24 00:00:00","LINE-A","49","OP-13"
"PLOG-1510","WO-10300","2026-03-24 01:00:00","LINE-A","47","OP-2"
"PLOG-1511","WO-10300","2026-03-24 02:00:00","LINE-A","77","OP-5"
"PLOG-1512","WO-10300","2026-03-24 03:00:00","LINE-A","75","OP-17"
"PLOG-1513","WO-10300","2026-03-24 04:00:00","LINE-A","45","OP-18"
"PLOG-1514","WO-10300","2026-03-24 05:00:00","LINE-A","76","OP-15"
"PLOG-1515","WO-10302","2026-03-21 00:00:00","LINE-A","88","OP-10"
"PLOG-1516","WO-10302","2026-03-21 01:00:00","LINE-A","82","OP-19"
"PLOG-1517","WO-10302","2026-03-21 02:00:00","LINE-A","50","OP-8"
"PLOG-1518","WO-10302","2026-03-21 03:00:00","LINE-A","55","OP-15"
"PLOG-1519","WO-10302","2026-03-21 04:00:00","LINE-A","59","OP-7"
"PLOG-1520","WO-10302","2026-03-21 05:00:00","LINE-A","80","OP-8"
"PLOG-1521","WO-10302","2026-03-21 06:00:00","LINE-A","50","OP-14"
"PLOG-1522","WO-10302","2026-03-21 07:00:00","LINE-A","68","OP-20"
"PLOG-1523","WO-10303","2026-02-13 00:00:00","LINE-B","94","OP-15"
"PLOG-1524","WO-10303","2026-02-13 01:00:00","LINE-B","86","OP-2"
"PLOG-1525","WO-10303","2026-02-13 02:00:00","LINE-B","68","OP-11"
"PLOG-1526","WO-10303","2026-02-13 03:00:00","LINE-B","86","OP-2"
"PLOG-1527","WO-10306","2025-05-08 00:00:00","LINE-A","47","OP-14"
"PLOG-1528","WO-10306","2025-05-08 01:00:00","LINE-A","91","OP-2"
"PLOG-1529","WO-10306","2025-05-08 02:00:00","LINE-A","91","OP-17"
"PLOG-1530","WO-10308","2026-02-24 00:00:00","LINE-A","105","OP-4"
"PLOG-1531","WO-10308","2026-02-24 01:00:00","LINE-A","96","OP-18"
"PLOG-1532","WO-10308","2026-02-24 02:00:00","LINE-A","48","OP-4"
"PLOG-1533","WO-10308","2026-02-24 03:00:00","LINE-A","71","OP-17"
"PLOG-1534","WO-10308","2026-02-24 04:00:00","LINE-A","51","OP-17"
"PLOG-1535","WO-10309","2025-10-07 00:00:00","LINE-B","101","OP-3"
"PLOG-1536","WO-10309","2025-10-07 01:00:00","LINE-B","96","OP-9"
"PLOG-1537","WO-10309","2025-10-07 02:00:00","LINE-B","87","OP-12"
"PLOG-1538","WO-10309","2025-10-07 03:00:00","LINE-B","96","OP-12"
"PLOG-1539","WO-10309","2025-10-07 04:00:00","LINE-B","106","OP-16"
"PLOG-1540","WO-10309","2025-10-07 05:00:00","LINE-B","51","OP-4"
"PLOG-1541","WO-10309","2025-10-07 06:00:00","LINE-B","100","OP-6"
"PLOG-1542","WO-10309","2025-10-07 07:00:00","LINE-B","74","OP-6"
"PLOG-1543","WO-10309","2025-10-07 08:00:00","LINE-B","64","OP-13"
"PLOG-1544","WO-10309","2025-10-07 09:00:00","LINE-B","103","OP-15"
"PLOG-1545","WO-10310","2025-11-22 00:00:00","LINE-B","63","OP-6"
"PLOG-1546","WO-10310","2025-11-22 01:00:00","LINE-B","71","OP-19"
"PLOG-1547","WO-10310","2025-11-22 02:00:00","LINE-B","73","OP-3"
"PLOG-1548","WO-10310","2025-11-22 03:00:00","LINE-B","109","OP-19"
"PLOG-1549","WO-10311","2025-06-02 00:00:00","LINE-A","95","OP-12"
"PLOG-1550","WO-10311","2025-06-02 01:00:00","LINE-A","100","OP-7"
"PLOG-1551","WO-10311","2025-06-02 02:00:00","LINE-A","99","OP-2"
"PLOG-1552","WO-10311","2025-06-02 03:00:00","LINE-A","96","OP-4"
"PLOG-1553","WO-10311","2025-06-02 04:00:00","LINE-A","97","OP-18"
"PLOG-1554","WO-10311","2025-06-02 05:00:00","LINE-A","77","OP-17"
"PLOG-1555","WO-10311","2025-06-02 06:00:00","LINE-A","68","OP-8"
"PLOG-1556","WO-10311","2025-06-02 07:00:00","LINE-A","86","OP-20"
"PLOG-1557","WO-10311","2025-06-02 08:00:00","LINE-A","54","OP-15"
"PLOG-1558","WO-10311","2025-06-02 09:00:00","LINE-A","56","OP-2"
"PLOG-1559","WO-10312","2025-07-08 00:00:00","LINE-B","80","OP-2"
"PLOG-1560","WO-10312","2025-07-08 01:00:00","LINE-B","45","OP-8"
"PLOG-1561","WO-10312","2025-07-08 02:00:00","LINE-B","101","OP-4"
"PLOG-1562","WO-10312","2025-07-08 03:00:00","LINE-B","67","OP-7"
"PLOG-1563","WO-10312","2025-07-08 04:00:00","LINE-B","56","OP-16"
"PLOG-1564","WO-10312","2025-07-08 05:00:00","LINE-B","69","OP-20"
"PLOG-1565","WO-10313","2025-10-06 00:00:00","LINE-B","101","OP-1"
"PLOG-1566","WO-10313","2025-10-06 01:00:00","LINE-B","80","OP-19"
"PLOG-1567","WO-10313","2025-10-06 02:00:00","LINE-B","55","OP-20"
"PLOG-1568","WO-10313","2025-10-06 03:00:00","LINE-B","71","OP-15"
"PLOG-1569","WO-10313","2025-10-06 04:00:00","LINE-B","71","OP-9"
"PLOG-1570","WO-10313","2025-10-06 05:00:00","LINE-B","96","OP-7"
"PLOG-1571","WO-10314","2025-04-12 00:00:00","LINE-B","91","OP-18"
"PLOG-1572","WO-10314","2025-04-12 01:00:00","LINE-B","103","OP-18"
"PLOG-1573","WO-10314","2025-04-12 02:00:00","LINE-B","110","OP-1"
"PLOG-1574","WO-10316","2026-02-19 00:00:00","LINE-B","61","OP-19"
"PLOG-1575","WO-10316","2026-02-19 01:00:00","LINE-B","92","OP-19"
"PLOG-1576","WO-10316","2026-02-19 02:00:00","LINE-B","81","OP-8"
"PLOG-1577","WO-10317","2025-04-08 00:00:00","LINE-B","95","OP-13"
"PLOG-1578","WO-10317","2025-04-08 01:00:00","LINE-B","53","OP-2"
"PLOG-1579","WO-10318","2025-06-06 00:00:00","LINE-C","70","OP-17"
"PLOG-1580","WO-10318","2025-06-06 01:00:00","LINE-C","89","OP-4"
"PLOG-1581","WO-10318","2025-06-06 02:00:00","LINE-C","87","OP-8"
"PLOG-1582","WO-10318","2025-06-06 03:00:00","LINE-C","81","OP-4"
"PLOG-1583","WO-10318","2025-06-06 04:00:00","LINE-C","106","OP-16"
"PLOG-1584","WO-10318","2025-06-06 05:00:00","LINE-C","88","OP-15"
"PLOG-1585","WO-10318","2025-06-06 06:00:00","LINE-C","70","OP-12"
"PLOG-1586","WO-10318","2025-06-06 07:00:00","LINE-C","104","OP-6"
"PLOG-1587","WO-10318","2025-06-06 08:00:00","LINE-C","51","OP-10"
"PLOG-1588","WO-10318","2025-06-06 09:00:00","LINE-C","110","OP-20"
"PLOG-1589","WO-10318","2025-06-06 10:00:00","LINE-C","70","OP-19"
"PLOG-1590","WO-10318","2025-06-06 11:00:00","LINE-C","45","OP-7"
"PLOG-1591","WO-10319","2025-05-10 00:00:00","LINE-B","91","OP-19"
"PLOG-1592","WO-10319","2025-05-10 01:00:00","LINE-B","92","OP-5"
"PLOG-1593","WO-10319","2025-05-10 02:00:00","LINE-B","50","OP-14"
"PLOG-1594","WO-10319","2025-05-10 03:00:00","LINE-B","73","OP-20"
"PLOG-1595","WO-10319","2025-05-10 04:00:00","LINE-B","103","OP-6"
"PLOG-1596","WO-10319","2025-05-10 05:00:00","LINE-B","92","OP-2"
"PLOG-1597","WO-10319","2025-05-10 06:00:00","LINE-B","45","OP-10"
"PLOG-1598","WO-10319","2025-05-10 07:00:00","LINE-B","56","OP-17"
"PLOG-1599","WO-10319","2025-05-10 08:00:00","LINE-B","84","OP-2"
"PLOG-1600","WO-10319","2025-05-10 09:00:00","LINE-B","93","OP-7"
"PLOG-1601","WO-10319","2025-05-10 10:00:00","LINE-B","45","OP-15"
"PLOG-1602","WO-10320","2025-08-24 00:00:00","LINE-A","71","OP-11"
"PLOG-1603","WO-10320","2025-08-24 01:00:00","LINE-A","52","OP-7"
"PLOG-1604","WO-10320","2025-08-24 02:00:00","LINE-A","80","OP-20"
"PLOG-1605","WO-10320","2025-08-24 03:00:00","LINE-A","58","OP-8"
"PLOG-1606","WO-10320","2025-08-24 04:00:00","LINE-A","74","OP-1"
"PLOG-1607","WO-10321","2025-10-08 00:00:00","LINE-A","76","OP-12"
"PLOG-1608","WO-10321","2025-10-08 01:00:00","LINE-A","108","OP-15"
"PLOG-1609","WO-10321","2025-10-08 02:00:00","LINE-A","68","OP-11"
"PLOG-1610","WO-10322","2026-01-09 00:00:00","LINE-C","61","OP-6"
"PLOG-1611","WO-10322","2026-01-09 01:00:00","LINE-C","60","OP-7"
"PLOG-1612","WO-10322","2026-01-09 02:00:00","LINE-C","101","OP-8"
"PLOG-1613","WO-10322","2026-01-09 03:00:00","LINE-C","68","OP-8"
"PLOG-1614","WO-10322","2026-01-09 04:00:00","LINE-C","86","OP-13"
"PLOG-1615","WO-10322","2026-01-09 05:00:00","LINE-C","63","OP-13"
"PLOG-1616","WO-10322","2026-01-09 06:00:00","LINE-C","73","OP-2"
"PLOG-1617","WO-10322","2026-01-09 07:00:00","LINE-C","83","OP-5"
"PLOG-1618","WO-10322","2026-01-09 08:00:00","LINE-C","101","OP-13"
"PLOG-1619","WO-10322","2026-01-09 09:00:00","LINE-C","75","OP-2"
"PLOG-1620","WO-10323","2025-11-27 00:00:00","LINE-C","84","OP-6"
"PLOG-1621","WO-10323","2025-11-27 01:00:00","LINE-C","93","OP-11"
"PLOG-1622","WO-10323","2025-11-27 02:00:00","LINE-C","106","OP-2"
"PLOG-1623","WO-10324","2026-03-04 00:00:00","LINE-A","53","OP-11"
"PLOG-1624","WO-10324","2026-03-04 01:00:00","LINE-A","102","OP-16"
"PLOG-1625","WO-10324","2026-03-04 02:00:00","LINE-A","55","OP-4"
"PLOG-1626","WO-10324","2026-03-04 03:00:00","LINE-A","75","OP-18"
"PLOG-1627","WO-10324","2026-03-04 04:00:00","LINE-A","109","OP-15"
"PLOG-1628","WO-10324","2026-03-04 05:00:00","LINE-A","99","OP-18"
"PLOG-1629","WO-10326","2025-11-05 00:00:00","LINE-C","90","OP-3"
"PLOG-1630","WO-10326","2025-11-05 01:00:00","LINE-C","88","OP-7"
"PLOG-1631","WO-10326","2025-11-05 02:00:00","LINE-C","76","OP-3"
"PLOG-1632","WO-10326","2025-11-05 03:00:00","LINE-C","109","OP-14"
"PLOG-1633","WO-10326","2025-11-05 04:00:00","LINE-C","51","OP-7"
"PLOG-1634","WO-10326","2025-11-05 05:00:00","LINE-C","65","OP-12"
"PLOG-1635","WO-10326","2025-11-05 06:00:00","LINE-C","57","OP-8"
"PLOG-1636","WO-10326","2025-11-05 07:00:00","LINE-C","106","OP-13"
"PLOG-1637","WO-10327","2025-08-25 00:00:00","LINE-A","78","OP-19"
"PLOG-1638","WO-10327","2025-08-25 01:00:00","LINE-A","71","OP-20"
"PLOG-1639","WO-10327","2025-08-25 02:00:00","LINE-A","110","OP-10"
"PLOG-1640","WO-10328","2025-11-10 00:00:00","LINE-B","81","OP-10"
"PLOG-1641","WO-10328","2025-11-10 01:00:00","LINE-B","86","OP-13"
"PLOG-1642","WO-10328","2025-11-10 02:00:00","LINE-B","93","OP-20"
"PLOG-1643","WO-10328","2025-11-10 03:00:00","LINE-B","67","OP-4"
"PLOG-1644","WO-10328","2025-11-10 04:00:00","LINE-B","99","OP-3"
"PLOG-1645","WO-10328","2025-11-10 05:00:00","LINE-B","85","OP-17"
"PLOG-1646","WO-10328","2025-11-10 06:00:00","LINE-B","79","OP-12"
"PLOG-1647","WO-10328","2025-11-10 07:00:00","LINE-B","49","OP-12"
"PLOG-1648","WO-10328","2025-11-10 08:00:00","LINE-B","59","OP-19"
"PLOG-1649","WO-10328","2025-11-10 09:00:00","LINE-B","48","OP-18"
"PLOG-1650","WO-10328","2025-11-10 10:00:00","LINE-B","93","OP-6"
"PLOG-1651","WO-10329","2025-08-30 00:00:00","LINE-B","103","OP-4"
"PLOG-1652","WO-10329","2025-08-30 01:00:00","LINE-B","91","OP-16"
"PLOG-1653","WO-10329","2025-08-30 02:00:00","LINE-B","109","OP-18"
"PLOG-1654","WO-10329","2025-08-30 03:00:00","LINE-B","105","OP-3"
"PLOG-1655","WO-10329","2025-08-30 04:00:00","LINE-B","101","OP-10"
"PLOG-1656","WO-10329","2025-08-30 05:00:00","LINE-B","102","OP-9"
"PLOG-1657","WO-10329","2025-08-30 06:00:00","LINE-B","82","OP-1"
"PLOG-1658","WO-10329","2025-08-30 07:00:00","LINE-B","95","OP-6"
"PLOG-1659","WO-10330","2025-09-22 00:00:00","LINE-A","73","OP-3"
"PLOG-1660","WO-10330","2025-09-22 01:00:00","LINE-A","60","OP-1"
"PLOG-1661","WO-10330","2025-09-22 02:00:00","LINE-A","63","OP-9"
"PLOG-1662","WO-10330","2025-09-22 03:00:00","LINE-A","73","OP-5"
"PLOG-1663","WO-10330","2025-09-22 04:00:00","LINE-A","70","OP-12"
"PLOG-1664","WO-10330","2025-09-22 05:00:00","LINE-A","74","OP-15"
"PLOG-1665","WO-10330","2025-09-22 06:00:00","LINE-A","67","OP-5"
"PLOG-1666","WO-10330","2025-09-22 07:00:00","LINE-A","47","OP-2"
"PLOG-1667","WO-10331","2026-03-03 00:00:00","LINE-A","79","OP-13"
"PLOG-1668","WO-10331","2026-03-03 01:00:00","LINE-A","72","OP-17"
"PLOG-1669","WO-10331","2026-03-03 02:00:00","LINE-A","62","OP-18"
"PLOG-1670","WO-10331","2026-03-03 03:00:00","LINE-A","48","OP-15"
"PLOG-1671","WO-10331","2026-03-03 04:00:00","LINE-A","97","OP-5"
"PLOG-1672","WO-10333","2025-10-19 00:00:00","LINE-A","79","OP-8"
"PLOG-1673","WO-10333","2025-10-19 01:00:00","LINE-A","99","OP-4"
"PLOG-1674","WO-10333","2025-10-19 02:00:00","LINE-A","85","OP-2"
"PLOG-1675","WO-10334","2026-01-22 00:00:00","LINE-B","50","OP-13"
"PLOG-1676","WO-10334","2026-01-22 01:00:00","LINE-B","101","OP-11"
"PLOG-1677","WO-10334","2026-01-22 02:00:00","LINE-B","67","OP-13"
"PLOG-1678","WO-10334","2026-01-22 03:00:00","LINE-B","76","OP-17"
"PLOG-1679","WO-10334","2026-01-22 04:00:00","LINE-B","45","OP-12"
"PLOG-1680","WO-10334","2026-01-22 05:00:00","LINE-B","102","OP-3"
"PLOG-1681","WO-10334","2026-01-22 06:00:00","LINE-B","87","OP-17"
"PLOG-1682","WO-10334","2026-01-22 07:00:00","LINE-B","94","OP-8"
"PLOG-1683","WO-10334","2026-01-22 08:00:00","LINE-B","97","OP-13"
"PLOG-1684","WO-10335","2026-01-16 00:00:00","LINE-B","90","OP-18"
"PLOG-1685","WO-10335","2026-01-16 01:00:00","LINE-B","64","OP-2"
"PLOG-1686","WO-10335","2026-01-16 02:00:00","LINE-B","89","OP-13"
"PLOG-1687","WO-10335","2026-01-16 03:00:00","LINE-B","106","OP-3"
"PLOG-1688","WO-10335","2026-01-16 04:00:00","LINE-B","84","OP-13"
"PLOG-1689","WO-10335","2026-01-16 05:00:00","LINE-B","90","OP-16"
"PLOG-1690","WO-10335","2026-01-16 06:00:00","LINE-B","52","OP-6"
"PLOG-1691","WO-10335","2026-01-16 07:00:00","LINE-B","77","OP-7"
"PLOG-1692","WO-10335","2026-01-16 08:00:00","LINE-B","103","OP-11"
"PLOG-1693","WO-10335","2026-01-16 09:00:00","LINE-B","107","OP-14"
"PLOG-1694","WO-10335","2026-01-16 10:00:00","LINE-B","93","OP-1"
"PLOG-1695","WO-10336","2025-12-17 00:00:00","LINE-C","63","OP-1"
"PLOG-1696","WO-10336","2025-12-17 01:00:00","LINE-C","107","OP-17"
"PLOG-1697","WO-10336","2025-12-17 02:00:00","LINE-C","50","OP-20"
"PLOG-1698","WO-10336","2025-12-17 03:00:00","LINE-C","79","OP-18"
"PLOG-1699","WO-10336","2025-12-17 04:00:00","LINE-C","78","OP-1"
"PLOG-1700","WO-10336","2025-12-17 05:00:00","LINE-C","93","OP-20"
"PLOG-1701","WO-10336","2025-12-17 06:00:00","LINE-C","66","OP-20"
"PLOG-1702","WO-10336","2025-12-17 07:00:00","LINE-C","97","OP-13"
"PLOG-1703","WO-10336","2025-12-17 08:00:00","LINE-C","86","OP-7"
"PLOG-1704","WO-10336","2025-12-17 09:00:00","LINE-C","46","OP-8"
"PLOG-1705","WO-10336","2025-12-17 10:00:00","LINE-C","60","OP-4"
"PLOG-1706","WO-10336","2025-12-17 11:00:00","LINE-C","50","OP-11"
"PLOG-1707","WO-10336","2025-12-17 12:00:00","LINE-C","96","OP-5"
"PLOG-1708","WO-10336","2025-12-17 13:00:00","LINE-C","87","OP-5"
"PLOG-1709","WO-10336","2025-12-17 14:00:00","LINE-C","98","OP-1"
"PLOG-1710","WO-10336","2025-12-17 15:00:00","LINE-C","96","OP-16"
"PLOG-1711","WO-10336","2025-12-17 16:00:00","LINE-C","51","OP-9"
"PLOG-1712","WO-10336","2025-12-17 17:00:00","LINE-C","78","OP-20"
"PLOG-1713","WO-10336","2025-12-17 18:00:00","LINE-C","50","OP-4"
"PLOG-1714","WO-10337","2025-10-15 00:00:00","LINE-C","68","OP-16"
"PLOG-1715","WO-10337","2025-10-15 01:00:00","LINE-C","105","OP-4"
"PLOG-1716","WO-10337","2025-10-15 02:00:00","LINE-C","78","OP-8"
"PLOG-1717","WO-10337","2025-10-15 03:00:00","LINE-C","67","OP-10"
"PLOG-1718","WO-10337","2025-10-15 04:00:00","LINE-C","110","OP-14"
"PLOG-1719","WO-10337","2025-10-15 05:00:00","LINE-C","82","OP-20"
"PLOG-1720","WO-10337","2025-10-15 06:00:00","LINE-C","68","OP-19"
"PLOG-1721","WO-10337","2025-10-15 07:00:00","LINE-C","59","OP-13"
"PLOG-1722","WO-10337","2025-10-15 08:00:00","LINE-C","83","OP-9"
"PLOG-1723","WO-10338","2025-11-20 00:00:00","LINE-A","64","OP-16"
"PLOG-1724","WO-10338","2025-11-20 01:00:00","LINE-A","83","OP-12"
"PLOG-1725","WO-10338","2025-11-20 02:00:00","LINE-A","92","OP-12"
"PLOG-1726","WO-10338","2025-11-20 03:00:00","LINE-A","86","OP-4"
"PLOG-1727","WO-10338","2025-11-20 04:00:00","LINE-A","87","OP-4"
"PLOG-1728","WO-10338","2025-11-20 05:00:00","LINE-A","62","OP-9"
"PLOG-1729","WO-10338","2025-11-20 06:00:00","LINE-A","85","OP-15"
"PLOG-1730","WO-10338","2025-11-20 07:00:00","LINE-A","104","OP-1"
"PLOG-1731","WO-10338","2025-11-20 08:00:00","LINE-A","80","OP-12"
"PLOG-1732","WO-10339","2025-11-30 00:00:00","LINE-A","96","OP-7"
"PLOG-1733","WO-10339","2025-11-30 01:00:00","LINE-A","63","OP-19"
"PLOG-1734","WO-10339","2025-11-30 02:00:00","LINE-A","64","OP-13"
"PLOG-1735","WO-10339","2025-11-30 03:00:00","LINE-A","95","OP-4"
"PLOG-1736","WO-10339","2025-11-30 04:00:00","LINE-A","56","OP-18"
"PLOG-1737","WO-10339","2025-11-30 05:00:00","LINE-A","110","OP-6"
"PLOG-1738","WO-10339","2025-11-30 06:00:00","LINE-A","59","OP-10"
"PLOG-1739","WO-10339","2025-11-30 07:00:00","LINE-A","66","OP-19"
"PLOG-1740","WO-10339","2025-11-30 08:00:00","LINE-A","97","OP-20"
"PLOG-1741","WO-10339","2025-11-30 09:00:00","LINE-A","76","OP-20"
"PLOG-1742","WO-10339","2025-11-30 10:00:00","LINE-A","50","OP-4"
"PLOG-1743","WO-10339","2025-11-30 11:00:00","LINE-A","108","OP-3"
"PLOG-1744","WO-10339","2025-11-30 12:00:00","LINE-A","69","OP-7"
"PLOG-1745","WO-10339","2025-11-30 13:00:00","LINE-A","93","OP-20"
"PLOG-1746","WO-10339","2025-11-30 14:00:00","LINE-A","74","OP-13"
"PLOG-1747","WO-10341","2025-04-18 00:00:00","LINE-C","46","OP-1"
"PLOG-1748","WO-10341","2025-04-18 01:00:00","LINE-C","71","OP-10"
"PLOG-1749","WO-10341","2025-04-18 02:00:00","LINE-C","51","OP-3"
"PLOG-1750","WO-10341","2025-04-18 03:00:00","LINE-C","82","OP-4"
"PLOG-1751","WO-10341","2025-04-18 04:00:00","LINE-C","59","OP-1"
"PLOG-1752","WO-10341","2025-04-18 05:00:00","LINE-C","85","OP-3"
"PLOG-1753","WO-10342","2025-12-14 00:00:00","LINE-A","60","OP-20"
"PLOG-1754","WO-10342","2025-12-14 01:00:00","LINE-A","64","OP-18"
"PLOG-1755","WO-10342","2025-12-14 02:00:00","LINE-A","45","OP-20"
"PLOG-1756","WO-10342","2025-12-14 03:00:00","LINE-A","94","OP-15"
"PLOG-1757","WO-10342","2025-12-14 04:00:00","LINE-A","55","OP-12"
"PLOG-1758","WO-10342","2025-12-14 05:00:00","LINE-A","91","OP-12"
"PLOG-1759","WO-10342","2025-12-14 06:00:00","LINE-A","106","OP-18"
"PLOG-1760","WO-10342","2025-12-14 07:00:00","LINE-A","93","OP-14"
"PLOG-1761","WO-10342","2025-12-14 08:00:00","LINE-A","84","OP-3"
"PLOG-1762","WO-10343","2025-10-18 00:00:00","LINE-B","100","OP-19"
"PLOG-1763","WO-10343","2025-10-18 01:00:00","LINE-B","52","OP-19"
"PLOG-1764","WO-10343","2025-10-18 02:00:00","LINE-B","86","OP-15"
"PLOG-1765","WO-10343","2025-10-18 03:00:00","LINE-B","103","OP-16"
"PLOG-1766","WO-10343","2025-10-18 04:00:00","LINE-B","106","OP-20"
"PLOG-1767","WO-10343","2025-10-18 05:00:00","LINE-B","50","OP-6"
"PLOG-1768","WO-10343","2025-10-18 06:00:00","LINE-B","94","OP-10"
"PLOG-1769","WO-10343","2025-10-18 07:00:00","LINE-B","103","OP-5"
"PLOG-1770","WO-10343","2025-10-18 08:00:00","LINE-B","109","OP-20"
"PLOG-1771","WO-10344","2025-11-30 00:00:00","LINE-B","72","OP-6"
"PLOG-1772","WO-10344","2025-11-30 01:00:00","LINE-B","90","OP-7"
"PLOG-1773","WO-10344","2025-11-30 02:00:00","LINE-B","69","OP-7"
"PLOG-1774","WO-10344","2025-11-30 03:00:00","LINE-B","103","OP-16"
"PLOG-1775","WO-10344","2025-11-30 04:00:00","LINE-B","45","OP-19"
"PLOG-1776","WO-10344","2025-11-30 05:00:00","LINE-B","78","OP-1"
"PLOG-1777","WO-10344","2025-11-30 06:00:00","LINE-B","63","OP-13"
"PLOG-1778","WO-10344","2025-11-30 07:00:00","LINE-B","53","OP-11"
"PLOG-1779","WO-10344","2025-11-30 08:00:00","LINE-B","51","OP-4"
"PLOG-1780","WO-10344","2025-11-30 09:00:00","LINE-B","97","OP-1"
"PLOG-1781","WO-10344","2025-11-30 10:00:00","LINE-B","70","OP-5"
"PLOG-1782","WO-10344","2025-11-30 11:00:00","LINE-B","91","OP-12"
"PLOG-1783","WO-10345","2025-10-30 00:00:00","LINE-A","62","OP-12"
"PLOG-1784","WO-10345","2025-10-30 01:00:00","LINE-A","69","OP-3"
"PLOG-1785","WO-10345","2025-10-30 02:00:00","LINE-A","109","OP-11"
"PLOG-1786","WO-10345","2025-10-30 03:00:00","LINE-A","106","OP-1"
"PLOG-1787","WO-10347","2025-10-15 00:00:00","LINE-B","60","OP-6"
"PLOG-1788","WO-10347","2025-10-15 01:00:00","LINE-B","62","OP-1"
"PLOG-1789","WO-10347","2025-10-15 02:00:00","LINE-B","47","OP-9"
"PLOG-1790","WO-10347","2025-10-15 03:00:00","LINE-B","54","OP-7"
"PLOG-1791","WO-10347","2025-10-15 04:00:00","LINE-B","49","OP-11"
"PLOG-1792","WO-10347","2025-10-15 05:00:00","LINE-B","103","OP-17"
"PLOG-1793","WO-10347","2025-10-15 06:00:00","LINE-B","51","OP-9"
"PLOG-1794","WO-10347","2025-10-15 07:00:00","LINE-B","91","OP-4"
"PLOG-1795","WO-10347","2025-10-15 08:00:00","LINE-B","53","OP-17"
"PLOG-1796","WO-10348","2026-02-04 00:00:00","LINE-A","93","OP-13"
"PLOG-1797","WO-10348","2026-02-04 01:00:00","LINE-A","109","OP-1"
"PLOG-1798","WO-10348","2026-02-04 02:00:00","LINE-A","57","OP-8"
"PLOG-1799","WO-10348","2026-02-04 03:00:00","LINE-A","66","OP-2"
"PLOG-1800","WO-10348","2026-02-04 04:00:00","LINE-A","102","OP-8"
"PLOG-1801","WO-10348","2026-02-04 05:00:00","LINE-A","66","OP-1"
"PLOG-1802","WO-10348","2026-02-04 06:00:00","LINE-A","83","OP-8"
"PLOG-1803","WO-10348","2026-02-04 07:00:00","LINE-A","56","OP-4"
"PLOG-1804","WO-10348","2026-02-04 08:00:00","LINE-A","96","OP-4"
"PLOG-1805","WO-10348","2026-02-04 09:00:00","LINE-A","92","OP-19"
"PLOG-1806","WO-10350","2025-12-07 00:00:00","LINE-C","87","OP-9"
"PLOG-1807","WO-10350","2025-12-07 01:00:00","LINE-C","87","OP-9"
"PLOG-1808","WO-10350","2025-12-07 02:00:00","LINE-C","66","OP-15"
"PLOG-1809","WO-10350","2025-12-07 03:00:00","LINE-C","106","OP-4"
"PLOG-1810","WO-10350","2025-12-07 04:00:00","LINE-C","71","OP-19"
"PLOG-1811","WO-10350","2025-12-07 05:00:00","LINE-C","72","OP-18"
"PLOG-1812","WO-10350","2025-12-07 06:00:00","LINE-C","103","OP-12"
"PLOG-1813","WO-10350","2025-12-07 07:00:00","LINE-C","85","OP-8"
"PLOG-1814","WO-10350","2025-12-07 08:00:00","LINE-C","104","OP-20"
"PLOG-1815","WO-10350","2025-12-07 09:00:00","LINE-C","107","OP-14"
"PLOG-1816","WO-10350","2025-12-07 10:00:00","LINE-C","99","OP-4"
"PLOG-1817","WO-10350","2025-12-07 11:00:00","LINE-C","60","OP-20"
"PLOG-1818","WO-10350","2025-12-07 12:00:00","LINE-C","61","OP-12"
"PLOG-1819","WO-10350","2025-12-07 13:00:00","LINE-C","65","OP-7"
"PLOG-1820","WO-10351","2026-02-09 00:00:00","LINE-C","62","OP-11"
"PLOG-1821","WO-10351","2026-02-09 01:00:00","LINE-C","100","OP-18"
"PLOG-1822","WO-10351","2026-02-09 02:00:00","LINE-C","64","OP-15"
"PLOG-1823","WO-10351","2026-02-09 03:00:00","LINE-C","71","OP-13"
"PLOG-1824","WO-10351","2026-02-09 04:00:00","LINE-C","90","OP-19"
"PLOG-1825","WO-10351","2026-02-09 05:00:00","LINE-C","46","OP-8"
"PLOG-1826","WO-10351","2026-02-09 06:00:00","LINE-C","79","OP-15"
"PLOG-1827","WO-10351","2026-02-09 07:00:00","LINE-C","49","OP-2"
"PLOG-1828","WO-10351","2026-02-09 08:00:00","LINE-C","96","OP-17"
"PLOG-1829","WO-10351","2026-02-09 09:00:00","LINE-C","61","OP-20"
"PLOG-1830","WO-10351","2026-02-09 10:00:00","LINE-C","57","OP-15"
"PLOG-1831","WO-10351","2026-02-09 11:00:00","LINE-C","68","OP-14"
"PLOG-1832","WO-10353","2025-04-14 00:00:00","LINE-C","110","OP-1"
"PLOG-1833","WO-10353","2025-04-14 01:00:00","LINE-C","102","OP-8"
"PLOG-1834","WO-10353","2025-04-14 02:00:00","LINE-C","55","OP-19"
"PLOG-1835","WO-10353","2025-04-14 03:00:00","LINE-C","88","OP-17"
"PLOG-1836","WO-10353","2025-04-14 04:00:00","LINE-C","72","OP-4"
"PLOG-1837","WO-10353","2025-04-14 05:00:00","LINE-C","90","OP-17"
"PLOG-1838","WO-10354","2025-10-13 00:00:00","LINE-C","63","OP-19"
"PLOG-1839","WO-10354","2025-10-13 01:00:00","LINE-C","105","OP-6"
"PLOG-1840","WO-10354","2025-10-13 02:00:00","LINE-C","110","OP-13"
"PLOG-1841","WO-10354","2025-10-13 03:00:00","LINE-C","73","OP-11"
"PLOG-1842","WO-10354","2025-10-13 04:00:00","LINE-C","90","OP-20"
"PLOG-1843","WO-10354","2025-10-13 05:00:00","LINE-C","56","OP-11"
"PLOG-1844","WO-10354","2025-10-13 06:00:00","LINE-C","95","OP-4"
"PLOG-1845","WO-10354","2025-10-13 07:00:00","LINE-C","73","OP-9"
"PLOG-1846","WO-10354","2025-10-13 08:00:00","LINE-C","56","OP-3"
"PLOG-1847","WO-10356","2025-05-20 00:00:00","LINE-C","85","OP-18"
"PLOG-1848","WO-10356","2025-05-20 01:00:00","LINE-C","83","OP-10"
"PLOG-1849","WO-10356","2025-05-20 02:00:00","LINE-C","61","OP-20"
"PLOG-1850","WO-10356","2025-05-20 03:00:00","LINE-C","52","OP-2"
"PLOG-1851","WO-10356","2025-05-20 04:00:00","LINE-C","80","OP-2"
"PLOG-1852","WO-10356","2025-05-20 05:00:00","LINE-C","71","OP-16"
"PLOG-1853","WO-10356","2025-05-20 06:00:00","LINE-C","78","OP-18"
"PLOG-1854","WO-10356","2025-05-20 07:00:00","LINE-C","96","OP-19"
"PLOG-1855","WO-10361","2025-07-31 00:00:00","LINE-B","62","OP-5"
"PLOG-1856","WO-10361","2025-07-31 01:00:00","LINE-B","54","OP-9"
"PLOG-1857","WO-10361","2025-07-31 02:00:00","LINE-B","83","OP-9"
"PLOG-1858","WO-10361","2025-07-31 03:00:00","LINE-B","105","OP-8"
"PLOG-1859","WO-10361","2025-07-31 04:00:00","LINE-B","80","OP-4"
"PLOG-1860","WO-10361","2025-07-31 05:00:00","LINE-B","65","OP-12"
"PLOG-1861","WO-10361","2025-07-31 06:00:00","LINE-B","84","OP-15"
"PLOG-1862","WO-10361","2025-07-31 07:00:00","LINE-B","83","OP-19"
"PLOG-1863","WO-10364","2026-01-08 00:00:00","LINE-C","95","OP-10"
"PLOG-1864","WO-10364","2026-01-08 01:00:00","LINE-C","87","OP-11"
"PLOG-1865","WO-10364","2026-01-08 02:00:00","LINE-C","76","OP-8"
"PLOG-1866","WO-10364","2026-01-08 03:00:00","LINE-C","98","OP-20"
"PLOG-1867","WO-10364","2026-01-08 04:00:00","LINE-C","53","OP-2"
"PLOG-1868","WO-10364","2026-01-08 05:00:00","LINE-C","85","OP-15"
"PLOG-1869","WO-10364","2026-01-08 06:00:00","LINE-C","96","OP-4"
"PLOG-1870","WO-10366","2025-07-10 00:00:00","LINE-C","94","OP-5"
"PLOG-1871","WO-10366","2025-07-10 01:00:00","LINE-C","96","OP-18"
"PLOG-1872","WO-10366","2025-07-10 02:00:00","LINE-C","78","OP-5"
"PLOG-1873","WO-10366","2025-07-10 03:00:00","LINE-C","102","OP-17"
"PLOG-1874","WO-10366","2025-07-10 04:00:00","LINE-C","96","OP-19"
"PLOG-1875","WO-10366","2025-07-10 05:00:00","LINE-C","100","OP-18"
"PLOG-1876","WO-10366","2025-07-10 06:00:00","LINE-C","88","OP-5"
"PLOG-1877","WO-10366","2025-07-10 07:00:00","LINE-C","53","OP-20"
"PLOG-1878","WO-10366","2025-07-10 08:00:00","LINE-C","80","OP-16"
"PLOG-1879","WO-10366","2025-07-10 09:00:00","LINE-C","58","OP-11"
"PLOG-1880","WO-10366","2025-07-10 10:00:00","LINE-C","86","OP-6"
"PLOG-1881","WO-10369","2025-09-25 00:00:00","LINE-C","63","OP-15"
"PLOG-1882","WO-10369","2025-09-25 01:00:00","LINE-C","97","OP-7"
"PLOG-1883","WO-10369","2025-09-25 02:00:00","LINE-C","89","OP-15"
"PLOG-1884","WO-10369","2025-09-25 03:00:00","LINE-C","60","OP-14"
"PLOG-1885","WO-10369","2025-09-25 04:00:00","LINE-C","96","OP-18"
"PLOG-1886","WO-10369","2025-09-25 05:00:00","LINE-C","103","OP-8"
"PLOG-1887","WO-10370","2025-09-15 00:00:00","LINE-A","55","OP-7"
"PLOG-1888","WO-10370","2025-09-15 01:00:00","LINE-A","46","OP-16"
"PLOG-1889","WO-10370","2025-09-15 02:00:00","LINE-A","101","OP-18"
"PLOG-1890","WO-10370","2025-09-15 03:00:00","LINE-A","82","OP-5"
"PLOG-1891","WO-10370","2025-09-15 04:00:00","LINE-A","53","OP-9"
"PLOG-1892","WO-10370","2025-09-15 05:00:00","LINE-A","84","OP-11"
"PLOG-1893","WO-10370","2025-09-15 06:00:00","LINE-A","65","OP-16"
"PLOG-1894","WO-10370","2025-09-15 07:00:00","LINE-A","71","OP-11"
"PLOG-1895","WO-10370","2025-09-15 08:00:00","LINE-A","63","OP-2"
"PLOG-1896","WO-10370","2025-09-15 09:00:00","LINE-A","67","OP-8"
"PLOG-1897","WO-10370","2025-09-15 10:00:00","LINE-A","45","OP-15"
"PLOG-1898","WO-10371","2025-09-25 00:00:00","LINE-C","85","OP-9"
"PLOG-1899","WO-10371","2025-09-25 01:00:00","LINE-C","55","OP-18"
"PLOG-1900","WO-10371","2025-09-25 02:00:00","LINE-C","94","OP-20"
"PLOG-1901","WO-10371","2025-09-25 03:00:00","LINE-C","63","OP-14"
"PLOG-1902","WO-10371","2025-09-25 04:00:00","LINE-C","107","OP-17"
"PLOG-1903","WO-10371","2025-09-25 05:00:00","LINE-C","106","OP-12"
"PLOG-1904","WO-10371","2025-09-25 06:00:00","LINE-C","94","OP-14"
"PLOG-1905","WO-10371","2025-09-25 07:00:00","LINE-C","99","OP-13"
"PLOG-1906","WO-10371","2025-09-25 08:00:00","LINE-C","49","OP-16"
"PLOG-1907","WO-10371","2025-09-25 09:00:00","LINE-C","87","OP-12"
"PLOG-1908","WO-10371","2025-09-25 10:00:00","LINE-C","110","OP-10"
"PLOG-1909","WO-10371","2025-09-25 11:00:00","LINE-C","66","OP-7"
"PLOG-1910","WO-10374","2025-08-22 00:00:00","LINE-A","91","OP-11"
"PLOG-1911","WO-10374","2025-08-22 01:00:00","LINE-A","86","OP-8"
"PLOG-1912","WO-10374","2025-08-22 02:00:00","LINE-A","80","OP-6"
"PLOG-1913","WO-10374","2025-08-22 03:00:00","LINE-A","105","OP-7"
"PLOG-1914","WO-10374","2025-08-22 04:00:00","LINE-A","47","OP-2"
"PLOG-1915","WO-10374","2025-08-22 05:00:00","LINE-A","85","OP-17"
"PLOG-1916","WO-10374","2025-08-22 06:00:00","LINE-A","91","OP-9"
"PLOG-1917","WO-10374","2025-08-22 07:00:00","LINE-A","109","OP-9"
"PLOG-1918","WO-10374","2025-08-22 08:00:00","LINE-A","76","OP-19"
"PLOG-1919","WO-10374","2025-08-22 09:00:00","LINE-A","80","OP-10"
"PLOG-1920","WO-10374","2025-08-22 10:00:00","LINE-A","87","OP-4"
"PLOG-1921","WO-10375","2025-10-08 00:00:00","LINE-B","66","OP-5"
"PLOG-1922","WO-10375","2025-10-08 01:00:00","LINE-B","47","OP-19"
"PLOG-1923","WO-10375","2025-10-08 02:00:00","LINE-B","96","OP-2"
"PLOG-1924","WO-10375","2025-10-08 03:00:00","LINE-B","86","OP-19"
"PLOG-1925","WO-10375","2025-10-08 04:00:00","LINE-B","74","OP-17"
"PLOG-1926","WO-10375","2025-10-08 05:00:00","LINE-B","75","OP-14"
"PLOG-1927","WO-10375","2025-10-08 06:00:00","LINE-B","48","OP-7"
"PLOG-1928","WO-10376","2025-06-14 00:00:00","LINE-B","76","OP-11"
"PLOG-1929","WO-10376","2025-06-14 01:00:00","LINE-B","107","OP-8"
"PLOG-1930","WO-10376","2025-06-14 02:00:00","LINE-B","57","OP-6"
"PLOG-1931","WO-10376","2025-06-14 03:00:00","LINE-B","50","OP-10"
"PLOG-1932","WO-10376","2025-06-14 04:00:00","LINE-B","86","OP-6"
"PLOG-1933","WO-10376","2025-06-14 05:00:00","LINE-B","56","OP-3"
"PLOG-1934","WO-10376","2025-06-14 06:00:00","LINE-B","72","OP-15"
"PLOG-1935","WO-10376","2025-06-14 07:00:00","LINE-B","97","OP-8"
"PLOG-1936","WO-10376","2025-06-14 08:00:00","LINE-B","97","OP-3"
"PLOG-1937","WO-10376","2025-06-14 09:00:00","LINE-B","100","OP-15"
"PLOG-1938","WO-10376","2025-06-14 10:00:00","LINE-B","65","OP-15"
"PLOG-1939","WO-10376","2025-06-14 11:00:00","LINE-B","105","OP-11"
"PLOG-1940","WO-10376","2025-06-14 12:00:00","LINE-B","93","OP-7"
"PLOG-1941","WO-10376","2025-06-14 13:00:00","LINE-B","79","OP-9"
"PLOG-1942","WO-10377","2025-04-14 00:00:00","LINE-C","75","OP-14"
"PLOG-1943","WO-10377","2025-04-14 01:00:00","LINE-C","92","OP-6"
"PLOG-1944","WO-10377","2025-04-14 02:00:00","LINE-C","66","OP-7"
"PLOG-1945","WO-10379","2025-10-12 00:00:00","LINE-B","76","OP-10"
"PLOG-1946","WO-10379","2025-10-12 01:00:00","LINE-B","47","OP-18"
"PLOG-1947","WO-10379","2025-10-12 02:00:00","LINE-B","54","OP-19"
"PLOG-1948","WO-10380","2025-05-14 00:00:00","LINE-C","106","OP-11"
"PLOG-1949","WO-10380","2025-05-14 01:00:00","LINE-C","82","OP-10"
"PLOG-1950","WO-10380","2025-05-14 02:00:00","LINE-C","64","OP-18"
"PLOG-1951","WO-10380","2025-05-14 03:00:00","LINE-C","57","OP-7"
"PLOG-1952","WO-10380","2025-05-14 04:00:00","LINE-C","109","OP-5"
"PLOG-1953","WO-10380","2025-05-14 05:00:00","LINE-C","79","OP-8"
"PLOG-1954","WO-10380","2025-05-14 06:00:00","LINE-C","103","OP-13"
"PLOG-1955","WO-10381","2025-08-15 00:00:00","LINE-A","103","OP-20"
"PLOG-1956","WO-10381","2025-08-15 01:00:00","LINE-A","95","OP-6"
"PLOG-1957","WO-10381","2025-08-15 02:00:00","LINE-A","102","OP-5"
"PLOG-1958","WO-10381","2025-08-15 03:00:00","LINE-A","93","OP-12"
"PLOG-1959","WO-10381","2025-08-15 04:00:00","LINE-A","46","OP-11"
"PLOG-1960","WO-10381","2025-08-15 05:00:00","LINE-A","104","OP-4"
"PLOG-1961","WO-10381","2025-08-15 06:00:00","LINE-A","51","OP-6"
"PLOG-1962","WO-10381","2025-08-15 07:00:00","LINE-A","59","OP-17"
"PLOG-1963","WO-10381","2025-08-15 08:00:00","LINE-A","109","OP-3"
"PLOG-1964","WO-10381","2025-08-15 09:00:00","LINE-A","66","OP-4"
"PLOG-1965","WO-10383","2025-09-12 00:00:00","LINE-B","97","OP-1"
"PLOG-1966","WO-10383","2025-09-12 01:00:00","LINE-B","62","OP-17"
"PLOG-1967","WO-10383","2025-09-12 02:00:00","LINE-B","45","OP-7"
"PLOG-1968","WO-10383","2025-09-12 03:00:00","LINE-B","71","OP-15"
"PLOG-1969","WO-10383","2025-09-12 04:00:00","LINE-B","46","OP-14"
"PLOG-1970","WO-10384","2025-10-24 00:00:00","LINE-B","71","OP-16"
"PLOG-1971","WO-10384","2025-10-24 01:00:00","LINE-B","60","OP-10"
"PLOG-1972","WO-10384","2025-10-24 02:00:00","LINE-B","64","OP-4"
"PLOG-1973","WO-10384","2025-10-24 03:00:00","LINE-B","77","OP-19"
"PLOG-1974","WO-10384","2025-10-24 04:00:00","LINE-B","96","OP-5"
"PLOG-1975","WO-10384","2025-10-24 05:00:00","LINE-B","86","OP-9"
"PLOG-1976","WO-10385","2025-08-03 00:00:00","LINE-B","64","OP-12"
"PLOG-1977","WO-10385","2025-08-03 01:00:00","LINE-B","100","OP-15"
"PLOG-1978","WO-10385","2025-08-03 02:00:00","LINE-B","70","OP-17"
"PLOG-1979","WO-10385","2025-08-03 03:00:00","LINE-B","95","OP-14"
"PLOG-1980","WO-10385","2025-08-03 04:00:00","LINE-B","98","OP-3"
"PLOG-1981","WO-10385","2025-08-03 05:00:00","LINE-B","74","OP-19"
"PLOG-1982","WO-10385","2025-08-03 06:00:00","LINE-B","94","OP-16"
"PLOG-1983","WO-10385","2025-08-03 07:00:00","LINE-B","74","OP-7"
"PLOG-1984","WO-10385","2025-08-03 08:00:00","LINE-B","88","OP-17"
"PLOG-1985","WO-10385","2025-08-03 09:00:00","LINE-B","73","OP-8"
"PLOG-1986","WO-10385","2025-08-03 10:00:00","LINE-B","104","OP-11"
"PLOG-1987","WO-10385","2025-08-03 11:00:00","LINE-B","87","OP-17"
"PLOG-1988","WO-10385","2025-08-03 12:00:00","LINE-B","88","OP-14"
"PLOG-1989","WO-10387","2025-10-26 00:00:00","LINE-A","64","OP-12"
"PLOG-1990","WO-10387","2025-10-26 01:00:00","LINE-A","50","OP-3"
"PLOG-1991","WO-10387","2025-10-26 02:00:00","LINE-A","99","OP-20"
"PLOG-1992","WO-10387","2025-10-26 03:00:00","LINE-A","110","OP-2"
"PLOG-1993","WO-10387","2025-10-26 04:00:00","LINE-A","96","OP-18"
"PLOG-1994","WO-10387","2025-10-26 05:00:00","LINE-A","92","OP-4"
"PLOG-1995","WO-10387","2025-10-26 06:00:00","LINE-A","94","OP-19"
"PLOG-1996","WO-10387","2025-10-26 07:00:00","LINE-A","89","OP-12"
"PLOG-1997","WO-10387","2025-10-26 08:00:00","LINE-A","48","OP-8"
"PLOG-1998","WO-10387","2025-10-26 09:00:00","LINE-A","91","OP-1"
"PLOG-1999","WO-10387","2025-10-26 10:00:00","LINE-A","83","OP-12"
"PLOG-2000","WO-10388","2025-04-18 00:00:00","LINE-A","63","OP-13"
"PLOG-2001","WO-10388","2025-04-18 01:00:00","LINE-A","45","OP-1"
"PLOG-2002","WO-10388","2025-04-18 02:00:00","LINE-A","82","OP-12"
"PLOG-2003","WO-10388","2025-04-18 03:00:00","LINE-A","47","OP-7"
"PLOG-2004","WO-10388","2025-04-18 04:00:00","LINE-A","61","OP-14"
"PLOG-2005","WO-10388","2025-04-18 05:00:00","LINE-A","91","OP-17"
"PLOG-2006","WO-10388","2025-04-18 06:00:00","LINE-A","54","OP-1"
"PLOG-2007","WO-10388","2025-04-18 07:00:00","LINE-A","80","OP-18"
"PLOG-2008","WO-10388","2025-04-18 08:00:00","LINE-A","108","OP-10"
"PLOG-2009","WO-10389","2026-01-02 00:00:00","LINE-A","67","OP-9"
"PLOG-2010","WO-10389","2026-01-02 01:00:00","LINE-A","61","OP-2"
"PLOG-2011","WO-10389","2026-01-02 02:00:00","LINE-A","49","OP-11"
"PLOG-2012","WO-10389","2026-01-02 03:00:00","LINE-A","105","OP-5"
"PLOG-2013","WO-10389","2026-01-02 04:00:00","LINE-A","46","OP-8"
"PLOG-2014","WO-10389","2026-01-02 05:00:00","LINE-A","46","OP-14"
"PLOG-2015","WO-10389","2026-01-02 06:00:00","LINE-A","60","OP-9"
"PLOG-2016","WO-10389","2026-01-02 07:00:00","LINE-A","87","OP-1"
"PLOG-2017","WO-10389","2026-01-02 08:00:00","LINE-A","46","OP-7"
"PLOG-2018","WO-10390","2025-09-27 00:00:00","LINE-B","84","OP-2"
"PLOG-2019","WO-10390","2025-09-27 01:00:00","LINE-B","109","OP-18"
"PLOG-2020","WO-10390","2025-09-27 02:00:00","LINE-B","102","OP-11"
"PLOG-2021","WO-10390","2025-09-27 03:00:00","LINE-B","68","OP-15"
"PLOG-2022","WO-10390","2025-09-27 04:00:00","LINE-B","91","OP-16"
"PLOG-2023","WO-10390","2025-09-27 05:00:00","LINE-B","57","OP-19"
"PLOG-2024","WO-10392","2026-03-10 00:00:00","LINE-C","63","OP-15"
"PLOG-2025","WO-10392","2026-03-10 01:00:00","LINE-C","108","OP-3"
"PLOG-2026","WO-10392","2026-03-10 02:00:00","LINE-C","48","OP-20"
"PLOG-2027","WO-10392","2026-03-10 03:00:00","LINE-C","45","OP-18"
"PLOG-2028","WO-10392","2026-03-10 04:00:00","LINE-C","101","OP-18"
"PLOG-2029","WO-10392","2026-03-10 05:00:00","LINE-C","61","OP-17"
"PLOG-2030","WO-10392","2026-03-10 06:00:00","LINE-C","85","OP-20"
"PLOG-2031","WO-10392","2026-03-10 07:00:00","LINE-C","102","OP-4"
"PLOG-2032","WO-10392","2026-03-10 08:00:00","LINE-C","96","OP-8"
"PLOG-2033","WO-10393","2025-08-30 00:00:00","LINE-C","54","OP-1"
"PLOG-2034","WO-10393","2025-08-30 01:00:00","LINE-C","75","OP-4"
"PLOG-2035","WO-10393","2025-08-30 02:00:00","LINE-C","87","OP-14"
"PLOG-2036","WO-10393","2025-08-30 03:00:00","LINE-C","72","OP-6"
"PLOG-2037","WO-10393","2025-08-30 04:00:00","LINE-C","71","OP-13"
"PLOG-2038","WO-10393","2025-08-30 05:00:00","LINE-C","51","OP-14"
"PLOG-2039","WO-10393","2025-08-30 06:00:00","LINE-C","84","OP-5"
"PLOG-2040","WO-10393","2025-08-30 07:00:00","LINE-C","53","OP-15"
"PLOG-2041","WO-10393","2025-08-30 08:00:00","LINE-C","83","OP-1"
"PLOG-2042","WO-10393","2025-08-30 09:00:00","LINE-C","49","OP-14"
"PLOG-2043","WO-10393","2025-08-30 10:00:00","LINE-C","52","OP-18"
"PLOG-2044","WO-10393","2025-08-30 11:00:00","LINE-C","76","OP-7"
"PLOG-2045","WO-10393","2025-08-30 12:00:00","LINE-C","76","OP-3"
"PLOG-2046","WO-10393","2025-08-30 13:00:00","LINE-C","89","OP-14"
"PLOG-2047","WO-10394","2025-07-29 00:00:00","LINE-A","89","OP-18"
"PLOG-2048","WO-10394","2025-07-29 01:00:00","LINE-A","92","OP-10"
"PLOG-2049","WO-10394","2025-07-29 02:00:00","LINE-A","63","OP-13"
"PLOG-2050","WO-10394","2025-07-29 03:00:00","LINE-A","97","OP-10"
"PLOG-2051","WO-10394","2025-07-29 04:00:00","LINE-A","64","OP-19"
"PLOG-2052","WO-10394","2025-07-29 05:00:00","LINE-A","101","OP-2"
"PLOG-2053","WO-10397","2025-09-15 00:00:00","LINE-A","48","OP-11"
"PLOG-2054","WO-10397","2025-09-15 01:00:00","LINE-A","59","OP-5"
"PLOG-2055","WO-10398","2025-10-05 00:00:00","LINE-C","104","OP-2"
"PLOG-2056","WO-10398","2025-10-05 01:00:00","LINE-C","72","OP-18"
"PLOG-2057","WO-10398","2025-10-05 02:00:00","LINE-C","97","OP-11"
"PLOG-2058","WO-10398","2025-10-05 03:00:00","LINE-C","59","OP-11"
"PLOG-2059","WO-10398","2025-10-05 04:00:00","LINE-C","60","OP-6"
"PLOG-2060","WO-10398","2025-10-05 05:00:00","LINE-C","85","OP-4"
"PLOG-2061","WO-10398","2025-10-05 06:00:00","LINE-C","62","OP-14"
"PLOG-2062","WO-10398","2025-10-05 07:00:00","LINE-C","48","OP-15"
"PLOG-2063","WO-10398","2025-10-05 08:00:00","LINE-C","86","OP-9"
"PLOG-2064","WO-10398","2025-10-05 09:00:00","LINE-C","58","OP-19"
"PLOG-2065","WO-10398","2025-10-05 10:00:00","LINE-C","95","OP-19"
"PLOG-2066","WO-10398","2025-10-05 11:00:00","LINE-C","73","OP-13"
"PLOG-2067","WO-10399","2026-03-05 00:00:00","LINE-C","87","OP-16"
"PLOG-2068","WO-10399","2026-03-05 01:00:00","LINE-C","100","OP-10"
"PLOG-2069","WO-10399","2026-03-05 02:00:00","LINE-C","77","OP-1"
"PLOG-2070","WO-10399","2026-03-05 03:00:00","LINE-C","91","OP-18"
"PLOG-2071","WO-10399","2026-03-05 04:00:00","LINE-C","91","OP-14"
"PLOG-2072","WO-10399","2026-03-05 05:00:00","LINE-C","53","OP-6"
"PLOG-2073","WO-10399","2026-03-05 06:00:00","LINE-C","75","OP-15"
"PLOG-2074","WO-10399","2026-03-05 07:00:00","LINE-C","107","OP-18"
"PLOG-2075","WO-10399","2026-03-05 08:00:00","LINE-C","57","OP-13"
"PLOG-2076","WO-10399","2026-03-05 09:00:00","LINE-C","68","OP-9"
"PLOG-2077","WO-10399","2026-03-05 10:00:00","LINE-C","54","OP-9"
"PLOG-2078","WO-10400","2026-02-19 00:00:00","LINE-B","53","OP-19"
"PLOG-2079","WO-10400","2026-02-19 01:00:00","LINE-B","61","OP-3"
"PLOG-2080","WO-10400","2026-02-19 02:00:00","LINE-B","69","OP-9"
"PLOG-2081","WO-10400","2026-02-19 03:00:00","LINE-B","89","OP-14"
"PLOG-2082","WO-10400","2026-02-19 04:00:00","LINE-B","73","OP-14"
"PLOG-2083","WO-10400","2026-02-19 05:00:00","LINE-B","57","OP-5"
"PLOG-2084","WO-10400","2026-02-19 06:00:00","LINE-B","49","OP-4"
"PLOG-2085","WO-10400","2026-02-19 07:00:00","LINE-B","85","OP-13"
"PLOG-2086","WO-10400","2026-02-19 08:00:00","LINE-B","57","OP-2"
"PLOG-2087","WO-10402","2025-12-25 00:00:00","LINE-B","98","OP-1"
"PLOG-2088","WO-10402","2025-12-25 01:00:00","LINE-B","47","OP-7"
"PLOG-2089","WO-10402","2025-12-25 02:00:00","LINE-B","105","OP-6"
"PLOG-2090","WO-10402","2025-12-25 03:00:00","LINE-B","70","OP-12"
"PLOG-2091","WO-10402","2025-12-25 04:00:00","LINE-B","56","OP-2"
"PLOG-2092","WO-10402","2025-12-25 05:00:00","LINE-B","71","OP-5"
"PLOG-2093","WO-10402","2025-12-25 06:00:00","LINE-B","105","OP-20"
"PLOG-2094","WO-10402","2025-12-25 07:00:00","LINE-B","45","OP-10"
"PLOG-2095","WO-10403","2026-02-27 00:00:00","LINE-C","97","OP-3"
"PLOG-2096","WO-10403","2026-02-27 01:00:00","LINE-C","45","OP-6"
"PLOG-2097","WO-10403","2026-02-27 02:00:00","LINE-C","75","OP-11"
"PLOG-2098","WO-10403","2026-02-27 03:00:00","LINE-C","45","OP-20"
"PLOG-2099","WO-10403","2026-02-27 04:00:00","LINE-C","45","OP-15"
"PLOG-2100","WO-10403","2026-02-27 05:00:00","LINE-C","98","OP-18"
"PLOG-2101","WO-10403","2026-02-27 06:00:00","LINE-C","106","OP-5"
"PLOG-2102","WO-10403","2026-02-27 07:00:00","LINE-C","107","OP-3"
"PLOG-2103","WO-10403","2026-02-27 08:00:00","LINE-C","55","OP-20"
"PLOG-2104","WO-10405","2025-04-23 00:00:00","LINE-A","69","OP-20"
"PLOG-2105","WO-10405","2025-04-23 01:00:00","LINE-A","60","OP-19"
"PLOG-2106","WO-10405","2025-04-23 02:00:00","LINE-A","109","OP-7"
"PLOG-2107","WO-10405","2025-04-23 03:00:00","LINE-A","84","OP-11"
"PLOG-2108","WO-10405","2025-04-23 04:00:00","LINE-A","56","OP-12"
"PLOG-2109","WO-10405","2025-04-23 05:00:00","LINE-A","108","OP-6"
"PLOG-2110","WO-10407","2026-02-23 00:00:00","LINE-B","61","OP-17"
"PLOG-2111","WO-10407","2026-02-23 01:00:00","LINE-B","98","OP-16"
"PLOG-2112","WO-10407","2026-02-23 02:00:00","LINE-B","77","OP-3"
"PLOG-2113","WO-10407","2026-02-23 03:00:00","LINE-B","76","OP-9"
"PLOG-2114","WO-10407","2026-02-23 04:00:00","LINE-B","59","OP-15"
"PLOG-2115","WO-10407","2026-02-23 05:00:00","LINE-B","48","OP-15"
"PLOG-2116","WO-10407","2026-02-23 06:00:00","LINE-B","76","OP-11"
"PLOG-2117","WO-10407","2026-02-23 07:00:00","LINE-B","103","OP-12"
"PLOG-2118","WO-10407","2026-02-23 08:00:00","LINE-B","106","OP-9"
"PLOG-2119","WO-10407","2026-02-23 09:00:00","LINE-B","108","OP-2"
"PLOG-2120","WO-10407","2026-02-23 10:00:00","LINE-B","47","OP-15"
"PLOG-2121","WO-10407","2026-02-23 11:00:00","LINE-B","105","OP-12"
"PLOG-2122","WO-10407","2026-02-23 12:00:00","LINE-B","63","OP-5"
"PLOG-2123","WO-10408","2026-02-13 00:00:00","LINE-C","67","OP-14"
"PLOG-2124","WO-10408","2026-02-13 01:00:00","LINE-C","54","OP-19"
"PLOG-2125","WO-10408","2026-02-13 02:00:00","LINE-C","99","OP-20"
"PLOG-2126","WO-10408","2026-02-13 03:00:00","LINE-C","56","OP-15"
"PLOG-2127","WO-10408","2026-02-13 04:00:00","LINE-C","64","OP-13"
"PLOG-2128","WO-10408","2026-02-13 05:00:00","LINE-C","89","OP-10"
"PLOG-2129","WO-10409","2025-06-22 00:00:00","LINE-C","84","OP-8"
"PLOG-2130","WO-10409","2025-06-22 01:00:00","LINE-C","55","OP-15"
"PLOG-2131","WO-10409","2025-06-22 02:00:00","LINE-C","76","OP-18"
"PLOG-2132","WO-10409","2025-06-22 03:00:00","LINE-C","90","OP-14"
"PLOG-2133","WO-10410","2026-03-02 00:00:00","LINE-B","98","OP-11"
"PLOG-2134","WO-10410","2026-03-02 01:00:00","LINE-B","67","OP-17"
"PLOG-2135","WO-10410","2026-03-02 02:00:00","LINE-B","99","OP-5"
"PLOG-2136","WO-10411","2025-09-16 00:00:00","LINE-C","98","OP-12"
"PLOG-2137","WO-10411","2025-09-16 01:00:00","LINE-C","61","OP-15"
"PLOG-2138","WO-10411","2025-09-16 02:00:00","LINE-C","57","OP-17"
"PLOG-2139","WO-10411","2025-09-16 03:00:00","LINE-C","80","OP-5"
"PLOG-2140","WO-10411","2025-09-16 04:00:00","LINE-C","59","OP-14"
"PLOG-2141","WO-10411","2025-09-16 05:00:00","LINE-C","87","OP-19"
"PLOG-2142","WO-10413","2025-11-28 00:00:00","LINE-C","70","OP-14"
"PLOG-2143","WO-10413","2025-11-28 01:00:00","LINE-C","84","OP-20"
"PLOG-2144","WO-10413","2025-11-28 02:00:00","LINE-C","68","OP-8"
"PLOG-2145","WO-10413","2025-11-28 03:00:00","LINE-C","52","OP-7"
"PLOG-2146","WO-10413","2025-11-28 04:00:00","LINE-C","56","OP-7"
"PLOG-2147","WO-10413","2025-11-28 05:00:00","LINE-C","53","OP-4"
"PLOG-2148","WO-10413","2025-11-28 06:00:00","LINE-C","100","OP-6"
"PLOG-2149","WO-10413","2025-11-28 07:00:00","LINE-C","89","OP-8"
"PLOG-2150","WO-10414","2026-03-08 00:00:00","LINE-C","63","OP-16"
"PLOG-2151","WO-10414","2026-03-08 01:00:00","LINE-C","62","OP-15"
"PLOG-2152","WO-10414","2026-03-08 02:00:00","LINE-C","52","OP-6"
"PLOG-2153","WO-10414","2026-03-08 03:00:00","LINE-C","108","OP-11"
"PLOG-2154","WO-10414","2026-03-08 04:00:00","LINE-C","66","OP-5"
"PLOG-2155","WO-10414","2026-03-08 05:00:00","LINE-C","85","OP-13"
"PLOG-2156","WO-10414","2026-03-08 06:00:00","LINE-C","86","OP-11"
"PLOG-2157","WO-10414","2026-03-08 07:00:00","LINE-C","60","OP-18"
"PLOG-2158","WO-10414","2026-03-08 08:00:00","LINE-C","70","OP-15"
"PLOG-2159","WO-10414","2026-03-08 09:00:00","LINE-C","106","OP-8"
"PLOG-2160","WO-10416","2025-05-25 00:00:00","LINE-A","75","OP-2"
"PLOG-2161","WO-10416","2025-05-25 01:00:00","LINE-A","76","OP-8"
"PLOG-2162","WO-10416","2025-05-25 02:00:00","LINE-A","58","OP-5"
"PLOG-2163","WO-10416","2025-05-25 03:00:00","LINE-A","97","OP-11"
"PLOG-2164","WO-10416","2025-05-25 04:00:00","LINE-A","87","OP-19"
"PLOG-2165","WO-10416","2025-05-25 05:00:00","LINE-A","71","OP-17"
"PLOG-2166","WO-10416","2025-05-25 06:00:00","LINE-A","98","OP-10"
"PLOG-2167","WO-10416","2025-05-25 07:00:00","LINE-A","107","OP-6"
"PLOG-2168","WO-10417","2025-08-14 00:00:00","LINE-C","86","OP-6"
"PLOG-2169","WO-10417","2025-08-14 01:00:00","LINE-C","101","OP-9"
"PLOG-2170","WO-10417","2025-08-14 02:00:00","LINE-C","60","OP-8"
"PLOG-2171","WO-10417","2025-08-14 03:00:00","LINE-C","54","OP-17"
"PLOG-2172","WO-10417","2025-08-14 04:00:00","LINE-C","106","OP-18"
"PLOG-2173","WO-10417","2025-08-14 05:00:00","LINE-C","99","OP-3"
"PLOG-2174","WO-10419","2025-12-12 00:00:00","LINE-A","105","OP-13"
"PLOG-2175","WO-10419","2025-12-12 01:00:00","LINE-A","54","OP-4"
"PLOG-2176","WO-10419","2025-12-12 02:00:00","LINE-A","52","OP-11"
"PLOG-2177","WO-10419","2025-12-12 03:00:00","LINE-A","47","OP-12"
"PLOG-2178","WO-10419","2025-12-12 04:00:00","LINE-A","101","OP-14"
"PLOG-2179","WO-10419","2025-12-12 05:00:00","LINE-A","68","OP-17"
"PLOG-2180","WO-10419","2025-12-12 06:00:00","LINE-A","85","OP-20"
"PLOG-2181","WO-10419","2025-12-12 07:00:00","LINE-A","110","OP-5"
"PLOG-2182","WO-10419","2025-12-12 08:00:00","LINE-A","99","OP-10"
"PLOG-2183","WO-10419","2025-12-12 09:00:00","LINE-A","101","OP-16"
"PLOG-2184","WO-10419","2025-12-12 10:00:00","LINE-A","81","OP-7"
"PLOG-2185","WO-10419","2025-12-12 11:00:00","LINE-A","56","OP-12"
"PLOG-2186","WO-10419","2025-12-12 12:00:00","LINE-A","62","OP-5"
"PLOG-2187","WO-10419","2025-12-12 13:00:00","LINE-A","50","OP-1"
"PLOG-2188","WO-10420","2025-11-18 00:00:00","LINE-A","82","OP-4"
"PLOG-2189","WO-10420","2025-11-18 01:00:00","LINE-A","85","OP-4"
"PLOG-2190","WO-10420","2025-11-18 02:00:00","LINE-A","98","OP-6"
"PLOG-2191","WO-10421","2026-03-13 00:00:00","LINE-A","61","OP-12"
"PLOG-2192","WO-10421","2026-03-13 01:00:00","LINE-A","90","OP-18"
"PLOG-2193","WO-10421","2026-03-13 02:00:00","LINE-A","105","OP-4"
"PLOG-2194","WO-10421","2026-03-13 03:00:00","LINE-A","85","OP-18"
"PLOG-2195","WO-10421","2026-03-13 04:00:00","LINE-A","58","OP-18"
"PLOG-2196","WO-10421","2026-03-13 05:00:00","LINE-A","104","OP-15"
"PLOG-2197","WO-10421","2026-03-13 06:00:00","LINE-A","90","OP-7"
"PLOG-2198","WO-10423","2025-05-11 00:00:00","LINE-A","45","OP-2"
"PLOG-2199","WO-10423","2025-05-11 01:00:00","LINE-A","46","OP-13"
"PLOG-2200","WO-10423","2025-05-11 02:00:00","LINE-A","96","OP-17"
"PLOG-2201","WO-10423","2025-05-11 03:00:00","LINE-A","92","OP-7"
"PLOG-2202","WO-10423","2025-05-11 04:00:00","LINE-A","110","OP-14"
"PLOG-2203","WO-10423","2025-05-11 05:00:00","LINE-A","73","OP-8"
"PLOG-2204","WO-10423","2025-05-11 06:00:00","LINE-A","106","OP-9"
"PLOG-2205","WO-10423","2025-05-11 07:00:00","LINE-A","83","OP-19"
"PLOG-2206","WO-10423","2025-05-11 08:00:00","LINE-A","92","OP-8"
"PLOG-2207","WO-10423","2025-05-11 09:00:00","LINE-A","68","OP-7"
"PLOG-2208","WO-10423","2025-05-11 10:00:00","LINE-A","70","OP-19"
"PLOG-2209","WO-10423","2025-05-11 11:00:00","LINE-A","92","OP-19"
"PLOG-2210","WO-10423","2025-05-11 12:00:00","LINE-A","48","OP-1"
"PLOG-2211","WO-10424","2025-06-21 00:00:00","LINE-A","71","OP-1"
"PLOG-2212","WO-10424","2025-06-21 01:00:00","LINE-A","84","OP-7"
"PLOG-2213","WO-10424","2025-06-21 02:00:00","LINE-A","85","OP-16"
"PLOG-2214","WO-10424","2025-06-21 03:00:00","LINE-A","85","OP-5"
"PLOG-2215","WO-10424","2025-06-21 04:00:00","LINE-A","81","OP-20"
"PLOG-2216","WO-10424","2025-06-21 05:00:00","LINE-A","103","OP-1"
"PLOG-2217","WO-10424","2025-06-21 06:00:00","LINE-A","100","OP-17"
"PLOG-2218","WO-10424","2025-06-21 07:00:00","LINE-A","74","OP-20"
"PLOG-2219","WO-10426","2025-10-16 00:00:00","LINE-C","97","OP-16"
"PLOG-2220","WO-10426","2025-10-16 01:00:00","LINE-C","90","OP-14"
"PLOG-2221","WO-10426","2025-10-16 02:00:00","LINE-C","110","OP-18"
"PLOG-2222","WO-10426","2025-10-16 03:00:00","LINE-C","88","OP-13"
"PLOG-2223","WO-10426","2025-10-16 04:00:00","LINE-C","110","OP-7"
"PLOG-2224","WO-10426","2025-10-16 05:00:00","LINE-C","63","OP-5"
"PLOG-2225","WO-10426","2025-10-16 06:00:00","LINE-C","48","OP-16"
"PLOG-2226","WO-10426","2025-10-16 07:00:00","LINE-C","73","OP-20"
"PLOG-2227","WO-10426","2025-10-16 08:00:00","LINE-C","110","OP-16"
"PLOG-2228","WO-10426","2025-10-16 09:00:00","LINE-C","108","OP-4"
"PLOG-2229","WO-10427","2025-11-03 00:00:00","LINE-C","66","OP-9"
"PLOG-2230","WO-10427","2025-11-03 01:00:00","LINE-C","68","OP-17"
"PLOG-2231","WO-10427","2025-11-03 02:00:00","LINE-C","47","OP-6"
"PLOG-2232","WO-10427","2025-11-03 03:00:00","LINE-C","55","OP-13"
"PLOG-2233","WO-10427","2025-11-03 04:00:00","LINE-C","102","OP-2"
"PLOG-2234","WO-10427","2025-11-03 05:00:00","LINE-C","55","OP-15"
"PLOG-2235","WO-10427","2025-11-03 06:00:00","LINE-C","92","OP-14"
"PLOG-2236","WO-10427","2025-11-03 07:00:00","LINE-C","93","OP-7"
"PLOG-2237","WO-10427","2025-11-03 08:00:00","LINE-C","106","OP-16"
"PLOG-2238","WO-10427","2025-11-03 09:00:00","LINE-C","61","OP-2"
"PLOG-2239","WO-10427","2025-11-03 10:00:00","LINE-C","101","OP-7"
"PLOG-2240","WO-10428","2026-02-22 00:00:00","LINE-A","61","OP-1"
"PLOG-2241","WO-10428","2026-02-22 01:00:00","LINE-A","96","OP-15"
"PLOG-2242","WO-10428","2026-02-22 02:00:00","LINE-A","46","OP-14"
"PLOG-2243","WO-10428","2026-02-22 03:00:00","LINE-A","90","OP-13"
"PLOG-2244","WO-10428","2026-02-22 04:00:00","LINE-A","101","OP-17"
"PLOG-2245","WO-10428","2026-02-22 05:00:00","LINE-A","102","OP-1"
"PLOG-2246","WO-10429","2025-04-20 00:00:00","LINE-B","98","OP-3"
"PLOG-2247","WO-10429","2025-04-20 01:00:00","LINE-B","101","OP-8"
"PLOG-2248","WO-10429","2025-04-20 02:00:00","LINE-B","82","OP-15"
"PLOG-2249","WO-10429","2025-04-20 03:00:00","LINE-B","83","OP-3"
"PLOG-2250","WO-10429","2025-04-20 04:00:00","LINE-B","57","OP-2"
"PLOG-2251","WO-10429","2025-04-20 05:00:00","LINE-B","93","OP-14"
"PLOG-2252","WO-10429","2025-04-20 06:00:00","LINE-B","76","OP-12"
"PLOG-2253","WO-10429","2025-04-20 07:00:00","LINE-B","99","OP-13"
"PLOG-2254","WO-10429","2025-04-20 08:00:00","LINE-B","93","OP-1"
"PLOG-2255","WO-10431","2025-07-14 00:00:00","LINE-C","93","OP-3"
"PLOG-2256","WO-10431","2025-07-14 01:00:00","LINE-C","105","OP-6"
"PLOG-2257","WO-10431","2025-07-14 02:00:00","LINE-C","92","OP-18"
"PLOG-2258","WO-10431","2025-07-14 03:00:00","LINE-C","104","OP-4"
"PLOG-2259","WO-10431","2025-07-14 04:00:00","LINE-C","93","OP-15"
"PLOG-2260","WO-10431","2025-07-14 05:00:00","LINE-C","62","OP-7"
"PLOG-2261","WO-10431","2025-07-14 06:00:00","LINE-C","65","OP-16"
"PLOG-2262","WO-10431","2025-07-14 07:00:00","LINE-C","100","OP-13"
"PLOG-2263","WO-10431","2025-07-14 08:00:00","LINE-C","98","OP-17"
"PLOG-2264","WO-10431","2025-07-14 09:00:00","LINE-C","56","OP-7"
"PLOG-2265","WO-10431","2025-07-14 10:00:00","LINE-C","54","OP-2"
"PLOG-2266","WO-10431","2025-07-14 11:00:00","LINE-C","107","OP-5"
"PLOG-2267","WO-10431","2025-07-14 12:00:00","LINE-C","60","OP-13"
"PLOG-2268","WO-10431","2025-07-14 13:00:00","LINE-C","74","OP-12"
"PLOG-2269","WO-10431","2025-07-14 14:00:00","LINE-C","98","OP-6"
"PLOG-2270","WO-10431","2025-07-14 15:00:00","LINE-C","106","OP-14"
"PLOG-2271","WO-10431","2025-07-14 16:00:00","LINE-C","102","OP-20"
"PLOG-2272","WO-10432","2025-04-25 00:00:00","LINE-C","89","OP-6"
"PLOG-2273","WO-10432","2025-04-25 01:00:00","LINE-C","106","OP-2"
"PLOG-2274","WO-10432","2025-04-25 02:00:00","LINE-C","103","OP-9"
"PLOG-2275","WO-10432","2025-04-25 03:00:00","LINE-C","48","OP-3"
"PLOG-2276","WO-10432","2025-04-25 04:00:00","LINE-C","72","OP-2"
"PLOG-2277","WO-10432","2025-04-25 05:00:00","LINE-C","105","OP-20"
"PLOG-2278","WO-10432","2025-04-25 06:00:00","LINE-C","87","OP-16"
"PLOG-2279","WO-10437","2025-04-21 00:00:00","LINE-A","72","OP-18"
"PLOG-2280","WO-10437","2025-04-21 01:00:00","LINE-A","70","OP-18"
"PLOG-2281","WO-10437","2025-04-21 02:00:00","LINE-A","54","OP-2"
"PLOG-2282","WO-10437","2025-04-21 03:00:00","LINE-A","52","OP-8"
"PLOG-2283","WO-10437","2025-04-21 04:00:00","LINE-A","98","OP-10"
"PLOG-2284","WO-10439","2025-10-31 00:00:00","LINE-C","104","OP-11"
"PLOG-2285","WO-10439","2025-10-31 01:00:00","LINE-C","84","OP-6"
"PLOG-2286","WO-10439","2025-10-31 02:00:00","LINE-C","97","OP-18"
"PLOG-2287","WO-10439","2025-10-31 03:00:00","LINE-C","78","OP-10"
"PLOG-2288","WO-10439","2025-10-31 04:00:00","LINE-C","75","OP-19"
"PLOG-2289","WO-10439","2025-10-31 05:00:00","LINE-C","91","OP-6"
"PLOG-2290","WO-10439","2025-10-31 06:00:00","LINE-C","93","OP-18"
"PLOG-2291","WO-10439","2025-10-31 07:00:00","LINE-C","78","OP-2"
"PLOG-2292","WO-10440","2025-07-06 00:00:00","LINE-B","86","OP-15"
"PLOG-2293","WO-10440","2025-07-06 01:00:00","LINE-B","106","OP-2"
"PLOG-2294","WO-10440","2025-07-06 02:00:00","LINE-B","79","OP-4"
"PLOG-2295","WO-10440","2025-07-06 03:00:00","LINE-B","80","OP-6"
"PLOG-2296","WO-10440","2025-07-06 04:00:00","LINE-B","73","OP-14"
"PLOG-2297","WO-10440","2025-07-06 05:00:00","LINE-B","54","OP-19"
"PLOG-2298","WO-10440","2025-07-06 06:00:00","LINE-B","103","OP-5"
"PLOG-2299","WO-10440","2025-07-06 07:00:00","LINE-B","102","OP-1"
"PLOG-2300","WO-10440","2025-07-06 08:00:00","LINE-B","54","OP-7"
"PLOG-2301","WO-10440","2025-07-06 09:00:00","LINE-B","82","OP-19"
"PLOG-2302","WO-10440","2025-07-06 10:00:00","LINE-B","49","OP-20"
"PLOG-2303","WO-10440","2025-07-06 11:00:00","LINE-B","65","OP-7"
"PLOG-2304","WO-10440","2025-07-06 12:00:00","LINE-B","60","OP-8"
"PLOG-2305","WO-10440","2025-07-06 13:00:00","LINE-B","96","OP-7"
"PLOG-2306","WO-10440","2025-07-06 14:00:00","LINE-B","72","OP-7"
"PLOG-2307","WO-10442","2025-09-05 00:00:00","LINE-C","50","OP-10"
"PLOG-2308","WO-10442","2025-09-05 01:00:00","LINE-C","49","OP-12"
"PLOG-2309","WO-10442","2025-09-05 02:00:00","LINE-C","61","OP-19"
"PLOG-2310","WO-10442","2025-09-05 03:00:00","LINE-C","94","OP-10"
"PLOG-2311","WO-10442","2025-09-05 04:00:00","LINE-C","50","OP-20"
"PLOG-2312","WO-10442","2025-09-05 05:00:00","LINE-C","72","OP-13"
"PLOG-2313","WO-10442","2025-09-05 06:00:00","LINE-C","56","OP-13"
"PLOG-2314","WO-10442","2025-09-05 07:00:00","LINE-C","73","OP-7"
"PLOG-2315","WO-10442","2025-09-05 08:00:00","LINE-C","84","OP-9"
"PLOG-2316","WO-10442","2025-09-05 09:00:00","LINE-C","51","OP-14"
"PLOG-2317","WO-10442","2025-09-05 10:00:00","LINE-C","72","OP-17"
"PLOG-2318","WO-10442","2025-09-05 11:00:00","LINE-C","55","OP-4"
"PLOG-2319","WO-10442","2025-09-05 12:00:00","LINE-C","88","OP-18"
"PLOG-2320","WO-10442","2025-09-05 13:00:00","LINE-C","54","OP-16"
"PLOG-2321","WO-10443","2025-11-06 00:00:00","LINE-A","80","OP-5"
"PLOG-2322","WO-10443","2025-11-06 01:00:00","LINE-A","88","OP-12"
"PLOG-2323","WO-10443","2025-11-06 02:00:00","LINE-A","63","OP-1"
"PLOG-2324","WO-10443","2025-11-06 03:00:00","LINE-A","104","OP-1"
"PLOG-2325","WO-10443","2025-11-06 04:00:00","LINE-A","60","OP-10"
"PLOG-2326","WO-10443","2025-11-06 05:00:00","LINE-A","57","OP-11"
"PLOG-2327","WO-10444","2025-10-03 00:00:00","LINE-B","90","OP-8"
"PLOG-2328","WO-10444","2025-10-03 01:00:00","LINE-B","94","OP-9"
"PLOG-2329","WO-10444","2025-10-03 02:00:00","LINE-B","84","OP-2"
"PLOG-2330","WO-10444","2025-10-03 03:00:00","LINE-B","94","OP-9"
"PLOG-2331","WO-10444","2025-10-03 04:00:00","LINE-B","49","OP-9"
"PLOG-2332","WO-10444","2025-10-03 05:00:00","LINE-B","59","OP-11"
"PLOG-2333","WO-10444","2025-10-03 06:00:00","LINE-B","55","OP-20"
"PLOG-2334","WO-10444","2025-10-03 07:00:00","LINE-B","78","OP-19"
"PLOG-2335","WO-10444","2025-10-03 08:00:00","LINE-B","69","OP-8"
"PLOG-2336","WO-10444","2025-10-03 09:00:00","LINE-B","54","OP-6"
"PLOG-2337","WO-10444","2025-10-03 10:00:00","LINE-B","57","OP-1"
"PLOG-2338","WO-10444","2025-10-03 11:00:00","LINE-B","69","OP-13"
"PLOG-2339","WO-10446","2025-05-31 00:00:00","LINE-B","52","OP-9"
"PLOG-2340","WO-10446","2025-05-31 01:00:00","LINE-B","102","OP-10"
"PLOG-2341","WO-10446","2025-05-31 02:00:00","LINE-B","57","OP-9"
"PLOG-2342","WO-10446","2025-05-31 03:00:00","LINE-B","96","OP-9"
"PLOG-2343","WO-10446","2025-05-31 04:00:00","LINE-B","91","OP-17"
"PLOG-2344","WO-10446","2025-05-31 05:00:00","LINE-B","69","OP-9"
"PLOG-2345","WO-10446","2025-05-31 06:00:00","LINE-B","77","OP-3"
"PLOG-2346","WO-10446","2025-05-31 07:00:00","LINE-B","109","OP-1"
"PLOG-2347","WO-10447","2025-08-13 00:00:00","LINE-B","75","OP-20"
"PLOG-2348","WO-10447","2025-08-13 01:00:00","LINE-B","90","OP-11"
"PLOG-2349","WO-10447","2025-08-13 02:00:00","LINE-B","72","OP-11"
"PLOG-2350","WO-10449","2025-12-01 00:00:00","LINE-C","100","OP-5"
"PLOG-2351","WO-10449","2025-12-01 01:00:00","LINE-C","83","OP-15"
"PLOG-2352","WO-10449","2025-12-01 02:00:00","LINE-C","79","OP-2"
"PLOG-2353","WO-10452","2025-09-17 00:00:00","LINE-A","95","OP-19"
"PLOG-2354","WO-10452","2025-09-17 01:00:00","LINE-A","83","OP-2"
"PLOG-2355","WO-10452","2025-09-17 02:00:00","LINE-A","101","OP-11"
"PLOG-2356","WO-10452","2025-09-17 03:00:00","LINE-A","76","OP-18"
"PLOG-2357","WO-10452","2025-09-17 04:00:00","LINE-A","99","OP-11"
"PLOG-2358","WO-10452","2025-09-17 05:00:00","LINE-A","46","OP-18"
"PLOG-2359","WO-10452","2025-09-17 06:00:00","LINE-A","95","OP-5"
"PLOG-2360","WO-10452","2025-09-17 07:00:00","LINE-A","76","OP-18"
"PLOG-2361","WO-10452","2025-09-17 08:00:00","LINE-A","46","OP-13"
"PLOG-2362","WO-10452","2025-09-17 09:00:00","LINE-A","85","OP-4"
"PLOG-2363","WO-10452","2025-09-17 10:00:00","LINE-A","68","OP-9"
"PLOG-2364","WO-10455","2025-06-13 00:00:00","LINE-A","78","OP-4"
"PLOG-2365","WO-10455","2025-06-13 01:00:00","LINE-A","66","OP-17"
"PLOG-2366","WO-10455","2025-06-13 02:00:00","LINE-A","84","OP-18"
"PLOG-2367","WO-10455","2025-06-13 03:00:00","LINE-A","102","OP-2"
"PLOG-2368","WO-10455","2025-06-13 04:00:00","LINE-A","103","OP-9"
"PLOG-2369","WO-10455","2025-06-13 05:00:00","LINE-A","90","OP-12"
"PLOG-2370","WO-10455","2025-06-13 06:00:00","LINE-A","57","OP-18"
"PLOG-2371","WO-10455","2025-06-13 07:00:00","LINE-A","107","OP-8"
"PLOG-2372","WO-10455","2025-06-13 08:00:00","LINE-A","81","OP-17"
"PLOG-2373","WO-10455","2025-06-13 09:00:00","LINE-A","94","OP-3"
"PLOG-2374","WO-10455","2025-06-13 10:00:00","LINE-A","92","OP-14"
"PLOG-2375","WO-10455","2025-06-13 11:00:00","LINE-A","99","OP-11"
"PLOG-2376","WO-10456","2026-03-23 00:00:00","LINE-C","58","OP-16"
"PLOG-2377","WO-10456","2026-03-23 01:00:00","LINE-C","52","OP-6"
"PLOG-2378","WO-10456","2026-03-23 02:00:00","LINE-C","105","OP-3"
"PLOG-2379","WO-10456","2026-03-23 03:00:00","LINE-C","71","OP-16"
"PLOG-2380","WO-10456","2026-03-23 04:00:00","LINE-C","77","OP-18"
"PLOG-2381","WO-10456","2026-03-23 05:00:00","LINE-C","87","OP-8"
"PLOG-2382","WO-10457","2025-07-25 00:00:00","LINE-A","70","OP-9"
"PLOG-2383","WO-10457","2025-07-25 01:00:00","LINE-A","50","OP-18"
"PLOG-2384","WO-10457","2025-07-25 02:00:00","LINE-A","71","OP-4"
"PLOG-2385","WO-10457","2025-07-25 03:00:00","LINE-A","103","OP-1"
"PLOG-2386","WO-10457","2025-07-25 04:00:00","LINE-A","75","OP-18"
"PLOG-2387","WO-10457","2025-07-25 05:00:00","LINE-A","90","OP-4"
"PLOG-2388","WO-10457","2025-07-25 06:00:00","LINE-A","69","OP-2"
"PLOG-2389","WO-10457","2025-07-25 07:00:00","LINE-A","78","OP-3"
"PLOG-2390","WO-10458","2026-01-03 00:00:00","LINE-B","78","OP-14"
"PLOG-2391","WO-10458","2026-01-03 01:00:00","LINE-B","80","OP-6"
"PLOG-2392","WO-10458","2026-01-03 02:00:00","LINE-B","57","OP-16"
"PLOG-2393","WO-10458","2026-01-03 03:00:00","LINE-B","63","OP-1"
"PLOG-2394","WO-10458","2026-01-03 04:00:00","LINE-B","87","OP-16"
"PLOG-2395","WO-10458","2026-01-03 05:00:00","LINE-B","110","OP-7"
"PLOG-2396","WO-10458","2026-01-03 06:00:00","LINE-B","75","OP-12"
"PLOG-2397","WO-10458","2026-01-03 07:00:00","LINE-B","69","OP-1"
"PLOG-2398","WO-10459","2025-05-29 00:00:00","LINE-A","104","OP-11"
"PLOG-2399","WO-10459","2025-05-29 01:00:00","LINE-A","69","OP-12"
"PLOG-2400","WO-10459","2025-05-29 02:00:00","LINE-A","62","OP-1"
"PLOG-2401","WO-10459","2025-05-29 03:00:00","LINE-A","79","OP-15"
"PLOG-2402","WO-10459","2025-05-29 04:00:00","LINE-A","67","OP-19"
"PLOG-2403","WO-10459","2025-05-29 05:00:00","LINE-A","74","OP-1"
"PLOG-2404","WO-10459","2025-05-29 06:00:00","LINE-A","49","OP-17"
"PLOG-2405","WO-10459","2025-05-29 07:00:00","LINE-A","58","OP-12"
"PLOG-2406","WO-10459","2025-05-29 08:00:00","LINE-A","86","OP-2"
"PLOG-2407","WO-10459","2025-05-29 09:00:00","LINE-A","96","OP-13"
"PLOG-2408","WO-10459","2025-05-29 10:00:00","LINE-A","49","OP-20"
"PLOG-2409","WO-10461","2025-05-26 00:00:00","LINE-B","68","OP-1"
"PLOG-2410","WO-10461","2025-05-26 01:00:00","LINE-B","73","OP-14"
"PLOG-2411","WO-10461","2025-05-26 02:00:00","LINE-B","48","OP-20"
"PLOG-2412","WO-10462","2025-06-23 00:00:00","LINE-B","68","OP-19"
"PLOG-2413","WO-10462","2025-06-23 01:00:00","LINE-B","76","OP-12"
"PLOG-2414","WO-10462","2025-06-23 02:00:00","LINE-B","53","OP-12"
"PLOG-2415","WO-10462","2025-06-23 03:00:00","LINE-B","53","OP-5"
"PLOG-2416","WO-10462","2025-06-23 04:00:00","LINE-B","98","OP-5"
"PLOG-2417","WO-10462","2025-06-23 05:00:00","LINE-B","95","OP-16"
"PLOG-2418","WO-10462","2025-06-23 06:00:00","LINE-B","79","OP-1"
"PLOG-2419","WO-10462","2025-06-23 07:00:00","LINE-B","106","OP-19"
"PLOG-2420","WO-10464","2025-09-18 00:00:00","LINE-B","46","OP-1"
"PLOG-2421","WO-10464","2025-09-18 01:00:00","LINE-B","103","OP-2"
"PLOG-2422","WO-10464","2025-09-18 02:00:00","LINE-B","66","OP-5"
"PLOG-2423","WO-10465","2025-11-02 00:00:00","LINE-C","47","OP-6"
"PLOG-2424","WO-10465","2025-11-02 01:00:00","LINE-C","106","OP-15"
"PLOG-2425","WO-10465","2025-11-02 02:00:00","LINE-C","108","OP-4"
"PLOG-2426","WO-10465","2025-11-02 03:00:00","LINE-C","99","OP-19"
"PLOG-2427","WO-10465","2025-11-02 04:00:00","LINE-C","79","OP-12"
"PLOG-2428","WO-10465","2025-11-02 05:00:00","LINE-C","68","OP-16"
"PLOG-2429","WO-10465","2025-11-02 06:00:00","LINE-C","56","OP-19"
"PLOG-2430","WO-10465","2025-11-02 07:00:00","LINE-C","54","OP-18"
"PLOG-2431","WO-10465","2025-11-02 08:00:00","LINE-C","68","OP-19"
"PLOG-2432","WO-10465","2025-11-02 09:00:00","LINE-C","67","OP-12"
"PLOG-2433","WO-10469","2025-05-04 00:00:00","LINE-C","85","OP-17"
"PLOG-2434","WO-10469","2025-05-04 01:00:00","LINE-C","48","OP-16"
"PLOG-2435","WO-10469","2025-05-04 02:00:00","LINE-C","50","OP-9"
"PLOG-2436","WO-10469","2025-05-04 03:00:00","LINE-C","53","OP-12"
"PLOG-2437","WO-10469","2025-05-04 04:00:00","LINE-C","47","OP-16"
"PLOG-2438","WO-10469","2025-05-04 05:00:00","LINE-C","54","OP-6"
"PLOG-2439","WO-10469","2025-05-04 06:00:00","LINE-C","103","OP-15"
"PLOG-2440","WO-10469","2025-05-04 07:00:00","LINE-C","96","OP-4"
"PLOG-2441","WO-10469","2025-05-04 08:00:00","LINE-C","70","OP-8"
"PLOG-2442","WO-10469","2025-05-04 09:00:00","LINE-C","46","OP-18"
"PLOG-2443","WO-10472","2025-06-19 00:00:00","LINE-C","54","OP-1"
"PLOG-2444","WO-10472","2025-06-19 01:00:00","LINE-C","99","OP-14"
"PLOG-2445","WO-10472","2025-06-19 02:00:00","LINE-C","61","OP-14"
"PLOG-2446","WO-10472","2025-06-19 03:00:00","LINE-C","66","OP-14"
"PLOG-2447","WO-10475","2025-10-24 00:00:00","LINE-A","63","OP-12"
"PLOG-2448","WO-10475","2025-10-24 01:00:00","LINE-A","66","OP-5"
"PLOG-2449","WO-10475","2025-10-24 02:00:00","LINE-A","106","OP-3"
"PLOG-2450","WO-10475","2025-10-24 03:00:00","LINE-A","51","OP-6"
"PLOG-2451","WO-10475","2025-10-24 04:00:00","LINE-A","57","OP-7"
"PLOG-2452","WO-10475","2025-10-24 05:00:00","LINE-A","88","OP-18"
"PLOG-2453","WO-10476","2025-09-01 00:00:00","LINE-A","74","OP-15"
"PLOG-2454","WO-10476","2025-09-01 01:00:00","LINE-A","98","OP-7"
"PLOG-2455","WO-10476","2025-09-01 02:00:00","LINE-A","102","OP-17"
"PLOG-2456","WO-10477","2025-10-28 00:00:00","LINE-A","109","OP-5"
"PLOG-2457","WO-10477","2025-10-28 01:00:00","LINE-A","96","OP-10"
"PLOG-2458","WO-10477","2025-10-28 02:00:00","LINE-A","100","OP-3"
"PLOG-2459","WO-10477","2025-10-28 03:00:00","LINE-A","59","OP-5"
"PLOG-2460","WO-10477","2025-10-28 04:00:00","LINE-A","58","OP-9"
"PLOG-2461","WO-10477","2025-10-28 05:00:00","LINE-A","70","OP-12"
"PLOG-2462","WO-10477","2025-10-28 06:00:00","LINE-A","53","OP-2"
"PLOG-2463","WO-10477","2025-10-28 07:00:00","LINE-A","109","OP-20"
"PLOG-2464","WO-10477","2025-10-28 08:00:00","LINE-A","46","OP-13"
"PLOG-2465","WO-10477","2025-10-28 09:00:00","LINE-A","95","OP-3"
"PLOG-2466","WO-10477","2025-10-28 10:00:00","LINE-A","100","OP-7"
"PLOG-2467","WO-10477","2025-10-28 11:00:00","LINE-A","71","OP-7"
"PLOG-2468","WO-10477","2025-10-28 12:00:00","LINE-A","88","OP-18"
"PLOG-2469","WO-10477","2025-10-28 13:00:00","LINE-A","72","OP-14"
"PLOG-2470","WO-10477","2025-10-28 14:00:00","LINE-A","103","OP-12"
"PLOG-2471","WO-10477","2025-10-28 15:00:00","LINE-A","106","OP-14"
"PLOG-2472","WO-10477","2025-10-28 16:00:00","LINE-A","83","OP-12"
"PLOG-2473","WO-10478","2025-05-20 00:00:00","LINE-B","103","OP-13"
"PLOG-2474","WO-10478","2025-05-20 01:00:00","LINE-B","76","OP-14"
"PLOG-2475","WO-10478","2025-05-20 02:00:00","LINE-B","57","OP-14"
"PLOG-2476","WO-10478","2025-05-20 03:00:00","LINE-B","66","OP-16"
"PLOG-2477","WO-10478","2025-05-20 04:00:00","LINE-B","66","OP-16"
"PLOG-2478","WO-10478","2025-05-20 05:00:00","LINE-B","86","OP-10"
"PLOG-2479","WO-10478","2025-05-20 06:00:00","LINE-B","105","OP-15"
"PLOG-2480","WO-10478","2025-05-20 07:00:00","LINE-B","65","OP-11"
"PLOG-2481","WO-10478","2025-05-20 08:00:00","LINE-B","108","OP-9"
"PLOG-2482","WO-10478","2025-05-20 09:00:00","LINE-B","108","OP-2"
"PLOG-2483","WO-10480","2025-09-29 00:00:00","LINE-A","57","OP-2"
"PLOG-2484","WO-10480","2025-09-29 01:00:00","LINE-A","82","OP-5"
"PLOG-2485","WO-10480","2025-09-29 02:00:00","LINE-A","80","OP-17"
"PLOG-2486","WO-10480","2025-09-29 03:00:00","LINE-A","60","OP-13"
"PLOG-2487","WO-10480","2025-09-29 04:00:00","LINE-A","56","OP-9"
"PLOG-2488","WO-10481","2025-05-03 00:00:00","LINE-A","93","OP-14"
"PLOG-2489","WO-10481","2025-05-03 01:00:00","LINE-A","74","OP-10"
"PLOG-2490","WO-10481","2025-05-03 02:00:00","LINE-A","110","OP-11"
"PLOG-2491","WO-10481","2025-05-03 03:00:00","LINE-A","57","OP-20"
"PLOG-2492","WO-10481","2025-05-03 04:00:00","LINE-A","84","OP-2"
"PLOG-2493","WO-10481","2025-05-03 05:00:00","LINE-A","84","OP-11"
"PLOG-2494","WO-10481","2025-05-03 06:00:00","LINE-A","74","OP-16"
"PLOG-2495","WO-10481","2025-05-03 07:00:00","LINE-A","84","OP-18"
"PLOG-2496","WO-10481","2025-05-03 08:00:00","LINE-A","59","OP-13"
"PLOG-2497","WO-10481","2025-05-03 09:00:00","LINE-A","49","OP-11"
"PLOG-2498","WO-10481","2025-05-03 10:00:00","LINE-A","83","OP-7"
"PLOG-2499","WO-10481","2025-05-03 11:00:00","LINE-A","54","OP-1"
"PLOG-2500","WO-10483","2025-08-11 00:00:00","LINE-A","103","OP-16"
"PLOG-2501","WO-10483","2025-08-11 01:00:00","LINE-A","109","OP-3"
"PLOG-2502","WO-10483","2025-08-11 02:00:00","LINE-A","84","OP-1"
"PLOG-2503","WO-10483","2025-08-11 03:00:00","LINE-A","88","OP-4"
"PLOG-2504","WO-10483","2025-08-11 04:00:00","LINE-A","82","OP-16"
"PLOG-2505","WO-10483","2025-08-11 05:00:00","LINE-A","74","OP-19"
"PLOG-2506","WO-10483","2025-08-11 06:00:00","LINE-A","104","OP-10"
"PLOG-2507","WO-10483","2025-08-11 07:00:00","LINE-A","45","OP-6"
"PLOG-2508","WO-10483","2025-08-11 08:00:00","LINE-A","77","OP-7"
"PLOG-2509","WO-10484","2025-07-25 00:00:00","LINE-B","52","OP-5"
"PLOG-2510","WO-10484","2025-07-25 01:00:00","LINE-B","66","OP-11"
"PLOG-2511","WO-10484","2025-07-25 02:00:00","LINE-B","50","OP-7"
"PLOG-2512","WO-10485","2026-02-01 00:00:00","LINE-A","83","OP-11"
"PLOG-2513","WO-10485","2026-02-01 01:00:00","LINE-A","73","OP-3"
"PLOG-2514","WO-10485","2026-02-01 02:00:00","LINE-A","94","OP-3"
"PLOG-2515","WO-10485","2026-02-01 03:00:00","LINE-A","109","OP-4"
"PLOG-2516","WO-10485","2026-02-01 04:00:00","LINE-A","94","OP-6"
"PLOG-2517","WO-10485","2026-02-01 05:00:00","LINE-A","47","OP-10"
"PLOG-2518","WO-10485","2026-02-01 06:00:00","LINE-A","109","OP-10"
"PLOG-2519","WO-10486","2025-05-09 00:00:00","LINE-A","56","OP-12"
"PLOG-2520","WO-10486","2025-05-09 01:00:00","LINE-A","85","OP-2"
"PLOG-2521","WO-10486","2025-05-09 02:00:00","LINE-A","96","OP-2"
"PLOG-2522","WO-10486","2025-05-09 03:00:00","LINE-A","109","OP-6"
"PLOG-2523","WO-10487","2025-07-19 00:00:00","LINE-C","61","OP-15"
"PLOG-2524","WO-10487","2025-07-19 01:00:00","LINE-C","77","OP-3"
"PLOG-2525","WO-10487","2025-07-19 02:00:00","LINE-C","48","OP-6"
"PLOG-2526","WO-10487","2025-07-19 03:00:00","LINE-C","59","OP-1"
"PLOG-2527","WO-10487","2025-07-19 04:00:00","LINE-C","74","OP-2"
"PLOG-2528","WO-10487","2025-07-19 05:00:00","LINE-C","108","OP-16"
"PLOG-2529","WO-10487","2025-07-19 06:00:00","LINE-C","50","OP-2"
"PLOG-2530","WO-10487","2025-07-19 07:00:00","LINE-C","98","OP-18"
"PLOG-2531","WO-10487","2025-07-19 08:00:00","LINE-C","94","OP-17"
"PLOG-2532","WO-10487","2025-07-19 09:00:00","LINE-C","64","OP-17"
"PLOG-2533","WO-10487","2025-07-19 10:00:00","LINE-C","82","OP-15"
"PLOG-2534","WO-10487","2025-07-19 11:00:00","LINE-C","63","OP-3"
"PLOG-2535","WO-10487","2025-07-19 12:00:00","LINE-C","66","OP-10"
"PLOG-2536","WO-10488","2026-03-20 00:00:00","LINE-A","95","OP-5"
"PLOG-2537","WO-10488","2026-03-20 01:00:00","LINE-A","76","OP-10"
"PLOG-2538","WO-10488","2026-03-20 02:00:00","LINE-A","82","OP-3"
"PLOG-2539","WO-10488","2026-03-20 03:00:00","LINE-A","66","OP-8"
"PLOG-2540","WO-10488","2026-03-20 04:00:00","LINE-A","61","OP-8"
"PLOG-2541","WO-10488","2026-03-20 05:00:00","LINE-A","65","OP-20"
"PLOG-2542","WO-10488","2026-03-20 06:00:00","LINE-A","74","OP-15"
"PLOG-2543","WO-10488","2026-03-20 07:00:00","LINE-A","52","OP-11"
"PLOG-2544","WO-10488","2026-03-20 08:00:00","LINE-A","64","OP-13"
"PLOG-2545","WO-10488","2026-03-20 09:00:00","LINE-A","71","OP-19"
"PLOG-2546","WO-10489","2025-12-09 00:00:00","LINE-A","110","OP-8"
"PLOG-2547","WO-10489","2025-12-09 01:00:00","LINE-A","74","OP-2"
"PLOG-2548","WO-10489","2025-12-09 02:00:00","LINE-A","48","OP-20"
"PLOG-2549","WO-10489","2025-12-09 03:00:00","LINE-A","96","OP-2"
"PLOG-2550","WO-10489","2025-12-09 04:00:00","LINE-A","103","OP-17"
"PLOG-2551","WO-10489","2025-12-09 05:00:00","LINE-A","55","OP-13"
"PLOG-2552","WO-10489","2025-12-09 06:00:00","LINE-A","97","OP-15"
"PLOG-2553","WO-10489","2025-12-09 07:00:00","LINE-A","109","OP-12"
"PLOG-2554","WO-10489","2025-12-09 08:00:00","LINE-A","67","OP-9"
"PLOG-2555","WO-10489","2025-12-09 09:00:00","LINE-A","68","OP-19"
"PLOG-2556","WO-10489","2025-12-09 10:00:00","LINE-A","67","OP-8"
"PLOG-2557","WO-10489","2025-12-09 11:00:00","LINE-A","73","OP-3"
"PLOG-2558","WO-10489","2025-12-09 12:00:00","LINE-A","66","OP-4"
"PLOG-2559","WO-10489","2025-12-09 13:00:00","LINE-A","50","OP-18"
"PLOG-2560","WO-10489","2025-12-09 14:00:00","LINE-A","71","OP-20"
"PLOG-2561","WO-10489","2025-12-09 15:00:00","LINE-A","104","OP-16"
"PLOG-2562","WO-10489","2025-12-09 16:00:00","LINE-A","104","OP-15"
"PLOG-2563","WO-10489","2025-12-09 17:00:00","LINE-A","87","OP-17"
"PLOG-2564","WO-10490","2025-12-28 00:00:00","LINE-C","71","OP-12"
"PLOG-2565","WO-10490","2025-12-28 01:00:00","LINE-C","65","OP-12"
"PLOG-2566","WO-10490","2025-12-28 02:00:00","LINE-C","102","OP-1"
"PLOG-2567","WO-10490","2025-12-28 03:00:00","LINE-C","76","OP-18"
"PLOG-2568","WO-10490","2025-12-28 04:00:00","LINE-C","92","OP-2"
"PLOG-2569","WO-10490","2025-12-28 05:00:00","LINE-C","85","OP-11"
"PLOG-2570","WO-10490","2025-12-28 06:00:00","LINE-C","90","OP-13"
"PLOG-2571","WO-10490","2025-12-28 07:00:00","LINE-C","79","OP-18"
"PLOG-2572","WO-10490","2025-12-28 08:00:00","LINE-C","76","OP-9"
"PLOG-2573","WO-10492","2025-10-01 00:00:00","LINE-A","90","OP-19"
"PLOG-2574","WO-10492","2025-10-01 01:00:00","LINE-A","49","OP-10"
"PLOG-2575","WO-10492","2025-10-01 02:00:00","LINE-A","49","OP-6"
"PLOG-2576","WO-10492","2025-10-01 03:00:00","LINE-A","82","OP-20"
"PLOG-2577","WO-10492","2025-10-01 04:00:00","LINE-A","105","OP-9"
"PLOG-2578","WO-10492","2025-10-01 05:00:00","LINE-A","45","OP-15"
"PLOG-2579","WO-10492","2025-10-01 06:00:00","LINE-A","75","OP-11"
"PLOG-2580","WO-10492","2025-10-01 07:00:00","LINE-A","50","OP-2"
"PLOG-2581","WO-10492","2025-10-01 08:00:00","LINE-A","81","OP-10"
"PLOG-2582","WO-10492","2025-10-01 09:00:00","LINE-A","91","OP-6"
"PLOG-2583","WO-10492","2025-10-01 10:00:00","LINE-A","57","OP-3"
"PLOG-2584","WO-10493","2025-10-04 00:00:00","LINE-A","70","OP-7"
"PLOG-2585","WO-10493","2025-10-04 01:00:00","LINE-A","51","OP-16"
"PLOG-2586","WO-10493","2025-10-04 02:00:00","LINE-A","50","OP-4"
"PLOG-2587","WO-10493","2025-10-04 03:00:00","LINE-A","65","OP-10"
"PLOG-2588","WO-10493","2025-10-04 04:00:00","LINE-A","89","OP-8"
"PLOG-2589","WO-10493","2025-10-04 05:00:00","LINE-A","69","OP-14"
"PLOG-2590","WO-10493","2025-10-04 06:00:00","LINE-A","51","OP-3"
"PLOG-2591","WO-10493","2025-10-04 07:00:00","LINE-A","88","OP-10"
"PLOG-2592","WO-10493","2025-10-04 08:00:00","LINE-A","105","OP-14"
"PLOG-2593","WO-10493","2025-10-04 09:00:00","LINE-A","74","OP-14"
"PLOG-2594","WO-10493","2025-10-04 10:00:00","LINE-A","48","OP-18"
"PLOG-2595","WO-10493","2025-10-04 11:00:00","LINE-A","48","OP-4"
"PLOG-2596","WO-10493","2025-10-04 12:00:00","LINE-A","88","OP-9"
"PLOG-2597","WO-10493","2025-10-04 13:00:00","LINE-A","45","OP-16"
"PLOG-2598","WO-10493","2025-10-04 14:00:00","LINE-A","48","OP-15"
"PLOG-2599","WO-10496","2025-06-22 00:00:00","LINE-A","60","OP-3"
"PLOG-2600","WO-10496","2025-06-22 01:00:00","LINE-A","71","OP-3"
"PLOG-2601","WO-10496","2025-06-22 02:00:00","LINE-A","103","OP-16"
"PLOG-2602","WO-10496","2025-06-22 03:00:00","LINE-A","65","OP-8"
"PLOG-2603","WO-10496","2025-06-22 04:00:00","LINE-A","108","OP-18"
"PLOG-2604","WO-10496","2025-06-22 05:00:00","LINE-A","103","OP-3"
"PLOG-2605","WO-10496","2025-06-22 06:00:00","LINE-A","97","OP-10"
"PLOG-2606","WO-10496","2025-06-22 07:00:00","LINE-A","47","OP-15"
"PLOG-2607","WO-10497","2026-01-25 00:00:00","LINE-C","98","OP-11"
"PLOG-2608","WO-10497","2026-01-25 01:00:00","LINE-C","74","OP-4"
"PLOG-2609","WO-10497","2026-01-25 02:00:00","LINE-C","86","OP-15"
"PLOG-2610","WO-10497","2026-01-25 03:00:00","LINE-C","63","OP-6"
"PLOG-2611","WO-10497","2026-01-25 04:00:00","LINE-C","104","OP-12"
"PLOG-2612","WO-10497","2026-01-25 05:00:00","LINE-C","89","OP-16"
"PLOG-2613","WO-10497","2026-01-25 06:00:00","LINE-C","109","OP-1"
"PLOG-2614","WO-10497","2026-01-25 07:00:00","LINE-C","85","OP-10"
"PLOG-2615","WO-10497","2026-01-25 08:00:00","LINE-C","106","OP-13"
"PLOG-2616","WO-10497","2026-01-25 09:00:00","LINE-C","55","OP-13"
"PLOG-2617","WO-10497","2026-01-25 10:00:00","LINE-C","105","OP-19"
"PLOG-2618","WO-10497","2026-01-25 11:00:00","LINE-C","45","OP-17"
"PLOG-2619","WO-10498","2026-01-10 00:00:00","LINE-B","54","OP-6"
"PLOG-2620","WO-10498","2026-01-10 01:00:00","LINE-B","64","OP-10"
"PLOG-2621","WO-10498","2026-01-10 02:00:00","LINE-B","108","OP-3"
"PLOG-2622","WO-10498","2026-01-10 03:00:00","LINE-B","69","OP-7"
"PLOG-2623","WO-10498","2026-01-10 04:00:00","LINE-B","65","OP-9"
"PLOG-2624","WO-10498","2026-01-10 05:00:00","LINE-B","70","OP-17"
"PLOG-2625","WO-10498","2026-01-10 06:00:00","LINE-B","105","OP-7"
"PLOG-2626","WO-10498","2026-01-10 07:00:00","LINE-B","100","OP-16"
"PLOG-2627","WO-10499","2025-11-17 00:00:00","LINE-C","68","OP-2"
"PLOG-2628","WO-10499","2025-11-17 01:00:00","LINE-C","94","OP-13"
"PLOG-2629","WO-10499","2025-11-17 02:00:00","LINE-C","59","OP-17"
"PLOG-2630","WO-10499","2025-11-17 03:00:00","LINE-C","104","OP-17"
"PLOG-2631","WO-10499","2025-11-17 04:00:00","LINE-C","93","OP-1"
"PLOG-2632","WO-10499","2025-11-17 05:00:00","LINE-C","50","OP-8"
"PLOG-2633","WO-10499","2025-11-17 06:00:00","LINE-C","88","OP-5"
"PLOG-2634","WO-10499","2025-11-17 07:00:00","LINE-C","45","OP-6"
"PLOG-2635","WO-10499","2025-11-17 08:00:00","LINE-C","85","OP-16"
"PLOG-2636","WO-10499","2025-11-17 09:00:00","LINE-C","61","OP-2"
"PLOG-2637","WO-10499","2025-11-17 10:00:00","LINE-C","65","OP-18"
"PLOG-2638","WO-10500","2025-12-19 00:00:00","LINE-C","92","OP-10"
"PLOG-2639","WO-10500","2025-12-19 01:00:00","LINE-C","89","OP-2"
"PLOG-2640","WO-10501","2025-11-02 00:00:00","LINE-C","91","OP-1"
"PLOG-2641","WO-10501","2025-11-02 01:00:00","LINE-C","60","OP-14"
"PLOG-2642","WO-10501","2025-11-02 02:00:00","LINE-C","48","OP-5"
"PLOG-2643","WO-10501","2025-11-02 03:00:00","LINE-C","94","OP-4"
"PLOG-2644","WO-10501","2025-11-02 04:00:00","LINE-C","59","OP-15"
"PLOG-2645","WO-10501","2025-11-02 05:00:00","LINE-C","77","OP-10"
"PLOG-2646","WO-10501","2025-11-02 06:00:00","LINE-C","73","OP-18"
"PLOG-2647","WO-10501","2025-11-02 07:00:00","LINE-C","63","OP-15"
"PLOG-2648","WO-10502","2025-05-24 00:00:00","LINE-A","91","OP-17"
"PLOG-2649","WO-10502","2025-05-24 01:00:00","LINE-A","66","OP-18"
"PLOG-2650","WO-10502","2025-05-24 02:00:00","LINE-A","94","OP-20"
"PLOG-2651","WO-10502","2025-05-24 03:00:00","LINE-A","104","OP-15"
"PLOG-2652","WO-10502","2025-05-24 04:00:00","LINE-A","96","OP-2"
"PLOG-2653","WO-10502","2025-05-24 05:00:00","LINE-A","64","OP-16"
"PLOG-2654","WO-10502","2025-05-24 06:00:00","LINE-A","47","OP-10"
"PLOG-2655","WO-10503","2026-02-14 00:00:00","LINE-C","91","OP-20"
"PLOG-2656","WO-10503","2026-02-14 01:00:00","LINE-C","104","OP-20"
"PLOG-2657","WO-10503","2026-02-14 02:00:00","LINE-C","49","OP-3"
"PLOG-2658","WO-10503","2026-02-14 03:00:00","LINE-C","77","OP-20"
"PLOG-2659","WO-10503","2026-02-14 04:00:00","LINE-C","76","OP-13"
"PLOG-2660","WO-10503","2026-02-14 05:00:00","LINE-C","64","OP-17"
"PLOG-2661","WO-10503","2026-02-14 06:00:00","LINE-C","46","OP-7"
"PLOG-2662","WO-10504","2025-05-22 00:00:00","LINE-B","95","OP-9"
"PLOG-2663","WO-10504","2025-05-22 01:00:00","LINE-B","87","OP-2"
"PLOG-2664","WO-10504","2025-05-22 02:00:00","LINE-B","56","OP-18"
"PLOG-2665","WO-10504","2025-05-22 03:00:00","LINE-B","76","OP-3"
"PLOG-2666","WO-10505","2025-06-15 00:00:00","LINE-A","93","OP-16"
"PLOG-2667","WO-10505","2025-06-15 01:00:00","LINE-A","64","OP-4"
"PLOG-2668","WO-10505","2025-06-15 02:00:00","LINE-A","67","OP-5"
"PLOG-2669","WO-10505","2025-06-15 03:00:00","LINE-A","96","OP-11"
"PLOG-2670","WO-10505","2025-06-15 04:00:00","LINE-A","74","OP-5"
"PLOG-2671","WO-10505","2025-06-15 05:00:00","LINE-A","86","OP-6"
"PLOG-2672","WO-10506","2026-01-22 00:00:00","LINE-C","82","OP-2"
"PLOG-2673","WO-10506","2026-01-22 01:00:00","LINE-C","62","OP-7"
"PLOG-2674","WO-10506","2026-01-22 02:00:00","LINE-C","100","OP-8"
"PLOG-2675","WO-10506","2026-01-22 03:00:00","LINE-C","95","OP-7"
"PLOG-2676","WO-10506","2026-01-22 04:00:00","LINE-C","57","OP-13"
"PLOG-2677","WO-10506","2026-01-22 05:00:00","LINE-C","47","OP-20"
"PLOG-2678","WO-10506","2026-01-22 06:00:00","LINE-C","99","OP-5"
"PLOG-2679","WO-10508","2025-10-05 00:00:00","LINE-A","57","OP-11"
"PLOG-2680","WO-10508","2025-10-05 01:00:00","LINE-A","110","OP-2"
"PLOG-2681","WO-10508","2025-10-05 02:00:00","LINE-A","102","OP-10"
"PLOG-2682","WO-10508","2025-10-05 03:00:00","LINE-A","99","OP-11"
"PLOG-2683","WO-10508","2025-10-05 04:00:00","LINE-A","72","OP-17"
"PLOG-2684","WO-10508","2025-10-05 05:00:00","LINE-A","97","OP-11"
"PLOG-2685","WO-10508","2025-10-05 06:00:00","LINE-A","77","OP-3"
"PLOG-2686","WO-10510","2026-01-09 00:00:00","LINE-C","102","OP-7"
"PLOG-2687","WO-10510","2026-01-09 01:00:00","LINE-C","103","OP-17"
"PLOG-2688","WO-10510","2026-01-09 02:00:00","LINE-C","50","OP-16"
"PLOG-2689","WO-10510","2026-01-09 03:00:00","LINE-C","102","OP-11"
"PLOG-2690","WO-10510","2026-01-09 04:00:00","LINE-C","64","OP-18"
"PLOG-2691","WO-10510","2026-01-09 05:00:00","LINE-C","105","OP-14"
"PLOG-2692","WO-10510","2026-01-09 06:00:00","LINE-C","91","OP-9"
"PLOG-2693","WO-10510","2026-01-09 07:00:00","LINE-C","48","OP-20"
"PLOG-2694","WO-10510","2026-01-09 08:00:00","LINE-C","75","OP-16"
"PLOG-2695","WO-10510","2026-01-09 09:00:00","LINE-C","91","OP-19"
"PLOG-2696","WO-10510","2026-01-09 10:00:00","LINE-C","58","OP-20"
"PLOG-2697","WO-10511","2026-01-10 00:00:00","LINE-B","77","OP-18"
"PLOG-2698","WO-10511","2026-01-10 01:00:00","LINE-B","83","OP-3"
"PLOG-2699","WO-10511","2026-01-10 02:00:00","LINE-B","70","OP-15"
"PLOG-2700","WO-10511","2026-01-10 03:00:00","LINE-B","85","OP-20"
"PLOG-2701","WO-10511","2026-01-10 04:00:00","LINE-B","96","OP-7"
"PLOG-2702","WO-10511","2026-01-10 05:00:00","LINE-B","110","OP-4"
"PLOG-2703","WO-10511","2026-01-10 06:00:00","LINE-B","72","OP-6"
"PLOG-2704","WO-10511","2026-01-10 07:00:00","LINE-B","72","OP-6"
"PLOG-2705","WO-10511","2026-01-10 08:00:00","LINE-B","96","OP-16"
"PLOG-2706","WO-10511","2026-01-10 09:00:00","LINE-B","98","OP-20"
"PLOG-2707","WO-10511","2026-01-10 10:00:00","LINE-B","106","OP-4"
"PLOG-2708","WO-10511","2026-01-10 11:00:00","LINE-B","107","OP-7"
"PLOG-2709","WO-10511","2026-01-10 12:00:00","LINE-B","73","OP-6"
"PLOG-2710","WO-10511","2026-01-10 13:00:00","LINE-B","66","OP-13"
"PLOG-2711","WO-10511","2026-01-10 14:00:00","LINE-B","83","OP-13"
"PLOG-2712","WO-10511","2026-01-10 15:00:00","LINE-B","67","OP-6"
"PLOG-2713","WO-10511","2026-01-10 16:00:00","LINE-B","65","OP-5"
"PLOG-2714","WO-10511","2026-01-10 17:00:00","LINE-B","96","OP-13"
"PLOG-2715","WO-10513","2026-03-03 00:00:00","LINE-B","70","OP-11"
"PLOG-2716","WO-10513","2026-03-03 01:00:00","LINE-B","95","OP-4"
"PLOG-2717","WO-10513","2026-03-03 02:00:00","LINE-B","55","OP-8"
"PLOG-2718","WO-10513","2026-03-03 03:00:00","LINE-B","93","OP-7"
"PLOG-2719","WO-10513","2026-03-03 04:00:00","LINE-B","63","OP-17"
"PLOG-2720","WO-10513","2026-03-03 05:00:00","LINE-B","61","OP-2"
"PLOG-2721","WO-10513","2026-03-03 06:00:00","LINE-B","89","OP-8"
"PLOG-2722","WO-10513","2026-03-03 07:00:00","LINE-B","49","OP-10"
"PLOG-2723","WO-10513","2026-03-03 08:00:00","LINE-B","82","OP-3"
"PLOG-2724","WO-10513","2026-03-03 09:00:00","LINE-B","106","OP-17"
"PLOG-2725","WO-10513","2026-03-03 10:00:00","LINE-B","61","OP-9"
"PLOG-2726","WO-10513","2026-03-03 11:00:00","LINE-B","94","OP-7"
"PLOG-2727","WO-10513","2026-03-03 12:00:00","LINE-B","109","OP-19"
"PLOG-2728","WO-10514","2026-01-01 00:00:00","LINE-B","72","OP-11"
"PLOG-2729","WO-10514","2026-01-01 01:00:00","LINE-B","106","OP-15"
"PLOG-2730","WO-10514","2026-01-01 02:00:00","LINE-B","74","OP-4"
"PLOG-2731","WO-10514","2026-01-01 03:00:00","LINE-B","91","OP-18"
"PLOG-2732","WO-10514","2026-01-01 04:00:00","LINE-B","71","OP-2"
"PLOG-2733","WO-10514","2026-01-01 05:00:00","LINE-B","53","OP-8"
"PLOG-2734","WO-10514","2026-01-01 06:00:00","LINE-B","64","OP-14"
"PLOG-2735","WO-10515","2025-10-30 00:00:00","LINE-B","84","OP-14"
"PLOG-2736","WO-10515","2025-10-30 01:00:00","LINE-B","73","OP-2"
"PLOG-2737","WO-10515","2025-10-30 02:00:00","LINE-B","101","OP-12"
"PLOG-2738","WO-10515","2025-10-30 03:00:00","LINE-B","75","OP-16"
"PLOG-2739","WO-10515","2025-10-30 04:00:00","LINE-B","63","OP-14"
"PLOG-2740","WO-10515","2025-10-30 05:00:00","LINE-B","105","OP-1"
"PLOG-2741","WO-10515","2025-10-30 06:00:00","LINE-B","53","OP-5"
"PLOG-2742","WO-10515","2025-10-30 07:00:00","LINE-B","54","OP-2"
"PLOG-2743","WO-10515","2025-10-30 08:00:00","LINE-B","93","OP-15"
"PLOG-2744","WO-10515","2025-10-30 09:00:00","LINE-B","62","OP-7"
"PLOG-2745","WO-10515","2025-10-30 10:00:00","LINE-B","65","OP-3"
"PLOG-2746","WO-10515","2025-10-30 11:00:00","LINE-B","104","OP-6"
"PLOG-2747","WO-10515","2025-10-30 12:00:00","LINE-B","75","OP-3"
"PLOG-2748","WO-10516","2025-11-04 00:00:00","LINE-A","84","OP-8"
"PLOG-2749","WO-10516","2025-11-04 01:00:00","LINE-A","53","OP-9"
"PLOG-2750","WO-10516","2025-11-04 02:00:00","LINE-A","92","OP-4"
"PLOG-2751","WO-10516","2025-11-04 03:00:00","LINE-A","78","OP-14"
"PLOG-2752","WO-10516","2025-11-04 04:00:00","LINE-A","96","OP-20"
"PLOG-2753","WO-10516","2025-11-04 05:00:00","LINE-A","101","OP-15"
"PLOG-2754","WO-10516","2025-11-04 06:00:00","LINE-A","47","OP-11"
"PLOG-2755","WO-10516","2025-11-04 07:00:00","LINE-A","46","OP-12"
"PLOG-2756","WO-10516","2025-11-04 08:00:00","LINE-A","82","OP-16"
"PLOG-2757","WO-10520","2025-09-10 00:00:00","LINE-C","102","OP-5"
"PLOG-2758","WO-10520","2025-09-10 01:00:00","LINE-C","68","OP-8"
"PLOG-2759","WO-10520","2025-09-10 02:00:00","LINE-C","70","OP-9"
"PLOG-2760","WO-10520","2025-09-10 03:00:00","LINE-C","55","OP-14"
"PLOG-2761","WO-10520","2025-09-10 04:00:00","LINE-C","82","OP-16"
"PLOG-2762","WO-10520","2025-09-10 05:00:00","LINE-C","87","OP-12"
"PLOG-2763","WO-10520","2025-09-10 06:00:00","LINE-C","81","OP-6"
"PLOG-2764","WO-10520","2025-09-10 07:00:00","LINE-C","65","OP-20"
"PLOG-2765","WO-10520","2025-09-10 08:00:00","LINE-C","91","OP-1"
"PLOG-2766","WO-10520","2025-09-10 09:00:00","LINE-C","96","OP-13"
"PLOG-2767","WO-10520","2025-09-10 10:00:00","LINE-C","67","OP-11"
"PLOG-2768","WO-10521","2025-04-15 00:00:00","LINE-C","72","OP-18"
"PLOG-2769","WO-10521","2025-04-15 01:00:00","LINE-C","101","OP-1"
"PLOG-2770","WO-10521","2025-04-15 02:00:00","LINE-C","64","OP-20"
"PLOG-2771","WO-10521","2025-04-15 03:00:00","LINE-C","90","OP-19"
"PLOG-2772","WO-10521","2025-04-15 04:00:00","LINE-C","75","OP-1"
"PLOG-2773","WO-10521","2025-04-15 05:00:00","LINE-C","89","OP-18"
"PLOG-2774","WO-10521","2025-04-15 06:00:00","LINE-C","100","OP-4"
"PLOG-2775","WO-10521","2025-04-15 07:00:00","LINE-C","45","OP-10"
"PLOG-2776","WO-10524","2025-04-13 00:00:00","LINE-A","80","OP-8"
"PLOG-2777","WO-10524","2025-04-13 01:00:00","LINE-A","69","OP-16"
"PLOG-2778","WO-10524","2025-04-13 02:00:00","LINE-A","83","OP-6"
"PLOG-2779","WO-10524","2025-04-13 03:00:00","LINE-A","99","OP-15"
"PLOG-2780","WO-10524","2025-04-13 04:00:00","LINE-A","59","OP-9"
"PLOG-2781","WO-10524","2025-04-13 05:00:00","LINE-A","91","OP-5"
"PLOG-2782","WO-10524","2025-04-13 06:00:00","LINE-A","101","OP-1"
"PLOG-2783","WO-10524","2025-04-13 07:00:00","LINE-A","58","OP-15"
"PLOG-2784","WO-10524","2025-04-13 08:00:00","LINE-A","86","OP-3"
"PLOG-2785","WO-10524","2025-04-13 09:00:00","LINE-A","72","OP-13"
"PLOG-2786","WO-10524","2025-04-13 10:00:00","LINE-A","71","OP-6"
"PLOG-2787","WO-10524","2025-04-13 11:00:00","LINE-A","45","OP-20"
"PLOG-2788","WO-10524","2025-04-13 12:00:00","LINE-A","92","OP-9"
"PLOG-2789","WO-10525","2025-10-01 00:00:00","LINE-A","104","OP-11"
"PLOG-2790","WO-10525","2025-10-01 01:00:00","LINE-A","69","OP-7"
"PLOG-2791","WO-10525","2025-10-01 02:00:00","LINE-A","61","OP-13"
"PLOG-2792","WO-10525","2025-10-01 03:00:00","LINE-A","63","OP-2"
"PLOG-2793","WO-10525","2025-10-01 04:00:00","LINE-A","63","OP-18"
"PLOG-2794","WO-10525","2025-10-01 05:00:00","LINE-A","109","OP-11"
"PLOG-2795","WO-10525","2025-10-01 06:00:00","LINE-A","92","OP-18"
"PLOG-2796","WO-10525","2025-10-01 07:00:00","LINE-A","106","OP-17"
"PLOG-2797","WO-10525","2025-10-01 08:00:00","LINE-A","74","OP-8"
"PLOG-2798","WO-10525","2025-10-01 09:00:00","LINE-A","63","OP-2"
"PLOG-2799","WO-10525","2025-10-01 10:00:00","LINE-A","79","OP-18"
"PLOG-2800","WO-10526","2025-12-04 00:00:00","LINE-C","99","OP-3"
"PLOG-2801","WO-10526","2025-12-04 01:00:00","LINE-C","62","OP-14"
"PLOG-2802","WO-10526","2025-12-04 02:00:00","LINE-C","70","OP-2"
"PLOG-2803","WO-10526","2025-12-04 03:00:00","LINE-C","62","OP-12"
"PLOG-2804","WO-10528","2026-02-09 00:00:00","LINE-B","105","OP-16"
"PLOG-2805","WO-10528","2026-02-09 01:00:00","LINE-B","58","OP-3"
"PLOG-2806","WO-10528","2026-02-09 02:00:00","LINE-B","79","OP-1"
"PLOG-2807","WO-10529","2025-11-12 00:00:00","LINE-A","50","OP-9"
"PLOG-2808","WO-10529","2025-11-12 01:00:00","LINE-A","71","OP-9"
"PLOG-2809","WO-10529","2025-11-12 02:00:00","LINE-A","85","OP-15"
"PLOG-2810","WO-10529","2025-11-12 03:00:00","LINE-A","61","OP-12"
"PLOG-2811","WO-10529","2025-11-12 04:00:00","LINE-A","76","OP-5"
"PLOG-2812","WO-10530","2025-04-04 00:00:00","LINE-B","46","OP-5"
"PLOG-2813","WO-10530","2025-04-04 01:00:00","LINE-B","87","OP-4"
"PLOG-2814","WO-10530","2025-04-04 02:00:00","LINE-B","98","OP-11"
"PLOG-2815","WO-10530","2025-04-04 03:00:00","LINE-B","78","OP-17"
"PLOG-2816","WO-10530","2025-04-04 04:00:00","LINE-B","92","OP-14"
"PLOG-2817","WO-10530","2025-04-04 05:00:00","LINE-B","52","OP-5"
"PLOG-2818","WO-10530","2025-04-04 06:00:00","LINE-B","62","OP-20"
"PLOG-2819","WO-10530","2025-04-04 07:00:00","LINE-B","84","OP-3"
"PLOG-2820","WO-10530","2025-04-04 08:00:00","LINE-B","57","OP-1"
"PLOG-2821","WO-10530","2025-04-04 09:00:00","LINE-B","94","OP-4"
"PLOG-2822","WO-10530","2025-04-04 10:00:00","LINE-B","60","OP-6"
"PLOG-2823","WO-10530","2025-04-04 11:00:00","LINE-B","52","OP-16"
"PLOG-2824","WO-10530","2025-04-04 12:00:00","LINE-B","77","OP-12"
"PLOG-2825","WO-10530","2025-04-04 13:00:00","LINE-B","108","OP-11"
"PLOG-2826","WO-10531","2026-02-02 00:00:00","LINE-C","57","OP-14"
"PLOG-2827","WO-10531","2026-02-02 01:00:00","LINE-C","78","OP-8"
"PLOG-2828","WO-10531","2026-02-02 02:00:00","LINE-C","84","OP-15"
"PLOG-2829","WO-10531","2026-02-02 03:00:00","LINE-C","95","OP-4"
"PLOG-2830","WO-10531","2026-02-02 04:00:00","LINE-C","84","OP-18"
"PLOG-2831","WO-10531","2026-02-02 05:00:00","LINE-C","66","OP-18"
"PLOG-2832","WO-10531","2026-02-02 06:00:00","LINE-C","71","OP-4"
"PLOG-2833","WO-10531","2026-02-02 07:00:00","LINE-C","45","OP-2"
"PLOG-2834","WO-10531","2026-02-02 08:00:00","LINE-C","51","OP-7"
"PLOG-2835","WO-10531","2026-02-02 09:00:00","LINE-C","89","OP-12"
"PLOG-2836","WO-10531","2026-02-02 10:00:00","LINE-C","103","OP-2"
"PLOG-2837","WO-10531","2026-02-02 11:00:00","LINE-C","66","OP-10"
"PLOG-2838","WO-10531","2026-02-02 12:00:00","LINE-C","46","OP-10"
"PLOG-2839","WO-10531","2026-02-02 13:00:00","LINE-C","45","OP-17"
"PLOG-2840","WO-10533","2025-11-01 00:00:00","LINE-B","104","OP-12"
"PLOG-2841","WO-10533","2025-11-01 01:00:00","LINE-B","66","OP-4"
"PLOG-2842","WO-10533","2025-11-01 02:00:00","LINE-B","48","OP-3"
"PLOG-2843","WO-10533","2025-11-01 03:00:00","LINE-B","84","OP-15"
"PLOG-2844","WO-10533","2025-11-01 04:00:00","LINE-B","58","OP-3"
"PLOG-2845","WO-10533","2025-11-01 05:00:00","LINE-B","53","OP-5"
"PLOG-2846","WO-10533","2025-11-01 06:00:00","LINE-B","83","OP-15"
"PLOG-2847","WO-10535","2025-11-08 00:00:00","LINE-A","104","OP-10"
"PLOG-2848","WO-10535","2025-11-08 01:00:00","LINE-A","103","OP-1"
"PLOG-2849","WO-10536","2025-10-06 00:00:00","LINE-B","57","OP-7"
"PLOG-2850","WO-10536","2025-10-06 01:00:00","LINE-B","89","OP-12"
"PLOG-2851","WO-10538","2025-12-17 00:00:00","LINE-A","65","OP-18"
"PLOG-2852","WO-10538","2025-12-17 01:00:00","LINE-A","86","OP-10"
"PLOG-2853","WO-10538","2025-12-17 02:00:00","LINE-A","77","OP-11"
"PLOG-2854","WO-10538","2025-12-17 03:00:00","LINE-A","95","OP-5"
"PLOG-2855","WO-10538","2025-12-17 04:00:00","LINE-A","74","OP-7"
"PLOG-2856","WO-10538","2025-12-17 05:00:00","LINE-A","82","OP-13"
"PLOG-2857","WO-10539","2025-12-24 00:00:00","LINE-C","98","OP-15"
"PLOG-2858","WO-10539","2025-12-24 01:00:00","LINE-C","105","OP-3"
"PLOG-2859","WO-10539","2025-12-24 02:00:00","LINE-C","83","OP-12"
"PLOG-2860","WO-10539","2025-12-24 03:00:00","LINE-C","99","OP-20"
"PLOG-2861","WO-10541","2025-11-04 00:00:00","LINE-C","67","OP-13"
"PLOG-2862","WO-10541","2025-11-04 01:00:00","LINE-C","103","OP-17"
"PLOG-2863","WO-10541","2025-11-04 02:00:00","LINE-C","90","OP-19"
"PLOG-2864","WO-10541","2025-11-04 03:00:00","LINE-C","103","OP-16"
"PLOG-2865","WO-10541","2025-11-04 04:00:00","LINE-C","107","OP-16"
"PLOG-2866","WO-10541","2025-11-04 05:00:00","LINE-C","89","OP-11"
"PLOG-2867","WO-10541","2025-11-04 06:00:00","LINE-C","55","OP-20"
"PLOG-2868","WO-10541","2025-11-04 07:00:00","LINE-C","92","OP-8"
"PLOG-2869","WO-10545","2026-02-08 00:00:00","LINE-C","96","OP-18"
"PLOG-2870","WO-10545","2026-02-08 01:00:00","LINE-C","73","OP-14"
"PLOG-2871","WO-10545","2026-02-08 02:00:00","LINE-C","48","OP-13"
"PLOG-2872","WO-10545","2026-02-08 03:00:00","LINE-C","85","OP-12"
"PLOG-2873","WO-10545","2026-02-08 04:00:00","LINE-C","46","OP-11"
"PLOG-2874","WO-10545","2026-02-08 05:00:00","LINE-C","84","OP-1"
"PLOG-2875","WO-10545","2026-02-08 06:00:00","LINE-C","74","OP-13"
"PLOG-2876","WO-10545","2026-02-08 07:00:00","LINE-C","62","OP-5"
"PLOG-2877","WO-10546","2025-07-17 00:00:00","LINE-B","71","OP-18"
"PLOG-2878","WO-10546","2025-07-17 01:00:00","LINE-B","56","OP-18"
"PLOG-2879","WO-10546","2025-07-17 02:00:00","LINE-B","59","OP-11"
"PLOG-2880","WO-10546","2025-07-17 03:00:00","LINE-B","69","OP-2"
"PLOG-2881","WO-10547","2025-07-31 00:00:00","LINE-B","48","OP-15"
"PLOG-2882","WO-10547","2025-07-31 01:00:00","LINE-B","57","OP-11"
"PLOG-2883","WO-10547","2025-07-31 02:00:00","LINE-B","101","OP-7"
"PLOG-2884","WO-10547","2025-07-31 03:00:00","LINE-B","56","OP-5"
"PLOG-2885","WO-10547","2025-07-31 04:00:00","LINE-B","57","OP-1"
"PLOG-2886","WO-10548","2025-10-08 00:00:00","LINE-C","53","OP-2"
"PLOG-2887","WO-10548","2025-10-08 01:00:00","LINE-C","62","OP-7"
"PLOG-2888","WO-10551","2025-08-09 00:00:00","LINE-B","91","OP-16"
"PLOG-2889","WO-10551","2025-08-09 01:00:00","LINE-B","76","OP-9"
"PLOG-2890","WO-10551","2025-08-09 02:00:00","LINE-B","62","OP-10"
"PLOG-2891","WO-10551","2025-08-09 03:00:00","LINE-B","57","OP-17"
"PLOG-2892","WO-10554","2025-10-31 00:00:00","LINE-C","68","OP-17"
"PLOG-2893","WO-10554","2025-10-31 01:00:00","LINE-C","97","OP-20"
"PLOG-2894","WO-10554","2025-10-31 02:00:00","LINE-C","105","OP-1"
"PLOG-2895","WO-10554","2025-10-31 03:00:00","LINE-C","45","OP-11"
"PLOG-2896","WO-10554","2025-10-31 04:00:00","LINE-C","56","OP-1"
"PLOG-2897","WO-10554","2025-10-31 05:00:00","LINE-C","56","OP-15"
"PLOG-2898","WO-10556","2025-10-20 00:00:00","LINE-C","87","OP-16"
"PLOG-2899","WO-10556","2025-10-20 01:00:00","LINE-C","52","OP-15"
"PLOG-2900","WO-10556","2025-10-20 02:00:00","LINE-C","64","OP-19"
"PLOG-2901","WO-10556","2025-10-20 03:00:00","LINE-C","83","OP-1"
"PLOG-2902","WO-10556","2025-10-20 04:00:00","LINE-C","85","OP-8"
"PLOG-2903","WO-10556","2025-10-20 05:00:00","LINE-C","55","OP-10"
"PLOG-2904","WO-10556","2025-10-20 06:00:00","LINE-C","107","OP-12"
"PLOG-2905","WO-10556","2025-10-20 07:00:00","LINE-C","88","OP-8"
"PLOG-2906","WO-10556","2025-10-20 08:00:00","LINE-C","104","OP-3"
"PLOG-2907","WO-10556","2025-10-20 09:00:00","LINE-C","100","OP-11"
"PLOG-2908","WO-10556","2025-10-20 10:00:00","LINE-C","108","OP-5"
"PLOG-2909","WO-10556","2025-10-20 11:00:00","LINE-C","51","OP-8"
"PLOG-2910","WO-10557","2025-09-25 00:00:00","LINE-C","101","OP-1"
"PLOG-2911","WO-10557","2025-09-25 01:00:00","LINE-C","76","OP-18"
"PLOG-2912","WO-10557","2025-09-25 02:00:00","LINE-C","107","OP-20"
"PLOG-2913","WO-10557","2025-09-25 03:00:00","LINE-C","97","OP-2"
"PLOG-2914","WO-10557","2025-09-25 04:00:00","LINE-C","60","OP-7"
"PLOG-2915","WO-10557","2025-09-25 05:00:00","LINE-C","79","OP-14"
"PLOG-2916","WO-10557","2025-09-25 06:00:00","LINE-C","84","OP-16"
"PLOG-2917","WO-10558","2026-02-13 00:00:00","LINE-C","52","OP-11"
"PLOG-2918","WO-10558","2026-02-13 01:00:00","LINE-C","68","OP-3"
"PLOG-2919","WO-10558","2026-02-13 02:00:00","LINE-C","62","OP-3"
"PLOG-2920","WO-10561","2025-10-21 00:00:00","LINE-B","70","OP-3"
"PLOG-2921","WO-10561","2025-10-21 01:00:00","LINE-B","57","OP-9"
"PLOG-2922","WO-10561","2025-10-21 02:00:00","LINE-B","90","OP-6"
"PLOG-2923","WO-10561","2025-10-21 03:00:00","LINE-B","64","OP-1"
"PLOG-2924","WO-10561","2025-10-21 04:00:00","LINE-B","49","OP-16"
"PLOG-2925","WO-10561","2025-10-21 05:00:00","LINE-B","104","OP-11"
"PLOG-2926","WO-10561","2025-10-21 06:00:00","LINE-B","61","OP-20"
"PLOG-2927","WO-10561","2025-10-21 07:00:00","LINE-B","107","OP-7"
"PLOG-2928","WO-10563","2025-09-19 00:00:00","LINE-B","75","OP-6"
"PLOG-2929","WO-10563","2025-09-19 01:00:00","LINE-B","49","OP-14"
"PLOG-2930","WO-10563","2025-09-19 02:00:00","LINE-B","89","OP-17"
"PLOG-2931","WO-10563","2025-09-19 03:00:00","LINE-B","88","OP-19"
"PLOG-2932","WO-10563","2025-09-19 04:00:00","LINE-B","99","OP-19"
"PLOG-2933","WO-10564","2025-12-28 00:00:00","LINE-A","105","OP-12"
"PLOG-2934","WO-10564","2025-12-28 01:00:00","LINE-A","93","OP-1"
"PLOG-2935","WO-10564","2025-12-28 02:00:00","LINE-A","107","OP-15"
"PLOG-2936","WO-10564","2025-12-28 03:00:00","LINE-A","103","OP-17"
"PLOG-2937","WO-10564","2025-12-28 04:00:00","LINE-A","90","OP-13"
"PLOG-2938","WO-10564","2025-12-28 05:00:00","LINE-A","104","OP-18"
"PLOG-2939","WO-10564","2025-12-28 06:00:00","LINE-A","75","OP-13"
"PLOG-2940","WO-10564","2025-12-28 07:00:00","LINE-A","77","OP-20"
"PLOG-2941","WO-10564","2025-12-28 08:00:00","LINE-A","66","OP-8"
"PLOG-2942","WO-10564","2025-12-28 09:00:00","LINE-A","66","OP-9"
"PLOG-2943","WO-10564","2025-12-28 10:00:00","LINE-A","49","OP-19"
"PLOG-2944","WO-10564","2025-12-28 11:00:00","LINE-A","66","OP-3"
"PLOG-2945","WO-10564","2025-12-28 12:00:00","LINE-A","80","OP-9"
"PLOG-2946","WO-10564","2025-12-28 13:00:00","LINE-A","79","OP-19"
"PLOG-2947","WO-10566","2025-08-27 00:00:00","LINE-C","75","OP-15"
"PLOG-2948","WO-10566","2025-08-27 01:00:00","LINE-C","102","OP-16"
"PLOG-2949","WO-10569","2025-11-12 00:00:00","LINE-C","50","OP-13"
"PLOG-2950","WO-10569","2025-11-12 01:00:00","LINE-C","53","OP-6"
"PLOG-2951","WO-10569","2025-11-12 02:00:00","LINE-C","56","OP-17"
"PLOG-2952","WO-10569","2025-11-12 03:00:00","LINE-C","83","OP-17"
"PLOG-2953","WO-10569","2025-11-12 04:00:00","LINE-C","107","OP-4"
"PLOG-2954","WO-10569","2025-11-12 05:00:00","LINE-C","102","OP-4"
"PLOG-2955","WO-10569","2025-11-12 06:00:00","LINE-C","89","OP-7"
"PLOG-2956","WO-10569","2025-11-12 07:00:00","LINE-C","52","OP-12"
"PLOG-2957","WO-10570","2025-07-31 00:00:00","LINE-A","63","OP-3"
"PLOG-2958","WO-10570","2025-07-31 01:00:00","LINE-A","84","OP-16"
"PLOG-2959","WO-10570","2025-07-31 02:00:00","LINE-A","105","OP-15"
"PLOG-2960","WO-10570","2025-07-31 03:00:00","LINE-A","104","OP-7"
"PLOG-2961","WO-10570","2025-07-31 04:00:00","LINE-A","91","OP-12"
"PLOG-2962","WO-10570","2025-07-31 05:00:00","LINE-A","82","OP-19"
"PLOG-2963","WO-10570","2025-07-31 06:00:00","LINE-A","45","OP-8"
"PLOG-2964","WO-10570","2025-07-31 07:00:00","LINE-A","45","OP-13"
"PLOG-2965","WO-10570","2025-07-31 08:00:00","LINE-A","57","OP-9"
"PLOG-2966","WO-10571","2025-07-09 00:00:00","LINE-B","59","OP-11"
"PLOG-2967","WO-10571","2025-07-09 01:00:00","LINE-B","96","OP-6"
"PLOG-2968","WO-10572","2026-03-05 00:00:00","LINE-B","79","OP-12"
"PLOG-2969","WO-10572","2026-03-05 01:00:00","LINE-B","109","OP-12"
"PLOG-2970","WO-10572","2026-03-05 02:00:00","LINE-B","78","OP-19"
"PLOG-2971","WO-10572","2026-03-05 03:00:00","LINE-B","60","OP-9"
"PLOG-2972","WO-10572","2026-03-05 04:00:00","LINE-B","60","OP-11"
"PLOG-2973","WO-10572","2026-03-05 05:00:00","LINE-B","70","OP-1"
"PLOG-2974","WO-10572","2026-03-05 06:00:00","LINE-B","80","OP-19"
"PLOG-2975","WO-10573","2025-07-16 00:00:00","LINE-A","99","OP-15"
"PLOG-2976","WO-10573","2025-07-16 01:00:00","LINE-A","59","OP-15"
"PLOG-2977","WO-10573","2025-07-16 02:00:00","LINE-A","76","OP-12"
"PLOG-2978","WO-10573","2025-07-16 03:00:00","LINE-A","77","OP-15"
"PLOG-2979","WO-10573","2025-07-16 04:00:00","LINE-A","83","OP-10"
"PLOG-2980","WO-10573","2025-07-16 05:00:00","LINE-A","98","OP-13"
"PLOG-2981","WO-10574","2025-07-26 00:00:00","LINE-B","56","OP-6"
"PLOG-2982","WO-10574","2025-07-26 01:00:00","LINE-B","107","OP-1"
"PLOG-2983","WO-10574","2025-07-26 02:00:00","LINE-B","87","OP-5"
"PLOG-2984","WO-10574","2025-07-26 03:00:00","LINE-B","87","OP-6"
"PLOG-2985","WO-10576","2025-08-23 00:00:00","LINE-C","45","OP-8"
"PLOG-2986","WO-10576","2025-08-23 01:00:00","LINE-C","107","OP-16"
"PLOG-2987","WO-10576","2025-08-23 02:00:00","LINE-C","82","OP-5"
"PLOG-2988","WO-10578","2025-10-08 00:00:00","LINE-C","93","OP-9"
"PLOG-2989","WO-10578","2025-10-08 01:00:00","LINE-C","80","OP-11"
"PLOG-2990","WO-10582","2025-08-07 00:00:00","LINE-B","107","OP-8"
"PLOG-2991","WO-10582","2025-08-07 01:00:00","LINE-B","95","OP-7"
"PLOG-2992","WO-10582","2025-08-07 02:00:00","LINE-B","107","OP-6"
"PLOG-2993","WO-10582","2025-08-07 03:00:00","LINE-B","58","OP-3"
"PLOG-2994","WO-10582","2025-08-07 04:00:00","LINE-B","57","OP-16"
"PLOG-2995","WO-10583","2025-05-04 00:00:00","LINE-B","45","OP-19"
"PLOG-2996","WO-10583","2025-05-04 01:00:00","LINE-B","76","OP-13"
"PLOG-2997","WO-10583","2025-05-04 02:00:00","LINE-B","79","OP-9"
"PLOG-2998","WO-10583","2025-05-04 03:00:00","LINE-B","107","OP-14"
"PLOG-2999","WO-10583","2025-05-04 04:00:00","LINE-B","74","OP-2"
"PLOG-3000","WO-10583","2025-05-04 05:00:00","LINE-B","88","OP-10"
"PLOG-3001","WO-10586","2025-05-02 00:00:00","LINE-B","89","OP-16"
"PLOG-3002","WO-10586","2025-05-02 01:00:00","LINE-B","72","OP-13"
"PLOG-3003","WO-10586","2025-05-02 02:00:00","LINE-B","92","OP-8"
"PLOG-3004","WO-10586","2025-05-02 03:00:00","LINE-B","74","OP-12"
"PLOG-3005","WO-10586","2025-05-02 04:00:00","LINE-B","79","OP-14"
"PLOG-3006","WO-10586","2025-05-02 05:00:00","LINE-B","100","OP-6"
"PLOG-3007","WO-10586","2025-05-02 06:00:00","LINE-B","67","OP-18"
"PLOG-3008","WO-10586","2025-05-02 07:00:00","LINE-B","110","OP-20"
"PLOG-3009","WO-10586","2025-05-02 08:00:00","LINE-B","77","OP-9"
"PLOG-3010","WO-10586","2025-05-02 09:00:00","LINE-B","72","OP-2"
"PLOG-3011","WO-10586","2025-05-02 10:00:00","LINE-B","63","OP-13"
"PLOG-3012","WO-10586","2025-05-02 11:00:00","LINE-B","48","OP-19"
"PLOG-3013","WO-10586","2025-05-02 12:00:00","LINE-B","51","OP-7"
"PLOG-3014","WO-10586","2025-05-02 13:00:00","LINE-B","87","OP-17"
"PLOG-3015","WO-10586","2025-05-02 14:00:00","LINE-B","47","OP-6"
"PLOG-3016","WO-10586","2025-05-02 15:00:00","LINE-B","73","OP-18"
"PLOG-3017","WO-10586","2025-05-02 16:00:00","LINE-B","71","OP-16"
"PLOG-3018","WO-10586","2025-05-02 17:00:00","LINE-B","59","OP-13"
"PLOG-3019","WO-10587","2026-02-27 00:00:00","LINE-A","58","OP-18"
"PLOG-3020","WO-10587","2026-02-27 01:00:00","LINE-A","82","OP-8"
"PLOG-3021","WO-10587","2026-02-27 02:00:00","LINE-A","51","OP-6"
"PLOG-3022","WO-10587","2026-02-27 03:00:00","LINE-A","45","OP-13"
"PLOG-3023","WO-10587","2026-02-27 04:00:00","LINE-A","56","OP-4"
"PLOG-3024","WO-10587","2026-02-27 05:00:00","LINE-A","53","OP-10"
"PLOG-3025","WO-10587","2026-02-27 06:00:00","LINE-A","75","OP-3"
"PLOG-3026","WO-10587","2026-02-27 07:00:00","LINE-A","57","OP-14"
"PLOG-3027","WO-10587","2026-02-27 08:00:00","LINE-A","109","OP-8"
"PLOG-3028","WO-10587","2026-02-27 09:00:00","LINE-A","50","OP-12"
"PLOG-3029","WO-10587","2026-02-27 10:00:00","LINE-A","84","OP-10"
"PLOG-3030","WO-10587","2026-02-27 11:00:00","LINE-A","104","OP-17"
"PLOG-3031","WO-10587","2026-02-27 12:00:00","LINE-A","103","OP-19"
"PLOG-3032","WO-10587","2026-02-27 13:00:00","LINE-A","107","OP-12"
"PLOG-3033","WO-10588","2026-02-11 00:00:00","LINE-C","68","OP-4"
"PLOG-3034","WO-10588","2026-02-11 01:00:00","LINE-C","70","OP-6"
"PLOG-3035","WO-10588","2026-02-11 02:00:00","LINE-C","110","OP-15"
"PLOG-3036","WO-10588","2026-02-11 03:00:00","LINE-C","105","OP-17"
"PLOG-3037","WO-10589","2025-05-19 00:00:00","LINE-A","94","OP-7"
"PLOG-3038","WO-10589","2025-05-19 01:00:00","LINE-A","108","OP-14"
"PLOG-3039","WO-10589","2025-05-19 02:00:00","LINE-A","110","OP-3"
"PLOG-3040","WO-10589","2025-05-19 03:00:00","LINE-A","59","OP-19"
"PLOG-3041","WO-10589","2025-05-19 04:00:00","LINE-A","105","OP-14"
"PLOG-3042","WO-10589","2025-05-19 05:00:00","LINE-A","104","OP-13"
"PLOG-3043","WO-10589","2025-05-19 06:00:00","LINE-A","59","OP-1"
"PLOG-3044","WO-10589","2025-05-19 07:00:00","LINE-A","45","OP-18"
"PLOG-3045","WO-10589","2025-05-19 08:00:00","LINE-A","105","OP-2"
"PLOG-3046","WO-10591","2025-08-26 00:00:00","LINE-A","62","OP-10"
"PLOG-3047","WO-10591","2025-08-26 01:00:00","LINE-A","93","OP-3"
"PLOG-3048","WO-10591","2025-08-26 02:00:00","LINE-A","68","OP-8"
"PLOG-3049","WO-10591","2025-08-26 03:00:00","LINE-A","81","OP-13"
"PLOG-3050","WO-10591","2025-08-26 04:00:00","LINE-A","107","OP-12"
"PLOG-3051","WO-10591","2025-08-26 05:00:00","LINE-A","107","OP-17"
"PLOG-3052","WO-10592","2026-01-09 00:00:00","LINE-C","66","OP-2"
"PLOG-3053","WO-10592","2026-01-09 01:00:00","LINE-C","105","OP-4"
"PLOG-3054","WO-10592","2026-01-09 02:00:00","LINE-C","53","OP-5"
"PLOG-3055","WO-10592","2026-01-09 03:00:00","LINE-C","106","OP-18"
"PLOG-3056","WO-10592","2026-01-09 04:00:00","LINE-C","51","OP-8"
"PLOG-3057","WO-10592","2026-01-09 05:00:00","LINE-C","95","OP-13"
"PLOG-3058","WO-10594","2025-08-02 00:00:00","LINE-B","77","OP-16"
"PLOG-3059","WO-10594","2025-08-02 01:00:00","LINE-B","84","OP-1"
"PLOG-3060","WO-10594","2025-08-02 02:00:00","LINE-B","66","OP-4"
"PLOG-3061","WO-10596","2025-09-04 00:00:00","LINE-B","58","OP-5"
"PLOG-3062","WO-10596","2025-09-04 01:00:00","LINE-B","53","OP-1"
"PLOG-3063","WO-10596","2025-09-04 02:00:00","LINE-B","75","OP-6"
"PLOG-3064","WO-10596","2025-09-04 03:00:00","LINE-B","104","OP-16"
"PLOG-3065","WO-10596","2025-09-04 04:00:00","LINE-B","83","OP-6"
"PLOG-3066","WO-10596","2025-09-04 05:00:00","LINE-B","68","OP-6"
"PLOG-3067","WO-10596","2025-09-04 06:00:00","LINE-B","81","OP-9"
"PLOG-3068","WO-10596","2025-09-04 07:00:00","LINE-B","106","OP-12"
"PLOG-3069","WO-10598","2025-08-26 00:00:00","LINE-A","94","OP-2"
"PLOG-3070","WO-10598","2025-08-26 01:00:00","LINE-A","52","OP-19"
"PLOG-3071","WO-10598","2025-08-26 02:00:00","LINE-A","68","OP-13"
"PLOG-3072","WO-10598","2025-08-26 03:00:00","LINE-A","61","OP-7"
"PLOG-3073","WO-10598","2025-08-26 04:00:00","LINE-A","71","OP-17"
"PLOG-3074","WO-10598","2025-08-26 05:00:00","LINE-A","110","OP-15"
"PLOG-3075","WO-10598","2025-08-26 06:00:00","LINE-A","67","OP-1"
"PLOG-3076","WO-10598","2025-08-26 07:00:00","LINE-A","89","OP-6"
"PLOG-3077","WO-10598","2025-08-26 08:00:00","LINE-A","71","OP-15"
"PLOG-3078","WO-10600","2025-07-17 00:00:00","LINE-A","75","OP-11"
"PLOG-3079","WO-10600","2025-07-17 01:00:00","LINE-A","91","OP-13"
"PLOG-3080","WO-10600","2025-07-17 02:00:00","LINE-A","84","OP-7"
"PLOG-3081","WO-10600","2025-07-17 03:00:00","LINE-A","49","OP-20"
"PLOG-3082","WO-10600","2025-07-17 04:00:00","LINE-A","96","OP-18"
"PLOG-3083","WO-10600","2025-07-17 05:00:00","LINE-A","49","OP-8"
"PLOG-3084","WO-10600","2025-07-17 06:00:00","LINE-A","77","OP-11"
"PLOG-3085","WO-10600","2025-07-17 07:00:00","LINE-A","73","OP-15"
"PLOG-3086","WO-10600","2025-07-17 08:00:00","LINE-A","92","OP-9"
"PLOG-3087","WO-10600","2025-07-17 09:00:00","LINE-A","68","OP-14"
"PLOG-3088","WO-10600","2025-07-17 10:00:00","LINE-A","57","OP-16"
"PLOG-3089","WO-10600","2025-07-17 11:00:00","LINE-A","51","OP-12"
"PLOG-3090","WO-10600","2025-07-17 12:00:00","LINE-A","67","OP-4"
"PLOG-3091","WO-10600","2025-07-17 13:00:00","LINE-A","104","OP-12"
"PLOG-3092","WO-10600","2025-07-17 14:00:00","LINE-A","87","OP-11"
"PLOG-3093","WO-10600","2025-07-17 15:00:00","LINE-A","50","OP-3"
"PLOG-3094","WO-10600","2025-07-17 16:00:00","LINE-A","109","OP-20"
"PLOG-3095","WO-10601","2025-10-28 00:00:00","LINE-A","71","OP-10"
"PLOG-3096","WO-10601","2025-10-28 01:00:00","LINE-A","108","OP-2"
"PLOG-3097","WO-10601","2025-10-28 02:00:00","LINE-A","81","OP-14"
"PLOG-3098","WO-10601","2025-10-28 03:00:00","LINE-A","59","OP-12"
"PLOG-3099","WO-10601","2025-10-28 04:00:00","LINE-A","71","OP-11"
"PLOG-3100","WO-10601","2025-10-28 05:00:00","LINE-A","101","OP-2"
"PLOG-3101","WO-10601","2025-10-28 06:00:00","LINE-A","80","OP-14"
"PLOG-3102","WO-10601","2025-10-28 07:00:00","LINE-A","75","OP-11"
"PLOG-3103","WO-10602","2026-03-29 00:00:00","LINE-B","53","OP-13"
"PLOG-3104","WO-10602","2026-03-29 01:00:00","LINE-B","95","OP-17"
"PLOG-3105","WO-10603","2025-12-12 00:00:00","LINE-C","53","OP-6"
"PLOG-3106","WO-10603","2025-12-12 01:00:00","LINE-C","97","OP-13"
"PLOG-3107","WO-10603","2025-12-12 02:00:00","LINE-C","76","OP-12"
"PLOG-3108","WO-10603","2025-12-12 03:00:00","LINE-C","91","OP-3"
"PLOG-3109","WO-10604","2025-04-04 00:00:00","LINE-A","48","OP-14"
"PLOG-3110","WO-10604","2025-04-04 01:00:00","LINE-A","85","OP-11"
"PLOG-3111","WO-10604","2025-04-04 02:00:00","LINE-A","101","OP-16"
"PLOG-3112","WO-10604","2025-04-04 03:00:00","LINE-A","95","OP-9"
"PLOG-3113","WO-10604","2025-04-04 04:00:00","LINE-A","77","OP-7"
"PLOG-3114","WO-10604","2025-04-04 05:00:00","LINE-A","51","OP-2"
"PLOG-3115","WO-10604","2025-04-04 06:00:00","LINE-A","61","OP-17"
"PLOG-3116","WO-10604","2025-04-04 07:00:00","LINE-A","82","OP-3"
"PLOG-3117","WO-10604","2025-04-04 08:00:00","LINE-A","105","OP-9"
"PLOG-3118","WO-10604","2025-04-04 09:00:00","LINE-A","93","OP-1"
"PLOG-3119","WO-10604","2025-04-04 10:00:00","LINE-A","105","OP-8"
"PLOG-3120","WO-10605","2025-11-27 00:00:00","LINE-B","108","OP-13"
"PLOG-3121","WO-10605","2025-11-27 01:00:00","LINE-B","76","OP-7"
"PLOG-3122","WO-10605","2025-11-27 02:00:00","LINE-B","70","OP-18"
"PLOG-3123","WO-10605","2025-11-27 03:00:00","LINE-B","84","OP-16"
"PLOG-3124","WO-10605","2025-11-27 04:00:00","LINE-B","69","OP-5"
"PLOG-3125","WO-10605","2025-11-27 05:00:00","LINE-B","72","OP-14"
"PLOG-3126","WO-10605","2025-11-27 06:00:00","LINE-B","63","OP-16"
"PLOG-3127","WO-10606","2025-11-25 00:00:00","LINE-C","68","OP-10"
"PLOG-3128","WO-10606","2025-11-25 01:00:00","LINE-C","101","OP-5"
"PLOG-3129","WO-10606","2025-11-25 02:00:00","LINE-C","87","OP-7"
"PLOG-3130","WO-10606","2025-11-25 03:00:00","LINE-C","92","OP-8"
"PLOG-3131","WO-10606","2025-11-25 04:00:00","LINE-C","106","OP-18"
"PLOG-3132","WO-10607","2025-12-18 00:00:00","LINE-B","92","OP-12"
"PLOG-3133","WO-10607","2025-12-18 01:00:00","LINE-B","88","OP-4"
"PLOG-3134","WO-10607","2025-12-18 02:00:00","LINE-B","54","OP-17"
"PLOG-3135","WO-10607","2025-12-18 03:00:00","LINE-B","78","OP-19"
"PLOG-3136","WO-10607","2025-12-18 04:00:00","LINE-B","46","OP-2"
"PLOG-3137","WO-10607","2025-12-18 05:00:00","LINE-B","110","OP-20"
"PLOG-3138","WO-10607","2025-12-18 06:00:00","LINE-B","73","OP-10"
"PLOG-3139","WO-10607","2025-12-18 07:00:00","LINE-B","83","OP-3"
"PLOG-3140","WO-10607","2025-12-18 08:00:00","LINE-B","103","OP-3"
"PLOG-3141","WO-10607","2025-12-18 09:00:00","LINE-B","79","OP-10"
"PLOG-3142","WO-10607","2025-12-18 10:00:00","LINE-B","83","OP-2"
"PLOG-3143","WO-10607","2025-12-18 11:00:00","LINE-B","66","OP-3"
"PLOG-3144","WO-10609","2025-10-10 00:00:00","LINE-B","64","OP-8"
"PLOG-3145","WO-10609","2025-10-10 01:00:00","LINE-B","75","OP-3"
"PLOG-3146","WO-10609","2025-10-10 02:00:00","LINE-B","106","OP-15"
"PLOG-3147","WO-10609","2025-10-10 03:00:00","LINE-B","108","OP-10"
"PLOG-3148","WO-10609","2025-10-10 04:00:00","LINE-B","56","OP-1"
"PLOG-3149","WO-10609","2025-10-10 05:00:00","LINE-B","45","OP-1"
"PLOG-3150","WO-10609","2025-10-10 06:00:00","LINE-B","95","OP-4"
"PLOG-3151","WO-10610","2025-05-03 00:00:00","LINE-B","60","OP-19"
"PLOG-3152","WO-10610","2025-05-03 01:00:00","LINE-B","86","OP-11"
"PLOG-3153","WO-10610","2025-05-03 02:00:00","LINE-B","69","OP-20"
"PLOG-3154","WO-10610","2025-05-03 03:00:00","LINE-B","84","OP-7"
"PLOG-3155","WO-10610","2025-05-03 04:00:00","LINE-B","109","OP-20"
"PLOG-3156","WO-10610","2025-05-03 05:00:00","LINE-B","73","OP-4"
"PLOG-3157","WO-10610","2025-05-03 06:00:00","LINE-B","73","OP-18"
"PLOG-3158","WO-10610","2025-05-03 07:00:00","LINE-B","84","OP-18"
"PLOG-3159","WO-10610","2025-05-03 08:00:00","LINE-B","77","OP-20"
"PLOG-3160","WO-10610","2025-05-03 09:00:00","LINE-B","63","OP-5"
"PLOG-3161","WO-10610","2025-05-03 10:00:00","LINE-B","110","OP-13"
"PLOG-3162","WO-10610","2025-05-03 11:00:00","LINE-B","67","OP-2"
"PLOG-3163","WO-10610","2025-05-03 12:00:00","LINE-B","47","OP-10"
"PLOG-3164","WO-10610","2025-05-03 13:00:00","LINE-B","69","OP-1"
"PLOG-3165","WO-10610","2025-05-03 14:00:00","LINE-B","57","OP-12"
"PLOG-3166","WO-10610","2025-05-03 15:00:00","LINE-B","98","OP-2"
"PLOG-3167","WO-10611","2025-10-19 00:00:00","LINE-C","56","OP-14"
"PLOG-3168","WO-10611","2025-10-19 01:00:00","LINE-C","51","OP-20"
"PLOG-3169","WO-10611","2025-10-19 02:00:00","LINE-C","82","OP-7"
"PLOG-3170","WO-10612","2026-01-25 00:00:00","LINE-C","94","OP-20"
"PLOG-3171","WO-10612","2026-01-25 01:00:00","LINE-C","77","OP-1"
"PLOG-3172","WO-10612","2026-01-25 02:00:00","LINE-C","61","OP-13"
"PLOG-3173","WO-10612","2026-01-25 03:00:00","LINE-C","76","OP-13"
"PLOG-3174","WO-10612","2026-01-25 04:00:00","LINE-C","77","OP-11"
"PLOG-3175","WO-10612","2026-01-25 05:00:00","LINE-C","108","OP-19"
"PLOG-3176","WO-10612","2026-01-25 06:00:00","LINE-C","87","OP-9"
"PLOG-3177","WO-10612","2026-01-25 07:00:00","LINE-C","71","OP-20"
"PLOG-3178","WO-10612","2026-01-25 08:00:00","LINE-C","46","OP-18"
"PLOG-3179","WO-10612","2026-01-25 09:00:00","LINE-C","68","OP-18"
"PLOG-3180","WO-10613","2025-05-13 00:00:00","LINE-A","62","OP-17"
"PLOG-3181","WO-10613","2025-05-13 01:00:00","LINE-A","50","OP-4"
"PLOG-3182","WO-10613","2025-05-13 02:00:00","LINE-A","56","OP-15"
"PLOG-3183","WO-10613","2025-05-13 03:00:00","LINE-A","61","OP-3"
"PLOG-3184","WO-10613","2025-05-13 04:00:00","LINE-A","55","OP-10"
"PLOG-3185","WO-10613","2025-05-13 05:00:00","LINE-A","99","OP-5"
"PLOG-3186","WO-10613","2025-05-13 06:00:00","LINE-A","71","OP-20"
"PLOG-3187","WO-10613","2025-05-13 07:00:00","LINE-A","79","OP-2"
"PLOG-3188","WO-10613","2025-05-13 08:00:00","LINE-A","86","OP-17"
"PLOG-3189","WO-10613","2025-05-13 09:00:00","LINE-A","93","OP-10"
"PLOG-3190","WO-10614","2026-01-11 00:00:00","LINE-A","86","OP-2"
"PLOG-3191","WO-10614","2026-01-11 01:00:00","LINE-A","62","OP-10"
"PLOG-3192","WO-10614","2026-01-11 02:00:00","LINE-A","91","OP-7"
"PLOG-3193","WO-10614","2026-01-11 03:00:00","LINE-A","89","OP-1"
"PLOG-3194","WO-10614","2026-01-11 04:00:00","LINE-A","57","OP-8"
"PLOG-3195","WO-10614","2026-01-11 05:00:00","LINE-A","82","OP-4"
"PLOG-3196","WO-10614","2026-01-11 06:00:00","LINE-A","94","OP-17"
"PLOG-3197","WO-10614","2026-01-11 07:00:00","LINE-A","67","OP-13"
"PLOG-3198","WO-10614","2026-01-11 08:00:00","LINE-A","61","OP-15"
"PLOG-3199","WO-10614","2026-01-11 09:00:00","LINE-A","86","OP-6"
"PLOG-3200","WO-10615","2026-02-10 00:00:00","LINE-C","101","OP-14"
"PLOG-3201","WO-10615","2026-02-10 01:00:00","LINE-C","57","OP-12"
"PLOG-3202","WO-10615","2026-02-10 02:00:00","LINE-C","56","OP-18"
"PLOG-3203","WO-10615","2026-02-10 03:00:00","LINE-C","88","OP-5"
"PLOG-3204","WO-10615","2026-02-10 04:00:00","LINE-C","73","OP-11"
"PLOG-3205","WO-10615","2026-02-10 05:00:00","LINE-C","65","OP-16"
"PLOG-3206","WO-10615","2026-02-10 06:00:00","LINE-C","104","OP-5"
"PLOG-3207","WO-10616","2025-07-05 00:00:00","LINE-B","90","OP-7"
"PLOG-3208","WO-10616","2025-07-05 01:00:00","LINE-B","104","OP-11"
"PLOG-3209","WO-10616","2025-07-05 02:00:00","LINE-B","99","OP-12"
"PLOG-3210","WO-10616","2025-07-05 03:00:00","LINE-B","98","OP-14"
"PLOG-3211","WO-10617","2025-05-06 00:00:00","LINE-A","50","OP-17"
"PLOG-3212","WO-10617","2025-05-06 01:00:00","LINE-A","89","OP-19"
"PLOG-3213","WO-10617","2025-05-06 02:00:00","LINE-A","99","OP-16"
"PLOG-3214","WO-10617","2025-05-06 03:00:00","LINE-A","75","OP-18"
"PLOG-3215","WO-10617","2025-05-06 04:00:00","LINE-A","89","OP-15"
"PLOG-3216","WO-10617","2025-05-06 05:00:00","LINE-A","66","OP-19"
"PLOG-3217","WO-10617","2025-05-06 06:00:00","LINE-A","68","OP-13"
"PLOG-3218","WO-10617","2025-05-06 07:00:00","LINE-A","107","OP-19"
"PLOG-3219","WO-10617","2025-05-06 08:00:00","LINE-A","68","OP-17"
"PLOG-3220","WO-10617","2025-05-06 09:00:00","LINE-A","76","OP-3"
"PLOG-3221","WO-10619","2025-08-19 00:00:00","LINE-A","53","OP-6"
"PLOG-3222","WO-10619","2025-08-19 01:00:00","LINE-A","95","OP-15"
"PLOG-3223","WO-10619","2025-08-19 02:00:00","LINE-A","108","OP-20"
"PLOG-3224","WO-10619","2025-08-19 03:00:00","LINE-A","51","OP-13"
"PLOG-3225","WO-10619","2025-08-19 04:00:00","LINE-A","100","OP-19"
"PLOG-3226","WO-10619","2025-08-19 05:00:00","LINE-A","92","OP-9"
"PLOG-3227","WO-10619","2025-08-19 06:00:00","LINE-A","80","OP-7"
"PLOG-3228","WO-10619","2025-08-19 07:00:00","LINE-A","87","OP-15"
"PLOG-3229","WO-10619","2025-08-19 08:00:00","LINE-A","77","OP-8"
"PLOG-3230","WO-10619","2025-08-19 09:00:00","LINE-A","95","OP-18"
"PLOG-3231","WO-10619","2025-08-19 10:00:00","LINE-A","100","OP-8"
"PLOG-3232","WO-10619","2025-08-19 11:00:00","LINE-A","71","OP-16"
"PLOG-3233","WO-10619","2025-08-19 12:00:00","LINE-A","58","OP-3"
"PLOG-3234","WO-10619","2025-08-19 13:00:00","LINE-A","87","OP-4"
"PLOG-3235","WO-10619","2025-08-19 14:00:00","LINE-A","93","OP-14"
"PLOG-3236","WO-10621","2025-08-12 00:00:00","LINE-A","67","OP-8"
"PLOG-3237","WO-10621","2025-08-12 01:00:00","LINE-A","102","OP-7"
"PLOG-3238","WO-10621","2025-08-12 02:00:00","LINE-A","102","OP-9"
"PLOG-3239","WO-10621","2025-08-12 03:00:00","LINE-A","55","OP-2"
"PLOG-3240","WO-10621","2025-08-12 04:00:00","LINE-A","98","OP-4"
"PLOG-3241","WO-10621","2025-08-12 05:00:00","LINE-A","59","OP-2"
"PLOG-3242","WO-10621","2025-08-12 06:00:00","LINE-A","65","OP-12"
"PLOG-3243","WO-10621","2025-08-12 07:00:00","LINE-A","90","OP-13"
"PLOG-3244","WO-10622","2025-10-17 00:00:00","LINE-A","61","OP-3"
"PLOG-3245","WO-10622","2025-10-17 01:00:00","LINE-A","110","OP-1"
"PLOG-3246","WO-10622","2025-10-17 02:00:00","LINE-A","46","OP-7"
"PLOG-3247","WO-10622","2025-10-17 03:00:00","LINE-A","52","OP-11"
"PLOG-3248","WO-10623","2025-11-18 00:00:00","LINE-B","90","OP-5"
"PLOG-3249","WO-10623","2025-11-18 01:00:00","LINE-B","87","OP-18"
"PLOG-3250","WO-10623","2025-11-18 02:00:00","LINE-B","79","OP-15"
"PLOG-3251","WO-10623","2025-11-18 03:00:00","LINE-B","66","OP-2"
"PLOG-3252","WO-10623","2025-11-18 04:00:00","LINE-B","75","OP-17"
"PLOG-3253","WO-10623","2025-11-18 05:00:00","LINE-B","58","OP-11"
"PLOG-3254","WO-10623","2025-11-18 06:00:00","LINE-B","110","OP-9"
"PLOG-3255","WO-10624","2025-06-18 00:00:00","LINE-A","55","OP-17"
"PLOG-3256","WO-10624","2025-06-18 01:00:00","LINE-A","90","OP-4"
"PLOG-3257","WO-10624","2025-06-18 02:00:00","LINE-A","63","OP-13"
"PLOG-3258","WO-10624","2025-06-18 03:00:00","LINE-A","69","OP-13"
"PLOG-3259","WO-10624","2025-06-18 04:00:00","LINE-A","95","OP-15"
"PLOG-3260","WO-10624","2025-06-18 05:00:00","LINE-A","76","OP-3"
"PLOG-3261","WO-10624","2025-06-18 06:00:00","LINE-A","92","OP-14"
"PLOG-3262","WO-10626","2025-05-12 00:00:00","LINE-A","91","OP-12"
"PLOG-3263","WO-10626","2025-05-12 01:00:00","LINE-A","82","OP-4"
"PLOG-3264","WO-10626","2025-05-12 02:00:00","LINE-A","65","OP-18"
"PLOG-3265","WO-10626","2025-05-12 03:00:00","LINE-A","90","OP-5"
"PLOG-3266","WO-10627","2026-03-04 00:00:00","LINE-B","76","OP-20"
"PLOG-3267","WO-10627","2026-03-04 01:00:00","LINE-B","71","OP-18"
"PLOG-3268","WO-10627","2026-03-04 02:00:00","LINE-B","54","OP-15"
"PLOG-3269","WO-10627","2026-03-04 03:00:00","LINE-B","45","OP-2"
"PLOG-3270","WO-10627","2026-03-04 04:00:00","LINE-B","102","OP-19"
"PLOG-3271","WO-10627","2026-03-04 05:00:00","LINE-B","69","OP-4"
"PLOG-3272","WO-10627","2026-03-04 06:00:00","LINE-B","96","OP-12"
"PLOG-3273","WO-10627","2026-03-04 07:00:00","LINE-B","85","OP-8"
"PLOG-3274","WO-10627","2026-03-04 08:00:00","LINE-B","101","OP-4"
"PLOG-3275","WO-10627","2026-03-04 09:00:00","LINE-B","82","OP-16"
"PLOG-3276","WO-10627","2026-03-04 10:00:00","LINE-B","60","OP-6"
"PLOG-3277","WO-10627","2026-03-04 11:00:00","LINE-B","96","OP-10"
"PLOG-3278","WO-10627","2026-03-04 12:00:00","LINE-B","45","OP-7"
"PLOG-3279","WO-10627","2026-03-04 13:00:00","LINE-B","96","OP-2"
"PLOG-3280","WO-10628","2026-01-12 00:00:00","LINE-C","80","OP-10"
"PLOG-3281","WO-10628","2026-01-12 01:00:00","LINE-C","67","OP-9"
"PLOG-3282","WO-10628","2026-01-12 02:00:00","LINE-C","50","OP-19"
"PLOG-3283","WO-10628","2026-01-12 03:00:00","LINE-C","94","OP-14"
"PLOG-3284","WO-10628","2026-01-12 04:00:00","LINE-C","107","OP-13"
"PLOG-3285","WO-10628","2026-01-12 05:00:00","LINE-C","59","OP-3"
"PLOG-3286","WO-10628","2026-01-12 06:00:00","LINE-C","95","OP-1"
"PLOG-3287","WO-10628","2026-01-12 07:00:00","LINE-C","77","OP-5"
"PLOG-3288","WO-10628","2026-01-12 08:00:00","LINE-C","53","OP-1"
"PLOG-3289","WO-10628","2026-01-12 09:00:00","LINE-C","49","OP-11"
"PLOG-3290","WO-10628","2026-01-12 10:00:00","LINE-C","68","OP-18"
"PLOG-3291","WO-10628","2026-01-12 11:00:00","LINE-C","104","OP-15"
"PLOG-3292","WO-10628","2026-01-12 12:00:00","LINE-C","83","OP-1"
"PLOG-3293","WO-10628","2026-01-12 13:00:00","LINE-C","49","OP-8"
"PLOG-3294","WO-10628","2026-01-12 14:00:00","LINE-C","48","OP-1"
"PLOG-3295","WO-10628","2026-01-12 15:00:00","LINE-C","72","OP-1"
"PLOG-3296","WO-10628","2026-01-12 16:00:00","LINE-C","66","OP-19"
"PLOG-3297","WO-10628","2026-01-12 17:00:00","LINE-C","79","OP-7"
"PLOG-3298","WO-10628","2026-01-12 18:00:00","LINE-C","63","OP-8"
"PLOG-3299","WO-10628","2026-01-12 19:00:00","LINE-C","106","OP-18"
"PLOG-3300","WO-10630","2025-10-31 00:00:00","LINE-C","46","OP-4"
"PLOG-3301","WO-10630","2025-10-31 01:00:00","LINE-C","54","OP-19"
"PLOG-3302","WO-10630","2025-10-31 02:00:00","LINE-C","45","OP-16"
"PLOG-3303","WO-10630","2025-10-31 03:00:00","LINE-C","79","OP-15"
"PLOG-3304","WO-10630","2025-10-31 04:00:00","LINE-C","95","OP-19"
"PLOG-3305","WO-10630","2025-10-31 05:00:00","LINE-C","87","OP-14"
"PLOG-3306","WO-10630","2025-10-31 06:00:00","LINE-C","103","OP-13"
"PLOG-3307","WO-10631","2025-11-10 00:00:00","LINE-C","85","OP-15"
"PLOG-3308","WO-10631","2025-11-10 01:00:00","LINE-C","64","OP-19"
"PLOG-3309","WO-10631","2025-11-10 02:00:00","LINE-C","54","OP-16"
"PLOG-3310","WO-10631","2025-11-10 03:00:00","LINE-C","87","OP-17"
"PLOG-3311","WO-10631","2025-11-10 04:00:00","LINE-C","104","OP-16"
"PLOG-3312","WO-10632","2025-09-24 00:00:00","LINE-A","59","OP-19"
"PLOG-3313","WO-10632","2025-09-24 01:00:00","LINE-A","75","OP-5"
"PLOG-3314","WO-10632","2025-09-24 02:00:00","LINE-A","99","OP-18"
"PLOG-3315","WO-10632","2025-09-24 03:00:00","LINE-A","47","OP-8"
"PLOG-3316","WO-10632","2025-09-24 04:00:00","LINE-A","60","OP-1"
"PLOG-3317","WO-10632","2025-09-24 05:00:00","LINE-A","77","OP-5"
"PLOG-3318","WO-10632","2025-09-24 06:00:00","LINE-A","88","OP-10"
"PLOG-3319","WO-10632","2025-09-24 07:00:00","LINE-A","71","OP-15"
"PLOG-3320","WO-10634","2026-01-04 00:00:00","LINE-A","79","OP-2"
"PLOG-3321","WO-10634","2026-01-04 01:00:00","LINE-A","101","OP-8"
"PLOG-3322","WO-10634","2026-01-04 02:00:00","LINE-A","90","OP-16"
"PLOG-3323","WO-10634","2026-01-04 03:00:00","LINE-A","48","OP-20"
"PLOG-3324","WO-10634","2026-01-04 04:00:00","LINE-A","103","OP-13"
"PLOG-3325","WO-10634","2026-01-04 05:00:00","LINE-A","74","OP-19"
"PLOG-3326","WO-10634","2026-01-04 06:00:00","LINE-A","60","OP-19"
"PLOG-3327","WO-10634","2026-01-04 07:00:00","LINE-A","63","OP-11"
"PLOG-3328","WO-10634","2026-01-04 08:00:00","LINE-A","56","OP-7"
"PLOG-3329","WO-10634","2026-01-04 09:00:00","LINE-A","104","OP-10"
"PLOG-3330","WO-10637","2025-11-03 00:00:00","LINE-C","62","OP-19"
"PLOG-3331","WO-10637","2025-11-03 01:00:00","LINE-C","81","OP-2"
"PLOG-3332","WO-10637","2025-11-03 02:00:00","LINE-C","52","OP-8"
"PLOG-3333","WO-10638","2026-02-08 00:00:00","LINE-A","94","OP-8"
"PLOG-3334","WO-10638","2026-02-08 01:00:00","LINE-A","57","OP-9"
"PLOG-3335","WO-10638","2026-02-08 02:00:00","LINE-A","94","OP-3"
"PLOG-3336","WO-10638","2026-02-08 03:00:00","LINE-A","82","OP-6"
"PLOG-3337","WO-10638","2026-02-08 04:00:00","LINE-A","52","OP-16"
"PLOG-3338","WO-10639","2025-10-25 00:00:00","LINE-B","103","OP-8"
"PLOG-3339","WO-10639","2025-10-25 01:00:00","LINE-B","91","OP-15"
"PLOG-3340","WO-10639","2025-10-25 02:00:00","LINE-B","45","OP-16"
"PLOG-3341","WO-10639","2025-10-25 03:00:00","LINE-B","59","OP-6"
"PLOG-3342","WO-10639","2025-10-25 04:00:00","LINE-B","78","OP-7"
"PLOG-3343","WO-10639","2025-10-25 05:00:00","LINE-B","53","OP-13"
"PLOG-3344","WO-10639","2025-10-25 06:00:00","LINE-B","62","OP-11"
"PLOG-3345","WO-10639","2025-10-25 07:00:00","LINE-B","101","OP-12"
"PLOG-3346","WO-10641","2025-08-29 00:00:00","LINE-C","84","OP-1"
"PLOG-3347","WO-10641","2025-08-29 01:00:00","LINE-C","77","OP-14"
"PLOG-3348","WO-10641","2025-08-29 02:00:00","LINE-C","106","OP-3"
"PLOG-3349","WO-10641","2025-08-29 03:00:00","LINE-C","95","OP-3"
"PLOG-3350","WO-10641","2025-08-29 04:00:00","LINE-C","48","OP-17"
"PLOG-3351","WO-10641","2025-08-29 05:00:00","LINE-C","55","OP-14"
"PLOG-3352","WO-10641","2025-08-29 06:00:00","LINE-C","89","OP-7"
"PLOG-3353","WO-10641","2025-08-29 07:00:00","LINE-C","85","OP-9"
"PLOG-3354","WO-10641","2025-08-29 08:00:00","LINE-C","96","OP-20"
"PLOG-3355","WO-10641","2025-08-29 09:00:00","LINE-C","77","OP-4"
"PLOG-3356","WO-10641","2025-08-29 10:00:00","LINE-C","74","OP-20"
"PLOG-3357","WO-10641","2025-08-29 11:00:00","LINE-C","79","OP-13"
"PLOG-3358","WO-10641","2025-08-29 12:00:00","LINE-C","67","OP-14"
"PLOG-3359","WO-10641","2025-08-29 13:00:00","LINE-C","50","OP-4"
"PLOG-3360","WO-10641","2025-08-29 14:00:00","LINE-C","68","OP-3"
"PLOG-3361","WO-10646","2025-09-13 00:00:00","LINE-C","65","OP-11"
"PLOG-3362","WO-10646","2025-09-13 01:00:00","LINE-C","83","OP-4"
"PLOG-3363","WO-10646","2025-09-13 02:00:00","LINE-C","86","OP-13"
"PLOG-3364","WO-10646","2025-09-13 03:00:00","LINE-C","106","OP-19"
"PLOG-3365","WO-10646","2025-09-13 04:00:00","LINE-C","50","OP-6"
"PLOG-3366","WO-10646","2025-09-13 05:00:00","LINE-C","63","OP-11"
"PLOG-3367","WO-10646","2025-09-13 06:00:00","LINE-C","102","OP-19"
"PLOG-3368","WO-10646","2025-09-13 07:00:00","LINE-C","52","OP-10"
"PLOG-3369","WO-10646","2025-09-13 08:00:00","LINE-C","98","OP-14"
"PLOG-3370","WO-10646","2025-09-13 09:00:00","LINE-C","73","OP-17"
"PLOG-3371","WO-10648","2025-10-21 00:00:00","LINE-C","61","OP-4"
"PLOG-3372","WO-10648","2025-10-21 01:00:00","LINE-C","104","OP-20"
"PLOG-3373","WO-10648","2025-10-21 02:00:00","LINE-C","85","OP-12"
"PLOG-3374","WO-10648","2025-10-21 03:00:00","LINE-C","87","OP-2"
"PLOG-3375","WO-10648","2025-10-21 04:00:00","LINE-C","108","OP-16"
"PLOG-3376","WO-10648","2025-10-21 05:00:00","LINE-C","110","OP-19"
"PLOG-3377","WO-10648","2025-10-21 06:00:00","LINE-C","93","OP-20"
"PLOG-3378","WO-10648","2025-10-21 07:00:00","LINE-C","92","OP-9"
"PLOG-3379","WO-10648","2025-10-21 08:00:00","LINE-C","92","OP-14"
"PLOG-3380","WO-10648","2025-10-21 09:00:00","LINE-C","84","OP-13"
"PLOG-3381","WO-10648","2025-10-21 10:00:00","LINE-C","92","OP-10"
"PLOG-3382","WO-10648","2025-10-21 11:00:00","LINE-C","90","OP-3"
"PLOG-3383","WO-10649","2025-05-28 00:00:00","LINE-A","89","OP-13"
"PLOG-3384","WO-10649","2025-05-28 01:00:00","LINE-A","59","OP-19"
"PLOG-3385","WO-10649","2025-05-28 02:00:00","LINE-A","80","OP-15"
"PLOG-3386","WO-10649","2025-05-28 03:00:00","LINE-A","82","OP-19"
"PLOG-3387","WO-10649","2025-05-28 04:00:00","LINE-A","96","OP-8"
"PLOG-3388","WO-10649","2025-05-28 05:00:00","LINE-A","50","OP-19"
"PLOG-3389","WO-10649","2025-05-28 06:00:00","LINE-A","64","OP-12"
"PLOG-3390","WO-10649","2025-05-28 07:00:00","LINE-A","73","OP-10"
"PLOG-3391","WO-10649","2025-05-28 08:00:00","LINE-A","107","OP-3"
"PLOG-3392","WO-10649","2025-05-28 09:00:00","LINE-A","71","OP-12"
"PLOG-3393","WO-10649","2025-05-28 10:00:00","LINE-A","99","OP-11"
"PLOG-3394","WO-10649","2025-05-28 11:00:00","LINE-A","94","OP-12"
"PLOG-3395","WO-10649","2025-05-28 12:00:00","LINE-A","107","OP-12"
"PLOG-3396","WO-10649","2025-05-28 13:00:00","LINE-A","72","OP-5"
"PLOG-3397","WO-10650","2026-01-21 00:00:00","LINE-C","57","OP-6"
"PLOG-3398","WO-10650","2026-01-21 01:00:00","LINE-C","47","OP-13"
"PLOG-3399","WO-10650","2026-01-21 02:00:00","LINE-C","81","OP-14"
"PLOG-3400","WO-10650","2026-01-21 03:00:00","LINE-C","80","OP-6"
"PLOG-3401","WO-10650","2026-01-21 04:00:00","LINE-C","94","OP-16"
"PLOG-3402","WO-10650","2026-01-21 05:00:00","LINE-C","92","OP-2"
"PLOG-3403","WO-10650","2026-01-21 06:00:00","LINE-C","73","OP-5"
"PLOG-3404","WO-10650","2026-01-21 07:00:00","LINE-C","50","OP-15"
"PLOG-3405","WO-10650","2026-01-21 08:00:00","LINE-C","83","OP-20"
"PLOG-3406","WO-10650","2026-01-21 09:00:00","LINE-C","67","OP-8"
"PLOG-3407","WO-10650","2026-01-21 10:00:00","LINE-C","99","OP-1"
"PLOG-3408","WO-10650","2026-01-21 11:00:00","LINE-C","95","OP-12"
"PLOG-3409","WO-10651","2025-04-27 00:00:00","LINE-A","74","OP-2"
"PLOG-3410","WO-10651","2025-04-27 01:00:00","LINE-A","55","OP-16"
"PLOG-3411","WO-10651","2025-04-27 02:00:00","LINE-A","55","OP-6"
"PLOG-3412","WO-10651","2025-04-27 03:00:00","LINE-A","95","OP-16"
"PLOG-3413","WO-10651","2025-04-27 04:00:00","LINE-A","68","OP-13"
"PLOG-3414","WO-10651","2025-04-27 05:00:00","LINE-A","55","OP-20"
"PLOG-3415","WO-10651","2025-04-27 06:00:00","LINE-A","89","OP-11"
"PLOG-3416","WO-10651","2025-04-27 07:00:00","LINE-A","68","OP-6"
"PLOG-3417","WO-10651","2025-04-27 08:00:00","LINE-A","93","OP-14"
"PLOG-3418","WO-10653","2025-07-17 00:00:00","LINE-B","57","OP-5"
"PLOG-3419","WO-10653","2025-07-17 01:00:00","LINE-B","49","OP-16"
"PLOG-3420","WO-10653","2025-07-17 02:00:00","LINE-B","67","OP-13"
"PLOG-3421","WO-10653","2025-07-17 03:00:00","LINE-B","81","OP-8"
"PLOG-3422","WO-10653","2025-07-17 04:00:00","LINE-B","47","OP-14"
"PLOG-3423","WO-10653","2025-07-17 05:00:00","LINE-B","84","OP-1"
"PLOG-3424","WO-10653","2025-07-17 06:00:00","LINE-B","103","OP-7"
"PLOG-3425","WO-10653","2025-07-17 07:00:00","LINE-B","73","OP-20"
"PLOG-3426","WO-10653","2025-07-17 08:00:00","LINE-B","83","OP-17"
"PLOG-3427","WO-10654","2025-05-02 00:00:00","LINE-C","62","OP-6"
"PLOG-3428","WO-10654","2025-05-02 01:00:00","LINE-C","51","OP-9"
"PLOG-3429","WO-10654","2025-05-02 02:00:00","LINE-C","47","OP-6"
"PLOG-3430","WO-10654","2025-05-02 03:00:00","LINE-C","47","OP-15"
"PLOG-3431","WO-10654","2025-05-02 04:00:00","LINE-C","99","OP-16"
"PLOG-3432","WO-10654","2025-05-02 05:00:00","LINE-C","90","OP-15"
"PLOG-3433","WO-10654","2025-05-02 06:00:00","LINE-C","67","OP-20"
"PLOG-3434","WO-10654","2025-05-02 07:00:00","LINE-C","100","OP-3"
"PLOG-3435","WO-10654","2025-05-02 08:00:00","LINE-C","107","OP-19"
"PLOG-3436","WO-10654","2025-05-02 09:00:00","LINE-C","52","OP-6"
"PLOG-3437","WO-10654","2025-05-02 10:00:00","LINE-C","75","OP-1"
"PLOG-3438","WO-10654","2025-05-02 11:00:00","LINE-C","52","OP-11"
"PLOG-3439","WO-10655","2025-12-19 00:00:00","LINE-B","92","OP-20"
"PLOG-3440","WO-10655","2025-12-19 01:00:00","LINE-B","110","OP-12"
"PLOG-3441","WO-10655","2025-12-19 02:00:00","LINE-B","55","OP-7"
"PLOG-3442","WO-10655","2025-12-19 03:00:00","LINE-B","80","OP-12"
"PLOG-3443","WO-10655","2025-12-19 04:00:00","LINE-B","69","OP-10"
"PLOG-3444","WO-10655","2025-12-19 05:00:00","LINE-B","81","OP-11"
"PLOG-3445","WO-10655","2025-12-19 06:00:00","LINE-B","52","OP-10"
"PLOG-3446","WO-10656","2025-07-08 00:00:00","LINE-A","93","OP-2"
"PLOG-3447","WO-10656","2025-07-08 01:00:00","LINE-A","107","OP-11"
"PLOG-3448","WO-10656","2025-07-08 02:00:00","LINE-A","56","OP-9"
"PLOG-3449","WO-10656","2025-07-08 03:00:00","LINE-A","100","OP-20"
"PLOG-3450","WO-10656","2025-07-08 04:00:00","LINE-A","103","OP-10"
"PLOG-3451","WO-10656","2025-07-08 05:00:00","LINE-A","94","OP-16"
"PLOG-3452","WO-10656","2025-07-08 06:00:00","LINE-A","48","OP-13"
"PLOG-3453","WO-10656","2025-07-08 07:00:00","LINE-A","50","OP-6"
"PLOG-3454","WO-10656","2025-07-08 08:00:00","LINE-A","48","OP-8"
"PLOG-3455","WO-10658","2026-03-21 00:00:00","LINE-A","68","OP-6"
"PLOG-3456","WO-10658","2026-03-21 01:00:00","LINE-A","46","OP-1"
"PLOG-3457","WO-10658","2026-03-21 02:00:00","LINE-A","92","OP-15"
"PLOG-3458","WO-10658","2026-03-21 03:00:00","LINE-A","73","OP-8"
"PLOG-3459","WO-10658","2026-03-21 04:00:00","LINE-A","98","OP-2"
"PLOG-3460","WO-10658","2026-03-21 05:00:00","LINE-A","57","OP-12"
"PLOG-3461","WO-10658","2026-03-21 06:00:00","LINE-A","96","OP-8"
"PLOG-3462","WO-10659","2025-04-03 00:00:00","LINE-C","79","OP-1"
"PLOG-3463","WO-10659","2025-04-03 01:00:00","LINE-C","108","OP-20"
"PLOG-3464","WO-10659","2025-04-03 02:00:00","LINE-C","68","OP-7"
"PLOG-3465","WO-10659","2025-04-03 03:00:00","LINE-C","76","OP-20"
"PLOG-3466","WO-10659","2025-04-03 04:00:00","LINE-C","107","OP-6"
"PLOG-3467","WO-10659","2025-04-03 05:00:00","LINE-C","65","OP-4"
"PLOG-3468","WO-10659","2025-04-03 06:00:00","LINE-C","50","OP-14"
"PLOG-3469","WO-10659","2025-04-03 07:00:00","LINE-C","95","OP-8"
"PLOG-3470","WO-10660","2026-01-11 00:00:00","LINE-B","67","OP-16"
"PLOG-3471","WO-10660","2026-01-11 01:00:00","LINE-B","67","OP-10"
"PLOG-3472","WO-10660","2026-01-11 02:00:00","LINE-B","87","OP-3"
"PLOG-3473","WO-10660","2026-01-11 03:00:00","LINE-B","45","OP-20"
"PLOG-3474","WO-10660","2026-01-11 04:00:00","LINE-B","79","OP-12"
"PLOG-3475","WO-10660","2026-01-11 05:00:00","LINE-B","50","OP-6"
"PLOG-3476","WO-10660","2026-01-11 06:00:00","LINE-B","66","OP-15"
"PLOG-3477","WO-10660","2026-01-11 07:00:00","LINE-B","107","OP-14"
"PLOG-3478","WO-10660","2026-01-11 08:00:00","LINE-B","45","OP-11"
"PLOG-3479","WO-10660","2026-01-11 09:00:00","LINE-B","77","OP-1"
"PLOG-3480","WO-10660","2026-01-11 10:00:00","LINE-B","73","OP-6"
"PLOG-3481","WO-10660","2026-01-11 11:00:00","LINE-B","49","OP-14"
"PLOG-3482","WO-10661","2025-12-27 00:00:00","LINE-B","95","OP-7"
"PLOG-3483","WO-10661","2025-12-27 01:00:00","LINE-B","60","OP-20"
"PLOG-3484","WO-10661","2025-12-27 02:00:00","LINE-B","91","OP-12"
"PLOG-3485","WO-10661","2025-12-27 03:00:00","LINE-B","45","OP-16"
"PLOG-3486","WO-10661","2025-12-27 04:00:00","LINE-B","63","OP-12"
"PLOG-3487","WO-10661","2025-12-27 05:00:00","LINE-B","54","OP-8"
"PLOG-3488","WO-10661","2025-12-27 06:00:00","LINE-B","49","OP-18"
"PLOG-3489","WO-10661","2025-12-27 07:00:00","LINE-B","78","OP-17"
"PLOG-3490","WO-10661","2025-12-27 08:00:00","LINE-B","105","OP-15"
"PLOG-3491","WO-10661","2025-12-27 09:00:00","LINE-B","47","OP-20"
"PLOG-3492","WO-10661","2025-12-27 10:00:00","LINE-B","106","OP-7"
"PLOG-3493","WO-10661","2025-12-27 11:00:00","LINE-B","103","OP-6"
"PLOG-3494","WO-10661","2025-12-27 12:00:00","LINE-B","68","OP-4"
"PLOG-3495","WO-10661","2025-12-27 13:00:00","LINE-B","52","OP-13"
"PLOG-3496","WO-10662","2025-04-15 00:00:00","LINE-C","87","OP-13"
"PLOG-3497","WO-10662","2025-04-15 01:00:00","LINE-C","70","OP-16"
"PLOG-3498","WO-10662","2025-04-15 02:00:00","LINE-C","99","OP-3"
"PLOG-3499","WO-10662","2025-04-15 03:00:00","LINE-C","80","OP-1"
"PLOG-3500","WO-10663","2025-11-16 00:00:00","LINE-A","72","OP-14"
"PLOG-3501","WO-10663","2025-11-16 01:00:00","LINE-A","47","OP-19"
"PLOG-3502","WO-10663","2025-11-16 02:00:00","LINE-A","60","OP-5"
"PLOG-3503","WO-10663","2025-11-16 03:00:00","LINE-A","109","OP-8"
"PLOG-3504","WO-10663","2025-11-16 04:00:00","LINE-A","81","OP-7"
"PLOG-3505","WO-10665","2026-03-24 00:00:00","LINE-B","89","OP-5"
"PLOG-3506","WO-10665","2026-03-24 01:00:00","LINE-B","69","OP-10"
"PLOG-3507","WO-10665","2026-03-24 02:00:00","LINE-B","110","OP-14"
"PLOG-3508","WO-10665","2026-03-24 03:00:00","LINE-B","99","OP-10"
"PLOG-3509","WO-10665","2026-03-24 04:00:00","LINE-B","99","OP-1"
"PLOG-3510","WO-10665","2026-03-24 05:00:00","LINE-B","48","OP-18"
"PLOG-3511","WO-10666","2025-05-19 00:00:00","LINE-B","53","OP-10"
"PLOG-3512","WO-10666","2025-05-19 01:00:00","LINE-B","103","OP-16"
"PLOG-3513","WO-10666","2025-05-19 02:00:00","LINE-B","63","OP-10"
"PLOG-3514","WO-10666","2025-05-19 03:00:00","LINE-B","47","OP-16"
"PLOG-3515","WO-10666","2025-05-19 04:00:00","LINE-B","92","OP-9"
"PLOG-3516","WO-10666","2025-05-19 05:00:00","LINE-B","61","OP-11"
"PLOG-3517","WO-10666","2025-05-19 06:00:00","LINE-B","86","OP-12"
"PLOG-3518","WO-10666","2025-05-19 07:00:00","LINE-B","60","OP-14"
"PLOG-3519","WO-10666","2025-05-19 08:00:00","LINE-B","102","OP-1"
"PLOG-3520","WO-10666","2025-05-19 09:00:00","LINE-B","65","OP-7"
"PLOG-3521","WO-10666","2025-05-19 10:00:00","LINE-B","107","OP-13"
"PLOG-3522","WO-10666","2025-05-19 11:00:00","LINE-B","107","OP-12"
"PLOG-3523","WO-10667","2025-05-20 00:00:00","LINE-A","74","OP-3"
"PLOG-3524","WO-10667","2025-05-20 01:00:00","LINE-A","84","OP-5"
"PLOG-3525","WO-10667","2025-05-20 02:00:00","LINE-A","67","OP-13"
"PLOG-3526","WO-10667","2025-05-20 03:00:00","LINE-A","105","OP-11"
"PLOG-3527","WO-10667","2025-05-20 04:00:00","LINE-A","103","OP-3"
"PLOG-3528","WO-10667","2025-05-20 05:00:00","LINE-A","60","OP-9"
"PLOG-3529","WO-10667","2025-05-20 06:00:00","LINE-A","78","OP-14"
"PLOG-3530","WO-10667","2025-05-20 07:00:00","LINE-A","46","OP-14"
"PLOG-3531","WO-10667","2025-05-20 08:00:00","LINE-A","110","OP-1"
"PLOG-3532","WO-10667","2025-05-20 09:00:00","LINE-A","83","OP-1"
"PLOG-3533","WO-10667","2025-05-20 10:00:00","LINE-A","67","OP-17"
"PLOG-3534","WO-10667","2025-05-20 11:00:00","LINE-A","49","OP-8"
"PLOG-3535","WO-10667","2025-05-20 12:00:00","LINE-A","81","OP-13"
"PLOG-3536","WO-10668","2025-09-24 00:00:00","LINE-A","60","OP-6"
"PLOG-3537","WO-10668","2025-09-24 01:00:00","LINE-A","109","OP-17"
"PLOG-3538","WO-10668","2025-09-24 02:00:00","LINE-A","68","OP-1"
"PLOG-3539","WO-10668","2025-09-24 03:00:00","LINE-A","54","OP-16"
"PLOG-3540","WO-10668","2025-09-24 04:00:00","LINE-A","54","OP-13"
"PLOG-3541","WO-10668","2025-09-24 05:00:00","LINE-A","110","OP-20"
"PLOG-3542","WO-10668","2025-09-24 06:00:00","LINE-A","64","OP-11"
"PLOG-3543","WO-10670","2025-09-11 00:00:00","LINE-A","50","OP-20"
"PLOG-3544","WO-10670","2025-09-11 01:00:00","LINE-A","86","OP-11"
"PLOG-3545","WO-10670","2025-09-11 02:00:00","LINE-A","54","OP-4"
"PLOG-3546","WO-10670","2025-09-11 03:00:00","LINE-A","61","OP-15"
"PLOG-3547","WO-10670","2025-09-11 04:00:00","LINE-A","102","OP-15"
"PLOG-3548","WO-10670","2025-09-11 05:00:00","LINE-A","108","OP-9"
"PLOG-3549","WO-10670","2025-09-11 06:00:00","LINE-A","54","OP-2"
"PLOG-3550","WO-10670","2025-09-11 07:00:00","LINE-A","50","OP-14"
"PLOG-3551","WO-10670","2025-09-11 08:00:00","LINE-A","51","OP-5"
"PLOG-3552","WO-10670","2025-09-11 09:00:00","LINE-A","69","OP-6"
"PLOG-3553","WO-10670","2025-09-11 10:00:00","LINE-A","92","OP-4"
"PLOG-3554","WO-10670","2025-09-11 11:00:00","LINE-A","77","OP-11"
"PLOG-3555","WO-10670","2025-09-11 12:00:00","LINE-A","89","OP-12"
"PLOG-3556","WO-10670","2025-09-11 13:00:00","LINE-A","56","OP-7"
"PLOG-3557","WO-10670","2025-09-11 14:00:00","LINE-A","108","OP-16"
"PLOG-3558","WO-10670","2025-09-11 15:00:00","LINE-A","46","OP-2"
"PLOG-3559","WO-10670","2025-09-11 16:00:00","LINE-A","64","OP-12"
"PLOG-3560","WO-10670","2025-09-11 17:00:00","LINE-A","90","OP-6"
"PLOG-3561","WO-10671","2026-02-11 00:00:00","LINE-A","69","OP-12"
"PLOG-3562","WO-10671","2026-02-11 01:00:00","LINE-A","84","OP-4"
"PLOG-3563","WO-10671","2026-02-11 02:00:00","LINE-A","109","OP-9"
"PLOG-3564","WO-10671","2026-02-11 03:00:00","LINE-A","55","OP-1"
"PLOG-3565","WO-10671","2026-02-11 04:00:00","LINE-A","103","OP-14"
"PLOG-3566","WO-10671","2026-02-11 05:00:00","LINE-A","66","OP-8"
"PLOG-3567","WO-10671","2026-02-11 06:00:00","LINE-A","76","OP-2"
"PLOG-3568","WO-10672","2026-02-17 00:00:00","LINE-C","77","OP-9"
"PLOG-3569","WO-10672","2026-02-17 01:00:00","LINE-C","74","OP-5"
"PLOG-3570","WO-10672","2026-02-17 02:00:00","LINE-C","69","OP-20"
"PLOG-3571","WO-10673","2025-09-02 00:00:00","LINE-B","97","OP-18"
"PLOG-3572","WO-10673","2025-09-02 01:00:00","LINE-B","95","OP-4"
"PLOG-3573","WO-10673","2025-09-02 02:00:00","LINE-B","53","OP-4"
"PLOG-3574","WO-10673","2025-09-02 03:00:00","LINE-B","88","OP-3"
"PLOG-3575","WO-10673","2025-09-02 04:00:00","LINE-B","84","OP-18"
"PLOG-3576","WO-10673","2025-09-02 05:00:00","LINE-B","77","OP-7"
"PLOG-3577","WO-10673","2025-09-02 06:00:00","LINE-B","60","OP-13"
"PLOG-3578","WO-10673","2025-09-02 07:00:00","LINE-B","96","OP-6"
"PLOG-3579","WO-10673","2025-09-02 08:00:00","LINE-B","64","OP-2"
"PLOG-3580","WO-10673","2025-09-02 09:00:00","LINE-B","52","OP-10"
"PLOG-3581","WO-10673","2025-09-02 10:00:00","LINE-B","74","OP-9"
"PLOG-3582","WO-10673","2025-09-02 11:00:00","LINE-B","100","OP-3"
"PLOG-3583","WO-10673","2025-09-02 12:00:00","LINE-B","104","OP-6"
"PLOG-3584","WO-10673","2025-09-02 13:00:00","LINE-B","73","OP-16"
"PLOG-3585","WO-10674","2026-03-02 00:00:00","LINE-B","46","OP-11"
"PLOG-3586","WO-10674","2026-03-02 01:00:00","LINE-B","62","OP-19"
"PLOG-3587","WO-10674","2026-03-02 02:00:00","LINE-B","67","OP-12"
"PLOG-3588","WO-10674","2026-03-02 03:00:00","LINE-B","103","OP-16"
"PLOG-3589","WO-10674","2026-03-02 04:00:00","LINE-B","85","OP-19"
"PLOG-3590","WO-10674","2026-03-02 05:00:00","LINE-B","46","OP-7"
"PLOG-3591","WO-10674","2026-03-02 06:00:00","LINE-B","78","OP-1"
"PLOG-3592","WO-10675","2026-02-19 00:00:00","LINE-C","49","OP-11"
"PLOG-3593","WO-10675","2026-02-19 01:00:00","LINE-C","95","OP-7"
"PLOG-3594","WO-10675","2026-02-19 02:00:00","LINE-C","60","OP-8"
"PLOG-3595","WO-10675","2026-02-19 03:00:00","LINE-C","53","OP-6"
"PLOG-3596","WO-10675","2026-02-19 04:00:00","LINE-C","83","OP-3"
"PLOG-3597","WO-10675","2026-02-19 05:00:00","LINE-C","69","OP-9"
"PLOG-3598","WO-10675","2026-02-19 06:00:00","LINE-C","57","OP-3"
"PLOG-3599","WO-10675","2026-02-19 07:00:00","LINE-C","48","OP-19"
"PLOG-3600","WO-10675","2026-02-19 08:00:00","LINE-C","88","OP-11"
"PLOG-3601","WO-10675","2026-02-19 09:00:00","LINE-C","84","OP-3"
"PLOG-3602","WO-10676","2025-07-12 00:00:00","LINE-B","93","OP-10"
"PLOG-3603","WO-10676","2025-07-12 01:00:00","LINE-B","64","OP-19"
"PLOG-3604","WO-10676","2025-07-12 02:00:00","LINE-B","101","OP-1"
"PLOG-3605","WO-10676","2025-07-12 03:00:00","LINE-B","87","OP-11"
"PLOG-3606","WO-10676","2025-07-12 04:00:00","LINE-B","103","OP-7"
"PLOG-3607","WO-10676","2025-07-12 05:00:00","LINE-B","60","OP-5"
"PLOG-3608","WO-10676","2025-07-12 06:00:00","LINE-B","61","OP-9"
"PLOG-3609","WO-10676","2025-07-12 07:00:00","LINE-B","71","OP-12"
"PLOG-3610","WO-10676","2025-07-12 08:00:00","LINE-B","59","OP-11"
"PLOG-3611","WO-10676","2025-07-12 09:00:00","LINE-B","82","OP-12"
"PLOG-3612","WO-10676","2025-07-12 10:00:00","LINE-B","69","OP-20"
"PLOG-3613","WO-10676","2025-07-12 11:00:00","LINE-B","68","OP-11"
"PLOG-3614","WO-10676","2025-07-12 12:00:00","LINE-B","53","OP-11"
"PLOG-3615","WO-10676","2025-07-12 13:00:00","LINE-B","86","OP-11"
"PLOG-3616","WO-10676","2025-07-12 14:00:00","LINE-B","98","OP-17"
"PLOG-3617","WO-10678","2025-10-21 00:00:00","LINE-A","89","OP-2"
"PLOG-3618","WO-10678","2025-10-21 01:00:00","LINE-A","90","OP-8"
"PLOG-3619","WO-10678","2025-10-21 02:00:00","LINE-A","108","OP-16"
"PLOG-3620","WO-10678","2025-10-21 03:00:00","LINE-A","76","OP-15"
"PLOG-3621","WO-10678","2025-10-21 04:00:00","LINE-A","107","OP-1"
"PLOG-3622","WO-10678","2025-10-21 05:00:00","LINE-A","106","OP-11"
"PLOG-3623","WO-10678","2025-10-21 06:00:00","LINE-A","59","OP-8"
"PLOG-3624","WO-10678","2025-10-21 07:00:00","LINE-A","108","OP-10"
"PLOG-3625","WO-10678","2025-10-21 08:00:00","LINE-A","104","OP-8"
"PLOG-3626","WO-10678","2025-10-21 09:00:00","LINE-A","75","OP-8"
"PLOG-3627","WO-10678","2025-10-21 10:00:00","LINE-A","106","OP-17"
"PLOG-3628","WO-10678","2025-10-21 11:00:00","LINE-A","75","OP-5"
"PLOG-3629","WO-10679","2026-02-20 00:00:00","LINE-C","85","OP-6"
"PLOG-3630","WO-10679","2026-02-20 01:00:00","LINE-C","82","OP-10"
"PLOG-3631","WO-10679","2026-02-20 02:00:00","LINE-C","91","OP-8"
"PLOG-3632","WO-10679","2026-02-20 03:00:00","LINE-C","47","OP-5"
"PLOG-3633","WO-10679","2026-02-20 04:00:00","LINE-C","86","OP-13"
"PLOG-3634","WO-10679","2026-02-20 05:00:00","LINE-C","53","OP-7"
"PLOG-3635","WO-10679","2026-02-20 06:00:00","LINE-C","75","OP-19"
"PLOG-3636","WO-10679","2026-02-20 07:00:00","LINE-C","47","OP-9"
"PLOG-3637","WO-10679","2026-02-20 08:00:00","LINE-C","98","OP-12"
"PLOG-3638","WO-10679","2026-02-20 09:00:00","LINE-C","109","OP-8"
"PLOG-3639","WO-10679","2026-02-20 10:00:00","LINE-C","62","OP-15"
"PLOG-3640","WO-10679","2026-02-20 11:00:00","LINE-C","88","OP-11"
"PLOG-3641","WO-10679","2026-02-20 12:00:00","LINE-C","78","OP-20"
"PLOG-3642","WO-10681","2025-09-30 00:00:00","LINE-A","68","OP-7"
"PLOG-3643","WO-10681","2025-09-30 01:00:00","LINE-A","65","OP-7"
"PLOG-3644","WO-10681","2025-09-30 02:00:00","LINE-A","90","OP-8"
"PLOG-3645","WO-10682","2026-01-12 00:00:00","LINE-A","106","OP-14"
"PLOG-3646","WO-10682","2026-01-12 01:00:00","LINE-A","103","OP-1"
"PLOG-3647","WO-10683","2025-11-30 00:00:00","LINE-A","103","OP-7"
"PLOG-3648","WO-10683","2025-11-30 01:00:00","LINE-A","55","OP-15"
"PLOG-3649","WO-10683","2025-11-30 02:00:00","LINE-A","57","OP-19"
"PLOG-3650","WO-10683","2025-11-30 03:00:00","LINE-A","102","OP-5"
"PLOG-3651","WO-10683","2025-11-30 04:00:00","LINE-A","74","OP-13"
"PLOG-3652","WO-10683","2025-11-30 05:00:00","LINE-A","48","OP-11"
"PLOG-3653","WO-10683","2025-11-30 06:00:00","LINE-A","47","OP-17"
"PLOG-3654","WO-10683","2025-11-30 07:00:00","LINE-A","58","OP-16"
"PLOG-3655","WO-10683","2025-11-30 08:00:00","LINE-A","53","OP-6"
"PLOG-3656","WO-10683","2025-11-30 09:00:00","LINE-A","75","OP-5"
"PLOG-3657","WO-10684","2025-09-30 00:00:00","LINE-B","50","OP-10"
"PLOG-3658","WO-10684","2025-09-30 01:00:00","LINE-B","64","OP-3"
"PLOG-3659","WO-10684","2025-09-30 02:00:00","LINE-B","63","OP-15"
"PLOG-3660","WO-10684","2025-09-30 03:00:00","LINE-B","67","OP-15"
"PLOG-3661","WO-10684","2025-09-30 04:00:00","LINE-B","107","OP-4"
"PLOG-3662","WO-10684","2025-09-30 05:00:00","LINE-B","102","OP-20"
"PLOG-3663","WO-10684","2025-09-30 06:00:00","LINE-B","80","OP-12"
"PLOG-3664","WO-10685","2025-10-19 00:00:00","LINE-A","105","OP-18"
"PLOG-3665","WO-10685","2025-10-19 01:00:00","LINE-A","46","OP-2"
"PLOG-3666","WO-10685","2025-10-19 02:00:00","LINE-A","65","OP-15"
"PLOG-3667","WO-10685","2025-10-19 03:00:00","LINE-A","98","OP-19"
"PLOG-3668","WO-10686","2025-05-27 00:00:00","LINE-C","82","OP-14"
"PLOG-3669","WO-10686","2025-05-27 01:00:00","LINE-C","62","OP-18"
"PLOG-3670","WO-10686","2025-05-27 02:00:00","LINE-C","95","OP-9"
"PLOG-3671","WO-10686","2025-05-27 03:00:00","LINE-C","63","OP-5"
"PLOG-3672","WO-10686","2025-05-27 04:00:00","LINE-C","109","OP-16"
"PLOG-3673","WO-10686","2025-05-27 05:00:00","LINE-C","93","OP-14"
"PLOG-3674","WO-10686","2025-05-27 06:00:00","LINE-C","60","OP-10"
"PLOG-3675","WO-10686","2025-05-27 07:00:00","LINE-C","96","OP-8"
"PLOG-3676","WO-10686","2025-05-27 08:00:00","LINE-C","58","OP-10"
"PLOG-3677","WO-10686","2025-05-27 09:00:00","LINE-C","84","OP-5"
"PLOG-3678","WO-10687","2025-11-12 00:00:00","LINE-A","55","OP-12"
"PLOG-3679","WO-10687","2025-11-12 01:00:00","LINE-A","58","OP-7"
"PLOG-3680","WO-10687","2025-11-12 02:00:00","LINE-A","108","OP-2"
"PLOG-3681","WO-10687","2025-11-12 03:00:00","LINE-A","62","OP-18"
"PLOG-3682","WO-10687","2025-11-12 04:00:00","LINE-A","92","OP-3"
"PLOG-3683","WO-10687","2025-11-12 05:00:00","LINE-A","80","OP-11"
"PLOG-3684","WO-10687","2025-11-12 06:00:00","LINE-A","51","OP-2"
"PLOG-3685","WO-10687","2025-11-12 07:00:00","LINE-A","83","OP-13"
"PLOG-3686","WO-10687","2025-11-12 08:00:00","LINE-A","109","OP-7"
"PLOG-3687","WO-10687","2025-11-12 09:00:00","LINE-A","102","OP-9"
"PLOG-3688","WO-10687","2025-11-12 10:00:00","LINE-A","67","OP-5"
"PLOG-3689","WO-10687","2025-11-12 11:00:00","LINE-A","63","OP-14"
"PLOG-3690","WO-10688","2025-11-12 00:00:00","LINE-B","54","OP-13"
"PLOG-3691","WO-10688","2025-11-12 01:00:00","LINE-B","85","OP-3"
"PLOG-3692","WO-10688","2025-11-12 02:00:00","LINE-B","100","OP-7"
"PLOG-3693","WO-10688","2025-11-12 03:00:00","LINE-B","103","OP-20"
"PLOG-3694","WO-10688","2025-11-12 04:00:00","LINE-B","107","OP-20"
"PLOG-3695","WO-10688","2025-11-12 05:00:00","LINE-B","79","OP-14"
"PLOG-3696","WO-10688","2025-11-12 06:00:00","LINE-B","48","OP-8"
"PLOG-3697","WO-10688","2025-11-12 07:00:00","LINE-B","107","OP-11"
"PLOG-3698","WO-10688","2025-11-12 08:00:00","LINE-B","82","OP-12"
"PLOG-3699","WO-10688","2025-11-12 09:00:00","LINE-B","47","OP-4"
"PLOG-3700","WO-10688","2025-11-12 10:00:00","LINE-B","83","OP-6"
"PLOG-3701","WO-10690","2025-06-30 00:00:00","LINE-B","97","OP-20"
"PLOG-3702","WO-10690","2025-06-30 01:00:00","LINE-B","85","OP-11"
"PLOG-3703","WO-10690","2025-06-30 02:00:00","LINE-B","62","OP-14"
"PLOG-3704","WO-10690","2025-06-30 03:00:00","LINE-B","55","OP-7"
"PLOG-3705","WO-10692","2025-12-16 00:00:00","LINE-B","83","OP-1"
"PLOG-3706","WO-10692","2025-12-16 01:00:00","LINE-B","56","OP-13"
"PLOG-3707","WO-10692","2025-12-16 02:00:00","LINE-B","90","OP-15"
"PLOG-3708","WO-10692","2025-12-16 03:00:00","LINE-B","63","OP-4"
"PLOG-3709","WO-10692","2025-12-16 04:00:00","LINE-B","86","OP-20"
"PLOG-3710","WO-10692","2025-12-16 05:00:00","LINE-B","63","OP-14"
"PLOG-3711","WO-10692","2025-12-16 06:00:00","LINE-B","92","OP-8"
"PLOG-3712","WO-10692","2025-12-16 07:00:00","LINE-B","103","OP-4"
"PLOG-3713","WO-10692","2025-12-16 08:00:00","LINE-B","47","OP-17"
"PLOG-3714","WO-10692","2025-12-16 09:00:00","LINE-B","83","OP-9"
"PLOG-3715","WO-10693","2025-12-11 00:00:00","LINE-B","105","OP-20"
"PLOG-3716","WO-10693","2025-12-11 01:00:00","LINE-B","47","OP-7"
"PLOG-3717","WO-10693","2025-12-11 02:00:00","LINE-B","96","OP-7"
"PLOG-3718","WO-10693","2025-12-11 03:00:00","LINE-B","48","OP-17"
"PLOG-3719","WO-10693","2025-12-11 04:00:00","LINE-B","57","OP-16"
"PLOG-3720","WO-10693","2025-12-11 05:00:00","LINE-B","98","OP-11"
"PLOG-3721","WO-10693","2025-12-11 06:00:00","LINE-B","58","OP-10"
"PLOG-3722","WO-10693","2025-12-11 07:00:00","LINE-B","54","OP-3"
"PLOG-3723","WO-10693","2025-12-11 08:00:00","LINE-B","99","OP-11"
"PLOG-3724","WO-10693","2025-12-11 09:00:00","LINE-B","54","OP-5"
"PLOG-3725","WO-10693","2025-12-11 10:00:00","LINE-B","45","OP-6"
"PLOG-3726","WO-10693","2025-12-11 11:00:00","LINE-B","77","OP-16"
"PLOG-3727","WO-10693","2025-12-11 12:00:00","LINE-B","93","OP-2"
"PLOG-3728","WO-10693","2025-12-11 13:00:00","LINE-B","74","OP-16"
"PLOG-3729","WO-10693","2025-12-11 14:00:00","LINE-B","48","OP-15"
"PLOG-3730","WO-10693","2025-12-11 15:00:00","LINE-B","45","OP-13"
"PLOG-3731","WO-10693","2025-12-11 16:00:00","LINE-B","91","OP-8"
"PLOG-3732","WO-10693","2025-12-11 17:00:00","LINE-B","78","OP-1"
"PLOG-3733","WO-10694","2025-09-23 00:00:00","LINE-C","69","OP-16"
"PLOG-3734","WO-10694","2025-09-23 01:00:00","LINE-C","77","OP-3"
"PLOG-3735","WO-10694","2025-09-23 02:00:00","LINE-C","80","OP-2"
"PLOG-3736","WO-10694","2025-09-23 03:00:00","LINE-C","104","OP-3"
"PLOG-3737","WO-10694","2025-09-23 04:00:00","LINE-C","98","OP-7"
"PLOG-3738","WO-10694","2025-09-23 05:00:00","LINE-C","102","OP-8"
"PLOG-3739","WO-10694","2025-09-23 06:00:00","LINE-C","103","OP-6"
"PLOG-3740","WO-10694","2025-09-23 07:00:00","LINE-C","52","OP-9"
"PLOG-3741","WO-10694","2025-09-23 08:00:00","LINE-C","55","OP-19"
"PLOG-3742","WO-10694","2025-09-23 09:00:00","LINE-C","96","OP-1"
"PLOG-3743","WO-10695","2026-01-31 00:00:00","LINE-C","57","OP-19"
"PLOG-3744","WO-10695","2026-01-31 01:00:00","LINE-C","66","OP-5"
"PLOG-3745","WO-10695","2026-01-31 02:00:00","LINE-C","90","OP-11"
"PLOG-3746","WO-10695","2026-01-31 03:00:00","LINE-C","87","OP-2"
"PLOG-3747","WO-10695","2026-01-31 04:00:00","LINE-C","49","OP-7"
"PLOG-3748","WO-10695","2026-01-31 05:00:00","LINE-C","56","OP-9"
"PLOG-3749","WO-10695","2026-01-31 06:00:00","LINE-C","105","OP-11"
"PLOG-3750","WO-10695","2026-01-31 07:00:00","LINE-C","100","OP-5"
"PLOG-3751","WO-10695","2026-01-31 08:00:00","LINE-C","110","OP-16"
"PLOG-3752","WO-10695","2026-01-31 09:00:00","LINE-C","59","OP-20"
"PLOG-3753","WO-10695","2026-01-31 10:00:00","LINE-C","49","OP-12"
"PLOG-3754","WO-10695","2026-01-31 11:00:00","LINE-C","65","OP-10"
"PLOG-3755","WO-10699","2025-12-20 00:00:00","LINE-B","80","OP-4"
"PLOG-3756","WO-10699","2025-12-20 01:00:00","LINE-B","47","OP-3"
"PLOG-3757","WO-10699","2025-12-20 02:00:00","LINE-B","96","OP-11"
"PLOG-3758","WO-10699","2025-12-20 03:00:00","LINE-B","46","OP-12"
"PLOG-3759","WO-10700","2026-03-12 00:00:00","LINE-C","79","OP-16"
"PLOG-3760","WO-10700","2026-03-12 01:00:00","LINE-C","98","OP-8"
"PLOG-3761","WO-10700","2026-03-12 02:00:00","LINE-C","104","OP-9"
"PLOG-3762","WO-10700","2026-03-12 03:00:00","LINE-C","81","OP-3"
"PLOG-3763","WO-10700","2026-03-12 04:00:00","LINE-C","46","OP-8"
"PLOG-3764","WO-10700","2026-03-12 05:00:00","LINE-C","93","OP-11"
"PLOG-3765","WO-10700","2026-03-12 06:00:00","LINE-C","102","OP-18"
"PLOG-3766","WO-10700","2026-03-12 07:00:00","LINE-C","102","OP-5"
"PLOG-3767","WO-10700","2026-03-12 08:00:00","LINE-C","46","OP-18"
"PLOG-3768","WO-10702","2025-04-24 00:00:00","LINE-C","93","OP-4"
"PLOG-3769","WO-10702","2025-04-24 01:00:00","LINE-C","49","OP-20"
"PLOG-3770","WO-10702","2025-04-24 02:00:00","LINE-C","79","OP-8"
"PLOG-3771","WO-10702","2025-04-24 03:00:00","LINE-C","45","OP-6"
"PLOG-3772","WO-10702","2025-04-24 04:00:00","LINE-C","49","OP-9"
"PLOG-3773","WO-10702","2025-04-24 05:00:00","LINE-C","76","OP-15"
"PLOG-3774","WO-10702","2025-04-24 06:00:00","LINE-C","73","OP-15"
"PLOG-3775","WO-10702","2025-04-24 07:00:00","LINE-C","70","OP-3"
"PLOG-3776","WO-10702","2025-04-24 08:00:00","LINE-C","83","OP-12"
"PLOG-3777","WO-10702","2025-04-24 09:00:00","LINE-C","98","OP-10"
"PLOG-3778","WO-10702","2025-04-24 10:00:00","LINE-C","45","OP-14"
"PLOG-3779","WO-10702","2025-04-24 11:00:00","LINE-C","50","OP-5"
"PLOG-3780","WO-10702","2025-04-24 12:00:00","LINE-C","90","OP-5"
"PLOG-3781","WO-10704","2025-10-11 00:00:00","LINE-C","46","OP-13"
"PLOG-3782","WO-10704","2025-10-11 01:00:00","LINE-C","74","OP-7"
"PLOG-3783","WO-10704","2025-10-11 02:00:00","LINE-C","79","OP-3"
"PLOG-3784","WO-10704","2025-10-11 03:00:00","LINE-C","91","OP-9"
"PLOG-3785","WO-10704","2025-10-11 04:00:00","LINE-C","46","OP-14"
"PLOG-3786","WO-10704","2025-10-11 05:00:00","LINE-C","104","OP-9"
"PLOG-3787","WO-10704","2025-10-11 06:00:00","LINE-C","108","OP-11"
"PLOG-3788","WO-10704","2025-10-11 07:00:00","LINE-C","54","OP-1"
"PLOG-3789","WO-10704","2025-10-11 08:00:00","LINE-C","78","OP-12"
"PLOG-3790","WO-10706","2026-01-23 00:00:00","LINE-A","88","OP-12"
"PLOG-3791","WO-10706","2026-01-23 01:00:00","LINE-A","59","OP-7"
"PLOG-3792","WO-10706","2026-01-23 02:00:00","LINE-A","69","OP-4"
"PLOG-3793","WO-10706","2026-01-23 03:00:00","LINE-A","97","OP-8"
"PLOG-3794","WO-10706","2026-01-23 04:00:00","LINE-A","66","OP-14"
"PLOG-3795","WO-10706","2026-01-23 05:00:00","LINE-A","89","OP-8"
"PLOG-3796","WO-10706","2026-01-23 06:00:00","LINE-A","58","OP-6"
"PLOG-3797","WO-10706","2026-01-23 07:00:00","LINE-A","57","OP-8"
"PLOG-3798","WO-10706","2026-01-23 08:00:00","LINE-A","56","OP-6"
"PLOG-3799","WO-10706","2026-01-23 09:00:00","LINE-A","97","OP-6"
"PLOG-3800","WO-10706","2026-01-23 10:00:00","LINE-A","101","OP-10"
"PLOG-3801","WO-10707","2025-04-19 00:00:00","LINE-C","48","OP-19"
"PLOG-3802","WO-10707","2025-04-19 01:00:00","LINE-C","49","OP-2"
"PLOG-3803","WO-10707","2025-04-19 02:00:00","LINE-C","101","OP-13"
"PLOG-3804","WO-10707","2025-04-19 03:00:00","LINE-C","77","OP-13"
"PLOG-3805","WO-10707","2025-04-19 04:00:00","LINE-C","91","OP-18"
"PLOG-3806","WO-10707","2025-04-19 05:00:00","LINE-C","101","OP-18"
"PLOG-3807","WO-10707","2025-04-19 06:00:00","LINE-C","110","OP-18"
"PLOG-3808","WO-10707","2025-04-19 07:00:00","LINE-C","56","OP-1"
"PLOG-3809","WO-10707","2025-04-19 08:00:00","LINE-C","81","OP-18"
"PLOG-3810","WO-10708","2025-06-24 00:00:00","LINE-B","49","OP-5"
"PLOG-3811","WO-10708","2025-06-24 01:00:00","LINE-B","93","OP-20"
"PLOG-3812","WO-10708","2025-06-24 02:00:00","LINE-B","75","OP-11"
"PLOG-3813","WO-10708","2025-06-24 03:00:00","LINE-B","79","OP-15"
"PLOG-3814","WO-10708","2025-06-24 04:00:00","LINE-B","58","OP-13"
"PLOG-3815","WO-10708","2025-06-24 05:00:00","LINE-B","75","OP-8"
"PLOG-3816","WO-10709","2025-08-10 00:00:00","LINE-A","79","OP-13"
"PLOG-3817","WO-10709","2025-08-10 01:00:00","LINE-A","49","OP-7"
"PLOG-3818","WO-10709","2025-08-10 02:00:00","LINE-A","98","OP-15"
"PLOG-3819","WO-10709","2025-08-10 03:00:00","LINE-A","48","OP-11"
"PLOG-3820","WO-10709","2025-08-10 04:00:00","LINE-A","55","OP-17"
"PLOG-3821","WO-10709","2025-08-10 05:00:00","LINE-A","69","OP-18"
"PLOG-3822","WO-10709","2025-08-10 06:00:00","LINE-A","93","OP-7"
"PLOG-3823","WO-10709","2025-08-10 07:00:00","LINE-A","75","OP-15"
"PLOG-3824","WO-10709","2025-08-10 08:00:00","LINE-A","49","OP-12"
"PLOG-3825","WO-10709","2025-08-10 09:00:00","LINE-A","67","OP-7"
"PLOG-3826","WO-10709","2025-08-10 10:00:00","LINE-A","61","OP-14"
"PLOG-3827","WO-10709","2025-08-10 11:00:00","LINE-A","73","OP-3"
"PLOG-3828","WO-10709","2025-08-10 12:00:00","LINE-A","102","OP-7"
"PLOG-3829","WO-10709","2025-08-10 13:00:00","LINE-A","79","OP-10"
"PLOG-3830","WO-10713","2025-04-08 00:00:00","LINE-A","77","OP-17"
"PLOG-3831","WO-10713","2025-04-08 01:00:00","LINE-A","105","OP-9"
"PLOG-3832","WO-10713","2025-04-08 02:00:00","LINE-A","91","OP-6"
"PLOG-3833","WO-10713","2025-04-08 03:00:00","LINE-A","87","OP-4"
"PLOG-3834","WO-10713","2025-04-08 04:00:00","LINE-A","56","OP-12"
"PLOG-3835","WO-10713","2025-04-08 05:00:00","LINE-A","49","OP-20"
"PLOG-3836","WO-10713","2025-04-08 06:00:00","LINE-A","76","OP-11"
"PLOG-3837","WO-10713","2025-04-08 07:00:00","LINE-A","78","OP-8"
"PLOG-3838","WO-10713","2025-04-08 08:00:00","LINE-A","78","OP-16"
"PLOG-3839","WO-10713","2025-04-08 09:00:00","LINE-A","63","OP-6"
"PLOG-3840","WO-10713","2025-04-08 10:00:00","LINE-A","108","OP-13"
"PLOG-3841","WO-10716","2025-08-27 00:00:00","LINE-C","56","OP-18"
"PLOG-3842","WO-10716","2025-08-27 01:00:00","LINE-C","110","OP-7"
"PLOG-3843","WO-10716","2025-08-27 02:00:00","LINE-C","75","OP-1"
"PLOG-3844","WO-10716","2025-08-27 03:00:00","LINE-C","77","OP-20"
"PLOG-3845","WO-10716","2025-08-27 04:00:00","LINE-C","57","OP-9"
"PLOG-3846","WO-10716","2025-08-27 05:00:00","LINE-C","100","OP-20"
"PLOG-3847","WO-10716","2025-08-27 06:00:00","LINE-C","105","OP-4"
"PLOG-3848","WO-10716","2025-08-27 07:00:00","LINE-C","53","OP-6"
"PLOG-3849","WO-10716","2025-08-27 08:00:00","LINE-C","91","OP-17"
"PLOG-3850","WO-10719","2025-11-22 00:00:00","LINE-A","85","OP-2"
"PLOG-3851","WO-10719","2025-11-22 01:00:00","LINE-A","73","OP-11"
"PLOG-3852","WO-10719","2025-11-22 02:00:00","LINE-A","87","OP-11"
"PLOG-3853","WO-10719","2025-11-22 03:00:00","LINE-A","98","OP-11"
"PLOG-3854","WO-10719","2025-11-22 04:00:00","LINE-A","110","OP-7"
"PLOG-3855","WO-10719","2025-11-22 05:00:00","LINE-A","53","OP-17"
"PLOG-3856","WO-10719","2025-11-22 06:00:00","LINE-A","72","OP-12"
"PLOG-3857","WO-10719","2025-11-22 07:00:00","LINE-A","102","OP-3"
"PLOG-3858","WO-10719","2025-11-22 08:00:00","LINE-A","54","OP-3"
"PLOG-3859","WO-10719","2025-11-22 09:00:00","LINE-A","85","OP-10"
"PLOG-3860","WO-10719","2025-11-22 10:00:00","LINE-A","71","OP-8"
"PLOG-3861","WO-10719","2025-11-22 11:00:00","LINE-A","57","OP-16"
"PLOG-3862","WO-10719","2025-11-22 12:00:00","LINE-A","102","OP-13"
"PLOG-3863","WO-10719","2025-11-22 13:00:00","LINE-A","82","OP-5"
"PLOG-3864","WO-10719","2025-11-22 14:00:00","LINE-A","58","OP-10"
"PLOG-3865","WO-10720","2025-06-23 00:00:00","LINE-A","108","OP-5"
"PLOG-3866","WO-10720","2025-06-23 01:00:00","LINE-A","81","OP-3"
"PLOG-3867","WO-10720","2025-06-23 02:00:00","LINE-A","55","OP-10"
"PLOG-3868","WO-10720","2025-06-23 03:00:00","LINE-A","92","OP-14"
"PLOG-3869","WO-10722","2025-09-27 00:00:00","LINE-C","100","OP-5"
"PLOG-3870","WO-10722","2025-09-27 01:00:00","LINE-C","73","OP-4"
"PLOG-3871","WO-10722","2025-09-27 02:00:00","LINE-C","110","OP-13"
"PLOG-3872","WO-10722","2025-09-27 03:00:00","LINE-C","92","OP-18"
"PLOG-3873","WO-10722","2025-09-27 04:00:00","LINE-C","76","OP-14"
"PLOG-3874","WO-10722","2025-09-27 05:00:00","LINE-C","47","OP-9"
"PLOG-3875","WO-10722","2025-09-27 06:00:00","LINE-C","70","OP-15"
"PLOG-3876","WO-10722","2025-09-27 07:00:00","LINE-C","51","OP-10"
"PLOG-3877","WO-10722","2025-09-27 08:00:00","LINE-C","71","OP-8"
"PLOG-3878","WO-10725","2025-10-15 00:00:00","LINE-C","72","OP-11"
"PLOG-3879","WO-10725","2025-10-15 01:00:00","LINE-C","94","OP-14"
"PLOG-3880","WO-10725","2025-10-15 02:00:00","LINE-C","89","OP-11"
"PLOG-3881","WO-10725","2025-10-15 03:00:00","LINE-C","46","OP-6"
"PLOG-3882","WO-10725","2025-10-15 04:00:00","LINE-C","78","OP-3"
"PLOG-3883","WO-10725","2025-10-15 05:00:00","LINE-C","100","OP-16"
"PLOG-3884","WO-10725","2025-10-15 06:00:00","LINE-C","107","OP-2"
"PLOG-3885","WO-10725","2025-10-15 07:00:00","LINE-C","70","OP-9"
"PLOG-3886","WO-10725","2025-10-15 08:00:00","LINE-C","96","OP-4"
"PLOG-3887","WO-10725","2025-10-15 09:00:00","LINE-C","78","OP-5"
"PLOG-3888","WO-10725","2025-10-15 10:00:00","LINE-C","50","OP-13"
"PLOG-3889","WO-10725","2025-10-15 11:00:00","LINE-C","87","OP-6"
"PLOG-3890","WO-10729","2025-08-25 00:00:00","LINE-A","99","OP-17"
"PLOG-3891","WO-10729","2025-08-25 01:00:00","LINE-A","46","OP-20"
"PLOG-3892","WO-10729","2025-08-25 02:00:00","LINE-A","60","OP-19"
"PLOG-3893","WO-10729","2025-08-25 03:00:00","LINE-A","52","OP-13"
"PLOG-3894","WO-10731","2025-11-23 00:00:00","LINE-C","101","OP-10"
"PLOG-3895","WO-10731","2025-11-23 01:00:00","LINE-C","72","OP-6"
"PLOG-3896","WO-10733","2025-04-22 00:00:00","LINE-C","91","OP-17"
"PLOG-3897","WO-10733","2025-04-22 01:00:00","LINE-C","77","OP-18"
"PLOG-3898","WO-10733","2025-04-22 02:00:00","LINE-C","77","OP-18"
"PLOG-3899","WO-10733","2025-04-22 03:00:00","LINE-C","57","OP-11"
"PLOG-3900","WO-10733","2025-04-22 04:00:00","LINE-C","55","OP-4"
"PLOG-3901","WO-10733","2025-04-22 05:00:00","LINE-C","63","OP-19"
"PLOG-3902","WO-10734","2025-07-07 00:00:00","LINE-A","48","OP-15"
"PLOG-3903","WO-10734","2025-07-07 01:00:00","LINE-A","109","OP-14"
"PLOG-3904","WO-10734","2025-07-07 02:00:00","LINE-A","96","OP-19"
"PLOG-3905","WO-10734","2025-07-07 03:00:00","LINE-A","86","OP-6"
"PLOG-3906","WO-10734","2025-07-07 04:00:00","LINE-A","98","OP-3"
"PLOG-3907","WO-10734","2025-07-07 05:00:00","LINE-A","70","OP-14"
"PLOG-3908","WO-10734","2025-07-07 06:00:00","LINE-A","108","OP-6"
"PLOG-3909","WO-10734","2025-07-07 07:00:00","LINE-A","56","OP-16"
"PLOG-3910","WO-10734","2025-07-07 08:00:00","LINE-A","49","OP-17"
"PLOG-3911","WO-10734","2025-07-07 09:00:00","LINE-A","88","OP-18"
"PLOG-3912","WO-10734","2025-07-07 10:00:00","LINE-A","95","OP-5"
"PLOG-3913","WO-10736","2025-12-18 00:00:00","LINE-C","57","OP-19"
"PLOG-3914","WO-10736","2025-12-18 01:00:00","LINE-C","103","OP-7"
"PLOG-3915","WO-10736","2025-12-18 02:00:00","LINE-C","52","OP-14"
"PLOG-3916","WO-10736","2025-12-18 03:00:00","LINE-C","62","OP-18"
"PLOG-3917","WO-10736","2025-12-18 04:00:00","LINE-C","107","OP-15"
"PLOG-3918","WO-10736","2025-12-18 05:00:00","LINE-C","49","OP-3"
"PLOG-3919","WO-10736","2025-12-18 06:00:00","LINE-C","91","OP-17"
"PLOG-3920","WO-10736","2025-12-18 07:00:00","LINE-C","55","OP-17"
"PLOG-3921","WO-10736","2025-12-18 08:00:00","LINE-C","106","OP-7"
"PLOG-3922","WO-10736","2025-12-18 09:00:00","LINE-C","60","OP-15"
"PLOG-3923","WO-10736","2025-12-18 10:00:00","LINE-C","64","OP-13"
"PLOG-3924","WO-10736","2025-12-18 11:00:00","LINE-C","96","OP-11"
"PLOG-3925","WO-10736","2025-12-18 12:00:00","LINE-C","106","OP-19"
"PLOG-3926","WO-10736","2025-12-18 13:00:00","LINE-C","78","OP-13"
"PLOG-3927","WO-10736","2025-12-18 14:00:00","LINE-C","65","OP-2"
"PLOG-3928","WO-10737","2025-12-02 00:00:00","LINE-B","62","OP-8"
"PLOG-3929","WO-10737","2025-12-02 01:00:00","LINE-B","63","OP-7"
"PLOG-3930","WO-10737","2025-12-02 02:00:00","LINE-B","101","OP-20"
"PLOG-3931","WO-10741","2025-08-02 00:00:00","LINE-C","66","OP-20"
"PLOG-3932","WO-10741","2025-08-02 01:00:00","LINE-C","75","OP-1"
"PLOG-3933","WO-10741","2025-08-02 02:00:00","LINE-C","100","OP-19"
"PLOG-3934","WO-10741","2025-08-02 03:00:00","LINE-C","53","OP-9"
"PLOG-3935","WO-10741","2025-08-02 04:00:00","LINE-C","103","OP-4"
"PLOG-3936","WO-10741","2025-08-02 05:00:00","LINE-C","85","OP-13"
"PLOG-3937","WO-10741","2025-08-02 06:00:00","LINE-C","72","OP-19"
"PLOG-3938","WO-10741","2025-08-02 07:00:00","LINE-C","67","OP-12"
"PLOG-3939","WO-10741","2025-08-02 08:00:00","LINE-C","105","OP-20"
"PLOG-3940","WO-10741","2025-08-02 09:00:00","LINE-C","57","OP-4"
"PLOG-3941","WO-10743","2026-01-01 00:00:00","LINE-C","99","OP-16"
"PLOG-3942","WO-10743","2026-01-01 01:00:00","LINE-C","54","OP-8"
"PLOG-3943","WO-10743","2026-01-01 02:00:00","LINE-C","54","OP-19"
"PLOG-3944","WO-10743","2026-01-01 03:00:00","LINE-C","105","OP-14"
"PLOG-3945","WO-10743","2026-01-01 04:00:00","LINE-C","51","OP-11"
"PLOG-3946","WO-10744","2025-11-04 00:00:00","LINE-C","46","OP-18"
"PLOG-3947","WO-10744","2025-11-04 01:00:00","LINE-C","51","OP-17"
"PLOG-3948","WO-10744","2025-11-04 02:00:00","LINE-C","92","OP-20"
"PLOG-3949","WO-10744","2025-11-04 03:00:00","LINE-C","54","OP-10"
"PLOG-3950","WO-10744","2025-11-04 04:00:00","LINE-C","70","OP-12"
"PLOG-3951","WO-10744","2025-11-04 05:00:00","LINE-C","82","OP-9"
"PLOG-3952","WO-10744","2025-11-04 06:00:00","LINE-C","71","OP-15"
"PLOG-3953","WO-10745","2025-09-01 00:00:00","LINE-A","69","OP-10"
"PLOG-3954","WO-10745","2025-09-01 01:00:00","LINE-A","94","OP-11"
"PLOG-3955","WO-10745","2025-09-01 02:00:00","LINE-A","102","OP-2"
"PLOG-3956","WO-10745","2025-09-01 03:00:00","LINE-A","102","OP-2"
"PLOG-3957","WO-10745","2025-09-01 04:00:00","LINE-A","53","OP-6"
"PLOG-3958","WO-10745","2025-09-01 05:00:00","LINE-A","84","OP-4"
"PLOG-3959","WO-10745","2025-09-01 06:00:00","LINE-A","68","OP-2"
"PLOG-3960","WO-10745","2025-09-01 07:00:00","LINE-A","83","OP-1"
"PLOG-3961","WO-10745","2025-09-01 08:00:00","LINE-A","92","OP-12"
"PLOG-3962","WO-10745","2025-09-01 09:00:00","LINE-A","80","OP-17"
"PLOG-3963","WO-10745","2025-09-01 10:00:00","LINE-A","66","OP-5"
"PLOG-3964","WO-10745","2025-09-01 11:00:00","LINE-A","93","OP-9"
"PLOG-3965","WO-10745","2025-09-01 12:00:00","LINE-A","63","OP-3"
"PLOG-3966","WO-10745","2025-09-01 13:00:00","LINE-A","77","OP-20"
"PLOG-3967","WO-10745","2025-09-01 14:00:00","LINE-A","90","OP-6"
"PLOG-3968","WO-10745","2025-09-01 15:00:00","LINE-A","74","OP-1"
"PLOG-3969","WO-10745","2025-09-01 16:00:00","LINE-A","102","OP-13"
"PLOG-3970","WO-10745","2025-09-01 17:00:00","LINE-A","54","OP-9"
"PLOG-3971","WO-10746","2026-01-14 00:00:00","LINE-A","95","OP-11"
"PLOG-3972","WO-10746","2026-01-14 01:00:00","LINE-A","101","OP-4"
"PLOG-3973","WO-10746","2026-01-14 02:00:00","LINE-A","106","OP-4"
"PLOG-3974","WO-10746","2026-01-14 03:00:00","LINE-A","107","OP-19"
"PLOG-3975","WO-10746","2026-01-14 04:00:00","LINE-A","69","OP-9"
"PLOG-3976","WO-10746","2026-01-14 05:00:00","LINE-A","65","OP-3"
"PLOG-3977","WO-10746","2026-01-14 06:00:00","LINE-A","67","OP-20"
"PLOG-3978","WO-10746","2026-01-14 07:00:00","LINE-A","82","OP-11"
"PLOG-3979","WO-10746","2026-01-14 08:00:00","LINE-A","95","OP-15"
"PLOG-3980","WO-10746","2026-01-14 09:00:00","LINE-A","102","OP-19"
"PLOG-3981","WO-10746","2026-01-14 10:00:00","LINE-A","71","OP-15"
"PLOG-3982","WO-10747","2026-02-08 00:00:00","LINE-C","72","OP-8"
"PLOG-3983","WO-10747","2026-02-08 01:00:00","LINE-C","92","OP-15"
"PLOG-3984","WO-10747","2026-02-08 02:00:00","LINE-C","53","OP-18"
"PLOG-3985","WO-10747","2026-02-08 03:00:00","LINE-C","109","OP-16"
"PLOG-3986","WO-10747","2026-02-08 04:00:00","LINE-C","101","OP-4"
"PLOG-3987","WO-10747","2026-02-08 05:00:00","LINE-C","45","OP-20"
"PLOG-3988","WO-10747","2026-02-08 06:00:00","LINE-C","110","OP-4"
"PLOG-3989","WO-10747","2026-02-08 07:00:00","LINE-C","64","OP-20"
"PLOG-3990","WO-10747","2026-02-08 08:00:00","LINE-C","80","OP-1"
"PLOG-3991","WO-10747","2026-02-08 09:00:00","LINE-C","78","OP-9"
"PLOG-3992","WO-10747","2026-02-08 10:00:00","LINE-C","69","OP-1"
"PLOG-3993","WO-10747","2026-02-08 11:00:00","LINE-C","62","OP-6"
"PLOG-3994","WO-10747","2026-02-08 12:00:00","LINE-C","81","OP-10"
"PLOG-3995","WO-10750","2026-01-01 00:00:00","LINE-B","68","OP-10"
"PLOG-3996","WO-10750","2026-01-01 01:00:00","LINE-B","76","OP-18"
"PLOG-3997","WO-10750","2026-01-01 02:00:00","LINE-B","45","OP-11"
"PLOG-3998","WO-10750","2026-01-01 03:00:00","LINE-B","93","OP-12"
"PLOG-3999","WO-10750","2026-01-01 04:00:00","LINE-B","106","OP-4"
"PLOG-4000","WO-10751","2025-05-19 00:00:00","LINE-C","45","OP-8"
"PLOG-4001","WO-10751","2025-05-19 01:00:00","LINE-C","53","OP-3"
"PLOG-4002","WO-10752","2025-04-04 00:00:00","LINE-A","68","OP-19"
"PLOG-4003","WO-10752","2025-04-04 01:00:00","LINE-A","72","OP-12"
"PLOG-4004","WO-10752","2025-04-04 02:00:00","LINE-A","48","OP-15"
"PLOG-4005","WO-10753","2025-09-14 00:00:00","LINE-C","55","OP-18"
"PLOG-4006","WO-10753","2025-09-14 01:00:00","LINE-C","61","OP-20"
"PLOG-4007","WO-10753","2025-09-14 02:00:00","LINE-C","72","OP-2"
"PLOG-4008","WO-10753","2025-09-14 03:00:00","LINE-C","81","OP-13"
"PLOG-4009","WO-10753","2025-09-14 04:00:00","LINE-C","80","OP-11"
"PLOG-4010","WO-10753","2025-09-14 05:00:00","LINE-C","88","OP-4"
"PLOG-4011","WO-10753","2025-09-14 06:00:00","LINE-C","103","OP-16"
"PLOG-4012","WO-10753","2025-09-14 07:00:00","LINE-C","97","OP-7"
"PLOG-4013","WO-10753","2025-09-14 08:00:00","LINE-C","108","OP-6"
"PLOG-4014","WO-10753","2025-09-14 09:00:00","LINE-C","45","OP-5"
"PLOG-4015","WO-10754","2025-06-15 00:00:00","LINE-A","110","OP-4"
"PLOG-4016","WO-10754","2025-06-15 01:00:00","LINE-A","93","OP-5"
"PLOG-4017","WO-10754","2025-06-15 02:00:00","LINE-A","67","OP-14"
"PLOG-4018","WO-10754","2025-06-15 03:00:00","LINE-A","60","OP-17"
"PLOG-4019","WO-10754","2025-06-15 04:00:00","LINE-A","100","OP-17"
"PLOG-4020","WO-10755","2026-02-03 00:00:00","LINE-C","97","OP-17"
"PLOG-4021","WO-10755","2026-02-03 01:00:00","LINE-C","103","OP-19"
"PLOG-4022","WO-10755","2026-02-03 02:00:00","LINE-C","71","OP-9"
"PLOG-4023","WO-10759","2025-05-19 00:00:00","LINE-A","70","OP-12"
"PLOG-4024","WO-10759","2025-05-19 01:00:00","LINE-A","103","OP-9"
"PLOG-4025","WO-10759","2025-05-19 02:00:00","LINE-A","72","OP-17"
"PLOG-4026","WO-10759","2025-05-19 03:00:00","LINE-A","58","OP-6"
"PLOG-4027","WO-10759","2025-05-19 04:00:00","LINE-A","72","OP-6"
"PLOG-4028","WO-10759","2025-05-19 05:00:00","LINE-A","86","OP-11"
"PLOG-4029","WO-10759","2025-05-19 06:00:00","LINE-A","85","OP-4"
"PLOG-4030","WO-10759","2025-05-19 07:00:00","LINE-A","80","OP-11"
"PLOG-4031","WO-10759","2025-05-19 08:00:00","LINE-A","107","OP-17"
"PLOG-4032","WO-10759","2025-05-19 09:00:00","LINE-A","64","OP-19"
"PLOG-4033","WO-10759","2025-05-19 10:00:00","LINE-A","100","OP-18"
"PLOG-4034","WO-10760","2025-09-24 00:00:00","LINE-A","87","OP-20"
"PLOG-4035","WO-10760","2025-09-24 01:00:00","LINE-A","59","OP-13"
"PLOG-4036","WO-10760","2025-09-24 02:00:00","LINE-A","101","OP-13"
"PLOG-4037","WO-10760","2025-09-24 03:00:00","LINE-A","67","OP-13"
"PLOG-4038","WO-10760","2025-09-24 04:00:00","LINE-A","103","OP-14"
"PLOG-4039","WO-10760","2025-09-24 05:00:00","LINE-A","102","OP-1"
"PLOG-4040","WO-10761","2025-07-05 00:00:00","LINE-B","98","OP-5"
"PLOG-4041","WO-10761","2025-07-05 01:00:00","LINE-B","101","OP-9"
"PLOG-4042","WO-10761","2025-07-05 02:00:00","LINE-B","72","OP-7"
"PLOG-4043","WO-10761","2025-07-05 03:00:00","LINE-B","85","OP-19"
"PLOG-4044","WO-10761","2025-07-05 04:00:00","LINE-B","74","OP-6"
"PLOG-4045","WO-10761","2025-07-05 05:00:00","LINE-B","76","OP-17"
"PLOG-4046","WO-10761","2025-07-05 06:00:00","LINE-B","53","OP-11"
"PLOG-4047","WO-10761","2025-07-05 07:00:00","LINE-B","76","OP-10"
"PLOG-4048","WO-10761","2025-07-05 08:00:00","LINE-B","75","OP-12"
"PLOG-4049","WO-10764","2025-08-12 00:00:00","LINE-C","66","OP-16"
"PLOG-4050","WO-10764","2025-08-12 01:00:00","LINE-C","56","OP-14"
"PLOG-4051","WO-10764","2025-08-12 02:00:00","LINE-C","82","OP-6"
"PLOG-4052","WO-10764","2025-08-12 03:00:00","LINE-C","72","OP-14"
"PLOG-4053","WO-10764","2025-08-12 04:00:00","LINE-C","67","OP-12"
"PLOG-4054","WO-10764","2025-08-12 05:00:00","LINE-C","76","OP-16"
"PLOG-4055","WO-10764","2025-08-12 06:00:00","LINE-C","81","OP-10"
"PLOG-4056","WO-10764","2025-08-12 07:00:00","LINE-C","59","OP-13"
"PLOG-4057","WO-10764","2025-08-12 08:00:00","LINE-C","93","OP-3"
"PLOG-4058","WO-10765","2025-10-23 00:00:00","LINE-B","106","OP-17"
"PLOG-4059","WO-10765","2025-10-23 01:00:00","LINE-B","110","OP-19"
"PLOG-4060","WO-10765","2025-10-23 02:00:00","LINE-B","93","OP-20"
"PLOG-4061","WO-10765","2025-10-23 03:00:00","LINE-B","103","OP-18"
"PLOG-4062","WO-10766","2025-07-14 00:00:00","LINE-B","69","OP-9"
"PLOG-4063","WO-10766","2025-07-14 01:00:00","LINE-B","71","OP-6"
"PLOG-4064","WO-10766","2025-07-14 02:00:00","LINE-B","84","OP-20"
"PLOG-4065","WO-10766","2025-07-14 03:00:00","LINE-B","103","OP-17"
"PLOG-4066","WO-10766","2025-07-14 04:00:00","LINE-B","48","OP-7"
"PLOG-4067","WO-10766","2025-07-14 05:00:00","LINE-B","94","OP-18"
"PLOG-4068","WO-10767","2025-05-09 00:00:00","LINE-C","97","OP-12"
"PLOG-4069","WO-10767","2025-05-09 01:00:00","LINE-C","106","OP-3"
"PLOG-4070","WO-10767","2025-05-09 02:00:00","LINE-C","96","OP-1"
"PLOG-4071","WO-10767","2025-05-09 03:00:00","LINE-C","93","OP-11"
"PLOG-4072","WO-10767","2025-05-09 04:00:00","LINE-C","50","OP-3"
"PLOG-4073","WO-10767","2025-05-09 05:00:00","LINE-C","76","OP-2"
"PLOG-4074","WO-10767","2025-05-09 06:00:00","LINE-C","75","OP-3"
"PLOG-4075","WO-10767","2025-05-09 07:00:00","LINE-C","59","OP-15"
"PLOG-4076","WO-10767","2025-05-09 08:00:00","LINE-C","86","OP-3"
"PLOG-4077","WO-10767","2025-05-09 09:00:00","LINE-C","62","OP-13"
"PLOG-4078","WO-10767","2025-05-09 10:00:00","LINE-C","50","OP-7"
"PLOG-4079","WO-10767","2025-05-09 11:00:00","LINE-C","50","OP-16"
"PLOG-4080","WO-10769","2025-05-12 00:00:00","LINE-C","57","OP-19"
"PLOG-4081","WO-10769","2025-05-12 01:00:00","LINE-C","98","OP-10"
"PLOG-4082","WO-10769","2025-05-12 02:00:00","LINE-C","90","OP-13"
"PLOG-4083","WO-10769","2025-05-12 03:00:00","LINE-C","101","OP-8"
"PLOG-4084","WO-10769","2025-05-12 04:00:00","LINE-C","45","OP-20"
"PLOG-4085","WO-10769","2025-05-12 05:00:00","LINE-C","67","OP-19"
"PLOG-4086","WO-10769","2025-05-12 06:00:00","LINE-C","65","OP-3"
"PLOG-4087","WO-10769","2025-05-12 07:00:00","LINE-C","92","OP-17"
"PLOG-4088","WO-10772","2025-06-22 00:00:00","LINE-A","90","OP-19"
"PLOG-4089","WO-10772","2025-06-22 01:00:00","LINE-A","72","OP-6"
"PLOG-4090","WO-10772","2025-06-22 02:00:00","LINE-A","83","OP-1"
"PLOG-4091","WO-10772","2025-06-22 03:00:00","LINE-A","81","OP-6"
"PLOG-4092","WO-10772","2025-06-22 04:00:00","LINE-A","65","OP-7"
"PLOG-4093","WO-10772","2025-06-22 05:00:00","LINE-A","52","OP-5"
"PLOG-4094","WO-10772","2025-06-22 06:00:00","LINE-A","80","OP-7"
"PLOG-4095","WO-10772","2025-06-22 07:00:00","LINE-A","51","OP-6"
"PLOG-4096","WO-10772","2025-06-22 08:00:00","LINE-A","78","OP-5"
"PLOG-4097","WO-10775","2026-01-19 00:00:00","LINE-C","98","OP-11"
"PLOG-4098","WO-10775","2026-01-19 01:00:00","LINE-C","100","OP-4"
"PLOG-4099","WO-10775","2026-01-19 02:00:00","LINE-C","56","OP-15"
"PLOG-4100","WO-10775","2026-01-19 03:00:00","LINE-C","75","OP-15"
"PLOG-4101","WO-10775","2026-01-19 04:00:00","LINE-C","47","OP-10"
"PLOG-4102","WO-10777","2025-08-17 00:00:00","LINE-B","65","OP-9"
"PLOG-4103","WO-10777","2025-08-17 01:00:00","LINE-B","81","OP-6"
"PLOG-4104","WO-10777","2025-08-17 02:00:00","LINE-B","67","OP-12"
"PLOG-4105","WO-10777","2025-08-17 03:00:00","LINE-B","101","OP-1"
"PLOG-4106","WO-10777","2025-08-17 04:00:00","LINE-B","46","OP-17"
"PLOG-4107","WO-10777","2025-08-17 05:00:00","LINE-B","109","OP-12"
"PLOG-4108","WO-10779","2025-11-08 00:00:00","LINE-A","50","OP-13"
"PLOG-4109","WO-10779","2025-11-08 01:00:00","LINE-A","103","OP-16"
"PLOG-4110","WO-10779","2025-11-08 02:00:00","LINE-A","57","OP-1"
"PLOG-4111","WO-10779","2025-11-08 03:00:00","LINE-A","92","OP-12"
"PLOG-4112","WO-10779","2025-11-08 04:00:00","LINE-A","81","OP-17"
"PLOG-4113","WO-10779","2025-11-08 05:00:00","LINE-A","109","OP-13"
"PLOG-4114","WO-10779","2025-11-08 06:00:00","LINE-A","90","OP-16"
"PLOG-4115","WO-10779","2025-11-08 07:00:00","LINE-A","86","OP-5"
"PLOG-4116","WO-10779","2025-11-08 08:00:00","LINE-A","61","OP-5"
"PLOG-4117","WO-10779","2025-11-08 09:00:00","LINE-A","58","OP-16"
"PLOG-4118","WO-10779","2025-11-08 10:00:00","LINE-A","100","OP-1"
"PLOG-4119","WO-10779","2025-11-08 11:00:00","LINE-A","83","OP-8"
"PLOG-4120","WO-10779","2025-11-08 12:00:00","LINE-A","86","OP-5"
"PLOG-4121","WO-10780","2025-05-06 00:00:00","LINE-A","109","OP-8"
"PLOG-4122","WO-10780","2025-05-06 01:00:00","LINE-A","93","OP-6"
"PLOG-4123","WO-10780","2025-05-06 02:00:00","LINE-A","93","OP-4"
"PLOG-4124","WO-10780","2025-05-06 03:00:00","LINE-A","88","OP-19"
"PLOG-4125","WO-10780","2025-05-06 04:00:00","LINE-A","64","OP-6"
"PLOG-4126","WO-10780","2025-05-06 05:00:00","LINE-A","45","OP-6"
"PLOG-4127","WO-10780","2025-05-06 06:00:00","LINE-A","93","OP-18"
"PLOG-4128","WO-10780","2025-05-06 07:00:00","LINE-A","97","OP-13"
"PLOG-4129","WO-10780","2025-05-06 08:00:00","LINE-A","62","OP-18"
"PLOG-4130","WO-10780","2025-05-06 09:00:00","LINE-A","61","OP-17"
"PLOG-4131","WO-10780","2025-05-06 10:00:00","LINE-A","81","OP-5"
"PLOG-4132","WO-10780","2025-05-06 11:00:00","LINE-A","48","OP-18"
"PLOG-4133","WO-10780","2025-05-06 12:00:00","LINE-A","87","OP-15"
"PLOG-4134","WO-10780","2025-05-06 13:00:00","LINE-A","46","OP-7"
"PLOG-4135","WO-10780","2025-05-06 14:00:00","LINE-A","100","OP-17"
"PLOG-4136","WO-10782","2025-11-24 00:00:00","LINE-B","94","OP-20"
"PLOG-4137","WO-10782","2025-11-24 01:00:00","LINE-B","76","OP-17"
"PLOG-4138","WO-10782","2025-11-24 02:00:00","LINE-B","105","OP-14"
"PLOG-4139","WO-10782","2025-11-24 03:00:00","LINE-B","70","OP-1"
"PLOG-4140","WO-10782","2025-11-24 04:00:00","LINE-B","73","OP-14"
"PLOG-4141","WO-10782","2025-11-24 05:00:00","LINE-B","79","OP-12"
"PLOG-4142","WO-10782","2025-11-24 06:00:00","LINE-B","61","OP-6"
"PLOG-4143","WO-10782","2025-11-24 07:00:00","LINE-B","76","OP-17"
"PLOG-4144","WO-10782","2025-11-24 08:00:00","LINE-B","87","OP-9"
"PLOG-4145","WO-10782","2025-11-24 09:00:00","LINE-B","70","OP-18"
"PLOG-4146","WO-10782","2025-11-24 10:00:00","LINE-B","91","OP-4"
"PLOG-4147","WO-10783","2026-01-22 00:00:00","LINE-B","45","OP-8"
"PLOG-4148","WO-10783","2026-01-22 01:00:00","LINE-B","86","OP-13"
"PLOG-4149","WO-10783","2026-01-22 02:00:00","LINE-B","51","OP-10"
"PLOG-4150","WO-10783","2026-01-22 03:00:00","LINE-B","49","OP-5"
"PLOG-4151","WO-10783","2026-01-22 04:00:00","LINE-B","81","OP-14"
"PLOG-4152","WO-10783","2026-01-22 05:00:00","LINE-B","62","OP-20"
"PLOG-4153","WO-10783","2026-01-22 06:00:00","LINE-B","105","OP-5"
"PLOG-4154","WO-10783","2026-01-22 07:00:00","LINE-B","76","OP-20"
"PLOG-4155","WO-10783","2026-01-22 08:00:00","LINE-B","90","OP-1"
"PLOG-4156","WO-10783","2026-01-22 09:00:00","LINE-B","88","OP-20"
"PLOG-4157","WO-10783","2026-01-22 10:00:00","LINE-B","71","OP-8"
"PLOG-4158","WO-10783","2026-01-22 11:00:00","LINE-B","82","OP-2"
"PLOG-4159","WO-10783","2026-01-22 12:00:00","LINE-B","87","OP-8"
"PLOG-4160","WO-10783","2026-01-22 13:00:00","LINE-B","55","OP-13"
"PLOG-4161","WO-10783","2026-01-22 14:00:00","LINE-B","107","OP-20"
"PLOG-4162","WO-10783","2026-01-22 15:00:00","LINE-B","91","OP-15"
"PLOG-4163","WO-10783","2026-01-22 16:00:00","LINE-B","46","OP-20"
"PLOG-4164","WO-10784","2025-09-15 00:00:00","LINE-B","107","OP-7"
"PLOG-4165","WO-10784","2025-09-15 01:00:00","LINE-B","101","OP-10"
"PLOG-4166","WO-10784","2025-09-15 02:00:00","LINE-B","55","OP-7"
"PLOG-4167","WO-10784","2025-09-15 03:00:00","LINE-B","53","OP-16"
"PLOG-4168","WO-10785","2026-01-10 00:00:00","LINE-B","46","OP-16"
"PLOG-4169","WO-10785","2026-01-10 01:00:00","LINE-B","45","OP-14"
"PLOG-4170","WO-10785","2026-01-10 02:00:00","LINE-B","80","OP-9"
"PLOG-4171","WO-10785","2026-01-10 03:00:00","LINE-B","105","OP-9"
"PLOG-4172","WO-10785","2026-01-10 04:00:00","LINE-B","66","OP-6"
"PLOG-4173","WO-10785","2026-01-10 05:00:00","LINE-B","52","OP-14"
"PLOG-4174","WO-10786","2025-06-12 00:00:00","LINE-C","48","OP-2"
"PLOG-4175","WO-10786","2025-06-12 01:00:00","LINE-C","68","OP-14"
"PLOG-4176","WO-10786","2025-06-12 02:00:00","LINE-C","62","OP-19"
"PLOG-4177","WO-10786","2025-06-12 03:00:00","LINE-C","64","OP-6"
"PLOG-4178","WO-10786","2025-06-12 04:00:00","LINE-C","87","OP-15"
"PLOG-4179","WO-10786","2025-06-12 05:00:00","LINE-C","45","OP-6"
"PLOG-4180","WO-10787","2026-03-30 00:00:00","LINE-B","84","OP-11"
"PLOG-4181","WO-10787","2026-03-30 01:00:00","LINE-B","83","OP-5"
"PLOG-4182","WO-10787","2026-03-30 02:00:00","LINE-B","62","OP-3"
"PLOG-4183","WO-10787","2026-03-30 03:00:00","LINE-B","75","OP-1"
"PLOG-4184","WO-10787","2026-03-30 04:00:00","LINE-B","78","OP-8"
"PLOG-4185","WO-10788","2025-07-05 00:00:00","LINE-B","106","OP-5"
"PLOG-4186","WO-10788","2025-07-05 01:00:00","LINE-B","96","OP-2"
"PLOG-4187","WO-10788","2025-07-05 02:00:00","LINE-B","45","OP-8"
"PLOG-4188","WO-10788","2025-07-05 03:00:00","LINE-B","74","OP-12"
"PLOG-4189","WO-10788","2025-07-05 04:00:00","LINE-B","95","OP-11"
"PLOG-4190","WO-10788","2025-07-05 05:00:00","LINE-B","91","OP-11"
"PLOG-4191","WO-10788","2025-07-05 06:00:00","LINE-B","64","OP-10"
"PLOG-4192","WO-10789","2025-07-13 00:00:00","LINE-A","64","OP-7"
"PLOG-4193","WO-10789","2025-07-13 01:00:00","LINE-A","96","OP-10"
"PLOG-4194","WO-10789","2025-07-13 02:00:00","LINE-A","60","OP-16"
"PLOG-4195","WO-10789","2025-07-13 03:00:00","LINE-A","99","OP-8"
"PLOG-4196","WO-10789","2025-07-13 04:00:00","LINE-A","62","OP-3"
"PLOG-4197","WO-10789","2025-07-13 05:00:00","LINE-A","81","OP-19"
"PLOG-4198","WO-10789","2025-07-13 06:00:00","LINE-A","105","OP-15"
"PLOG-4199","WO-10789","2025-07-13 07:00:00","LINE-A","66","OP-7"
"PLOG-4200","WO-10789","2025-07-13 08:00:00","LINE-A","60","OP-13"
"PLOG-4201","WO-10790","2025-08-26 00:00:00","LINE-A","70","OP-4"
"PLOG-4202","WO-10790","2025-08-26 01:00:00","LINE-A","90","OP-16"
"PLOG-4203","WO-10790","2025-08-26 02:00:00","LINE-A","89","OP-11"
"PLOG-4204","WO-10790","2025-08-26 03:00:00","LINE-A","47","OP-9"
"PLOG-4205","WO-10790","2025-08-26 04:00:00","LINE-A","97","OP-15"
"PLOG-4206","WO-10790","2025-08-26 05:00:00","LINE-A","91","OP-3"
"PLOG-4207","WO-10790","2025-08-26 06:00:00","LINE-A","45","OP-20"
"PLOG-4208","WO-10790","2025-08-26 07:00:00","LINE-A","103","OP-7"
"PLOG-4209","WO-10790","2025-08-26 08:00:00","LINE-A","99","OP-6"
"PLOG-4210","WO-10790","2025-08-26 09:00:00","LINE-A","106","OP-14"
"PLOG-4211","WO-10790","2025-08-26 10:00:00","LINE-A","92","OP-1"
"PLOG-4212","WO-10792","2025-08-15 00:00:00","LINE-A","100","OP-8"
"PLOG-4213","WO-10792","2025-08-15 01:00:00","LINE-A","75","OP-2"
"PLOG-4214","WO-10792","2025-08-15 02:00:00","LINE-A","98","OP-1"
"PLOG-4215","WO-10792","2025-08-15 03:00:00","LINE-A","100","OP-5"
"PLOG-4216","WO-10794","2025-08-25 00:00:00","LINE-B","75","OP-19"
"PLOG-4217","WO-10794","2025-08-25 01:00:00","LINE-B","52","OP-14"
"PLOG-4218","WO-10794","2025-08-25 02:00:00","LINE-B","46","OP-7"
"PLOG-4219","WO-10794","2025-08-25 03:00:00","LINE-B","45","OP-8"
"PLOG-4220","WO-10794","2025-08-25 04:00:00","LINE-B","60","OP-3"
"PLOG-4221","WO-10794","2025-08-25 05:00:00","LINE-B","95","OP-19"
"PLOG-4222","WO-10794","2025-08-25 06:00:00","LINE-B","95","OP-4"
"PLOG-4223","WO-10794","2025-08-25 07:00:00","LINE-B","96","OP-15"
"PLOG-4224","WO-10794","2025-08-25 08:00:00","LINE-B","53","OP-8"
"PLOG-4225","WO-10794","2025-08-25 09:00:00","LINE-B","52","OP-7"
"PLOG-4226","WO-10794","2025-08-25 10:00:00","LINE-B","100","OP-17"
"PLOG-4227","WO-10794","2025-08-25 11:00:00","LINE-B","86","OP-20"
"PLOG-4228","WO-10794","2025-08-25 12:00:00","LINE-B","72","OP-1"
"PLOG-4229","WO-10794","2025-08-25 13:00:00","LINE-B","83","OP-10"
"PLOG-4230","WO-10794","2025-08-25 14:00:00","LINE-B","101","OP-8"
"PLOG-4231","WO-10794","2025-08-25 15:00:00","LINE-B","71","OP-6"
"PLOG-4232","WO-10796","2025-05-30 00:00:00","LINE-B","86","OP-16"
"PLOG-4233","WO-10796","2025-05-30 01:00:00","LINE-B","103","OP-17"
"PLOG-4234","WO-10796","2025-05-30 02:00:00","LINE-B","50","OP-3"
"PLOG-4235","WO-10796","2025-05-30 03:00:00","LINE-B","57","OP-12"
"PLOG-4236","WO-10796","2025-05-30 04:00:00","LINE-B","103","OP-20"
"PLOG-4237","WO-10796","2025-05-30 05:00:00","LINE-B","108","OP-1"
"PLOG-4238","WO-10797","2025-07-31 00:00:00","LINE-B","90","OP-11"
"PLOG-4239","WO-10797","2025-07-31 01:00:00","LINE-B","63","OP-14"
"PLOG-4240","WO-10797","2025-07-31 02:00:00","LINE-B","81","OP-8"
"PLOG-4241","WO-10797","2025-07-31 03:00:00","LINE-B","101","OP-17"
"PLOG-4242","WO-10797","2025-07-31 04:00:00","LINE-B","50","OP-16"
"PLOG-4243","WO-10799","2025-11-11 00:00:00","LINE-C","99","OP-13"
"PLOG-4244","WO-10799","2025-11-11 01:00:00","LINE-C","76","OP-6"
"PLOG-4245","WO-10799","2025-11-11 02:00:00","LINE-C","65","OP-2"
"PLOG-4246","WO-10799","2025-11-11 03:00:00","LINE-C","73","OP-8"
"PLOG-4247","WO-10799","2025-11-11 04:00:00","LINE-C","83","OP-17"
"PLOG-4248","WO-10799","2025-11-11 05:00:00","LINE-C","102","OP-16"
"PLOG-4249","WO-10799","2025-11-11 06:00:00","LINE-C","73","OP-8"
"PLOG-4250","WO-10799","2025-11-11 07:00:00","LINE-C","51","OP-2"
"PLOG-4251","WO-10799","2025-11-11 08:00:00","LINE-C","48","OP-13"
"PLOG-4252","WO-10801","2025-10-30 00:00:00","LINE-B","68","OP-18"
"PLOG-4253","WO-10801","2025-10-30 01:00:00","LINE-B","47","OP-4"
"PLOG-4254","WO-10801","2025-10-30 02:00:00","LINE-B","64","OP-1"
"PLOG-4255","WO-10801","2025-10-30 03:00:00","LINE-B","67","OP-10"
"PLOG-4256","WO-10801","2025-10-30 04:00:00","LINE-B","110","OP-7"
"PLOG-4257","WO-10801","2025-10-30 05:00:00","LINE-B","75","OP-7"
"PLOG-4258","WO-10801","2025-10-30 06:00:00","LINE-B","54","OP-13"
"PLOG-4259","WO-10801","2025-10-30 07:00:00","LINE-B","98","OP-7"
"PLOG-4260","WO-10801","2025-10-30 08:00:00","LINE-B","74","OP-16"
"PLOG-4261","WO-10801","2025-10-30 09:00:00","LINE-B","100","OP-15"
"PLOG-4262","WO-10802","2025-11-19 00:00:00","LINE-A","103","OP-19"
"PLOG-4263","WO-10802","2025-11-19 01:00:00","LINE-A","83","OP-16"
"PLOG-4264","WO-10802","2025-11-19 02:00:00","LINE-A","52","OP-1"
"PLOG-4265","WO-10804","2025-06-22 00:00:00","LINE-C","49","OP-16"
"PLOG-4266","WO-10804","2025-06-22 01:00:00","LINE-C","64","OP-4"
"PLOG-4267","WO-10804","2025-06-22 02:00:00","LINE-C","45","OP-11"
"PLOG-4268","WO-10804","2025-06-22 03:00:00","LINE-C","45","OP-14"
"PLOG-4269","WO-10804","2025-06-22 04:00:00","LINE-C","54","OP-16"
"PLOG-4270","WO-10804","2025-06-22 05:00:00","LINE-C","73","OP-12"
"PLOG-4271","WO-10804","2025-06-22 06:00:00","LINE-C","98","OP-4"
"PLOG-4272","WO-10804","2025-06-22 07:00:00","LINE-C","63","OP-7"
"PLOG-4273","WO-10804","2025-06-22 08:00:00","LINE-C","56","OP-4"
"PLOG-4274","WO-10804","2025-06-22 09:00:00","LINE-C","96","OP-10"
"PLOG-4275","WO-10804","2025-06-22 10:00:00","LINE-C","68","OP-1"
"PLOG-4276","WO-10804","2025-06-22 11:00:00","LINE-C","66","OP-8"
"PLOG-4277","WO-10804","2025-06-22 12:00:00","LINE-C","92","OP-2"
"PLOG-4278","WO-10804","2025-06-22 13:00:00","LINE-C","97","OP-7"
"PLOG-4279","WO-10804","2025-06-22 14:00:00","LINE-C","102","OP-9"
"PLOG-4280","WO-10804","2025-06-22 15:00:00","LINE-C","96","OP-3"
"PLOG-4281","WO-10804","2025-06-22 16:00:00","LINE-C","93","OP-6"
"PLOG-4282","WO-10805","2026-03-27 00:00:00","LINE-A","94","OP-4"
"PLOG-4283","WO-10805","2026-03-27 01:00:00","LINE-A","51","OP-16"
"PLOG-4284","WO-10805","2026-03-27 02:00:00","LINE-A","59","OP-14"
"PLOG-4285","WO-10805","2026-03-27 03:00:00","LINE-A","69","OP-20"
"PLOG-4286","WO-10805","2026-03-27 04:00:00","LINE-A","55","OP-12"
"PLOG-4287","WO-10805","2026-03-27 05:00:00","LINE-A","109","OP-2"
"PLOG-4288","WO-10805","2026-03-27 06:00:00","LINE-A","74","OP-9"
"PLOG-4289","WO-10805","2026-03-27 07:00:00","LINE-A","49","OP-9"
"PLOG-4290","WO-10806","2026-02-06 00:00:00","LINE-A","71","OP-12"
"PLOG-4291","WO-10806","2026-02-06 01:00:00","LINE-A","101","OP-20"
"PLOG-4292","WO-10806","2026-02-06 02:00:00","LINE-A","47","OP-2"
"PLOG-4293","WO-10806","2026-02-06 03:00:00","LINE-A","50","OP-20"
"PLOG-4294","WO-10806","2026-02-06 04:00:00","LINE-A","95","OP-6"
"PLOG-4295","WO-10806","2026-02-06 05:00:00","LINE-A","89","OP-18"
"PLOG-4296","WO-10806","2026-02-06 06:00:00","LINE-A","65","OP-19"
"PLOG-4297","WO-10806","2026-02-06 07:00:00","LINE-A","75","OP-20"
"PLOG-4298","WO-10806","2026-02-06 08:00:00","LINE-A","79","OP-5"
"PLOG-4299","WO-10806","2026-02-06 09:00:00","LINE-A","50","OP-15"
"PLOG-4300","WO-10808","2025-07-23 00:00:00","LINE-B","56","OP-15"
"PLOG-4301","WO-10808","2025-07-23 01:00:00","LINE-B","107","OP-17"
"PLOG-4302","WO-10808","2025-07-23 02:00:00","LINE-B","46","OP-5"
"PLOG-4303","WO-10809","2025-04-11 00:00:00","LINE-A","107","OP-2"
"PLOG-4304","WO-10809","2025-04-11 01:00:00","LINE-A","71","OP-16"
"PLOG-4305","WO-10809","2025-04-11 02:00:00","LINE-A","105","OP-16"
"PLOG-4306","WO-10809","2025-04-11 03:00:00","LINE-A","51","OP-14"
"PLOG-4307","WO-10809","2025-04-11 04:00:00","LINE-A","56","OP-6"
"PLOG-4308","WO-10809","2025-04-11 05:00:00","LINE-A","74","OP-10"
"PLOG-4309","WO-10809","2025-04-11 06:00:00","LINE-A","89","OP-2"
"PLOG-4310","WO-10809","2025-04-11 07:00:00","LINE-A","77","OP-1"
"PLOG-4311","WO-10809","2025-04-11 08:00:00","LINE-A","90","OP-14"
"PLOG-4312","WO-10810","2025-06-30 00:00:00","LINE-C","54","OP-1"
"PLOG-4313","WO-10810","2025-06-30 01:00:00","LINE-C","74","OP-3"
"PLOG-4314","WO-10810","2025-06-30 02:00:00","LINE-C","80","OP-3"
"PLOG-4315","WO-10810","2025-06-30 03:00:00","LINE-C","93","OP-14"
"PLOG-4316","WO-10812","2025-07-29 00:00:00","LINE-C","87","OP-19"
"PLOG-4317","WO-10812","2025-07-29 01:00:00","LINE-C","91","OP-4"
"PLOG-4318","WO-10812","2025-07-29 02:00:00","LINE-C","51","OP-14"
"PLOG-4319","WO-10813","2025-05-06 00:00:00","LINE-A","71","OP-19"
"PLOG-4320","WO-10813","2025-05-06 01:00:00","LINE-A","77","OP-9"
"PLOG-4321","WO-10813","2025-05-06 02:00:00","LINE-A","101","OP-5"
"PLOG-4322","WO-10813","2025-05-06 03:00:00","LINE-A","46","OP-3"
"PLOG-4323","WO-10813","2025-05-06 04:00:00","LINE-A","92","OP-18"
"PLOG-4324","WO-10813","2025-05-06 05:00:00","LINE-A","49","OP-20"
"PLOG-4325","WO-10813","2025-05-06 06:00:00","LINE-A","55","OP-18"
"PLOG-4326","WO-10814","2025-08-13 00:00:00","LINE-B","57","OP-17"
"PLOG-4327","WO-10814","2025-08-13 01:00:00","LINE-B","86","OP-12"
"PLOG-4328","WO-10814","2025-08-13 02:00:00","LINE-B","56","OP-17"
"PLOG-4329","WO-10814","2025-08-13 03:00:00","LINE-B","77","OP-9"
"PLOG-4330","WO-10814","2025-08-13 04:00:00","LINE-B","98","OP-5"
"PLOG-4331","WO-10814","2025-08-13 05:00:00","LINE-B","58","OP-8"
"PLOG-4332","WO-10814","2025-08-13 06:00:00","LINE-B","76","OP-14"
"PLOG-4333","WO-10814","2025-08-13 07:00:00","LINE-B","71","OP-16"
"PLOG-4334","WO-10814","2025-08-13 08:00:00","LINE-B","93","OP-1"
"PLOG-4335","WO-10814","2025-08-13 09:00:00","LINE-B","45","OP-18"
"PLOG-4336","WO-10814","2025-08-13 10:00:00","LINE-B","55","OP-16"
"PLOG-4337","WO-10815","2026-02-05 00:00:00","LINE-B","81","OP-1"
"PLOG-4338","WO-10815","2026-02-05 01:00:00","LINE-B","82","OP-14"
"PLOG-4339","WO-10815","2026-02-05 02:00:00","LINE-B","52","OP-16"
"PLOG-4340","WO-10815","2026-02-05 03:00:00","LINE-B","85","OP-12"
"PLOG-4341","WO-10815","2026-02-05 04:00:00","LINE-B","104","OP-1"
"PLOG-4342","WO-10815","2026-02-05 05:00:00","LINE-B","79","OP-12"
"PLOG-4343","WO-10815","2026-02-05 06:00:00","LINE-B","86","OP-7"
"PLOG-4344","WO-10815","2026-02-05 07:00:00","LINE-B","110","OP-18"
"PLOG-4345","WO-10815","2026-02-05 08:00:00","LINE-B","73","OP-13"
"PLOG-4346","WO-10815","2026-02-05 09:00:00","LINE-B","83","OP-17"
"PLOG-4347","WO-10815","2026-02-05 10:00:00","LINE-B","50","OP-11"
"PLOG-4348","WO-10816","2025-11-21 00:00:00","LINE-A","96","OP-1"
"PLOG-4349","WO-10816","2025-11-21 01:00:00","LINE-A","48","OP-10"
"PLOG-4350","WO-10816","2025-11-21 02:00:00","LINE-A","83","OP-20"
"PLOG-4351","WO-10816","2025-11-21 03:00:00","LINE-A","79","OP-5"
"PLOG-4352","WO-10816","2025-11-21 04:00:00","LINE-A","91","OP-13"
"PLOG-4353","WO-10816","2025-11-21 05:00:00","LINE-A","58","OP-4"
"PLOG-4354","WO-10816","2025-11-21 06:00:00","LINE-A","69","OP-20"
"PLOG-4355","WO-10816","2025-11-21 07:00:00","LINE-A","59","OP-18"
"PLOG-4356","WO-10816","2025-11-21 08:00:00","LINE-A","58","OP-3"
"PLOG-4357","WO-10816","2025-11-21 09:00:00","LINE-A","94","OP-11"
"PLOG-4358","WO-10816","2025-11-21 10:00:00","LINE-A","82","OP-2"
"PLOG-4359","WO-10816","2025-11-21 11:00:00","LINE-A","67","OP-12"
"PLOG-4360","WO-10816","2025-11-21 12:00:00","LINE-A","109","OP-14"
"PLOG-4361","WO-10816","2025-11-21 13:00:00","LINE-A","107","OP-13"
"PLOG-4362","WO-10816","2025-11-21 14:00:00","LINE-A","81","OP-1"
"PLOG-4363","WO-10816","2025-11-21 15:00:00","LINE-A","57","OP-17"
"PLOG-4364","WO-10816","2025-11-21 16:00:00","LINE-A","63","OP-8"
"PLOG-4365","WO-10816","2025-11-21 17:00:00","LINE-A","86","OP-17"
"PLOG-4366","WO-10817","2026-02-09 00:00:00","LINE-B","104","OP-3"
"PLOG-4367","WO-10817","2026-02-09 01:00:00","LINE-B","63","OP-14"
"PLOG-4368","WO-10817","2026-02-09 02:00:00","LINE-B","60","OP-19"
"PLOG-4369","WO-10819","2025-05-06 00:00:00","LINE-A","57","OP-8"
"PLOG-4370","WO-10819","2025-05-06 01:00:00","LINE-A","46","OP-1"
"PLOG-4371","WO-10819","2025-05-06 02:00:00","LINE-A","99","OP-1"
"PLOG-4372","WO-10819","2025-05-06 03:00:00","LINE-A","69","OP-19"
"PLOG-4373","WO-10819","2025-05-06 04:00:00","LINE-A","92","OP-18"
"PLOG-4374","WO-10819","2025-05-06 05:00:00","LINE-A","48","OP-4"
"PLOG-4375","WO-10819","2025-05-06 06:00:00","LINE-A","64","OP-8"
"PLOG-4376","WO-10820","2025-05-29 00:00:00","LINE-A","93","OP-9"
"PLOG-4377","WO-10820","2025-05-29 01:00:00","LINE-A","81","OP-9"
"PLOG-4378","WO-10820","2025-05-29 02:00:00","LINE-A","72","OP-5"
"PLOG-4379","WO-10820","2025-05-29 03:00:00","LINE-A","73","OP-10"
"PLOG-4380","WO-10820","2025-05-29 04:00:00","LINE-A","95","OP-8"
"PLOG-4381","WO-10821","2025-09-22 00:00:00","LINE-C","106","OP-1"
"PLOG-4382","WO-10821","2025-09-22 01:00:00","LINE-C","93","OP-15"
"PLOG-4383","WO-10821","2025-09-22 02:00:00","LINE-C","83","OP-19"
"PLOG-4384","WO-10822","2025-08-24 00:00:00","LINE-A","87","OP-6"
"PLOG-4385","WO-10822","2025-08-24 01:00:00","LINE-A","65","OP-18"
"PLOG-4386","WO-10822","2025-08-24 02:00:00","LINE-A","45","OP-13"
"PLOG-4387","WO-10822","2025-08-24 03:00:00","LINE-A","100","OP-7"
"PLOG-4388","WO-10822","2025-08-24 04:00:00","LINE-A","85","OP-19"
"PLOG-4389","WO-10822","2025-08-24 05:00:00","LINE-A","91","OP-14"
"PLOG-4390","WO-10822","2025-08-24 06:00:00","LINE-A","91","OP-9"
"PLOG-4391","WO-10822","2025-08-24 07:00:00","LINE-A","59","OP-7"
"PLOG-4392","WO-10822","2025-08-24 08:00:00","LINE-A","58","OP-20"
"PLOG-4393","WO-10822","2025-08-24 09:00:00","LINE-A","45","OP-12"
"PLOG-4394","WO-10822","2025-08-24 10:00:00","LINE-A","84","OP-19"
"PLOG-4395","WO-10823","2025-12-05 00:00:00","LINE-C","50","OP-11"
"PLOG-4396","WO-10823","2025-12-05 01:00:00","LINE-C","82","OP-4"
"PLOG-4397","WO-10823","2025-12-05 02:00:00","LINE-C","63","OP-9"
"PLOG-4398","WO-10823","2025-12-05 03:00:00","LINE-C","57","OP-12"
"PLOG-4399","WO-10823","2025-12-05 04:00:00","LINE-C","58","OP-4"
"PLOG-4400","WO-10823","2025-12-05 05:00:00","LINE-C","80","OP-20"
"PLOG-4401","WO-10826","2025-06-30 00:00:00","LINE-A","83","OP-3"
"PLOG-4402","WO-10826","2025-06-30 01:00:00","LINE-A","58","OP-15"
"PLOG-4403","WO-10826","2025-06-30 02:00:00","LINE-A","103","OP-1"
"PLOG-4404","WO-10826","2025-06-30 03:00:00","LINE-A","102","OP-5"
"PLOG-4405","WO-10827","2026-01-18 00:00:00","LINE-C","97","OP-14"
"PLOG-4406","WO-10827","2026-01-18 01:00:00","LINE-C","93","OP-16"
"PLOG-4407","WO-10827","2026-01-18 02:00:00","LINE-C","70","OP-5"
"PLOG-4408","WO-10827","2026-01-18 03:00:00","LINE-C","51","OP-19"
"PLOG-4409","WO-10827","2026-01-18 04:00:00","LINE-C","95","OP-16"
"PLOG-4410","WO-10827","2026-01-18 05:00:00","LINE-C","106","OP-3"
"PLOG-4411","WO-10827","2026-01-18 06:00:00","LINE-C","77","OP-14"
"PLOG-4412","WO-10827","2026-01-18 07:00:00","LINE-C","59","OP-13"
"PLOG-4413","WO-10827","2026-01-18 08:00:00","LINE-C","92","OP-14"
"PLOG-4414","WO-10827","2026-01-18 09:00:00","LINE-C","67","OP-4"
"PLOG-4415","WO-10827","2026-01-18 10:00:00","LINE-C","47","OP-11"
"PLOG-4416","WO-10827","2026-01-18 11:00:00","LINE-C","54","OP-2"
"PLOG-4417","WO-10827","2026-01-18 12:00:00","LINE-C","75","OP-5"
"PLOG-4418","WO-10827","2026-01-18 13:00:00","LINE-C","107","OP-20"
"PLOG-4419","WO-10828","2025-09-12 00:00:00","LINE-A","52","OP-1"
"PLOG-4420","WO-10828","2025-09-12 01:00:00","LINE-A","84","OP-7"
"PLOG-4421","WO-10828","2025-09-12 02:00:00","LINE-A","47","OP-6"
"PLOG-4422","WO-10828","2025-09-12 03:00:00","LINE-A","74","OP-11"
"PLOG-4423","WO-10828","2025-09-12 04:00:00","LINE-A","107","OP-10"
"PLOG-4424","WO-10828","2025-09-12 05:00:00","LINE-A","102","OP-7"
"PLOG-4425","WO-10828","2025-09-12 06:00:00","LINE-A","87","OP-5"
"PLOG-4426","WO-10828","2025-09-12 07:00:00","LINE-A","79","OP-2"
"PLOG-4427","WO-10828","2025-09-12 08:00:00","LINE-A","70","OP-12"
"PLOG-4428","WO-10829","2025-12-27 00:00:00","LINE-B","75","OP-17"
"PLOG-4429","WO-10829","2025-12-27 01:00:00","LINE-B","49","OP-7"
"PLOG-4430","WO-10829","2025-12-27 02:00:00","LINE-B","62","OP-11"
"PLOG-4431","WO-10829","2025-12-27 03:00:00","LINE-B","70","OP-4"
"PLOG-4432","WO-10829","2025-12-27 04:00:00","LINE-B","62","OP-9"
"PLOG-4433","WO-10829","2025-12-27 05:00:00","LINE-B","72","OP-18"
"PLOG-4434","WO-10831","2025-12-21 00:00:00","LINE-C","57","OP-4"
"PLOG-4435","WO-10831","2025-12-21 01:00:00","LINE-C","99","OP-14"
"PLOG-4436","WO-10831","2025-12-21 02:00:00","LINE-C","72","OP-15"
"PLOG-4437","WO-10831","2025-12-21 03:00:00","LINE-C","89","OP-18"
"PLOG-4438","WO-10831","2025-12-21 04:00:00","LINE-C","55","OP-15"
"PLOG-4439","WO-10831","2025-12-21 05:00:00","LINE-C","98","OP-13"
"PLOG-4440","WO-10831","2025-12-21 06:00:00","LINE-C","60","OP-9"
"PLOG-4441","WO-10831","2025-12-21 07:00:00","LINE-C","56","OP-9"
"PLOG-4442","WO-10831","2025-12-21 08:00:00","LINE-C","52","OP-11"
"PLOG-4443","WO-10831","2025-12-21 09:00:00","LINE-C","92","OP-10"
"PLOG-4444","WO-10831","2025-12-21 10:00:00","LINE-C","56","OP-8"
"PLOG-4445","WO-10831","2025-12-21 11:00:00","LINE-C","93","OP-16"
"PLOG-4446","WO-10832","2026-03-09 00:00:00","LINE-A","48","OP-14"
"PLOG-4447","WO-10832","2026-03-09 01:00:00","LINE-A","107","OP-17"
"PLOG-4448","WO-10832","2026-03-09 02:00:00","LINE-A","103","OP-13"
"PLOG-4449","WO-10832","2026-03-09 03:00:00","LINE-A","65","OP-2"
"PLOG-4450","WO-10832","2026-03-09 04:00:00","LINE-A","83","OP-5"
"PLOG-4451","WO-10832","2026-03-09 05:00:00","LINE-A","54","OP-8"
"PLOG-4452","WO-10832","2026-03-09 06:00:00","LINE-A","108","OP-12"
"PLOG-4453","WO-10832","2026-03-09 07:00:00","LINE-A","64","OP-5"
"PLOG-4454","WO-10832","2026-03-09 08:00:00","LINE-A","77","OP-13"
"PLOG-4455","WO-10832","2026-03-09 09:00:00","LINE-A","89","OP-5"
"PLOG-4456","WO-10832","2026-03-09 10:00:00","LINE-A","59","OP-6"
"PLOG-4457","WO-10832","2026-03-09 11:00:00","LINE-A","96","OP-14"
"PLOG-4458","WO-10832","2026-03-09 12:00:00","LINE-A","86","OP-2"
"PLOG-4459","WO-10832","2026-03-09 13:00:00","LINE-A","59","OP-4"
"PLOG-4460","WO-10832","2026-03-09 14:00:00","LINE-A","51","OP-10"
"PLOG-4461","WO-10832","2026-03-09 15:00:00","LINE-A","47","OP-14"
"PLOG-4462","WO-10832","2026-03-09 16:00:00","LINE-A","101","OP-17"
"PLOG-4463","WO-10833","2026-03-23 00:00:00","LINE-B","101","OP-7"
"PLOG-4464","WO-10833","2026-03-23 01:00:00","LINE-B","75","OP-5"
"PLOG-4465","WO-10833","2026-03-23 02:00:00","LINE-B","72","OP-2"
"PLOG-4466","WO-10833","2026-03-23 03:00:00","LINE-B","95","OP-2"
"PLOG-4467","WO-10833","2026-03-23 04:00:00","LINE-B","94","OP-14"
"PLOG-4468","WO-10833","2026-03-23 05:00:00","LINE-B","98","OP-7"
"PLOG-4469","WO-10833","2026-03-23 06:00:00","LINE-B","46","OP-2"
"PLOG-4470","WO-10835","2025-05-30 00:00:00","LINE-C","60","OP-2"
"PLOG-4471","WO-10835","2025-05-30 01:00:00","LINE-C","107","OP-17"
"PLOG-4472","WO-10835","2025-05-30 02:00:00","LINE-C","66","OP-3"
"PLOG-4473","WO-10835","2025-05-30 03:00:00","LINE-C","46","OP-14"
"PLOG-4474","WO-10835","2025-05-30 04:00:00","LINE-C","92","OP-10"
"PLOG-4475","WO-10835","2025-05-30 05:00:00","LINE-C","92","OP-9"
"PLOG-4476","WO-10835","2025-05-30 06:00:00","LINE-C","94","OP-6"
"PLOG-4477","WO-10835","2025-05-30 07:00:00","LINE-C","88","OP-6"
"PLOG-4478","WO-10835","2025-05-30 08:00:00","LINE-C","55","OP-11"
"PLOG-4479","WO-10835","2025-05-30 09:00:00","LINE-C","81","OP-6"
"PLOG-4480","WO-10835","2025-05-30 10:00:00","LINE-C","71","OP-2"
"PLOG-4481","WO-10835","2025-05-30 11:00:00","LINE-C","66","OP-13"
"PLOG-4482","WO-10835","2025-05-30 12:00:00","LINE-C","82","OP-5"
"PLOG-4483","WO-10835","2025-05-30 13:00:00","LINE-C","107","OP-18"
"PLOG-4484","WO-10836","2025-09-21 00:00:00","LINE-A","47","OP-11"
"PLOG-4485","WO-10836","2025-09-21 01:00:00","LINE-A","99","OP-10"
"PLOG-4486","WO-10836","2025-09-21 02:00:00","LINE-A","87","OP-20"
"PLOG-4487","WO-10836","2025-09-21 03:00:00","LINE-A","87","OP-14"
"PLOG-4488","WO-10836","2025-09-21 04:00:00","LINE-A","81","OP-10"
"PLOG-4489","WO-10836","2025-09-21 05:00:00","LINE-A","53","OP-20"
"PLOG-4490","WO-10836","2025-09-21 06:00:00","LINE-A","78","OP-19"
"PLOG-4491","WO-10836","2025-09-21 07:00:00","LINE-A","96","OP-11"
"PLOG-4492","WO-10836","2025-09-21 08:00:00","LINE-A","90","OP-5"
"PLOG-4493","WO-10836","2025-09-21 09:00:00","LINE-A","86","OP-19"
"PLOG-4494","WO-10838","2026-03-18 00:00:00","LINE-C","45","OP-13"
"PLOG-4495","WO-10838","2026-03-18 01:00:00","LINE-C","66","OP-14"
"PLOG-4496","WO-10838","2026-03-18 02:00:00","LINE-C","47","OP-15"
"PLOG-4497","WO-10839","2025-11-19 00:00:00","LINE-C","58","OP-11"
"PLOG-4498","WO-10839","2025-11-19 01:00:00","LINE-C","91","OP-11"
"PLOG-4499","WO-10839","2025-11-19 02:00:00","LINE-C","110","OP-17"
"PLOG-4500","WO-10839","2025-11-19 03:00:00","LINE-C","63","OP-2"
"PLOG-4501","WO-10839","2025-11-19 04:00:00","LINE-C","60","OP-17"
"PLOG-4502","WO-10839","2025-11-19 05:00:00","LINE-C","66","OP-12"
"PLOG-4503","WO-10839","2025-11-19 06:00:00","LINE-C","86","OP-2"
"PLOG-4504","WO-10839","2025-11-19 07:00:00","LINE-C","75","OP-5"
"PLOG-4505","WO-10839","2025-11-19 08:00:00","LINE-C","60","OP-2"
"PLOG-4506","WO-10839","2025-11-19 09:00:00","LINE-C","70","OP-9"
"PLOG-4507","WO-10839","2025-11-19 10:00:00","LINE-C","49","OP-6"
"PLOG-4508","WO-10839","2025-11-19 11:00:00","LINE-C","74","OP-10"
"PLOG-4509","WO-10839","2025-11-19 12:00:00","LINE-C","74","OP-13"
"PLOG-4510","WO-10840","2025-04-29 00:00:00","LINE-A","101","OP-20"
"PLOG-4511","WO-10840","2025-04-29 01:00:00","LINE-A","64","OP-7"
"PLOG-4512","WO-10841","2025-04-30 00:00:00","LINE-A","76","OP-4"
"PLOG-4513","WO-10841","2025-04-30 01:00:00","LINE-A","57","OP-8"
"PLOG-4514","WO-10841","2025-04-30 02:00:00","LINE-A","62","OP-15"
"PLOG-4515","WO-10842","2025-09-09 00:00:00","LINE-C","88","OP-13"
"PLOG-4516","WO-10842","2025-09-09 01:00:00","LINE-C","59","OP-13"
"PLOG-4517","WO-10842","2025-09-09 02:00:00","LINE-C","69","OP-14"
"PLOG-4518","WO-10842","2025-09-09 03:00:00","LINE-C","82","OP-4"
"PLOG-4519","WO-10842","2025-09-09 04:00:00","LINE-C","100","OP-18"
"PLOG-4520","WO-10842","2025-09-09 05:00:00","LINE-C","71","OP-17"
"PLOG-4521","WO-10842","2025-09-09 06:00:00","LINE-C","93","OP-4"
"PLOG-4522","WO-10842","2025-09-09 07:00:00","LINE-C","91","OP-6"
"PLOG-4523","WO-10842","2025-09-09 08:00:00","LINE-C","72","OP-15"
"PLOG-4524","WO-10842","2025-09-09 09:00:00","LINE-C","87","OP-2"
"PLOG-4525","WO-10842","2025-09-09 10:00:00","LINE-C","59","OP-15"
"PLOG-4526","WO-10842","2025-09-09 11:00:00","LINE-C","95","OP-6"
"PLOG-4527","WO-10842","2025-09-09 12:00:00","LINE-C","89","OP-20"
"PLOG-4528","WO-10842","2025-09-09 13:00:00","LINE-C","106","OP-4"
"PLOG-4529","WO-10843","2025-06-02 00:00:00","LINE-A","67","OP-9"
"PLOG-4530","WO-10843","2025-06-02 01:00:00","LINE-A","96","OP-13"
"PLOG-4531","WO-10843","2025-06-02 02:00:00","LINE-A","106","OP-14"
"PLOG-4532","WO-10843","2025-06-02 03:00:00","LINE-A","93","OP-9"
"PLOG-4533","WO-10843","2025-06-02 04:00:00","LINE-A","90","OP-8"
"PLOG-4534","WO-10843","2025-06-02 05:00:00","LINE-A","73","OP-5"
"PLOG-4535","WO-10843","2025-06-02 06:00:00","LINE-A","104","OP-7"
"PLOG-4536","WO-10843","2025-06-02 07:00:00","LINE-A","58","OP-17"
"PLOG-4537","WO-10843","2025-06-02 08:00:00","LINE-A","67","OP-17"
"PLOG-4538","WO-10843","2025-06-02 09:00:00","LINE-A","88","OP-1"
"PLOG-4539","WO-10846","2026-03-27 00:00:00","LINE-B","58","OP-3"
"PLOG-4540","WO-10846","2026-03-27 01:00:00","LINE-B","81","OP-6"
"PLOG-4541","WO-10846","2026-03-27 02:00:00","LINE-B","100","OP-16"
"PLOG-4542","WO-10846","2026-03-27 03:00:00","LINE-B","94","OP-6"
"PLOG-4543","WO-10846","2026-03-27 04:00:00","LINE-B","86","OP-16"
"PLOG-4544","WO-10846","2026-03-27 05:00:00","LINE-B","77","OP-15"
"PLOG-4545","WO-10846","2026-03-27 06:00:00","LINE-B","107","OP-12"
"PLOG-4546","WO-10846","2026-03-27 07:00:00","LINE-B","100","OP-8"
"PLOG-4547","WO-10848","2025-08-17 00:00:00","LINE-A","66","OP-4"
"PLOG-4548","WO-10848","2025-08-17 01:00:00","LINE-A","109","OP-9"
"PLOG-4549","WO-10848","2025-08-17 02:00:00","LINE-A","91","OP-18"
"PLOG-4550","WO-10848","2025-08-17 03:00:00","LINE-A","61","OP-8"
"PLOG-4551","WO-10848","2025-08-17 04:00:00","LINE-A","84","OP-13"
"PLOG-4552","WO-10848","2025-08-17 05:00:00","LINE-A","79","OP-2"
"PLOG-4553","WO-10848","2025-08-17 06:00:00","LINE-A","102","OP-6"
"PLOG-4554","WO-10848","2025-08-17 07:00:00","LINE-A","53","OP-1"
"PLOG-4555","WO-10848","2025-08-17 08:00:00","LINE-A","85","OP-7"
"PLOG-4556","WO-10848","2025-08-17 09:00:00","LINE-A","100","OP-11"
"PLOG-4557","WO-10848","2025-08-17 10:00:00","LINE-A","86","OP-18"
"PLOG-4558","WO-10848","2025-08-17 11:00:00","LINE-A","110","OP-14"
"PLOG-4559","WO-10851","2026-01-20 00:00:00","LINE-A","46","OP-17"
"PLOG-4560","WO-10851","2026-01-20 01:00:00","LINE-A","60","OP-1"
"PLOG-4561","WO-10851","2026-01-20 02:00:00","LINE-A","82","OP-7"
"PLOG-4562","WO-10851","2026-01-20 03:00:00","LINE-A","58","OP-13"
"PLOG-4563","WO-10851","2026-01-20 04:00:00","LINE-A","109","OP-7"
"PLOG-4564","WO-10852","2025-05-29 00:00:00","LINE-A","55","OP-14"
"PLOG-4565","WO-10852","2025-05-29 01:00:00","LINE-A","110","OP-15"
"PLOG-4566","WO-10852","2025-05-29 02:00:00","LINE-A","75","OP-16"
"PLOG-4567","WO-10852","2025-05-29 03:00:00","LINE-A","73","OP-20"
"PLOG-4568","WO-10856","2026-01-10 00:00:00","LINE-A","53","OP-11"
"PLOG-4569","WO-10856","2026-01-10 01:00:00","LINE-A","105","OP-2"
"PLOG-4570","WO-10856","2026-01-10 02:00:00","LINE-A","66","OP-4"
"PLOG-4571","WO-10856","2026-01-10 03:00:00","LINE-A","104","OP-9"
"PLOG-4572","WO-10856","2026-01-10 04:00:00","LINE-A","98","OP-18"
"PLOG-4573","WO-10856","2026-01-10 05:00:00","LINE-A","97","OP-2"
"PLOG-4574","WO-10856","2026-01-10 06:00:00","LINE-A","72","OP-6"
"PLOG-4575","WO-10856","2026-01-10 07:00:00","LINE-A","85","OP-18"
"PLOG-4576","WO-10857","2025-09-24 00:00:00","LINE-B","69","OP-17"
"PLOG-4577","WO-10857","2025-09-24 01:00:00","LINE-B","76","OP-18"
"PLOG-4578","WO-10857","2025-09-24 02:00:00","LINE-B","65","OP-9"
"PLOG-4579","WO-10857","2025-09-24 03:00:00","LINE-B","66","OP-5"
"PLOG-4580","WO-10857","2025-09-24 04:00:00","LINE-B","59","OP-14"
"PLOG-4581","WO-10857","2025-09-24 05:00:00","LINE-B","98","OP-6"
"PLOG-4582","WO-10857","2025-09-24 06:00:00","LINE-B","55","OP-3"
"PLOG-4583","WO-10858","2026-03-28 00:00:00","LINE-C","76","OP-13"
"PLOG-4584","WO-10858","2026-03-28 01:00:00","LINE-C","70","OP-4"
"PLOG-4585","WO-10858","2026-03-28 02:00:00","LINE-C","83","OP-7"
"PLOG-4586","WO-10858","2026-03-28 03:00:00","LINE-C","56","OP-9"
"PLOG-4587","WO-10858","2026-03-28 04:00:00","LINE-C","47","OP-20"
"PLOG-4588","WO-10858","2026-03-28 05:00:00","LINE-C","105","OP-11"
"PLOG-4589","WO-10859","2025-05-13 00:00:00","LINE-B","87","OP-9"
"PLOG-4590","WO-10859","2025-05-13 01:00:00","LINE-B","100","OP-19"
"PLOG-4591","WO-10859","2025-05-13 02:00:00","LINE-B","70","OP-14"
"PLOG-4592","WO-10859","2025-05-13 03:00:00","LINE-B","95","OP-11"
"PLOG-4593","WO-10859","2025-05-13 04:00:00","LINE-B","81","OP-13"
"PLOG-4594","WO-10859","2025-05-13 05:00:00","LINE-B","82","OP-1"
"PLOG-4595","WO-10859","2025-05-13 06:00:00","LINE-B","70","OP-14"
"PLOG-4596","WO-10859","2025-05-13 07:00:00","LINE-B","96","OP-16"
"PLOG-4597","WO-10859","2025-05-13 08:00:00","LINE-B","52","OP-3"
"PLOG-4598","WO-10859","2025-05-13 09:00:00","LINE-B","71","OP-1"
"PLOG-4599","WO-10859","2025-05-13 10:00:00","LINE-B","84","OP-11"
"PLOG-4600","WO-10859","2025-05-13 11:00:00","LINE-B","106","OP-16"
"PLOG-4601","WO-10860","2025-04-15 00:00:00","LINE-A","96","OP-13"
"PLOG-4602","WO-10860","2025-04-15 01:00:00","LINE-A","74","OP-19"
"PLOG-4603","WO-10860","2025-04-15 02:00:00","LINE-A","73","OP-20"
"PLOG-4604","WO-10860","2025-04-15 03:00:00","LINE-A","98","OP-1"
"PLOG-4605","WO-10860","2025-04-15 04:00:00","LINE-A","88","OP-6"
"PLOG-4606","WO-10860","2025-04-15 05:00:00","LINE-A","70","OP-19"
"PLOG-4607","WO-10860","2025-04-15 06:00:00","LINE-A","85","OP-6"
"PLOG-4608","WO-10860","2025-04-15 07:00:00","LINE-A","63","OP-15"
"PLOG-4609","WO-10860","2025-04-15 08:00:00","LINE-A","70","OP-14"
"PLOG-4610","WO-10861","2025-12-07 00:00:00","LINE-C","56","OP-16"
"PLOG-4611","WO-10861","2025-12-07 01:00:00","LINE-C","80","OP-18"
"PLOG-4612","WO-10861","2025-12-07 02:00:00","LINE-C","58","OP-17"
"PLOG-4613","WO-10861","2025-12-07 03:00:00","LINE-C","84","OP-16"
"PLOG-4614","WO-10862","2025-08-21 00:00:00","LINE-B","99","OP-7"
"PLOG-4615","WO-10862","2025-08-21 01:00:00","LINE-B","59","OP-2"
"PLOG-4616","WO-10862","2025-08-21 02:00:00","LINE-B","95","OP-18"
"PLOG-4617","WO-10862","2025-08-21 03:00:00","LINE-B","66","OP-6"
"PLOG-4618","WO-10862","2025-08-21 04:00:00","LINE-B","57","OP-14"
"PLOG-4619","WO-10862","2025-08-21 05:00:00","LINE-B","49","OP-19"
"PLOG-4620","WO-10862","2025-08-21 06:00:00","LINE-B","49","OP-12"
"PLOG-4621","WO-10862","2025-08-21 07:00:00","LINE-B","85","OP-6"
"PLOG-4622","WO-10862","2025-08-21 08:00:00","LINE-B","98","OP-8"
"PLOG-4623","WO-10862","2025-08-21 09:00:00","LINE-B","81","OP-3"
"PLOG-4624","WO-10862","2025-08-21 10:00:00","LINE-B","51","OP-17"
"PLOG-4625","WO-10862","2025-08-21 11:00:00","LINE-B","103","OP-1"
"PLOG-4626","WO-10862","2025-08-21 12:00:00","LINE-B","99","OP-5"
"PLOG-4627","WO-10862","2025-08-21 13:00:00","LINE-B","46","OP-18"
"PLOG-4628","WO-10862","2025-08-21 14:00:00","LINE-B","78","OP-6"
"PLOG-4629","WO-10862","2025-08-21 15:00:00","LINE-B","107","OP-12"
"PLOG-4630","WO-10862","2025-08-21 16:00:00","LINE-B","98","OP-8"
"PLOG-4631","WO-10862","2025-08-21 17:00:00","LINE-B","65","OP-11"
"PLOG-4632","WO-10862","2025-08-21 18:00:00","LINE-B","68","OP-2"
"PLOG-4633","WO-10865","2025-08-12 00:00:00","LINE-A","89","OP-14"
"PLOG-4634","WO-10865","2025-08-12 01:00:00","LINE-A","81","OP-5"
"PLOG-4635","WO-10865","2025-08-12 02:00:00","LINE-A","101","OP-14"
"PLOG-4636","WO-10865","2025-08-12 03:00:00","LINE-A","69","OP-11"
"PLOG-4637","WO-10865","2025-08-12 04:00:00","LINE-A","89","OP-6"
"PLOG-4638","WO-10865","2025-08-12 05:00:00","LINE-A","108","OP-20"
"PLOG-4639","WO-10865","2025-08-12 06:00:00","LINE-A","64","OP-10"
"PLOG-4640","WO-10865","2025-08-12 07:00:00","LINE-A","80","OP-14"
"PLOG-4641","WO-10866","2026-03-12 00:00:00","LINE-A","66","OP-4"
"PLOG-4642","WO-10866","2026-03-12 01:00:00","LINE-A","70","OP-10"
"PLOG-4643","WO-10866","2026-03-12 02:00:00","LINE-A","65","OP-1"
"PLOG-4644","WO-10866","2026-03-12 03:00:00","LINE-A","90","OP-3"
"PLOG-4645","WO-10866","2026-03-12 04:00:00","LINE-A","84","OP-2"
"PLOG-4646","WO-10866","2026-03-12 05:00:00","LINE-A","90","OP-20"
"PLOG-4647","WO-10866","2026-03-12 06:00:00","LINE-A","90","OP-10"
"PLOG-4648","WO-10866","2026-03-12 07:00:00","LINE-A","103","OP-4"
"PLOG-4649","WO-10866","2026-03-12 08:00:00","LINE-A","109","OP-11"
"PLOG-4650","WO-10867","2026-02-18 00:00:00","LINE-B","97","OP-18"
"PLOG-4651","WO-10867","2026-02-18 01:00:00","LINE-B","47","OP-19"
"PLOG-4652","WO-10867","2026-02-18 02:00:00","LINE-B","100","OP-13"
"PLOG-4653","WO-10867","2026-02-18 03:00:00","LINE-B","58","OP-16"
"PLOG-4654","WO-10867","2026-02-18 04:00:00","LINE-B","48","OP-16"
"PLOG-4655","WO-10867","2026-02-18 05:00:00","LINE-B","73","OP-10"
"PLOG-4656","WO-10867","2026-02-18 06:00:00","LINE-B","106","OP-15"
"PLOG-4657","WO-10867","2026-02-18 07:00:00","LINE-B","65","OP-6"
"PLOG-4658","WO-10868","2025-08-06 00:00:00","LINE-A","80","OP-13"
"PLOG-4659","WO-10868","2025-08-06 01:00:00","LINE-A","86","OP-9"
"PLOG-4660","WO-10868","2025-08-06 02:00:00","LINE-A","97","OP-2"
"PLOG-4661","WO-10868","2025-08-06 03:00:00","LINE-A","57","OP-3"
"PLOG-4662","WO-10868","2025-08-06 04:00:00","LINE-A","62","OP-16"
"PLOG-4663","WO-10868","2025-08-06 05:00:00","LINE-A","95","OP-17"
"PLOG-4664","WO-10868","2025-08-06 06:00:00","LINE-A","71","OP-10"
"PLOG-4665","WO-10868","2025-08-06 07:00:00","LINE-A","99","OP-15"
"PLOG-4666","WO-10868","2025-08-06 08:00:00","LINE-A","74","OP-13"
"PLOG-4667","WO-10869","2025-08-30 00:00:00","LINE-C","100","OP-9"
"PLOG-4668","WO-10869","2025-08-30 01:00:00","LINE-C","93","OP-14"
"PLOG-4669","WO-10869","2025-08-30 02:00:00","LINE-C","50","OP-6"
"PLOG-4670","WO-10870","2026-03-07 00:00:00","LINE-C","80","OP-20"
"PLOG-4671","WO-10870","2026-03-07 01:00:00","LINE-C","60","OP-3"
"PLOG-4672","WO-10870","2026-03-07 02:00:00","LINE-C","107","OP-17"
"PLOG-4673","WO-10870","2026-03-07 03:00:00","LINE-C","98","OP-9"
"PLOG-4674","WO-10870","2026-03-07 04:00:00","LINE-C","95","OP-5"
"PLOG-4675","WO-10870","2026-03-07 05:00:00","LINE-C","67","OP-7"
"PLOG-4676","WO-10870","2026-03-07 06:00:00","LINE-C","74","OP-18"
"PLOG-4677","WO-10871","2026-02-13 00:00:00","LINE-C","60","OP-4"
"PLOG-4678","WO-10871","2026-02-13 01:00:00","LINE-C","103","OP-13"
"PLOG-4679","WO-10871","2026-02-13 02:00:00","LINE-C","65","OP-11"
"PLOG-4680","WO-10871","2026-02-13 03:00:00","LINE-C","48","OP-20"
"PLOG-4681","WO-10871","2026-02-13 04:00:00","LINE-C","46","OP-16"
"PLOG-4682","WO-10871","2026-02-13 05:00:00","LINE-C","85","OP-18"
"PLOG-4683","WO-10874","2025-05-31 00:00:00","LINE-A","84","OP-11"
"PLOG-4684","WO-10874","2025-05-31 01:00:00","LINE-A","107","OP-16"
"PLOG-4685","WO-10874","2025-05-31 02:00:00","LINE-A","92","OP-4"
"PLOG-4686","WO-10874","2025-05-31 03:00:00","LINE-A","110","OP-15"
"PLOG-4687","WO-10874","2025-05-31 04:00:00","LINE-A","87","OP-4"
"PLOG-4688","WO-10875","2025-10-04 00:00:00","LINE-A","86","OP-6"
"PLOG-4689","WO-10875","2025-10-04 01:00:00","LINE-A","53","OP-6"
"PLOG-4690","WO-10875","2025-10-04 02:00:00","LINE-A","78","OP-13"
"PLOG-4691","WO-10875","2025-10-04 03:00:00","LINE-A","70","OP-5"
"PLOG-4692","WO-10875","2025-10-04 04:00:00","LINE-A","70","OP-4"
"PLOG-4693","WO-10875","2025-10-04 05:00:00","LINE-A","79","OP-9"
"PLOG-4694","WO-10875","2025-10-04 06:00:00","LINE-A","108","OP-14"
"PLOG-4695","WO-10875","2025-10-04 07:00:00","LINE-A","47","OP-16"
"PLOG-4696","WO-10875","2025-10-04 08:00:00","LINE-A","71","OP-17"
"PLOG-4697","WO-10875","2025-10-04 09:00:00","LINE-A","85","OP-2"
"PLOG-4698","WO-10878","2025-05-14 00:00:00","LINE-B","93","OP-15"
"PLOG-4699","WO-10878","2025-05-14 01:00:00","LINE-B","92","OP-17"
"PLOG-4700","WO-10878","2025-05-14 02:00:00","LINE-B","53","OP-10"
"PLOG-4701","WO-10880","2025-11-16 00:00:00","LINE-B","90","OP-14"
"PLOG-4702","WO-10880","2025-11-16 01:00:00","LINE-B","95","OP-6"
"PLOG-4703","WO-10880","2025-11-16 02:00:00","LINE-B","70","OP-20"
"PLOG-4704","WO-10880","2025-11-16 03:00:00","LINE-B","58","OP-19"
"PLOG-4705","WO-10880","2025-11-16 04:00:00","LINE-B","66","OP-18"
"PLOG-4706","WO-10880","2025-11-16 05:00:00","LINE-B","73","OP-15"
"PLOG-4707","WO-10880","2025-11-16 06:00:00","LINE-B","72","OP-6"
"PLOG-4708","WO-10880","2025-11-16 07:00:00","LINE-B","102","OP-15"
"PLOG-4709","WO-10880","2025-11-16 08:00:00","LINE-B","61","OP-5"
"PLOG-4710","WO-10880","2025-11-16 09:00:00","LINE-B","103","OP-6"
"PLOG-4711","WO-10880","2025-11-16 10:00:00","LINE-B","98","OP-7"
"PLOG-4712","WO-10882","2025-05-02 00:00:00","LINE-C","72","OP-17"
"PLOG-4713","WO-10882","2025-05-02 01:00:00","LINE-C","47","OP-5"
"PLOG-4714","WO-10882","2025-05-02 02:00:00","LINE-C","50","OP-14"
"PLOG-4715","WO-10882","2025-05-02 03:00:00","LINE-C","97","OP-3"
"PLOG-4716","WO-10882","2025-05-02 04:00:00","LINE-C","48","OP-20"
"PLOG-4717","WO-10882","2025-05-02 05:00:00","LINE-C","47","OP-1"
"PLOG-4718","WO-10883","2026-02-27 00:00:00","LINE-A","87","OP-12"
"PLOG-4719","WO-10883","2026-02-27 01:00:00","LINE-A","92","OP-19"
"PLOG-4720","WO-10883","2026-02-27 02:00:00","LINE-A","97","OP-8"
"PLOG-4721","WO-10886","2025-12-07 00:00:00","LINE-A","67","OP-8"
"PLOG-4722","WO-10886","2025-12-07 01:00:00","LINE-A","104","OP-4"
"PLOG-4723","WO-10886","2025-12-07 02:00:00","LINE-A","83","OP-16"
"PLOG-4724","WO-10886","2025-12-07 03:00:00","LINE-A","72","OP-11"
"PLOG-4725","WO-10886","2025-12-07 04:00:00","LINE-A","73","OP-5"
"PLOG-4726","WO-10886","2025-12-07 05:00:00","LINE-A","57","OP-13"
"PLOG-4727","WO-10887","2026-03-18 00:00:00","LINE-A","88","OP-9"
"PLOG-4728","WO-10887","2026-03-18 01:00:00","LINE-A","82","OP-5"
"PLOG-4729","WO-10887","2026-03-18 02:00:00","LINE-A","53","OP-18"
"PLOG-4730","WO-10888","2025-06-17 00:00:00","LINE-C","52","OP-12"
"PLOG-4731","WO-10888","2025-06-17 01:00:00","LINE-C","98","OP-20"
"PLOG-4732","WO-10888","2025-06-17 02:00:00","LINE-C","45","OP-6"
"PLOG-4733","WO-10888","2025-06-17 03:00:00","LINE-C","102","OP-20"
"PLOG-4734","WO-10889","2026-03-20 00:00:00","LINE-C","73","OP-20"
"PLOG-4735","WO-10889","2026-03-20 01:00:00","LINE-C","56","OP-7"
"PLOG-4736","WO-10889","2026-03-20 02:00:00","LINE-C","98","OP-6"
"PLOG-4737","WO-10889","2026-03-20 03:00:00","LINE-C","95","OP-12"
"PLOG-4738","WO-10889","2026-03-20 04:00:00","LINE-C","76","OP-2"
"PLOG-4739","WO-10889","2026-03-20 05:00:00","LINE-C","45","OP-2"
"PLOG-4740","WO-10889","2026-03-20 06:00:00","LINE-C","52","OP-16"
"PLOG-4741","WO-10889","2026-03-20 07:00:00","LINE-C","88","OP-5"
"PLOG-4742","WO-10890","2025-08-04 00:00:00","LINE-C","57","OP-15"
"PLOG-4743","WO-10890","2025-08-04 01:00:00","LINE-C","83","OP-17"
"PLOG-4744","WO-10890","2025-08-04 02:00:00","LINE-C","97","OP-16"
"PLOG-4745","WO-10890","2025-08-04 03:00:00","LINE-C","53","OP-9"
"PLOG-4746","WO-10891","2025-11-20 00:00:00","LINE-B","104","OP-1"
"PLOG-4747","WO-10891","2025-11-20 01:00:00","LINE-B","106","OP-2"
"PLOG-4748","WO-10891","2025-11-20 02:00:00","LINE-B","67","OP-19"
"PLOG-4749","WO-10891","2025-11-20 03:00:00","LINE-B","108","OP-2"
"PLOG-4750","WO-10892","2025-11-20 00:00:00","LINE-C","94","OP-3"
"PLOG-4751","WO-10892","2025-11-20 01:00:00","LINE-C","48","OP-7"
"PLOG-4752","WO-10892","2025-11-20 02:00:00","LINE-C","108","OP-10"
"PLOG-4753","WO-10893","2025-12-09 00:00:00","LINE-B","55","OP-10"
"PLOG-4754","WO-10893","2025-12-09 01:00:00","LINE-B","104","OP-8"
"PLOG-4755","WO-10894","2025-07-20 00:00:00","LINE-B","80","OP-11"
"PLOG-4756","WO-10894","2025-07-20 01:00:00","LINE-B","63","OP-16"
"PLOG-4757","WO-10894","2025-07-20 02:00:00","LINE-B","81","OP-7"
"PLOG-4758","WO-10894","2025-07-20 03:00:00","LINE-B","50","OP-13"
"PLOG-4759","WO-10894","2025-07-20 04:00:00","LINE-B","77","OP-15"
"PLOG-4760","WO-10894","2025-07-20 05:00:00","LINE-B","70","OP-15"
"PLOG-4761","WO-10894","2025-07-20 06:00:00","LINE-B","88","OP-1"
"PLOG-4762","WO-10894","2025-07-20 07:00:00","LINE-B","76","OP-17"
"PLOG-4763","WO-10894","2025-07-20 08:00:00","LINE-B","45","OP-9"
"PLOG-4764","WO-10895","2025-04-14 00:00:00","LINE-A","51","OP-7"
"PLOG-4765","WO-10895","2025-04-14 01:00:00","LINE-A","70","OP-17"
"PLOG-4766","WO-10895","2025-04-14 02:00:00","LINE-A","108","OP-3"
"PLOG-4767","WO-10896","2025-10-24 00:00:00","LINE-A","70","OP-3"
"PLOG-4768","WO-10896","2025-10-24 01:00:00","LINE-A","85","OP-3"
"PLOG-4769","WO-10897","2025-05-27 00:00:00","LINE-C","75","OP-16"
"PLOG-4770","WO-10897","2025-05-27 01:00:00","LINE-C","79","OP-19"
"PLOG-4771","WO-10897","2025-05-27 02:00:00","LINE-C","87","OP-20"
"PLOG-4772","WO-10897","2025-05-27 03:00:00","LINE-C","74","OP-4"
"PLOG-4773","WO-10897","2025-05-27 04:00:00","LINE-C","99","OP-7"
"PLOG-4774","WO-10898","2025-10-09 00:00:00","LINE-A","48","OP-14"
"PLOG-4775","WO-10898","2025-10-09 01:00:00","LINE-A","108","OP-10"
"PLOG-4776","WO-10898","2025-10-09 02:00:00","LINE-A","67","OP-2"
"PLOG-4777","WO-10898","2025-10-09 03:00:00","LINE-A","100","OP-17"
"PLOG-4778","WO-10898","2025-10-09 04:00:00","LINE-A","98","OP-6"
"PLOG-4779","WO-10898","2025-10-09 05:00:00","LINE-A","69","OP-14"
"PLOG-4780","WO-10898","2025-10-09 06:00:00","LINE-A","100","OP-8"
"PLOG-4781","WO-10898","2025-10-09 07:00:00","LINE-A","60","OP-14"
"PLOG-4782","WO-10898","2025-10-09 08:00:00","LINE-A","61","OP-15"
"PLOG-4783","WO-10898","2025-10-09 09:00:00","LINE-A","104","OP-7"
"PLOG-4784","WO-10898","2025-10-09 10:00:00","LINE-A","69","OP-5"
"PLOG-4785","WO-10898","2025-10-09 11:00:00","LINE-A","66","OP-15"
"PLOG-4786","WO-10898","2025-10-09 12:00:00","LINE-A","55","OP-10"
"PLOG-4787","WO-10898","2025-10-09 13:00:00","LINE-A","98","OP-13"
"PLOG-4788","WO-10898","2025-10-09 14:00:00","LINE-A","59","OP-18"
"PLOG-4789","WO-10898","2025-10-09 15:00:00","LINE-A","80","OP-8"
"PLOG-4790","WO-10898","2025-10-09 16:00:00","LINE-A","68","OP-6"
"PLOG-4791","WO-10899","2026-03-25 00:00:00","LINE-C","52","OP-19"
"PLOG-4792","WO-10899","2026-03-25 01:00:00","LINE-C","64","OP-6"
"PLOG-4793","WO-10899","2026-03-25 02:00:00","LINE-C","94","OP-14"
"PLOG-4794","WO-10899","2026-03-25 03:00:00","LINE-C","58","OP-13"
"PLOG-4795","WO-10899","2026-03-25 04:00:00","LINE-C","68","OP-1"
"PLOG-4796","WO-10899","2026-03-25 05:00:00","LINE-C","50","OP-6"
"PLOG-4797","WO-10899","2026-03-25 06:00:00","LINE-C","68","OP-9"
"PLOG-4798","WO-10899","2026-03-25 07:00:00","LINE-C","52","OP-6"
"PLOG-4799","WO-10899","2026-03-25 08:00:00","LINE-C","99","OP-15"
"PLOG-4800","WO-10899","2026-03-25 09:00:00","LINE-C","68","OP-6"
"PLOG-4801","WO-10899","2026-03-25 10:00:00","LINE-C","103","OP-11"
"PLOG-4802","WO-10901","2025-11-23 00:00:00","LINE-A","58","OP-3"
"PLOG-4803","WO-10901","2025-11-23 01:00:00","LINE-A","78","OP-6"
"PLOG-4804","WO-10901","2025-11-23 02:00:00","LINE-A","45","OP-11"
"PLOG-4805","WO-10902","2026-02-11 00:00:00","LINE-C","73","OP-1"
"PLOG-4806","WO-10902","2026-02-11 01:00:00","LINE-C","98","OP-15"
"PLOG-4807","WO-10902","2026-02-11 02:00:00","LINE-C","87","OP-11"
"PLOG-4808","WO-10902","2026-02-11 03:00:00","LINE-C","94","OP-10"
"PLOG-4809","WO-10904","2025-07-16 00:00:00","LINE-A","47","OP-13"
"PLOG-4810","WO-10904","2025-07-16 01:00:00","LINE-A","74","OP-20"
"PLOG-4811","WO-10904","2025-07-16 02:00:00","LINE-A","110","OP-19"
"PLOG-4812","WO-10904","2025-07-16 03:00:00","LINE-A","72","OP-3"
"PLOG-4813","WO-10904","2025-07-16 04:00:00","LINE-A","56","OP-3"
"PLOG-4814","WO-10904","2025-07-16 05:00:00","LINE-A","88","OP-4"
"PLOG-4815","WO-10904","2025-07-16 06:00:00","LINE-A","84","OP-4"
"PLOG-4816","WO-10906","2025-08-14 00:00:00","LINE-B","103","OP-20"
"PLOG-4817","WO-10906","2025-08-14 01:00:00","LINE-B","68","OP-17"
"PLOG-4818","WO-10906","2025-08-14 02:00:00","LINE-B","78","OP-14"
"PLOG-4819","WO-10906","2025-08-14 03:00:00","LINE-B","77","OP-10"
"PLOG-4820","WO-10906","2025-08-14 04:00:00","LINE-B","90","OP-7"
"PLOG-4821","WO-10906","2025-08-14 05:00:00","LINE-B","107","OP-18"
"PLOG-4822","WO-10906","2025-08-14 06:00:00","LINE-B","50","OP-7"
"PLOG-4823","WO-10908","2025-09-16 00:00:00","LINE-C","77","OP-7"
"PLOG-4824","WO-10908","2025-09-16 01:00:00","LINE-C","55","OP-10"
"PLOG-4825","WO-10908","2025-09-16 02:00:00","LINE-C","106","OP-5"
"PLOG-4826","WO-10908","2025-09-16 03:00:00","LINE-C","62","OP-14"
"PLOG-4827","WO-10909","2025-07-24 00:00:00","LINE-C","109","OP-10"
"PLOG-4828","WO-10909","2025-07-24 01:00:00","LINE-C","51","OP-20"
"PLOG-4829","WO-10909","2025-07-24 02:00:00","LINE-C","56","OP-2"
"PLOG-4830","WO-10909","2025-07-24 03:00:00","LINE-C","95","OP-8"
"PLOG-4831","WO-10909","2025-07-24 04:00:00","LINE-C","75","OP-16"
"PLOG-4832","WO-10909","2025-07-24 05:00:00","LINE-C","48","OP-10"
"PLOG-4833","WO-10909","2025-07-24 06:00:00","LINE-C","109","OP-16"
"PLOG-4834","WO-10909","2025-07-24 07:00:00","LINE-C","98","OP-1"
"PLOG-4835","WO-10909","2025-07-24 08:00:00","LINE-C","73","OP-10"
"PLOG-4836","WO-10909","2025-07-24 09:00:00","LINE-C","99","OP-12"
"PLOG-4837","WO-10909","2025-07-24 10:00:00","LINE-C","107","OP-5"
"PLOG-4838","WO-10909","2025-07-24 11:00:00","LINE-C","47","OP-19"
"PLOG-4839","WO-10909","2025-07-24 12:00:00","LINE-C","63","OP-8"
"PLOG-4840","WO-10909","2025-07-24 13:00:00","LINE-C","92","OP-14"
"PLOG-4841","WO-10909","2025-07-24 14:00:00","LINE-C","90","OP-5"
"PLOG-4842","WO-10909","2025-07-24 15:00:00","LINE-C","50","OP-20"
"PLOG-4843","WO-10909","2025-07-24 16:00:00","LINE-C","58","OP-17"
"PLOG-4844","WO-10909","2025-07-24 17:00:00","LINE-C","52","OP-7"
"PLOG-4845","WO-10911","2026-03-28 00:00:00","LINE-A","60","OP-1"
"PLOG-4846","WO-10911","2026-03-28 01:00:00","LINE-A","85","OP-13"
"PLOG-4847","WO-10911","2026-03-28 02:00:00","LINE-A","80","OP-12"
"PLOG-4848","WO-10911","2026-03-28 03:00:00","LINE-A","86","OP-13"
"PLOG-4849","WO-10911","2026-03-28 04:00:00","LINE-A","103","OP-20"
"PLOG-4850","WO-10911","2026-03-28 05:00:00","LINE-A","104","OP-14"
"PLOG-4851","WO-10911","2026-03-28 06:00:00","LINE-A","55","OP-5"
"PLOG-4852","WO-10911","2026-03-28 07:00:00","LINE-A","105","OP-7"
"PLOG-4853","WO-10911","2026-03-28 08:00:00","LINE-A","101","OP-9"
"PLOG-4854","WO-10911","2026-03-28 09:00:00","LINE-A","53","OP-5"
"PLOG-4855","WO-10911","2026-03-28 10:00:00","LINE-A","98","OP-18"
"PLOG-4856","WO-10913","2025-12-01 00:00:00","LINE-A","69","OP-13"
"PLOG-4857","WO-10913","2025-12-01 01:00:00","LINE-A","108","OP-20"
"PLOG-4858","WO-10913","2025-12-01 02:00:00","LINE-A","88","OP-13"
"PLOG-4859","WO-10913","2025-12-01 03:00:00","LINE-A","49","OP-12"
"PLOG-4860","WO-10913","2025-12-01 04:00:00","LINE-A","60","OP-14"
"PLOG-4861","WO-10913","2025-12-01 05:00:00","LINE-A","80","OP-1"
"PLOG-4862","WO-10913","2025-12-01 06:00:00","LINE-A","57","OP-6"
"PLOG-4863","WO-10913","2025-12-01 07:00:00","LINE-A","47","OP-17"
"PLOG-4864","WO-10913","2025-12-01 08:00:00","LINE-A","76","OP-20"
"PLOG-4865","WO-10913","2025-12-01 09:00:00","LINE-A","46","OP-18"
"PLOG-4866","WO-10915","2025-04-27 00:00:00","LINE-A","69","OP-12"
"PLOG-4867","WO-10915","2025-04-27 01:00:00","LINE-A","86","OP-16"
"PLOG-4868","WO-10915","2025-04-27 02:00:00","LINE-A","77","OP-2"
"PLOG-4869","WO-10915","2025-04-27 03:00:00","LINE-A","69","OP-4"
"PLOG-4870","WO-10915","2025-04-27 04:00:00","LINE-A","70","OP-6"
"PLOG-4871","WO-10915","2025-04-27 05:00:00","LINE-A","79","OP-4"
"PLOG-4872","WO-10916","2025-10-17 00:00:00","LINE-C","55","OP-18"
"PLOG-4873","WO-10916","2025-10-17 01:00:00","LINE-C","64","OP-8"
"PLOG-4874","WO-10916","2025-10-17 02:00:00","LINE-C","105","OP-11"
"PLOG-4875","WO-10916","2025-10-17 03:00:00","LINE-C","93","OP-12"
"PLOG-4876","WO-10916","2025-10-17 04:00:00","LINE-C","51","OP-11"
"PLOG-4877","WO-10917","2026-02-19 00:00:00","LINE-C","46","OP-16"
"PLOG-4878","WO-10917","2026-02-19 01:00:00","LINE-C","61","OP-16"
"PLOG-4879","WO-10917","2026-02-19 02:00:00","LINE-C","83","OP-8"
"PLOG-4880","WO-10917","2026-02-19 03:00:00","LINE-C","71","OP-6"
"PLOG-4881","WO-10917","2026-02-19 04:00:00","LINE-C","45","OP-13"
"PLOG-4882","WO-10917","2026-02-19 05:00:00","LINE-C","105","OP-13"
"PLOG-4883","WO-10917","2026-02-19 06:00:00","LINE-C","108","OP-3"
"PLOG-4884","WO-10920","2025-08-20 00:00:00","LINE-C","81","OP-6"
"PLOG-4885","WO-10920","2025-08-20 01:00:00","LINE-C","95","OP-19"
"PLOG-4886","WO-10920","2025-08-20 02:00:00","LINE-C","103","OP-11"
"PLOG-4887","WO-10920","2025-08-20 03:00:00","LINE-C","69","OP-19"
"PLOG-4888","WO-10921","2025-08-04 00:00:00","LINE-A","59","OP-8"
"PLOG-4889","WO-10921","2025-08-04 01:00:00","LINE-A","55","OP-10"
"PLOG-4890","WO-10921","2025-08-04 02:00:00","LINE-A","91","OP-17"
"PLOG-4891","WO-10921","2025-08-04 03:00:00","LINE-A","51","OP-9"
"PLOG-4892","WO-10921","2025-08-04 04:00:00","LINE-A","99","OP-16"
"PLOG-4893","WO-10921","2025-08-04 05:00:00","LINE-A","97","OP-9"
"PLOG-4894","WO-10921","2025-08-04 06:00:00","LINE-A","55","OP-16"
"PLOG-4895","WO-10921","2025-08-04 07:00:00","LINE-A","84","OP-2"
"PLOG-4896","WO-10921","2025-08-04 08:00:00","LINE-A","77","OP-18"
"PLOG-4897","WO-10925","2025-09-29 00:00:00","LINE-A","64","OP-2"
"PLOG-4898","WO-10925","2025-09-29 01:00:00","LINE-A","79","OP-6"
"PLOG-4899","WO-10925","2025-09-29 02:00:00","LINE-A","74","OP-2"
"PLOG-4900","WO-10925","2025-09-29 03:00:00","LINE-A","88","OP-13"
"PLOG-4901","WO-10925","2025-09-29 04:00:00","LINE-A","60","OP-5"
"PLOG-4902","WO-10925","2025-09-29 05:00:00","LINE-A","74","OP-7"
"PLOG-4903","WO-10925","2025-09-29 06:00:00","LINE-A","81","OP-14"
"PLOG-4904","WO-10925","2025-09-29 07:00:00","LINE-A","61","OP-7"
"PLOG-4905","WO-10925","2025-09-29 08:00:00","LINE-A","69","OP-15"
"PLOG-4906","WO-10925","2025-09-29 09:00:00","LINE-A","95","OP-11"
"PLOG-4907","WO-10926","2025-04-15 00:00:00","LINE-B","60","OP-3"
"PLOG-4908","WO-10926","2025-04-15 01:00:00","LINE-B","67","OP-11"
"PLOG-4909","WO-10926","2025-04-15 02:00:00","LINE-B","49","OP-2"
"PLOG-4910","WO-10926","2025-04-15 03:00:00","LINE-B","92","OP-5"
"PLOG-4911","WO-10926","2025-04-15 04:00:00","LINE-B","67","OP-16"
"PLOG-4912","WO-10926","2025-04-15 05:00:00","LINE-B","76","OP-15"
"PLOG-4913","WO-10926","2025-04-15 06:00:00","LINE-B","82","OP-18"
"PLOG-4914","WO-10928","2025-10-19 00:00:00","LINE-B","67","OP-1"
"PLOG-4915","WO-10928","2025-10-19 01:00:00","LINE-B","67","OP-1"
"PLOG-4916","WO-10928","2025-10-19 02:00:00","LINE-B","77","OP-15"
"PLOG-4917","WO-10928","2025-10-19 03:00:00","LINE-B","63","OP-1"
"PLOG-4918","WO-10928","2025-10-19 04:00:00","LINE-B","87","OP-13"
"PLOG-4919","WO-10928","2025-10-19 05:00:00","LINE-B","71","OP-9"
"PLOG-4920","WO-10928","2025-10-19 06:00:00","LINE-B","72","OP-4"
"PLOG-4921","WO-10928","2025-10-19 07:00:00","LINE-B","45","OP-9"
"PLOG-4922","WO-10928","2025-10-19 08:00:00","LINE-B","89","OP-10"
"PLOG-4923","WO-10929","2026-01-10 00:00:00","LINE-A","101","OP-18"
"PLOG-4924","WO-10929","2026-01-10 01:00:00","LINE-A","95","OP-16"
"PLOG-4925","WO-10929","2026-01-10 02:00:00","LINE-A","94","OP-17"
"PLOG-4926","WO-10929","2026-01-10 03:00:00","LINE-A","45","OP-17"
"PLOG-4927","WO-10929","2026-01-10 04:00:00","LINE-A","103","OP-11"
"PLOG-4928","WO-10929","2026-01-10 05:00:00","LINE-A","109","OP-16"
"PLOG-4929","WO-10929","2026-01-10 06:00:00","LINE-A","45","OP-10"
"PLOG-4930","WO-10929","2026-01-10 07:00:00","LINE-A","55","OP-6"
"PLOG-4931","WO-10929","2026-01-10 08:00:00","LINE-A","58","OP-7"
"PLOG-4932","WO-10929","2026-01-10 09:00:00","LINE-A","68","OP-4"
"PLOG-4933","WO-10930","2025-09-06 00:00:00","LINE-C","82","OP-13"
"PLOG-4934","WO-10930","2025-09-06 01:00:00","LINE-C","53","OP-13"
"PLOG-4935","WO-10930","2025-09-06 02:00:00","LINE-C","74","OP-7"
"PLOG-4936","WO-10930","2025-09-06 03:00:00","LINE-C","53","OP-7"
"PLOG-4937","WO-10930","2025-09-06 04:00:00","LINE-C","60","OP-10"
"PLOG-4938","WO-10930","2025-09-06 05:00:00","LINE-C","66","OP-14"
"PLOG-4939","WO-10930","2025-09-06 06:00:00","LINE-C","91","OP-8"
"PLOG-4940","WO-10930","2025-09-06 07:00:00","LINE-C","59","OP-14"
"PLOG-4941","WO-10930","2025-09-06 08:00:00","LINE-C","106","OP-5"
"PLOG-4942","WO-10930","2025-09-06 09:00:00","LINE-C","85","OP-13"
"PLOG-4943","WO-10930","2025-09-06 10:00:00","LINE-C","90","OP-12"
"PLOG-4944","WO-10930","2025-09-06 11:00:00","LINE-C","99","OP-7"
"PLOG-4945","WO-10930","2025-09-06 12:00:00","LINE-C","77","OP-17"
"PLOG-4946","WO-10930","2025-09-06 13:00:00","LINE-C","54","OP-17"
"PLOG-4947","WO-10930","2025-09-06 14:00:00","LINE-C","75","OP-17"
"PLOG-4948","WO-10930","2025-09-06 15:00:00","LINE-C","62","OP-4"
"PLOG-4949","WO-10930","2025-09-06 16:00:00","LINE-C","81","OP-18"
"PLOG-4950","WO-10934","2025-11-02 00:00:00","LINE-B","105","OP-3"
"PLOG-4951","WO-10934","2025-11-02 01:00:00","LINE-B","59","OP-2"
"PLOG-4952","WO-10934","2025-11-02 02:00:00","LINE-B","104","OP-1"
"PLOG-4953","WO-10934","2025-11-02 03:00:00","LINE-B","64","OP-14"
"PLOG-4954","WO-10934","2025-11-02 04:00:00","LINE-B","85","OP-1"
"PLOG-4955","WO-10936","2026-01-24 00:00:00","LINE-B","78","OP-12"
"PLOG-4956","WO-10936","2026-01-24 01:00:00","LINE-B","48","OP-18"
"PLOG-4957","WO-10937","2025-04-19 00:00:00","LINE-C","109","OP-14"
"PLOG-4958","WO-10937","2025-04-19 01:00:00","LINE-C","103","OP-20"
"PLOG-4959","WO-10937","2025-04-19 02:00:00","LINE-C","102","OP-20"
"PLOG-4960","WO-10937","2025-04-19 03:00:00","LINE-C","87","OP-9"
"PLOG-4961","WO-10937","2025-04-19 04:00:00","LINE-C","84","OP-12"
"PLOG-4962","WO-10937","2025-04-19 05:00:00","LINE-C","56","OP-16"
"PLOG-4963","WO-10937","2025-04-19 06:00:00","LINE-C","45","OP-20"
"PLOG-4964","WO-10937","2025-04-19 07:00:00","LINE-C","86","OP-5"
"PLOG-4965","WO-10937","2025-04-19 08:00:00","LINE-C","48","OP-7"
"PLOG-4966","WO-10937","2025-04-19 09:00:00","LINE-C","109","OP-20"
"PLOG-4967","WO-10937","2025-04-19 10:00:00","LINE-C","50","OP-4"
"PLOG-4968","WO-10937","2025-04-19 11:00:00","LINE-C","74","OP-18"
"PLOG-4969","WO-10937","2025-04-19 12:00:00","LINE-C","49","OP-18"
"PLOG-4970","WO-10939","2025-10-22 00:00:00","LINE-A","101","OP-15"
"PLOG-4971","WO-10939","2025-10-22 01:00:00","LINE-A","69","OP-2"
"PLOG-4972","WO-10939","2025-10-22 02:00:00","LINE-A","103","OP-10"
"PLOG-4973","WO-10939","2025-10-22 03:00:00","LINE-A","58","OP-4"
"PLOG-4974","WO-10939","2025-10-22 04:00:00","LINE-A","77","OP-8"
"PLOG-4975","WO-10939","2025-10-22 05:00:00","LINE-A","49","OP-17"
"PLOG-4976","WO-10939","2025-10-22 06:00:00","LINE-A","77","OP-8"
"PLOG-4977","WO-10939","2025-10-22 07:00:00","LINE-A","62","OP-16"
"PLOG-4978","WO-10940","2025-06-11 00:00:00","LINE-A","54","OP-16"
"PLOG-4979","WO-10940","2025-06-11 01:00:00","LINE-A","110","OP-20"
"PLOG-4980","WO-10940","2025-06-11 02:00:00","LINE-A","107","OP-6"
"PLOG-4981","WO-10940","2025-06-11 03:00:00","LINE-A","53","OP-17"
"PLOG-4982","WO-10940","2025-06-11 04:00:00","LINE-A","92","OP-13"
"PLOG-4983","WO-10940","2025-06-11 05:00:00","LINE-A","98","OP-14"
"PLOG-4984","WO-10940","2025-06-11 06:00:00","LINE-A","67","OP-7"
"PLOG-4985","WO-10940","2025-06-11 07:00:00","LINE-A","73","OP-7"
"PLOG-4986","WO-10941","2025-11-09 00:00:00","LINE-A","65","OP-2"
"PLOG-4987","WO-10941","2025-11-09 01:00:00","LINE-A","60","OP-17"
"PLOG-4988","WO-10941","2025-11-09 02:00:00","LINE-A","48","OP-3"
"PLOG-4989","WO-10941","2025-11-09 03:00:00","LINE-A","45","OP-4"
"PLOG-4990","WO-10941","2025-11-09 04:00:00","LINE-A","109","OP-10"
"PLOG-4991","WO-10941","2025-11-09 05:00:00","LINE-A","108","OP-15"
"PLOG-4992","WO-10941","2025-11-09 06:00:00","LINE-A","61","OP-3"
"PLOG-4993","WO-10941","2025-11-09 07:00:00","LINE-A","66","OP-4"
"PLOG-4994","WO-10942","2026-03-11 00:00:00","LINE-A","105","OP-12"
"PLOG-4995","WO-10942","2026-03-11 01:00:00","LINE-A","54","OP-6"
"PLOG-4996","WO-10942","2026-03-11 02:00:00","LINE-A","89","OP-1"
"PLOG-4997","WO-10942","2026-03-11 03:00:00","LINE-A","82","OP-7"
"PLOG-4998","WO-10942","2026-03-11 04:00:00","LINE-A","70","OP-18"
"PLOG-4999","WO-10942","2026-03-11 05:00:00","LINE-A","97","OP-2"
"PLOG-5000","WO-10942","2026-03-11 06:00:00","LINE-A","102","OP-19"
"PLOG-5001","WO-10942","2026-03-11 07:00:00","LINE-A","77","OP-13"
"PLOG-5002","WO-10945","2026-01-13 00:00:00","LINE-B","56","OP-4"
"PLOG-5003","WO-10945","2026-01-13 01:00:00","LINE-B","61","OP-20"
"PLOG-5004","WO-10945","2026-01-13 02:00:00","LINE-B","60","OP-5"
"PLOG-5005","WO-10946","2025-06-01 00:00:00","LINE-B","52","OP-3"
"PLOG-5006","WO-10946","2025-06-01 01:00:00","LINE-B","53","OP-14"
"PLOG-5007","WO-10946","2025-06-01 02:00:00","LINE-B","82","OP-17"
"PLOG-5008","WO-10946","2025-06-01 03:00:00","LINE-B","48","OP-17"
"PLOG-5009","WO-10946","2025-06-01 04:00:00","LINE-B","94","OP-15"
"PLOG-5010","WO-10946","2025-06-01 05:00:00","LINE-B","56","OP-19"
"PLOG-5011","WO-10946","2025-06-01 06:00:00","LINE-B","90","OP-5"
"PLOG-5012","WO-10946","2025-06-01 07:00:00","LINE-B","89","OP-6"
"PLOG-5013","WO-10946","2025-06-01 08:00:00","LINE-B","58","OP-1"
"PLOG-5014","WO-10946","2025-06-01 09:00:00","LINE-B","81","OP-19"
"PLOG-5015","WO-10946","2025-06-01 10:00:00","LINE-B","101","OP-4"
"PLOG-5016","WO-10946","2025-06-01 11:00:00","LINE-B","96","OP-10"
"PLOG-5017","WO-10948","2025-09-19 00:00:00","LINE-B","77","OP-15"
"PLOG-5018","WO-10948","2025-09-19 01:00:00","LINE-B","106","OP-4"
"PLOG-5019","WO-10948","2025-09-19 02:00:00","LINE-B","51","OP-10"
"PLOG-5020","WO-10948","2025-09-19 03:00:00","LINE-B","60","OP-15"
"PLOG-5021","WO-10948","2025-09-19 04:00:00","LINE-B","65","OP-15"
"PLOG-5022","WO-10948","2025-09-19 05:00:00","LINE-B","72","OP-10"
"PLOG-5023","WO-10948","2025-09-19 06:00:00","LINE-B","81","OP-11"
"PLOG-5024","WO-10948","2025-09-19 07:00:00","LINE-B","70","OP-4"
"PLOG-5025","WO-10948","2025-09-19 08:00:00","LINE-B","80","OP-6"
"PLOG-5026","WO-10948","2025-09-19 09:00:00","LINE-B","98","OP-16"
"PLOG-5027","WO-10948","2025-09-19 10:00:00","LINE-B","108","OP-16"
"PLOG-5028","WO-10948","2025-09-19 11:00:00","LINE-B","84","OP-13"
"PLOG-5029","WO-10948","2025-09-19 12:00:00","LINE-B","45","OP-8"
"PLOG-5030","WO-10948","2025-09-19 13:00:00","LINE-B","91","OP-9"
"PLOG-5031","WO-10948","2025-09-19 14:00:00","LINE-B","80","OP-10"
"PLOG-5032","WO-10948","2025-09-19 15:00:00","LINE-B","97","OP-11"
"PLOG-5033","WO-10948","2025-09-19 16:00:00","LINE-B","75","OP-1"
"PLOG-5034","WO-10948","2025-09-19 17:00:00","LINE-B","97","OP-7"
"PLOG-5035","WO-10950","2025-05-28 00:00:00","LINE-C","91","OP-6"
"PLOG-5036","WO-10950","2025-05-28 01:00:00","LINE-C","101","OP-8"
"PLOG-5037","WO-10950","2025-05-28 02:00:00","LINE-C","103","OP-16"
"PLOG-5038","WO-10950","2025-05-28 03:00:00","LINE-C","106","OP-1"
"PLOG-5039","WO-10950","2025-05-28 04:00:00","LINE-C","46","OP-10"
"PLOG-5040","WO-10951","2025-10-04 00:00:00","LINE-C","54","OP-14"
"PLOG-5041","WO-10951","2025-10-04 01:00:00","LINE-C","52","OP-14"
"PLOG-5042","WO-10951","2025-10-04 02:00:00","LINE-C","87","OP-4"
"PLOG-5043","WO-10951","2025-10-04 03:00:00","LINE-C","71","OP-8"
"PLOG-5044","WO-10951","2025-10-04 04:00:00","LINE-C","66","OP-5"
"PLOG-5045","WO-10951","2025-10-04 05:00:00","LINE-C","97","OP-20"
"PLOG-5046","WO-10951","2025-10-04 06:00:00","LINE-C","102","OP-6"
"PLOG-5047","WO-10951","2025-10-04 07:00:00","LINE-C","61","OP-17"
"PLOG-5048","WO-10951","2025-10-04 08:00:00","LINE-C","110","OP-14"
"PLOG-5049","WO-10953","2025-04-30 00:00:00","LINE-C","78","OP-6"
"PLOG-5050","WO-10953","2025-04-30 01:00:00","LINE-C","105","OP-2"
"PLOG-5051","WO-10953","2025-04-30 02:00:00","LINE-C","47","OP-20"
"PLOG-5052","WO-10953","2025-04-30 03:00:00","LINE-C","97","OP-9"
"PLOG-5053","WO-10953","2025-04-30 04:00:00","LINE-C","64","OP-10"
"PLOG-5054","WO-10953","2025-04-30 05:00:00","LINE-C","50","OP-5"
"PLOG-5055","WO-10955","2025-12-13 00:00:00","LINE-C","80","OP-20"
"PLOG-5056","WO-10955","2025-12-13 01:00:00","LINE-C","103","OP-9"
"PLOG-5057","WO-10955","2025-12-13 02:00:00","LINE-C","87","OP-7"
"PLOG-5058","WO-10955","2025-12-13 03:00:00","LINE-C","82","OP-12"
"PLOG-5059","WO-10955","2025-12-13 04:00:00","LINE-C","80","OP-10"
"PLOG-5060","WO-10955","2025-12-13 05:00:00","LINE-C","98","OP-20"
"PLOG-5061","WO-10955","2025-12-13 06:00:00","LINE-C","84","OP-6"
"PLOG-5062","WO-10957","2026-01-27 00:00:00","LINE-A","81","OP-12"
"PLOG-5063","WO-10957","2026-01-27 01:00:00","LINE-A","98","OP-1"
"PLOG-5064","WO-10957","2026-01-27 02:00:00","LINE-A","62","OP-14"
"PLOG-5065","WO-10959","2025-10-05 00:00:00","LINE-C","69","OP-17"
"PLOG-5066","WO-10959","2025-10-05 01:00:00","LINE-C","101","OP-9"
"PLOG-5067","WO-10959","2025-10-05 02:00:00","LINE-C","101","OP-12"
"PLOG-5068","WO-10959","2025-10-05 03:00:00","LINE-C","81","OP-3"
"PLOG-5069","WO-10959","2025-10-05 04:00:00","LINE-C","51","OP-7"
"PLOG-5070","WO-10959","2025-10-05 05:00:00","LINE-C","51","OP-11"
"PLOG-5071","WO-10959","2025-10-05 06:00:00","LINE-C","52","OP-12"
"PLOG-5072","WO-10959","2025-10-05 07:00:00","LINE-C","110","OP-20"
"PLOG-5073","WO-10959","2025-10-05 08:00:00","LINE-C","102","OP-12"
"PLOG-5074","WO-10962","2025-11-26 00:00:00","LINE-B","85","OP-16"
"PLOG-5075","WO-10962","2025-11-26 01:00:00","LINE-B","97","OP-13"
"PLOG-5076","WO-10962","2025-11-26 02:00:00","LINE-B","90","OP-2"
"PLOG-5077","WO-10962","2025-11-26 03:00:00","LINE-B","98","OP-14"
"PLOG-5078","WO-10962","2025-11-26 04:00:00","LINE-B","60","OP-18"
"PLOG-5079","WO-10962","2025-11-26 05:00:00","LINE-B","83","OP-15"
"PLOG-5080","WO-10962","2025-11-26 06:00:00","LINE-B","80","OP-9"
"PLOG-5081","WO-10964","2025-06-23 00:00:00","LINE-C","73","OP-6"
"PLOG-5082","WO-10964","2025-06-23 01:00:00","LINE-C","72","OP-3"
"PLOG-5083","WO-10966","2025-07-02 00:00:00","LINE-B","77","OP-2"
"PLOG-5084","WO-10966","2025-07-02 01:00:00","LINE-B","77","OP-5"
"PLOG-5085","WO-10966","2025-07-02 02:00:00","LINE-B","102","OP-1"
"PLOG-5086","WO-10968","2025-08-28 00:00:00","LINE-A","87","OP-3"
"PLOG-5087","WO-10968","2025-08-28 01:00:00","LINE-A","50","OP-16"
"PLOG-5088","WO-10968","2025-08-28 02:00:00","LINE-A","89","OP-5"
"PLOG-5089","WO-10968","2025-08-28 03:00:00","LINE-A","82","OP-5"
"PLOG-5090","WO-10968","2025-08-28 04:00:00","LINE-A","51","OP-20"
"PLOG-5091","WO-10968","2025-08-28 05:00:00","LINE-A","56","OP-1"
"PLOG-5092","WO-10968","2025-08-28 06:00:00","LINE-A","99","OP-17"
"PLOG-5093","WO-10968","2025-08-28 07:00:00","LINE-A","75","OP-1"
"PLOG-5094","WO-10968","2025-08-28 08:00:00","LINE-A","53","OP-14"
"PLOG-5095","WO-10968","2025-08-28 09:00:00","LINE-A","101","OP-15"
"PLOG-5096","WO-10968","2025-08-28 10:00:00","LINE-A","45","OP-14"
"PLOG-5097","WO-10968","2025-08-28 11:00:00","LINE-A","93","OP-1"
"PLOG-5098","WO-10968","2025-08-28 12:00:00","LINE-A","74","OP-11"
"PLOG-5099","WO-10972","2025-12-11 00:00:00","LINE-A","49","OP-14"
"PLOG-5100","WO-10972","2025-12-11 01:00:00","LINE-A","55","OP-19"
"PLOG-5101","WO-10972","2025-12-11 02:00:00","LINE-A","78","OP-12"
"PLOG-5102","WO-10972","2025-12-11 03:00:00","LINE-A","108","OP-12"
"PLOG-5103","WO-10972","2025-12-11 04:00:00","LINE-A","82","OP-1"
"PLOG-5104","WO-10972","2025-12-11 05:00:00","LINE-A","70","OP-5"
"PLOG-5105","WO-10972","2025-12-11 06:00:00","LINE-A","109","OP-11"
"PLOG-5106","WO-10972","2025-12-11 07:00:00","LINE-A","92","OP-13"
"PLOG-5107","WO-10974","2025-10-25 00:00:00","LINE-A","67","OP-4"
"PLOG-5108","WO-10974","2025-10-25 01:00:00","LINE-A","47","OP-11"
"PLOG-5109","WO-10975","2026-03-23 00:00:00","LINE-A","103","OP-13"
"PLOG-5110","WO-10975","2026-03-23 01:00:00","LINE-A","81","OP-6"
"PLOG-5111","WO-10975","2026-03-23 02:00:00","LINE-A","90","OP-20"
"PLOG-5112","WO-10975","2026-03-23 03:00:00","LINE-A","56","OP-20"
"PLOG-5113","WO-10975","2026-03-23 04:00:00","LINE-A","101","OP-9"
"PLOG-5114","WO-10975","2026-03-23 05:00:00","LINE-A","100","OP-3"
"PLOG-5115","WO-10975","2026-03-23 06:00:00","LINE-A","106","OP-7"
"PLOG-5116","WO-10975","2026-03-23 07:00:00","LINE-A","73","OP-19"
"PLOG-5117","WO-10975","2026-03-23 08:00:00","LINE-A","107","OP-8"
"PLOG-5118","WO-10975","2026-03-23 09:00:00","LINE-A","84","OP-15"
"PLOG-5119","WO-10975","2026-03-23 10:00:00","LINE-A","90","OP-2"
"PLOG-5120","WO-10975","2026-03-23 11:00:00","LINE-A","106","OP-1"
"PLOG-5121","WO-10975","2026-03-23 12:00:00","LINE-A","47","OP-6"
"PLOG-5122","WO-10975","2026-03-23 13:00:00","LINE-A","104","OP-9"
"PLOG-5123","WO-10975","2026-03-23 14:00:00","LINE-A","71","OP-17"
"PLOG-5124","WO-10975","2026-03-23 15:00:00","LINE-A","104","OP-7"
"PLOG-5125","WO-10975","2026-03-23 16:00:00","LINE-A","54","OP-18"
"PLOG-5126","WO-10977","2025-09-08 00:00:00","LINE-B","77","OP-10"
"PLOG-5127","WO-10977","2025-09-08 01:00:00","LINE-B","101","OP-11"
"PLOG-5128","WO-10977","2025-09-08 02:00:00","LINE-B","79","OP-3"
"PLOG-5129","WO-10977","2025-09-08 03:00:00","LINE-B","96","OP-15"
"PLOG-5130","WO-10977","2025-09-08 04:00:00","LINE-B","93","OP-9"
"PLOG-5131","WO-10977","2025-09-08 05:00:00","LINE-B","82","OP-1"
"PLOG-5132","WO-10977","2025-09-08 06:00:00","LINE-B","109","OP-19"
"PLOG-5133","WO-10977","2025-09-08 07:00:00","LINE-B","55","OP-19"
"PLOG-5134","WO-10978","2026-01-27 00:00:00","LINE-B","106","OP-3"
"PLOG-5135","WO-10978","2026-01-27 01:00:00","LINE-B","59","OP-17"
"PLOG-5136","WO-10978","2026-01-27 02:00:00","LINE-B","104","OP-14"
"PLOG-5137","WO-10978","2026-01-27 03:00:00","LINE-B","104","OP-6"
"PLOG-5138","WO-10978","2026-01-27 04:00:00","LINE-B","110","OP-2"
"PLOG-5139","WO-10978","2026-01-27 05:00:00","LINE-B","67","OP-15"
"PLOG-5140","WO-10978","2026-01-27 06:00:00","LINE-B","103","OP-6"
"PLOG-5141","WO-10979","2025-08-07 00:00:00","LINE-B","103","OP-4"
"PLOG-5142","WO-10979","2025-08-07 01:00:00","LINE-B","58","OP-4"
"PLOG-5143","WO-10979","2025-08-07 02:00:00","LINE-B","82","OP-8"
"PLOG-5144","WO-10980","2025-10-13 00:00:00","LINE-A","107","OP-14"
"PLOG-5145","WO-10980","2025-10-13 01:00:00","LINE-A","80","OP-7"
"PLOG-5146","WO-10980","2025-10-13 02:00:00","LINE-A","54","OP-15"
"PLOG-5147","WO-10980","2025-10-13 03:00:00","LINE-A","56","OP-8"
"PLOG-5148","WO-10980","2025-10-13 04:00:00","LINE-A","67","OP-7"
"PLOG-5149","WO-10980","2025-10-13 05:00:00","LINE-A","71","OP-12"
"PLOG-5150","WO-10980","2025-10-13 06:00:00","LINE-A","76","OP-11"
"PLOG-5151","WO-10982","2025-06-16 00:00:00","LINE-B","59","OP-19"
"PLOG-5152","WO-10982","2025-06-16 01:00:00","LINE-B","57","OP-15"
"PLOG-5153","WO-10982","2025-06-16 02:00:00","LINE-B","84","OP-4"
"PLOG-5154","WO-10982","2025-06-16 03:00:00","LINE-B","90","OP-4"
"PLOG-5155","WO-10982","2025-06-16 04:00:00","LINE-B","71","OP-13"
"PLOG-5156","WO-10982","2025-06-16 05:00:00","LINE-B","94","OP-14"
"PLOG-5157","WO-10982","2025-06-16 06:00:00","LINE-B","48","OP-6"
"PLOG-5158","WO-10982","2025-06-16 07:00:00","LINE-B","60","OP-18"
"PLOG-5159","WO-10983","2025-11-05 00:00:00","LINE-C","94","OP-14"
"PLOG-5160","WO-10983","2025-11-05 01:00:00","LINE-C","104","OP-3"
"PLOG-5161","WO-10983","2025-11-05 02:00:00","LINE-C","54","OP-17"
"PLOG-5162","WO-10983","2025-11-05 03:00:00","LINE-C","84","OP-10"
"PLOG-5163","WO-10983","2025-11-05 04:00:00","LINE-C","64","OP-5"
"PLOG-5164","WO-10983","2025-11-05 05:00:00","LINE-C","46","OP-19"
"PLOG-5165","WO-10983","2025-11-05 06:00:00","LINE-C","108","OP-6"
"PLOG-5166","WO-10983","2025-11-05 07:00:00","LINE-C","110","OP-13"
"PLOG-5167","WO-10983","2025-11-05 08:00:00","LINE-C","48","OP-4"
"PLOG-5168","WO-10984","2026-02-20 00:00:00","LINE-A","59","OP-8"
"PLOG-5169","WO-10984","2026-02-20 01:00:00","LINE-A","66","OP-3"
"PLOG-5170","WO-10984","2026-02-20 02:00:00","LINE-A","68","OP-16"
"PLOG-5171","WO-10984","2026-02-20 03:00:00","LINE-A","83","OP-17"
"PLOG-5172","WO-10984","2026-02-20 04:00:00","LINE-A","45","OP-13"
"PLOG-5173","WO-10984","2026-02-20 05:00:00","LINE-A","62","OP-12"
"PLOG-5174","WO-10984","2026-02-20 06:00:00","LINE-A","103","OP-18"
"PLOG-5175","WO-10985","2026-02-10 00:00:00","LINE-A","82","OP-15"
"PLOG-5176","WO-10985","2026-02-10 01:00:00","LINE-A","47","OP-20"
"PLOG-5177","WO-10985","2026-02-10 02:00:00","LINE-A","49","OP-14"
"PLOG-5178","WO-10985","2026-02-10 03:00:00","LINE-A","60","OP-13"
"PLOG-5179","WO-10985","2026-02-10 04:00:00","LINE-A","103","OP-11"
"PLOG-5180","WO-10985","2026-02-10 05:00:00","LINE-A","69","OP-10"
"PLOG-5181","WO-10985","2026-02-10 06:00:00","LINE-A","66","OP-13"
"PLOG-5182","WO-10985","2026-02-10 07:00:00","LINE-A","87","OP-15"
"PLOG-5183","WO-10985","2026-02-10 08:00:00","LINE-A","93","OP-4"
"PLOG-5184","WO-10985","2026-02-10 09:00:00","LINE-A","48","OP-2"
"PLOG-5185","WO-10986","2026-03-31 00:00:00","LINE-C","80","OP-8"
"PLOG-5186","WO-10988","2025-08-20 00:00:00","LINE-A","83","OP-14"
"PLOG-5187","WO-10988","2025-08-20 01:00:00","LINE-A","87","OP-4"
"PLOG-5188","WO-10989","2025-12-12 00:00:00","LINE-A","103","OP-20"
"PLOG-5189","WO-10989","2025-12-12 01:00:00","LINE-A","76","OP-12"
"PLOG-5190","WO-10989","2025-12-12 02:00:00","LINE-A","104","OP-15"
"PLOG-5191","WO-10989","2025-12-12 03:00:00","LINE-A","98","OP-1"
"PLOG-5192","WO-10989","2025-12-12 04:00:00","LINE-A","45","OP-10"
"PLOG-5193","WO-10989","2025-12-12 05:00:00","LINE-A","76","OP-20"
"PLOG-5194","WO-10989","2025-12-12 06:00:00","LINE-A","81","OP-12"
"PLOG-5195","WO-10989","2025-12-12 07:00:00","LINE-A","98","OP-15"
"PLOG-5196","WO-10989","2025-12-12 08:00:00","LINE-A","59","OP-9"
"PLOG-5197","WO-10990","2025-10-11 00:00:00","LINE-A","103","OP-3"
"PLOG-5198","WO-10990","2025-10-11 01:00:00","LINE-A","108","OP-18"
"PLOG-5199","WO-10990","2025-10-11 02:00:00","LINE-A","45","OP-12"
"PLOG-5200","WO-10990","2025-10-11 03:00:00","LINE-A","51","OP-1"
"PLOG-5201","WO-10990","2025-10-11 04:00:00","LINE-A","102","OP-9"
"PLOG-5202","WO-10990","2025-10-11 05:00:00","LINE-A","106","OP-20"
"PLOG-5203","WO-10990","2025-10-11 06:00:00","LINE-A","88","OP-17"
"PLOG-5204","WO-10990","2025-10-11 07:00:00","LINE-A","74","OP-13"
"PLOG-5205","WO-10990","2025-10-11 08:00:00","LINE-A","71","OP-8"
"PLOG-5206","WO-10990","2025-10-11 09:00:00","LINE-A","83","OP-4"
"PLOG-5207","WO-10990","2025-10-11 10:00:00","LINE-A","55","OP-16"
"PLOG-5208","WO-10990","2025-10-11 11:00:00","LINE-A","56","OP-3"
"PLOG-5209","WO-10990","2025-10-11 12:00:00","LINE-A","63","OP-16"
"PLOG-5210","WO-10990","2025-10-11 13:00:00","LINE-A","104","OP-4"
"PLOG-5211","WO-10990","2025-10-11 14:00:00","LINE-A","91","OP-18"
"PLOG-5212","WO-10991","2026-01-08 00:00:00","LINE-A","107","OP-16"
"PLOG-5213","WO-10991","2026-01-08 01:00:00","LINE-A","68","OP-4"
"PLOG-5214","WO-10991","2026-01-08 02:00:00","LINE-A","69","OP-13"
"PLOG-5215","WO-10991","2026-01-08 03:00:00","LINE-A","88","OP-2"
"PLOG-5216","WO-10991","2026-01-08 04:00:00","LINE-A","76","OP-2"
"PLOG-5217","WO-10991","2026-01-08 05:00:00","LINE-A","70","OP-12"
"PLOG-5218","WO-10991","2026-01-08 06:00:00","LINE-A","106","OP-17"
"PLOG-5219","WO-10991","2026-01-08 07:00:00","LINE-A","49","OP-2"
"PLOG-5220","WO-10992","2025-08-10 00:00:00","LINE-B","93","OP-14"
"PLOG-5221","WO-10992","2025-08-10 01:00:00","LINE-B","102","OP-12"
"PLOG-5222","WO-10992","2025-08-10 02:00:00","LINE-B","45","OP-3"
"PLOG-5223","WO-10992","2025-08-10 03:00:00","LINE-B","83","OP-14"
"PLOG-5224","WO-10992","2025-08-10 04:00:00","LINE-B","60","OP-15"
"PLOG-5225","WO-10992","2025-08-10 05:00:00","LINE-B","74","OP-11"
"PLOG-5226","WO-10992","2025-08-10 06:00:00","LINE-B","50","OP-10"
"PLOG-5227","WO-10992","2025-08-10 07:00:00","LINE-B","84","OP-15"
"PLOG-5228","WO-10993","2025-11-12 00:00:00","LINE-C","95","OP-6"
"PLOG-5229","WO-10993","2025-11-12 01:00:00","LINE-C","66","OP-7"
"PLOG-5230","WO-10993","2025-11-12 02:00:00","LINE-C","47","OP-11"
"PLOG-5231","WO-10993","2025-11-12 03:00:00","LINE-C","93","OP-2"
"PLOG-5232","WO-10993","2025-11-12 04:00:00","LINE-C","49","OP-17"
"PLOG-5233","WO-10993","2025-11-12 05:00:00","LINE-C","83","OP-12"
"PLOG-5234","WO-10993","2025-11-12 06:00:00","LINE-C","65","OP-11"
"PLOG-5235","WO-10993","2025-11-12 07:00:00","LINE-C","65","OP-9"
"PLOG-5236","WO-10993","2025-11-12 08:00:00","LINE-C","71","OP-13"
"PLOG-5237","WO-10993","2025-11-12 09:00:00","LINE-C","81","OP-20"
"PLOG-5238","WO-10994","2026-02-18 00:00:00","LINE-C","81","OP-13"
"PLOG-5239","WO-10994","2026-02-18 01:00:00","LINE-C","80","OP-2"
"PLOG-5240","WO-10994","2026-02-18 02:00:00","LINE-C","109","OP-3"
"PLOG-5241","WO-10994","2026-02-18 03:00:00","LINE-C","62","OP-11"
"PLOG-5242","WO-10994","2026-02-18 04:00:00","LINE-C","71","OP-2"
"PLOG-5243","WO-10997","2025-05-01 00:00:00","LINE-C","52","OP-4"
"PLOG-5244","WO-10997","2025-05-01 01:00:00","LINE-C","71","OP-9"
"PLOG-5245","WO-10997","2025-05-01 02:00:00","LINE-C","100","OP-3"
"PLOG-5246","WO-10997","2025-05-01 03:00:00","LINE-C","57","OP-15"
"PLOG-5247","WO-10997","2025-05-01 04:00:00","LINE-C","67","OP-20"
"PLOG-5248","WO-10997","2025-05-01 05:00:00","LINE-C","109","OP-1"
"PLOG-5249","WO-10997","2025-05-01 06:00:00","LINE-C","110","OP-19"
"PLOG-5250","WO-10997","2025-05-01 07:00:00","LINE-C","109","OP-2"
"PLOG-5251","WO-10997","2025-05-01 08:00:00","LINE-C","48","OP-7"
"PLOG-5252","WO-10997","2025-05-01 09:00:00","LINE-C","69","OP-6"
"PLOG-5253","WO-10997","2025-05-01 10:00:00","LINE-C","58","OP-13"
"PLOG-5254","WO-10997","2025-05-01 11:00:00","LINE-C","69","OP-14"
"PLOG-5255","WO-10998","2025-08-07 00:00:00","LINE-C","81","OP-19"
"PLOG-5256","WO-10998","2025-08-07 01:00:00","LINE-C","80","OP-11"
"PLOG-5257","WO-10998","2025-08-07 02:00:00","LINE-C","63","OP-15"
"PLOG-5258","WO-10998","2025-08-07 03:00:00","LINE-C","73","OP-7"
"PLOG-5259","WO-10998","2025-08-07 04:00:00","LINE-C","58","OP-19"
"PLOG-5260","WO-10998","2025-08-07 05:00:00","LINE-C","71","OP-7"
"PLOG-5261","WO-10998","2025-08-07 06:00:00","LINE-C","61","OP-7"
"PLOG-5262","WO-10998","2025-08-07 07:00:00","LINE-C","74","OP-19"
"PLOG-5263","WO-10998","2025-08-07 08:00:00","LINE-C","52","OP-17"
"PLOG-5264","WO-10998","2025-08-07 09:00:00","LINE-C","96","OP-13"
"PLOG-5265","WO-10998","2025-08-07 10:00:00","LINE-C","106","OP-9"