CheckID,Timestamp,ProductID,WorkOrderID,CheckType,Result,InspectorID
"QC-1","2025-09-18 00:00:00","PROD-101","WO-10001","Functional Test","Pass","INSP-4"
"QC-2","2025-09-18 01:00:00","PROD-101","WO-10001","Visual Inspection","Pass","INSP-2"
"QC-3","2025-09-18 02:00:00","PROD-101","WO-10001","Visual Inspection","Pass","INSP-5"
"QC-4","2026-03-15 00:00:00","PROD-103","WO-10002","Functional Test","Pass","INSP-5"
"QC-5","2026-03-15 01:00:00","PROD-103","WO-10002","Visual Inspection","Pass","INSP-5"
"QC-6","2026-03-15 02:00:00","PROD-103","WO-10002","Dimensional Accuracy","Pass","INSP-2"
"QC-7","2026-03-15 03:00:00","PROD-103","WO-10002","Functional Test","Pass","INSP-2"
"QC-8","2026-03-15 04:00:00","PROD-103","WO-10002","Functional Test","Pass","INSP-2"
"QC-9","2026-03-15 05:00:00","PROD-103","WO-10002","Functional Test","Pass","INSP-1"
"QC-10","2026-01-01 00:00:00","PROD-101","WO-10003","Dimensional Accuracy","Pass","INSP-1"
"QC-11","2026-01-01 01:00:00","PROD-101","WO-10003","Functional Test","Pass","INSP-3"
"QC-12","2026-01-01 02:00:00","PROD-101","WO-10003","Visual Inspection","Pass","INSP-2"
"QC-13","2026-01-01 03:00:00","PROD-101","WO-10003","Functional Test","Pass","INSP-4"
"QC-14","2026-01-01 04:00:00","PROD-101","WO-10003","Functional Test","Pass","INSP-5"
"QC-15","2026-01-01 05:00:00","PROD-101","WO-10003","Visual Inspection","Pass","INSP-2"
"QC-16","2026-01-01 06:00:00","PROD-101","WO-10003","Functional Test","Pass","INSP-3"
"QC-17","2026-01-01 07:00:00","PROD-101","WO-10003","Visual Inspection","Pass","INSP-3"
"QC-18","2026-01-01 08:00:00","PROD-101","WO-10003","Functional Test","Pass","INSP-5"
"QC-19","2025-09-08 00:00:00","PROD-103","WO-10005","Dimensional Accuracy","Pass","INSP-4"
"QC-20","2025-09-08 01:00:00","PROD-103","WO-10005","Dimensional Accuracy","Pass","INSP-1"
"QC-21","2025-09-08 02:00:00","PROD-103","WO-10005","Functional Test","Pass","INSP-4"
"QC-22","2025-09-08 03:00:00","PROD-103","WO-10005","Visual Inspection","Pass","INSP-5"
"QC-23","2025-09-08 04:00:00","PROD-103","WO-10005","Functional Test","Pass","INSP-2"
"QC-24","2025-09-08 05:00:00","PROD-103","WO-10005","Dimensional Accuracy","Pass","INSP-1"
"QC-25","2025-09-08 06:00:00","PROD-103","WO-10005","Visual Inspection","Pass","INSP-5"
"QC-26","2025-09-08 07:00:00","PROD-103","WO-10005","Visual Inspection","Pass","INSP-2"
"QC-27","2025-09-08 08:00:00","PROD-103","WO-10005","Functional Test","Pass","INSP-2"
"QC-28","2025-09-08 09:00:00","PROD-103","WO-10005","Visual Inspection","Pass","INSP-1"
"QC-29","2026-02-09 00:00:00","PROD-103","WO-10006","Dimensional Accuracy","Pass","INSP-2"
"QC-30","2026-02-09 01:00:00","PROD-103","WO-10006","Dimensional Accuracy","Pass","INSP-2"
"QC-31","2026-02-09 02:00:00","PROD-103","WO-10006","Functional Test","Pass","INSP-1"
"QC-32","2026-02-09 03:00:00","PROD-103","WO-10006","Visual Inspection","Pass","INSP-5"
"QC-33","2026-02-09 04:00:00","PROD-103","WO-10006","Functional Test","Pass","INSP-1"
"QC-34","2026-02-09 05:00:00","PROD-103","WO-10006","Dimensional Accuracy","Pass","INSP-5"
"QC-35","2026-02-09 06:00:00","PROD-103","WO-10006","Dimensional Accuracy","Pass","INSP-4"
"QC-36","2026-02-09 07:00:00","PROD-103","WO-10006","Dimensional Accuracy","Pass","INSP-2"
"QC-37","2026-02-09 08:00:00","PROD-103","WO-10006","Visual Inspection","Pass","INSP-1"
"QC-38","2026-02-09 09:00:00","PROD-103","WO-10006","Functional Test","Pass","INSP-3"
"QC-39","2026-02-09 10:00:00","PROD-103","WO-10006","Visual Inspection","Pass","INSP-2"
"QC-40","2026-02-09 11:00:00","PROD-103","WO-10006","Visual Inspection","Pass","INSP-4"
"QC-41","2026-02-09 12:00:00","PROD-103","WO-10006","Visual Inspection","Pass","INSP-4"
"QC-42","2026-02-09 13:00:00","PROD-103","WO-10006","Dimensional Accuracy","Pass","INSP-5"
"QC-43","2025-11-04 00:00:00","PROD-104","WO-10007","Functional Test","Pass","INSP-2"
"QC-44","2025-11-04 01:00:00","PROD-104","WO-10007","Dimensional Accuracy","Pass","INSP-5"
"QC-45","2025-11-04 02:00:00","PROD-104","WO-10007","Functional Test","Pass","INSP-2"
"QC-46","2025-11-04 03:00:00","PROD-104","WO-10007","Dimensional Accuracy","Pass","INSP-3"
"QC-47","2025-11-04 04:00:00","PROD-104","WO-10007","Visual Inspection","Pass","INSP-5"
"QC-48","2025-11-04 05:00:00","PROD-104","WO-10007","Functional Test","Pass","INSP-2"
"QC-49","2025-11-04 06:00:00","PROD-104","WO-10007","Visual Inspection","Pass","INSP-1"
"QC-50","2025-11-04 07:00:00","PROD-104","WO-10007","Dimensional Accuracy","Pass","INSP-1"
"QC-51","2025-11-04 08:00:00","PROD-104","WO-10007","Functional Test","Pass","INSP-1"
"QC-52","2026-01-13 00:00:00","PROD-101","WO-10008","Functional Test","Pass","INSP-4"
"QC-53","2026-01-13 01:00:00","PROD-101","WO-10008","Functional Test","Pass","INSP-4"
"QC-54","2026-01-13 02:00:00","PROD-101","WO-10008","Functional Test","Pass","INSP-4"
"QC-55","2025-08-28 00:00:00","PROD-101","WO-10009","Visual Inspection","Pass","INSP-2"
"QC-56","2025-08-28 01:00:00","PROD-101","WO-10009","Functional Test","Pass","INSP-2"
"QC-57","2025-10-25 00:00:00","PROD-102","WO-10011","Visual Inspection","Pass","INSP-1"
"QC-58","2025-10-25 01:00:00","PROD-102","WO-10011","Dimensional Accuracy","Pass","INSP-4"
"QC-59","2025-10-25 02:00:00","PROD-102","WO-10011","Functional Test","Fail","INSP-2"
"QC-60","2025-10-25 03:00:00","PROD-102","WO-10011","Visual Inspection","Pass","INSP-4"
"QC-61","2025-10-25 04:00:00","PROD-102","WO-10011","Visual Inspection","Pass","INSP-3"
"QC-62","2025-10-25 05:00:00","PROD-102","WO-10011","Dimensional Accuracy","Pass","INSP-5"
"QC-63","2025-10-25 06:00:00","PROD-102","WO-10011","Dimensional Accuracy","Pass","INSP-4"
"QC-64","2025-10-25 07:00:00","PROD-102","WO-10011","Visual Inspection","Pass","INSP-4"
"QC-65","2025-10-25 08:00:00","PROD-102","WO-10011","Functional Test","Pass","INSP-1"
"QC-66","2025-10-25 09:00:00","PROD-102","WO-10011","Functional Test","Pass","INSP-3"
"QC-67","2025-10-25 10:00:00","PROD-102","WO-10011","Functional Test","Pass","INSP-2"
"QC-68","2026-02-09 00:00:00","PROD-102","WO-10012","Functional Test","Pass","INSP-4"
"QC-69","2026-02-09 01:00:00","PROD-102","WO-10012","Visual Inspection","Pass","INSP-4"
"QC-70","2026-02-09 02:00:00","PROD-102","WO-10012","Dimensional Accuracy","Pass","INSP-2"
"QC-71","2026-02-09 03:00:00","PROD-102","WO-10012","Visual Inspection","Pass","INSP-5"
"QC-72","2026-02-09 04:00:00","PROD-102","WO-10012","Dimensional Accuracy","Pass","INSP-2"
"QC-73","2026-02-09 05:00:00","PROD-102","WO-10012","Dimensional Accuracy","Pass","INSP-1"
"QC-74","2026-02-09 06:00:00","PROD-102","WO-10012","Visual Inspection","Pass","INSP-5"
"QC-75","2026-02-09 07:00:00","PROD-102","WO-10012","Functional Test","Pass","INSP-2"
"QC-76","2026-02-09 08:00:00","PROD-102","WO-10012","Visual Inspection","Pass","INSP-1"
"QC-77","2026-02-09 09:00:00","PROD-102","WO-10012","Dimensional Accuracy","Pass","INSP-3"
"QC-78","2026-01-19 00:00:00","PROD-102","WO-10013","Functional Test","Pass","INSP-4"
"QC-79","2026-01-19 01:00:00","PROD-102","WO-10013","Dimensional Accuracy","Pass","INSP-4"
"QC-80","2026-01-19 02:00:00","PROD-102","WO-10013","Visual Inspection","Pass","INSP-2"
"QC-81","2026-01-19 03:00:00","PROD-102","WO-10013","Functional Test","Fail","INSP-5"
"QC-82","2026-01-19 04:00:00","PROD-102","WO-10013","Dimensional Accuracy","Pass","INSP-3"
"QC-83","2026-01-19 05:00:00","PROD-102","WO-10013","Dimensional Accuracy","Pass","INSP-4"
"QC-84","2026-01-19 06:00:00","PROD-102","WO-10013","Functional Test","Pass","INSP-4"
"QC-85","2026-01-19 07:00:00","PROD-102","WO-10013","Functional Test","Pass","INSP-3"
"QC-86","2026-01-19 08:00:00","PROD-102","WO-10013","Visual Inspection","Pass","INSP-1"
"QC-87","2026-01-19 09:00:00","PROD-102","WO-10013","Dimensional Accuracy","Pass","INSP-1"
"QC-88","2025-09-20 00:00:00","PROD-104","WO-10017","Dimensional Accuracy","Pass","INSP-1"
"QC-89","2025-09-20 01:00:00","PROD-104","WO-10017","Functional Test","Pass","INSP-2"
"QC-90","2025-09-20 02:00:00","PROD-104","WO-10017","Functional Test","Pass","INSP-5"
"QC-91","2025-09-20 03:00:00","PROD-104","WO-10017","Visual Inspection","Pass","INSP-3"
"QC-92","2025-09-20 04:00:00","PROD-104","WO-10017","Dimensional Accuracy","Pass","INSP-2"
"QC-93","2025-09-20 05:00:00","PROD-104","WO-10017","Dimensional Accuracy","Pass","INSP-1"
"QC-94","2025-09-20 06:00:00","PROD-104","WO-10017","Dimensional Accuracy","Pass","INSP-3"
"QC-95","2026-02-14 00:00:00","PROD-103","WO-10018","Visual Inspection","Pass","INSP-2"
"QC-96","2026-02-14 01:00:00","PROD-103","WO-10018","Dimensional Accuracy","Pass","INSP-2"
"QC-97","2026-02-14 02:00:00","PROD-103","WO-10018","Visual Inspection","Pass","INSP-1"
"QC-98","2026-02-14 03:00:00","PROD-103","WO-10018","Visual Inspection","Pass","INSP-1"
"QC-99","2025-06-29 00:00:00","PROD-102","WO-10019","Visual Inspection","Pass","INSP-1"
"QC-100","2025-06-29 01:00:00","PROD-102","WO-10019","Dimensional Accuracy","Pass","INSP-1"
"QC-101","2025-06-29 02:00:00","PROD-102","WO-10019","Functional Test","Pass","INSP-4"
"QC-102","2025-06-29 03:00:00","PROD-102","WO-10019","Dimensional Accuracy","Pass","INSP-1"
"QC-103","2025-06-29 04:00:00","PROD-102","WO-10019","Functional Test","Pass","INSP-2"
"QC-104","2025-06-29 05:00:00","PROD-102","WO-10019","Dimensional Accuracy","Pass","INSP-3"
"QC-105","2025-06-29 06:00:00","PROD-102","WO-10019","Visual Inspection","Pass","INSP-5"
"QC-106","2025-06-29 07:00:00","PROD-102","WO-10019","Visual Inspection","Pass","INSP-3"
"QC-107","2025-06-29 08:00:00","PROD-102","WO-10019","Dimensional Accuracy","Pass","INSP-5"
"QC-108","2025-06-29 09:00:00","PROD-102","WO-10019","Dimensional Accuracy","Pass","INSP-3"
"QC-109","2025-09-14 00:00:00","PROD-102","WO-10020","Visual Inspection","Pass","INSP-3"
"QC-110","2025-09-14 01:00:00","PROD-102","WO-10020","Visual Inspection","Pass","INSP-4"
"QC-111","2025-09-14 02:00:00","PROD-102","WO-10020","Functional Test","Pass","INSP-5"
"QC-112","2025-09-14 03:00:00","PROD-102","WO-10020","Functional Test","Pass","INSP-1"
"QC-113","2025-09-14 04:00:00","PROD-102","WO-10020","Dimensional Accuracy","Pass","INSP-1"
"QC-114","2025-09-14 05:00:00","PROD-102","WO-10020","Visual Inspection","Pass","INSP-2"
"QC-115","2025-09-14 06:00:00","PROD-102","WO-10020","Functional Test","Pass","INSP-2"
"QC-116","2025-09-14 07:00:00","PROD-102","WO-10020","Dimensional Accuracy","Pass","INSP-2"
"QC-117","2025-09-14 08:00:00","PROD-102","WO-10020","Functional Test","Pass","INSP-2"
"QC-118","2025-11-14 00:00:00","PROD-103","WO-10021","Visual Inspection","Pass","INSP-2"
"QC-119","2025-11-14 01:00:00","PROD-103","WO-10021","Dimensional Accuracy","Pass","INSP-4"
"QC-120","2025-11-14 02:00:00","PROD-103","WO-10021","Visual Inspection","Pass","INSP-3"
"QC-121","2025-12-08 00:00:00","PROD-101","WO-10023","Functional Test","Pass","INSP-4"
"QC-122","2025-12-08 01:00:00","PROD-101","WO-10023","Functional Test","Fail","INSP-2"
"QC-123","2025-12-08 02:00:00","PROD-101","WO-10023","Dimensional Accuracy","Pass","INSP-5"
"QC-124","2025-12-08 03:00:00","PROD-101","WO-10023","Functional Test","Pass","INSP-2"
"QC-125","2025-12-08 04:00:00","PROD-101","WO-10023","Dimensional Accuracy","Pass","INSP-3"
"QC-126","2025-12-08 05:00:00","PROD-101","WO-10023","Visual Inspection","Pass","INSP-4"
"QC-127","2025-12-08 06:00:00","PROD-101","WO-10023","Functional Test","Pass","INSP-1"
"QC-128","2025-12-08 07:00:00","PROD-101","WO-10023","Functional Test","Pass","INSP-4"
"QC-129","2025-12-08 08:00:00","PROD-101","WO-10023","Visual Inspection","Pass","INSP-5"
"QC-130","2025-12-08 09:00:00","PROD-101","WO-10023","Dimensional Accuracy","Pass","INSP-1"
"QC-131","2025-12-08 10:00:00","PROD-101","WO-10023","Dimensional Accuracy","Pass","INSP-5"
"QC-132","2026-01-10 00:00:00","PROD-104","WO-10027","Functional Test","Pass","INSP-2"
"QC-133","2026-01-10 01:00:00","PROD-104","WO-10027","Visual Inspection","Pass","INSP-1"
"QC-134","2026-01-10 02:00:00","PROD-104","WO-10027","Dimensional Accuracy","Pass","INSP-4"
"QC-135","2026-01-10 03:00:00","PROD-104","WO-10027","Visual Inspection","Pass","INSP-4"
"QC-136","2026-01-10 04:00:00","PROD-104","WO-10027","Visual Inspection","Pass","INSP-3"
"QC-137","2026-01-10 05:00:00","PROD-104","WO-10027","Dimensional Accuracy","Pass","INSP-4"
"QC-138","2026-01-10 06:00:00","PROD-104","WO-10027","Visual Inspection","Fail","INSP-1"
"QC-139","2026-01-10 07:00:00","PROD-104","WO-10027","Visual Inspection","Pass","INSP-2"
"QC-140","2026-01-22 00:00:00","PROD-102","WO-10028","Dimensional Accuracy","Fail","INSP-2"
"QC-141","2026-01-22 01:00:00","PROD-102","WO-10028","Visual Inspection","Pass","INSP-4"
"QC-142","2026-01-22 02:00:00","PROD-102","WO-10028","Visual Inspection","Pass","INSP-3"
"QC-143","2025-06-24 00:00:00","PROD-103","WO-10029","Dimensional Accuracy","Pass","INSP-1"
"QC-144","2025-06-24 01:00:00","PROD-103","WO-10029","Visual Inspection","Pass","INSP-1"
"QC-145","2025-06-24 02:00:00","PROD-103","WO-10029","Dimensional Accuracy","Pass","INSP-5"
"QC-146","2025-06-24 03:00:00","PROD-103","WO-10029","Functional Test","Pass","INSP-4"
"QC-147","2025-06-24 04:00:00","PROD-103","WO-10029","Dimensional Accuracy","Pass","INSP-3"
"QC-148","2025-06-24 05:00:00","PROD-103","WO-10029","Functional Test","Pass","INSP-5"
"QC-149","2025-06-24 06:00:00","PROD-103","WO-10029","Visual Inspection","Pass","INSP-1"
"QC-150","2025-06-24 07:00:00","PROD-103","WO-10029","Functional Test","Pass","INSP-4"
"QC-151","2025-06-24 08:00:00","PROD-103","WO-10029","Dimensional Accuracy","Fail","INSP-4"
"QC-152","2025-06-24 09:00:00","PROD-103","WO-10029","Functional Test","Pass","INSP-1"
"QC-153","2025-06-24 10:00:00","PROD-103","WO-10029","Dimensional Accuracy","Pass","INSP-1"
"QC-154","2025-06-24 11:00:00","PROD-103","WO-10029","Dimensional Accuracy","Pass","INSP-1"
"QC-155","2025-06-24 12:00:00","PROD-103","WO-10029","Dimensional Accuracy","Pass","INSP-2"
"QC-156","2025-12-04 00:00:00","PROD-104","WO-10030","Dimensional Accuracy","Pass","INSP-2"
"QC-157","2025-12-04 01:00:00","PROD-104","WO-10030","Functional Test","Pass","INSP-1"
"QC-158","2025-12-04 02:00:00","PROD-104","WO-10030","Visual Inspection","Pass","INSP-1"
"QC-159","2025-12-04 03:00:00","PROD-104","WO-10030","Functional Test","Pass","INSP-3"
"QC-160","2025-12-04 04:00:00","PROD-104","WO-10030","Visual Inspection","Pass","INSP-1"
"QC-161","2025-12-04 05:00:00","PROD-104","WO-10030","Dimensional Accuracy","Pass","INSP-5"
"QC-162","2025-12-04 06:00:00","PROD-104","WO-10030","Visual Inspection","Pass","INSP-1"
"QC-163","2025-12-04 07:00:00","PROD-104","WO-10030","Dimensional Accuracy","Pass","INSP-4"
"QC-164","2025-12-04 08:00:00","PROD-104","WO-10030","Visual Inspection","Pass","INSP-5"
"QC-165","2025-12-04 09:00:00","PROD-104","WO-10030","Visual Inspection","Pass","INSP-4"
"QC-166","2025-12-04 10:00:00","PROD-104","WO-10030","Dimensional Accuracy","Pass","INSP-2"
"QC-167","2025-12-08 00:00:00","PROD-102","WO-10032","Functional Test","Pass","INSP-3"
"QC-168","2025-12-08 01:00:00","PROD-102","WO-10032","Functional Test","Pass","INSP-1"
"QC-169","2025-12-08 02:00:00","PROD-102","WO-10032","Dimensional Accuracy","Pass","INSP-4"
"QC-170","2025-12-08 03:00:00","PROD-102","WO-10032","Dimensional Accuracy","Pass","INSP-1"
"QC-171","2025-12-08 04:00:00","PROD-102","WO-10032","Functional Test","Pass","INSP-5"
"QC-172","2025-12-08 05:00:00","PROD-102","WO-10032","Dimensional Accuracy","Pass","INSP-1"
"QC-173","2025-12-08 06:00:00","PROD-102","WO-10032","Visual Inspection","Pass","INSP-2"
"QC-174","2025-12-08 07:00:00","PROD-102","WO-10032","Dimensional Accuracy","Pass","INSP-1"
"QC-175","2025-12-08 08:00:00","PROD-102","WO-10032","Functional Test","Pass","INSP-1"
"QC-176","2025-12-08 09:00:00","PROD-102","WO-10032","Dimensional Accuracy","Pass","INSP-2"
"QC-177","2025-12-08 10:00:00","PROD-102","WO-10032","Visual Inspection","Pass","INSP-5"
"QC-178","2025-12-08 11:00:00","PROD-102","WO-10032","Visual Inspection","Pass","INSP-5"
"QC-179","2025-12-08 12:00:00","PROD-102","WO-10032","Functional Test","Pass","INSP-1"
"QC-180","2025-12-08 13:00:00","PROD-102","WO-10032","Functional Test","Pass","INSP-1"
"QC-181","2025-12-08 14:00:00","PROD-102","WO-10032","Dimensional Accuracy","Pass","INSP-5"
"QC-182","2025-12-08 15:00:00","PROD-102","WO-10032","Functional Test","Pass","INSP-5"
"QC-183","2025-08-09 00:00:00","PROD-101","WO-10033","Functional Test","Pass","INSP-1"
"QC-184","2025-08-09 01:00:00","PROD-101","WO-10033","Functional Test","Pass","INSP-1"
"QC-185","2025-08-09 02:00:00","PROD-101","WO-10033","Functional Test","Pass","INSP-1"
"QC-186","2025-08-09 03:00:00","PROD-101","WO-10033","Visual Inspection","Pass","INSP-3"
"QC-187","2025-08-09 04:00:00","PROD-101","WO-10033","Functional Test","Pass","INSP-2"
"QC-188","2025-08-09 05:00:00","PROD-101","WO-10033","Dimensional Accuracy","Pass","INSP-1"
"QC-189","2025-08-09 06:00:00","PROD-101","WO-10033","Dimensional Accuracy","Pass","INSP-4"
"QC-190","2025-07-16 00:00:00","PROD-101","WO-10034","Dimensional Accuracy","Pass","INSP-1"
"QC-191","2025-07-16 01:00:00","PROD-101","WO-10034","Visual Inspection","Fail","INSP-1"
"QC-192","2025-07-16 02:00:00","PROD-101","WO-10034","Visual Inspection","Pass","INSP-4"
"QC-193","2025-07-16 03:00:00","PROD-101","WO-10034","Visual Inspection","Pass","INSP-3"
"QC-194","2025-07-16 04:00:00","PROD-101","WO-10034","Dimensional Accuracy","Pass","INSP-4"
"QC-195","2025-07-16 05:00:00","PROD-101","WO-10034","Dimensional Accuracy","Pass","INSP-4"
"QC-196","2025-07-16 06:00:00","PROD-101","WO-10034","Dimensional Accuracy","Pass","INSP-3"
"QC-197","2025-07-16 07:00:00","PROD-101","WO-10034","Functional Test","Pass","INSP-1"
"QC-198","2025-05-31 00:00:00","PROD-102","WO-10036","Functional Test","Pass","INSP-2"
"QC-199","2025-05-31 01:00:00","PROD-102","WO-10036","Visual Inspection","Pass","INSP-3"
"QC-200","2025-05-31 02:00:00","PROD-102","WO-10036","Dimensional Accuracy","Pass","INSP-5"
"QC-201","2025-05-31 03:00:00","PROD-102","WO-10036","Dimensional Accuracy","Pass","INSP-2"
"QC-202","2025-05-31 04:00:00","PROD-102","WO-10036","Functional Test","Pass","INSP-4"
"QC-203","2025-05-31 05:00:00","PROD-102","WO-10036","Functional Test","Pass","INSP-1"
"QC-204","2025-05-31 06:00:00","PROD-102","WO-10036","Visual Inspection","Pass","INSP-3"
"QC-205","2025-05-31 07:00:00","PROD-102","WO-10036","Functional Test","Pass","INSP-3"
"QC-206","2025-05-31 08:00:00","PROD-102","WO-10036","Dimensional Accuracy","Pass","INSP-3"
"QC-207","2025-05-31 09:00:00","PROD-102","WO-10036","Functional Test","Pass","INSP-4"
"QC-208","2025-05-31 10:00:00","PROD-102","WO-10036","Functional Test","Pass","INSP-4"
"QC-209","2025-05-31 11:00:00","PROD-102","WO-10036","Visual Inspection","Pass","INSP-2"
"QC-210","2025-10-21 00:00:00","PROD-103","WO-10037","Functional Test","Pass","INSP-1"
"QC-211","2025-10-21 01:00:00","PROD-103","WO-10037","Dimensional Accuracy","Pass","INSP-4"
"QC-212","2025-10-21 02:00:00","PROD-103","WO-10037","Visual Inspection","Pass","INSP-3"
"QC-213","2025-10-21 03:00:00","PROD-103","WO-10037","Dimensional Accuracy","Pass","INSP-1"
"QC-214","2025-10-21 04:00:00","PROD-103","WO-10037","Dimensional Accuracy","Pass","INSP-3"
"QC-215","2025-10-21 05:00:00","PROD-103","WO-10037","Visual Inspection","Pass","INSP-5"
"QC-216","2026-01-09 00:00:00","PROD-103","WO-10038","Dimensional Accuracy","Pass","INSP-2"
"QC-217","2026-01-09 01:00:00","PROD-103","WO-10038","Functional Test","Pass","INSP-4"
"QC-218","2026-01-09 02:00:00","PROD-103","WO-10038","Functional Test","Fail","INSP-3"
"QC-219","2026-01-09 03:00:00","PROD-103","WO-10038","Visual Inspection","Pass","INSP-2"
"QC-220","2026-01-09 04:00:00","PROD-103","WO-10038","Dimensional Accuracy","Pass","INSP-2"
"QC-221","2026-01-09 05:00:00","PROD-103","WO-10038","Functional Test","Pass","INSP-1"
"QC-222","2026-01-09 06:00:00","PROD-103","WO-10038","Visual Inspection","Pass","INSP-3"
"QC-223","2025-08-20 00:00:00","PROD-101","WO-10039","Functional Test","Pass","INSP-5"
"QC-224","2025-08-20 01:00:00","PROD-101","WO-10039","Dimensional Accuracy","Pass","INSP-1"
"QC-225","2025-08-20 02:00:00","PROD-101","WO-10039","Visual Inspection","Pass","INSP-1"
"QC-226","2025-08-20 03:00:00","PROD-101","WO-10039","Functional Test","Fail","INSP-3"
"QC-227","2025-08-20 04:00:00","PROD-101","WO-10039","Dimensional Accuracy","Pass","INSP-5"
"QC-228","2025-08-20 05:00:00","PROD-101","WO-10039","Visual Inspection","Pass","INSP-2"
"QC-229","2025-08-20 06:00:00","PROD-101","WO-10039","Visual Inspection","Pass","INSP-5"
"QC-230","2025-08-20 07:00:00","PROD-101","WO-10039","Dimensional Accuracy","Fail","INSP-3"
"QC-231","2025-07-28 00:00:00","PROD-102","WO-10041","Dimensional Accuracy","Pass","INSP-3"
"QC-232","2025-07-28 01:00:00","PROD-102","WO-10041","Visual Inspection","Pass","INSP-1"
"QC-233","2025-07-28 02:00:00","PROD-102","WO-10041","Dimensional Accuracy","Pass","INSP-4"
"QC-234","2025-07-28 03:00:00","PROD-102","WO-10041","Dimensional Accuracy","Pass","INSP-3"
"QC-235","2025-07-28 04:00:00","PROD-102","WO-10041","Visual Inspection","Pass","INSP-1"
"QC-236","2025-07-28 05:00:00","PROD-102","WO-10041","Functional Test","Pass","INSP-4"
"QC-237","2025-07-28 06:00:00","PROD-102","WO-10041","Visual Inspection","Pass","INSP-4"
"QC-238","2025-07-28 07:00:00","PROD-102","WO-10041","Visual Inspection","Pass","INSP-2"
"QC-239","2025-10-26 00:00:00","PROD-104","WO-10042","Visual Inspection","Pass","INSP-1"
"QC-240","2025-10-26 01:00:00","PROD-104","WO-10042","Visual Inspection","Pass","INSP-5"
"QC-241","2025-10-26 02:00:00","PROD-104","WO-10042","Visual Inspection","Pass","INSP-3"
"QC-242","2025-10-26 03:00:00","PROD-104","WO-10042","Functional Test","Pass","INSP-4"
"QC-243","2025-04-04 00:00:00","PROD-104","WO-10043","Functional Test","Pass","INSP-1"
"QC-244","2025-04-04 01:00:00","PROD-104","WO-10043","Visual Inspection","Fail","INSP-2"
"QC-245","2025-12-08 00:00:00","PROD-103","WO-10044","Visual Inspection","Pass","INSP-1"
"QC-246","2025-12-08 01:00:00","PROD-103","WO-10044","Dimensional Accuracy","Pass","INSP-1"
"QC-247","2025-12-08 02:00:00","PROD-103","WO-10044","Dimensional Accuracy","Pass","INSP-5"
"QC-248","2025-12-08 03:00:00","PROD-103","WO-10044","Dimensional Accuracy","Pass","INSP-4"
"QC-249","2025-12-08 04:00:00","PROD-103","WO-10044","Dimensional Accuracy","Pass","INSP-2"
"QC-250","2025-12-08 05:00:00","PROD-103","WO-10044","Visual Inspection","Pass","INSP-1"
"QC-251","2025-12-08 06:00:00","PROD-103","WO-10044","Functional Test","Pass","INSP-1"
"QC-252","2025-12-08 07:00:00","PROD-103","WO-10044","Visual Inspection","Pass","INSP-1"
"QC-253","2025-12-08 08:00:00","PROD-103","WO-10044","Functional Test","Pass","INSP-1"
"QC-254","2025-12-08 09:00:00","PROD-103","WO-10044","Dimensional Accuracy","Pass","INSP-1"
"QC-255","2025-12-08 10:00:00","PROD-103","WO-10044","Functional Test","Pass","INSP-3"
"QC-256","2025-12-08 11:00:00","PROD-103","WO-10044","Dimensional Accuracy","Pass","INSP-2"
"QC-257","2025-12-08 12:00:00","PROD-103","WO-10044","Visual Inspection","Pass","INSP-4"
"QC-258","2025-12-08 13:00:00","PROD-103","WO-10044","Visual Inspection","Pass","INSP-5"
"QC-259","2025-12-08 14:00:00","PROD-103","WO-10044","Functional Test","Pass","INSP-3"
"QC-260","2025-12-08 15:00:00","PROD-103","WO-10044","Functional Test","Pass","INSP-1"
"QC-261","2025-05-27 00:00:00","PROD-103","WO-10045","Visual Inspection","Pass","INSP-2"
"QC-262","2025-05-27 01:00:00","PROD-103","WO-10045","Dimensional Accuracy","Pass","INSP-5"
"QC-263","2025-05-27 02:00:00","PROD-103","WO-10045","Functional Test","Pass","INSP-3"
"QC-264","2025-05-27 03:00:00","PROD-103","WO-10045","Functional Test","Pass","INSP-1"
"QC-265","2025-05-27 04:00:00","PROD-103","WO-10045","Visual Inspection","Pass","INSP-1"
"QC-266","2025-05-27 05:00:00","PROD-103","WO-10045","Functional Test","Pass","INSP-1"
"QC-267","2026-02-20 00:00:00","PROD-102","WO-10047","Visual Inspection","Pass","INSP-1"
"QC-268","2026-02-20 01:00:00","PROD-102","WO-10047","Functional Test","Pass","INSP-4"
"QC-269","2026-02-20 02:00:00","PROD-102","WO-10047","Visual Inspection","Fail","INSP-4"
"QC-270","2026-02-20 03:00:00","PROD-102","WO-10047","Visual Inspection","Pass","INSP-1"
"QC-271","2026-02-20 04:00:00","PROD-102","WO-10047","Dimensional Accuracy","Pass","INSP-4"
"QC-272","2026-02-20 05:00:00","PROD-102","WO-10047","Dimensional Accuracy","Pass","INSP-3"
"QC-273","2026-02-20 06:00:00","PROD-102","WO-10047","Dimensional Accuracy","Pass","INSP-2"
"QC-274","2026-02-20 07:00:00","PROD-102","WO-10047","Dimensional Accuracy","Pass","INSP-2"
"QC-275","2026-02-20 08:00:00","PROD-102","WO-10047","Dimensional Accuracy","Pass","INSP-1"
"QC-276","2026-02-20 09:00:00","PROD-102","WO-10047","Dimensional Accuracy","Pass","INSP-3"
"QC-277","2026-02-20 10:00:00","PROD-102","WO-10047","Dimensional Accuracy","Pass","INSP-1"
"QC-278","2026-02-25 00:00:00","PROD-103","WO-10050","Dimensional Accuracy","Pass","INSP-3"
"QC-279","2026-02-25 01:00:00","PROD-103","WO-10050","Dimensional Accuracy","Pass","INSP-1"
"QC-280","2026-02-25 02:00:00","PROD-103","WO-10050","Dimensional Accuracy","Pass","INSP-2"
"QC-281","2026-02-25 03:00:00","PROD-103","WO-10050","Dimensional Accuracy","Pass","INSP-1"
"QC-282","2026-02-25 04:00:00","PROD-103","WO-10050","Dimensional Accuracy","Pass","INSP-5"
"QC-283","2026-02-25 05:00:00","PROD-103","WO-10050","Dimensional Accuracy","Pass","INSP-3"
"QC-284","2026-02-25 06:00:00","PROD-103","WO-10050","Functional Test","Pass","INSP-1"
"QC-285","2026-02-25 07:00:00","PROD-103","WO-10050","Visual Inspection","Pass","INSP-4"
"QC-286","2026-02-25 08:00:00","PROD-103","WO-10050","Visual Inspection","Pass","INSP-3"
"QC-287","2025-09-07 00:00:00","PROD-102","WO-10051","Visual Inspection","Pass","INSP-3"
"QC-288","2025-09-07 01:00:00","PROD-102","WO-10051","Dimensional Accuracy","Pass","INSP-5"
"QC-289","2025-09-07 02:00:00","PROD-102","WO-10051","Visual Inspection","Pass","INSP-2"
"QC-290","2025-12-03 00:00:00","PROD-103","WO-10053","Functional Test","Pass","INSP-3"
"QC-291","2025-12-03 01:00:00","PROD-103","WO-10053","Functional Test","Pass","INSP-3"
"QC-292","2025-12-03 02:00:00","PROD-103","WO-10053","Dimensional Accuracy","Pass","INSP-5"
"QC-293","2025-04-12 00:00:00","PROD-104","WO-10054","Visual Inspection","Pass","INSP-1"
"QC-294","2025-04-12 01:00:00","PROD-104","WO-10054","Visual Inspection","Fail","INSP-4"
"QC-295","2025-04-12 02:00:00","PROD-104","WO-10054","Visual Inspection","Pass","INSP-4"
"QC-296","2025-04-12 03:00:00","PROD-104","WO-10054","Functional Test","Pass","INSP-3"
"QC-297","2025-04-12 04:00:00","PROD-104","WO-10054","Visual Inspection","Pass","INSP-1"
"QC-298","2025-04-12 05:00:00","PROD-104","WO-10054","Functional Test","Pass","INSP-2"
"QC-299","2025-04-12 06:00:00","PROD-104","WO-10054","Functional Test","Pass","INSP-3"
"QC-300","2025-09-16 00:00:00","PROD-103","WO-10055","Dimensional Accuracy","Pass","INSP-1"
"QC-301","2025-09-16 01:00:00","PROD-103","WO-10055","Dimensional Accuracy","Pass","INSP-1"
"QC-302","2025-09-16 02:00:00","PROD-103","WO-10055","Functional Test","Pass","INSP-5"
"QC-303","2025-09-16 03:00:00","PROD-103","WO-10055","Dimensional Accuracy","Pass","INSP-1"
"QC-304","2025-09-16 04:00:00","PROD-103","WO-10055","Visual Inspection","Pass","INSP-3"
"QC-305","2025-09-16 05:00:00","PROD-103","WO-10055","Dimensional Accuracy","Pass","INSP-1"
"QC-306","2025-09-16 06:00:00","PROD-103","WO-10055","Visual Inspection","Pass","INSP-4"
"QC-307","2025-09-16 07:00:00","PROD-103","WO-10055","Dimensional Accuracy","Pass","INSP-2"
"QC-308","2025-09-16 08:00:00","PROD-103","WO-10055","Dimensional Accuracy","Pass","INSP-1"
"QC-309","2025-10-10 00:00:00","PROD-103","WO-10057","Functional Test","Pass","INSP-2"
"QC-310","2025-10-10 01:00:00","PROD-103","WO-10057","Visual Inspection","Pass","INSP-1"
"QC-311","2025-10-10 02:00:00","PROD-103","WO-10057","Functional Test","Pass","INSP-1"
"QC-312","2025-10-10 03:00:00","PROD-103","WO-10057","Functional Test","Pass","INSP-1"
"QC-313","2025-10-10 04:00:00","PROD-103","WO-10057","Functional Test","Pass","INSP-3"
"QC-314","2025-10-10 05:00:00","PROD-103","WO-10057","Functional Test","Pass","INSP-2"
"QC-315","2025-10-10 06:00:00","PROD-103","WO-10057","Functional Test","Pass","INSP-3"
"QC-316","2025-10-10 07:00:00","PROD-103","WO-10057","Functional Test","Pass","INSP-4"
"QC-317","2025-10-10 08:00:00","PROD-103","WO-10057","Dimensional Accuracy","Pass","INSP-3"
"QC-318","2025-10-10 09:00:00","PROD-103","WO-10057","Visual Inspection","Fail","INSP-3"
"QC-319","2025-10-10 10:00:00","PROD-103","WO-10057","Dimensional Accuracy","Pass","INSP-4"
"QC-320","2025-12-30 00:00:00","PROD-102","WO-10058","Visual Inspection","Pass","INSP-3"
"QC-321","2025-12-30 01:00:00","PROD-102","WO-10058","Functional Test","Pass","INSP-4"
"QC-322","2025-12-30 02:00:00","PROD-102","WO-10058","Functional Test","Pass","INSP-2"
"QC-323","2025-12-30 03:00:00","PROD-102","WO-10058","Dimensional Accuracy","Pass","INSP-1"
"QC-324","2025-12-30 04:00:00","PROD-102","WO-10058","Visual Inspection","Fail","INSP-4"
"QC-325","2025-12-30 05:00:00","PROD-102","WO-10058","Dimensional Accuracy","Pass","INSP-3"
"QC-326","2025-12-30 06:00:00","PROD-102","WO-10058","Visual Inspection","Pass","INSP-4"
"QC-327","2025-08-20 00:00:00","PROD-104","WO-10059","Visual Inspection","Pass","INSP-5"
"QC-328","2025-08-20 01:00:00","PROD-104","WO-10059","Dimensional Accuracy","Pass","INSP-4"
"QC-329","2025-08-20 02:00:00","PROD-104","WO-10059","Dimensional Accuracy","Pass","INSP-2"
"QC-330","2025-08-20 03:00:00","PROD-104","WO-10059","Dimensional Accuracy","Pass","INSP-1"
"QC-331","2025-08-20 04:00:00","PROD-104","WO-10059","Functional Test","Pass","INSP-5"
"QC-332","2025-08-20 05:00:00","PROD-104","WO-10059","Visual Inspection","Pass","INSP-5"
"QC-333","2025-08-20 06:00:00","PROD-104","WO-10059","Visual Inspection","Pass","INSP-2"
"QC-334","2025-04-13 00:00:00","PROD-102","WO-10060","Dimensional Accuracy","Pass","INSP-3"
"QC-335","2025-04-13 01:00:00","PROD-102","WO-10060","Visual Inspection","Pass","INSP-4"
"QC-336","2025-04-13 02:00:00","PROD-102","WO-10060","Dimensional Accuracy","Fail","INSP-4"
"QC-337","2025-04-13 03:00:00","PROD-102","WO-10060","Dimensional Accuracy","Pass","INSP-2"
"QC-338","2025-04-13 04:00:00","PROD-102","WO-10060","Functional Test","Pass","INSP-4"
"QC-339","2026-03-22 00:00:00","PROD-102","WO-10062","Functional Test","Pass","INSP-4"
"QC-340","2026-03-22 01:00:00","PROD-102","WO-10062","Functional Test","Pass","INSP-5"
"QC-341","2026-03-22 02:00:00","PROD-102","WO-10062","Visual Inspection","Pass","INSP-2"
"QC-342","2026-02-27 00:00:00","PROD-103","WO-10063","Visual Inspection","Pass","INSP-1"
"QC-343","2026-02-27 01:00:00","PROD-103","WO-10063","Visual Inspection","Pass","INSP-3"
"QC-344","2026-02-27 02:00:00","PROD-103","WO-10063","Functional Test","Pass","INSP-1"
"QC-345","2026-02-27 03:00:00","PROD-103","WO-10063","Dimensional Accuracy","Pass","INSP-4"
"QC-346","2026-02-27 04:00:00","PROD-103","WO-10063","Visual Inspection","Pass","INSP-5"
"QC-347","2026-02-27 05:00:00","PROD-103","WO-10063","Visual Inspection","Pass","INSP-1"
"QC-348","2026-02-27 06:00:00","PROD-103","WO-10063","Dimensional Accuracy","Pass","INSP-2"
"QC-349","2026-02-27 07:00:00","PROD-103","WO-10063","Visual Inspection","Fail","INSP-5"
"QC-350","2025-05-31 00:00:00","PROD-104","WO-10065","Dimensional Accuracy","Pass","INSP-5"
"QC-351","2025-05-31 01:00:00","PROD-104","WO-10065","Dimensional Accuracy","Pass","INSP-3"
"QC-352","2025-05-31 02:00:00","PROD-104","WO-10065","Visual Inspection","Pass","INSP-4"
"QC-353","2025-05-31 03:00:00","PROD-104","WO-10065","Functional Test","Pass","INSP-3"
"QC-354","2025-05-31 04:00:00","PROD-104","WO-10065","Functional Test","Pass","INSP-2"
"QC-355","2025-05-31 05:00:00","PROD-104","WO-10065","Functional Test","Pass","INSP-4"
"QC-356","2025-05-31 06:00:00","PROD-104","WO-10065","Dimensional Accuracy","Pass","INSP-5"
"QC-357","2025-05-31 07:00:00","PROD-104","WO-10065","Dimensional Accuracy","Pass","INSP-4"
"QC-358","2025-05-31 08:00:00","PROD-104","WO-10065","Functional Test","Pass","INSP-4"
"QC-359","2025-05-31 09:00:00","PROD-104","WO-10065","Visual Inspection","Pass","INSP-2"
"QC-360","2025-05-31 10:00:00","PROD-104","WO-10065","Visual Inspection","Pass","INSP-5"
"QC-361","2026-02-01 00:00:00","PROD-103","WO-10066","Visual Inspection","Pass","INSP-5"
"QC-362","2026-02-01 01:00:00","PROD-103","WO-10066","Visual Inspection","Pass","INSP-2"
"QC-363","2026-02-01 02:00:00","PROD-103","WO-10066","Dimensional Accuracy","Pass","INSP-1"
"QC-364","2026-02-01 03:00:00","PROD-103","WO-10066","Functional Test","Pass","INSP-1"
"QC-365","2026-02-01 04:00:00","PROD-103","WO-10066","Visual Inspection","Pass","INSP-4"
"QC-366","2026-02-01 05:00:00","PROD-103","WO-10066","Visual Inspection","Pass","INSP-2"
"QC-367","2026-02-01 06:00:00","PROD-103","WO-10066","Dimensional Accuracy","Pass","INSP-1"
"QC-368","2026-02-01 07:00:00","PROD-103","WO-10066","Functional Test","Pass","INSP-3"
"QC-369","2026-02-01 08:00:00","PROD-103","WO-10066","Visual Inspection","Pass","INSP-4"
"QC-370","2026-02-01 09:00:00","PROD-103","WO-10066","Visual Inspection","Pass","INSP-3"
"QC-371","2025-10-21 00:00:00","PROD-101","WO-10067","Dimensional Accuracy","Pass","INSP-5"
"QC-372","2025-10-21 01:00:00","PROD-101","WO-10067","Dimensional Accuracy","Pass","INSP-2"
"QC-373","2025-10-21 02:00:00","PROD-101","WO-10067","Visual Inspection","Pass","INSP-5"
"QC-374","2025-10-21 03:00:00","PROD-101","WO-10067","Functional Test","Pass","INSP-1"
"QC-375","2025-11-11 00:00:00","PROD-104","WO-10068","Visual Inspection","Pass","INSP-3"
"QC-376","2025-11-11 01:00:00","PROD-104","WO-10068","Visual Inspection","Pass","INSP-2"
"QC-377","2025-11-11 02:00:00","PROD-104","WO-10068","Visual Inspection","Pass","INSP-2"
"QC-378","2025-11-11 03:00:00","PROD-104","WO-10068","Functional Test","Pass","INSP-4"
"QC-379","2025-11-11 04:00:00","PROD-104","WO-10068","Visual Inspection","Pass","INSP-1"
"QC-380","2025-07-20 00:00:00","PROD-104","WO-10069","Dimensional Accuracy","Pass","INSP-2"
"QC-381","2025-07-20 01:00:00","PROD-104","WO-10069","Dimensional Accuracy","Pass","INSP-1"
"QC-382","2025-07-20 02:00:00","PROD-104","WO-10069","Functional Test","Pass","INSP-5"
"QC-383","2025-07-20 03:00:00","PROD-104","WO-10069","Functional Test","Pass","INSP-1"
"QC-384","2025-07-20 04:00:00","PROD-104","WO-10069","Dimensional Accuracy","Pass","INSP-2"
"QC-385","2025-07-20 05:00:00","PROD-104","WO-10069","Functional Test","Pass","INSP-3"
"QC-386","2025-07-20 06:00:00","PROD-104","WO-10069","Dimensional Accuracy","Pass","INSP-1"
"QC-387","2025-07-20 07:00:00","PROD-104","WO-10069","Dimensional Accuracy","Pass","INSP-2"
"QC-388","2025-07-20 08:00:00","PROD-104","WO-10069","Visual Inspection","Pass","INSP-3"
"QC-389","2025-07-20 09:00:00","PROD-104","WO-10069","Functional Test","Pass","INSP-4"
"QC-390","2026-03-26 00:00:00","PROD-104","WO-10070","Visual Inspection","Pass","INSP-1"
"QC-391","2026-03-26 01:00:00","PROD-104","WO-10070","Visual Inspection","Pass","INSP-3"
"QC-392","2026-03-26 02:00:00","PROD-104","WO-10070","Dimensional Accuracy","Pass","INSP-5"
"QC-393","2026-03-26 03:00:00","PROD-104","WO-10070","Functional Test","Pass","INSP-5"
"QC-394","2026-03-26 04:00:00","PROD-104","WO-10070","Dimensional Accuracy","Pass","INSP-2"
"QC-395","2025-08-28 00:00:00","PROD-103","WO-10071","Visual Inspection","Fail","INSP-5"
"QC-396","2025-08-28 01:00:00","PROD-103","WO-10071","Functional Test","Pass","INSP-3"
"QC-397","2025-08-28 02:00:00","PROD-103","WO-10071","Dimensional Accuracy","Pass","INSP-1"
"QC-398","2025-08-28 03:00:00","PROD-103","WO-10071","Visual Inspection","Pass","INSP-1"
"QC-399","2025-08-28 04:00:00","PROD-103","WO-10071","Functional Test","Pass","INSP-1"
"QC-400","2025-08-28 05:00:00","PROD-103","WO-10071","Visual Inspection","Pass","INSP-5"
"QC-401","2025-08-28 06:00:00","PROD-103","WO-10071","Visual Inspection","Pass","INSP-2"
"QC-402","2025-08-28 07:00:00","PROD-103","WO-10071","Functional Test","Pass","INSP-4"
"QC-403","2025-08-28 08:00:00","PROD-103","WO-10071","Dimensional Accuracy","Pass","INSP-4"
"QC-404","2025-08-28 09:00:00","PROD-103","WO-10071","Functional Test","Pass","INSP-5"
"QC-405","2025-08-28 10:00:00","PROD-103","WO-10071","Functional Test","Pass","INSP-1"
"QC-406","2025-09-19 00:00:00","PROD-104","WO-10072","Dimensional Accuracy","Pass","INSP-3"
"QC-407","2025-09-19 01:00:00","PROD-104","WO-10072","Dimensional Accuracy","Pass","INSP-3"
"QC-408","2025-09-19 02:00:00","PROD-104","WO-10072","Visual Inspection","Pass","INSP-2"
"QC-409","2025-06-22 00:00:00","PROD-101","WO-10073","Visual Inspection","Pass","INSP-1"
"QC-410","2025-06-22 01:00:00","PROD-101","WO-10073","Functional Test","Pass","INSP-3"
"QC-411","2025-06-22 02:00:00","PROD-101","WO-10073","Visual Inspection","Pass","INSP-3"
"QC-412","2025-06-22 03:00:00","PROD-101","WO-10073","Dimensional Accuracy","Pass","INSP-3"
"QC-413","2025-06-22 04:00:00","PROD-101","WO-10073","Visual Inspection","Pass","INSP-5"
"QC-414","2025-06-22 05:00:00","PROD-101","WO-10073","Dimensional Accuracy","Pass","INSP-1"
"QC-415","2025-06-22 06:00:00","PROD-101","WO-10073","Functional Test","Pass","INSP-2"
"QC-416","2025-06-22 07:00:00","PROD-101","WO-10073","Functional Test","Pass","INSP-1"
"QC-417","2025-06-22 08:00:00","PROD-101","WO-10073","Visual Inspection","Pass","INSP-1"
"QC-418","2025-06-22 09:00:00","PROD-101","WO-10073","Functional Test","Pass","INSP-4"
"QC-419","2025-06-22 10:00:00","PROD-101","WO-10073","Dimensional Accuracy","Pass","INSP-3"
"QC-420","2025-06-22 11:00:00","PROD-101","WO-10073","Functional Test","Pass","INSP-1"
"QC-421","2026-02-23 00:00:00","PROD-103","WO-10074","Visual Inspection","Pass","INSP-2"
"QC-422","2026-02-23 01:00:00","PROD-103","WO-10074","Visual Inspection","Pass","INSP-4"
"QC-423","2026-02-23 02:00:00","PROD-103","WO-10074","Dimensional Accuracy","Fail","INSP-5"
"QC-424","2026-02-23 03:00:00","PROD-103","WO-10074","Visual Inspection","Pass","INSP-1"
"QC-425","2026-02-23 04:00:00","PROD-103","WO-10074","Dimensional Accuracy","Pass","INSP-3"
"QC-426","2026-02-23 05:00:00","PROD-103","WO-10074","Functional Test","Pass","INSP-3"
"QC-427","2026-02-23 06:00:00","PROD-103","WO-10074","Visual Inspection","Pass","INSP-1"
"QC-428","2026-02-23 07:00:00","PROD-103","WO-10074","Functional Test","Pass","INSP-3"
"QC-429","2025-04-10 00:00:00","PROD-102","WO-10075","Dimensional Accuracy","Pass","INSP-3"
"QC-430","2025-04-10 01:00:00","PROD-102","WO-10075","Dimensional Accuracy","Pass","INSP-5"
"QC-431","2025-04-10 02:00:00","PROD-102","WO-10075","Functional Test","Pass","INSP-5"
"QC-432","2025-04-10 03:00:00","PROD-102","WO-10075","Functional Test","Pass","INSP-5"
"QC-433","2025-04-10 04:00:00","PROD-102","WO-10075","Functional Test","Pass","INSP-5"
"QC-434","2025-04-10 05:00:00","PROD-102","WO-10075","Visual Inspection","Pass","INSP-1"
"QC-435","2026-01-26 00:00:00","PROD-101","WO-10076","Functional Test","Pass","INSP-1"
"QC-436","2026-01-26 01:00:00","PROD-101","WO-10076","Visual Inspection","Pass","INSP-5"
"QC-437","2026-01-26 02:00:00","PROD-101","WO-10076","Functional Test","Pass","INSP-3"
"QC-438","2026-01-26 03:00:00","PROD-101","WO-10076","Functional Test","Pass","INSP-5"
"QC-439","2026-01-26 04:00:00","PROD-101","WO-10076","Functional Test","Pass","INSP-1"
"QC-440","2026-01-26 05:00:00","PROD-101","WO-10076","Visual Inspection","Pass","INSP-2"
"QC-441","2026-01-26 06:00:00","PROD-101","WO-10076","Visual Inspection","Pass","INSP-4"
"QC-442","2026-01-26 07:00:00","PROD-101","WO-10076","Visual Inspection","Pass","INSP-2"
"QC-443","2026-03-01 00:00:00","PROD-102","WO-10077","Functional Test","Fail","INSP-4"
"QC-444","2026-03-01 01:00:00","PROD-102","WO-10077","Visual Inspection","Pass","INSP-5"
"QC-445","2026-03-01 02:00:00","PROD-102","WO-10077","Dimensional Accuracy","Pass","INSP-5"
"QC-446","2026-03-01 03:00:00","PROD-102","WO-10077","Functional Test","Pass","INSP-4"
"QC-447","2026-03-01 04:00:00","PROD-102","WO-10077","Dimensional Accuracy","Pass","INSP-5"
"QC-448","2026-03-01 05:00:00","PROD-102","WO-10077","Visual Inspection","Pass","INSP-5"
"QC-449","2026-03-01 06:00:00","PROD-102","WO-10077","Functional Test","Pass","INSP-3"
"QC-450","2026-03-01 07:00:00","PROD-102","WO-10077","Functional Test","Pass","INSP-4"
"QC-451","2025-04-25 00:00:00","PROD-102","WO-10078","Dimensional Accuracy","Pass","INSP-4"
"QC-452","2025-04-25 01:00:00","PROD-102","WO-10078","Dimensional Accuracy","Pass","INSP-5"
"QC-453","2025-04-25 02:00:00","PROD-102","WO-10078","Visual Inspection","Pass","INSP-1"
"QC-454","2025-04-25 03:00:00","PROD-102","WO-10078","Dimensional Accuracy","Pass","INSP-3"
"QC-455","2025-04-25 04:00:00","PROD-102","WO-10078","Dimensional Accuracy","Pass","INSP-2"
"QC-456","2025-09-30 00:00:00","PROD-104","WO-10081","Visual Inspection","Pass","INSP-4"
"QC-457","2025-09-30 01:00:00","PROD-104","WO-10081","Visual Inspection","Pass","INSP-2"
"QC-458","2025-09-30 02:00:00","PROD-104","WO-10081","Dimensional Accuracy","Pass","INSP-3"
"QC-459","2025-09-30 03:00:00","PROD-104","WO-10081","Functional Test","Pass","INSP-4"
"QC-460","2025-09-30 04:00:00","PROD-104","WO-10081","Functional Test","Pass","INSP-3"
"QC-461","2025-09-30 05:00:00","PROD-104","WO-10081","Functional Test","Pass","INSP-1"
"QC-462","2025-09-30 06:00:00","PROD-104","WO-10081","Visual Inspection","Pass","INSP-3"
"QC-463","2025-09-30 07:00:00","PROD-104","WO-10081","Dimensional Accuracy","Pass","INSP-2"
"QC-464","2025-12-29 00:00:00","PROD-102","WO-10082","Visual Inspection","Pass","INSP-4"
"QC-465","2025-12-29 01:00:00","PROD-102","WO-10082","Visual Inspection","Pass","INSP-1"
"QC-466","2025-12-29 02:00:00","PROD-102","WO-10082","Functional Test","Pass","INSP-3"
"QC-467","2025-12-29 03:00:00","PROD-102","WO-10082","Dimensional Accuracy","Pass","INSP-2"
"QC-468","2025-12-29 04:00:00","PROD-102","WO-10082","Functional Test","Pass","INSP-4"
"QC-469","2025-12-29 05:00:00","PROD-102","WO-10082","Functional Test","Pass","INSP-4"
"QC-470","2025-12-29 06:00:00","PROD-102","WO-10082","Visual Inspection","Pass","INSP-1"
"QC-471","2025-12-29 07:00:00","PROD-102","WO-10082","Dimensional Accuracy","Pass","INSP-1"
"QC-472","2025-12-29 08:00:00","PROD-102","WO-10082","Dimensional Accuracy","Pass","INSP-4"
"QC-473","2025-12-29 09:00:00","PROD-102","WO-10082","Dimensional Accuracy","Pass","INSP-3"
"QC-474","2025-12-29 10:00:00","PROD-102","WO-10082","Functional Test","Pass","INSP-3"
"QC-475","2025-12-29 11:00:00","PROD-102","WO-10082","Dimensional Accuracy","Pass","INSP-3"
"QC-476","2025-12-29 12:00:00","PROD-102","WO-10082","Functional Test","Pass","INSP-1"
"QC-477","2025-06-22 00:00:00","PROD-102","WO-10083","Visual Inspection","Pass","INSP-2"
"QC-478","2025-06-22 01:00:00","PROD-102","WO-10083","Functional Test","Pass","INSP-4"
"QC-479","2025-06-22 02:00:00","PROD-102","WO-10083","Dimensional Accuracy","Pass","INSP-1"
"QC-480","2025-06-22 03:00:00","PROD-102","WO-10083","Functional Test","Pass","INSP-4"
"QC-481","2025-11-18 00:00:00","PROD-103","WO-10084","Dimensional Accuracy","Pass","INSP-3"
"QC-482","2025-11-18 01:00:00","PROD-103","WO-10084","Visual Inspection","Pass","INSP-5"
"QC-483","2025-04-10 00:00:00","PROD-102","WO-10085","Visual Inspection","Pass","INSP-1"
"QC-484","2025-04-10 01:00:00","PROD-102","WO-10085","Visual Inspection","Pass","INSP-4"
"QC-485","2025-04-10 02:00:00","PROD-102","WO-10085","Dimensional Accuracy","Pass","INSP-1"
"QC-486","2025-04-10 03:00:00","PROD-102","WO-10085","Functional Test","Pass","INSP-3"
"QC-487","2025-05-23 00:00:00","PROD-104","WO-10089","Functional Test","Fail","INSP-2"
"QC-488","2025-05-23 01:00:00","PROD-104","WO-10089","Dimensional Accuracy","Pass","INSP-5"
"QC-489","2025-05-23 02:00:00","PROD-104","WO-10089","Dimensional Accuracy","Pass","INSP-1"
"QC-490","2025-05-23 03:00:00","PROD-104","WO-10089","Visual Inspection","Pass","INSP-2"
"QC-491","2025-05-23 04:00:00","PROD-104","WO-10089","Dimensional Accuracy","Pass","INSP-4"
"QC-492","2025-06-04 00:00:00","PROD-104","WO-10091","Visual Inspection","Pass","INSP-5"
"QC-493","2025-06-04 01:00:00","PROD-104","WO-10091","Visual Inspection","Pass","INSP-4"
"QC-494","2025-06-04 02:00:00","PROD-104","WO-10091","Visual Inspection","Pass","INSP-4"
"QC-495","2025-06-04 03:00:00","PROD-104","WO-10091","Dimensional Accuracy","Pass","INSP-2"
"QC-496","2025-06-04 04:00:00","PROD-104","WO-10091","Functional Test","Pass","INSP-5"
"QC-497","2025-06-04 05:00:00","PROD-104","WO-10091","Visual Inspection","Pass","INSP-5"
"QC-498","2025-06-04 06:00:00","PROD-104","WO-10091","Visual Inspection","Pass","INSP-2"
"QC-499","2025-12-18 00:00:00","PROD-103","WO-10094","Dimensional Accuracy","Pass","INSP-4"
"QC-500","2025-12-18 01:00:00","PROD-103","WO-10094","Visual Inspection","Pass","INSP-3"
"QC-501","2025-12-18 02:00:00","PROD-103","WO-10094","Functional Test","Pass","INSP-5"
"QC-502","2025-12-18 03:00:00","PROD-103","WO-10094","Visual Inspection","Pass","INSP-5"
"QC-503","2025-12-18 04:00:00","PROD-103","WO-10094","Visual Inspection","Pass","INSP-2"
"QC-504","2025-12-18 05:00:00","PROD-103","WO-10094","Functional Test","Pass","INSP-4"
"QC-505","2025-12-18 06:00:00","PROD-103","WO-10094","Functional Test","Pass","INSP-3"
"QC-506","2025-12-18 07:00:00","PROD-103","WO-10094","Dimensional Accuracy","Pass","INSP-5"
"QC-507","2025-12-18 08:00:00","PROD-103","WO-10094","Functional Test","Fail","INSP-5"
"QC-508","2025-12-18 09:00:00","PROD-103","WO-10094","Visual Inspection","Pass","INSP-5"
"QC-509","2025-12-18 10:00:00","PROD-103","WO-10094","Dimensional Accuracy","Pass","INSP-5"
"QC-510","2025-12-18 11:00:00","PROD-103","WO-10094","Visual Inspection","Pass","INSP-2"
"QC-511","2025-12-18 12:00:00","PROD-103","WO-10094","Dimensional Accuracy","Pass","INSP-4"
"QC-512","2025-12-18 13:00:00","PROD-103","WO-10094","Dimensional Accuracy","Fail","INSP-2"
"QC-513","2025-12-18 14:00:00","PROD-103","WO-10094","Visual Inspection","Pass","INSP-4"
"QC-514","2025-12-18 15:00:00","PROD-103","WO-10094","Dimensional Accuracy","Pass","INSP-3"
"QC-515","2026-02-15 00:00:00","PROD-103","WO-10096","Dimensional Accuracy","Pass","INSP-4"
"QC-516","2026-02-15 01:00:00","PROD-103","WO-10096","Dimensional Accuracy","Pass","INSP-2"
"QC-517","2026-02-15 02:00:00","PROD-103","WO-10096","Visual Inspection","Pass","INSP-2"
"QC-518","2026-02-15 03:00:00","PROD-103","WO-10096","Dimensional Accuracy","Pass","INSP-5"
"QC-519","2026-02-15 04:00:00","PROD-103","WO-10096","Functional Test","Fail","INSP-1"
"QC-520","2026-02-15 05:00:00","PROD-103","WO-10096","Dimensional Accuracy","Pass","INSP-1"
"QC-521","2026-02-15 06:00:00","PROD-103","WO-10096","Visual Inspection","Pass","INSP-1"
"QC-522","2026-02-15 07:00:00","PROD-103","WO-10096","Functional Test","Pass","INSP-5"
"QC-523","2026-02-15 08:00:00","PROD-103","WO-10096","Dimensional Accuracy","Pass","INSP-1"
"QC-524","2026-02-15 09:00:00","PROD-103","WO-10096","Visual Inspection","Pass","INSP-1"
"QC-525","2026-01-26 00:00:00","PROD-102","WO-10097","Functional Test","Pass","INSP-5"
"QC-526","2026-01-26 01:00:00","PROD-102","WO-10097","Dimensional Accuracy","Pass","INSP-5"
"QC-527","2026-01-26 02:00:00","PROD-102","WO-10097","Visual Inspection","Pass","INSP-5"
"QC-528","2026-01-26 03:00:00","PROD-102","WO-10097","Dimensional Accuracy","Pass","INSP-4"
"QC-529","2026-01-26 04:00:00","PROD-102","WO-10097","Visual Inspection","Pass","INSP-5"
"QC-530","2026-01-26 05:00:00","PROD-102","WO-10097","Functional Test","Pass","INSP-2"
"QC-531","2026-01-26 06:00:00","PROD-102","WO-10097","Visual Inspection","Pass","INSP-5"
"QC-532","2026-01-26 07:00:00","PROD-102","WO-10097","Functional Test","Pass","INSP-3"
"QC-533","2025-06-10 00:00:00","PROD-104","WO-10100","Dimensional Accuracy","Pass","INSP-1"
"QC-534","2025-06-10 01:00:00","PROD-104","WO-10100","Dimensional Accuracy","Pass","INSP-1"
"QC-535","2025-06-10 02:00:00","PROD-104","WO-10100","Functional Test","Pass","INSP-1"
"QC-536","2025-06-10 03:00:00","PROD-104","WO-10100","Dimensional Accuracy","Pass","INSP-3"
"QC-537","2025-06-10 04:00:00","PROD-104","WO-10100","Functional Test","Pass","INSP-2"
"QC-538","2025-06-10 05:00:00","PROD-104","WO-10100","Visual Inspection","Pass","INSP-3"
"QC-539","2025-06-10 06:00:00","PROD-104","WO-10100","Visual Inspection","Pass","INSP-5"
"QC-540","2025-06-10 07:00:00","PROD-104","WO-10100","Visual Inspection","Pass","INSP-2"
"QC-541","2025-07-28 00:00:00","PROD-104","WO-10102","Functional Test","Fail","INSP-5"
"QC-542","2025-07-28 01:00:00","PROD-104","WO-10102","Visual Inspection","Pass","INSP-3"
"QC-543","2025-07-28 02:00:00","PROD-104","WO-10102","Dimensional Accuracy","Pass","INSP-2"
"QC-544","2025-07-28 03:00:00","PROD-104","WO-10102","Dimensional Accuracy","Pass","INSP-2"
"QC-545","2025-07-28 04:00:00","PROD-104","WO-10102","Dimensional Accuracy","Pass","INSP-4"
"QC-546","2025-07-28 05:00:00","PROD-104","WO-10102","Visual Inspection","Pass","INSP-1"
"QC-547","2025-07-28 06:00:00","PROD-104","WO-10102","Functional Test","Pass","INSP-1"
"QC-548","2025-07-28 07:00:00","PROD-104","WO-10102","Functional Test","Pass","INSP-1"
"QC-549","2025-09-10 00:00:00","PROD-102","WO-10103","Functional Test","Pass","INSP-1"
"QC-550","2025-09-10 01:00:00","PROD-102","WO-10103","Dimensional Accuracy","Pass","INSP-5"
"QC-551","2025-09-10 02:00:00","PROD-102","WO-10103","Visual Inspection","Pass","INSP-3"
"QC-552","2025-09-10 03:00:00","PROD-102","WO-10103","Functional Test","Fail","INSP-4"
"QC-553","2025-09-10 04:00:00","PROD-102","WO-10103","Dimensional Accuracy","Pass","INSP-3"
"QC-554","2025-09-10 05:00:00","PROD-102","WO-10103","Dimensional Accuracy","Pass","INSP-5"
"QC-555","2025-09-10 06:00:00","PROD-102","WO-10103","Dimensional Accuracy","Pass","INSP-3"
"QC-556","2025-09-10 07:00:00","PROD-102","WO-10103","Dimensional Accuracy","Pass","INSP-3"
"QC-557","2025-04-09 00:00:00","PROD-104","WO-10107","Visual Inspection","Pass","INSP-3"
"QC-558","2025-04-09 01:00:00","PROD-104","WO-10107","Visual Inspection","Pass","INSP-1"
"QC-559","2025-04-09 02:00:00","PROD-104","WO-10107","Visual Inspection","Pass","INSP-2"
"QC-560","2025-04-09 03:00:00","PROD-104","WO-10107","Dimensional Accuracy","Pass","INSP-4"
"QC-561","2025-04-09 04:00:00","PROD-104","WO-10107","Visual Inspection","Pass","INSP-5"
"QC-562","2025-04-09 05:00:00","PROD-104","WO-10107","Dimensional Accuracy","Pass","INSP-5"
"QC-563","2025-04-09 06:00:00","PROD-104","WO-10107","Functional Test","Pass","INSP-2"
"QC-564","2025-04-09 07:00:00","PROD-104","WO-10107","Visual Inspection","Pass","INSP-1"
"QC-565","2025-04-09 08:00:00","PROD-104","WO-10107","Functional Test","Pass","INSP-3"
"QC-566","2025-04-06 00:00:00","PROD-104","WO-10108","Functional Test","Pass","INSP-1"
"QC-567","2025-04-06 01:00:00","PROD-104","WO-10108","Functional Test","Pass","INSP-4"
"QC-568","2025-04-06 02:00:00","PROD-104","WO-10108","Functional Test","Pass","INSP-4"
"QC-569","2025-04-06 03:00:00","PROD-104","WO-10108","Dimensional Accuracy","Pass","INSP-3"
"QC-570","2025-04-06 04:00:00","PROD-104","WO-10108","Functional Test","Pass","INSP-1"
"QC-571","2025-04-06 05:00:00","PROD-104","WO-10108","Functional Test","Pass","INSP-4"
"QC-572","2025-04-06 06:00:00","PROD-104","WO-10108","Dimensional Accuracy","Pass","INSP-5"
"QC-573","2025-04-06 07:00:00","PROD-104","WO-10108","Functional Test","Pass","INSP-3"
"QC-574","2025-04-06 08:00:00","PROD-104","WO-10108","Functional Test","Pass","INSP-1"
"QC-575","2025-04-06 09:00:00","PROD-104","WO-10108","Functional Test","Pass","INSP-4"
"QC-576","2025-12-06 00:00:00","PROD-103","WO-10109","Functional Test","Pass","INSP-4"
"QC-577","2025-12-06 01:00:00","PROD-103","WO-10109","Dimensional Accuracy","Pass","INSP-1"
"QC-578","2025-12-06 02:00:00","PROD-103","WO-10109","Functional Test","Pass","INSP-4"
"QC-579","2025-12-06 03:00:00","PROD-103","WO-10109","Visual Inspection","Pass","INSP-1"
"QC-580","2025-08-26 00:00:00","PROD-102","WO-10110","Dimensional Accuracy","Pass","INSP-4"
"QC-581","2025-08-26 01:00:00","PROD-102","WO-10110","Functional Test","Pass","INSP-2"
"QC-582","2025-08-26 02:00:00","PROD-102","WO-10110","Functional Test","Pass","INSP-2"
"QC-583","2026-03-12 00:00:00","PROD-104","WO-10112","Visual Inspection","Pass","INSP-5"
"QC-584","2026-03-12 01:00:00","PROD-104","WO-10112","Dimensional Accuracy","Pass","INSP-3"
"QC-585","2026-03-12 02:00:00","PROD-104","WO-10112","Visual Inspection","Pass","INSP-2"
"QC-586","2026-03-12 03:00:00","PROD-104","WO-10112","Dimensional Accuracy","Fail","INSP-3"
"QC-587","2026-03-12 04:00:00","PROD-104","WO-10112","Visual Inspection","Pass","INSP-1"
"QC-588","2026-03-12 05:00:00","PROD-104","WO-10112","Visual Inspection","Pass","INSP-3"
"QC-589","2026-03-12 06:00:00","PROD-104","WO-10112","Functional Test","Pass","INSP-3"
"QC-590","2026-03-12 07:00:00","PROD-104","WO-10112","Dimensional Accuracy","Pass","INSP-1"
"QC-591","2026-03-12 08:00:00","PROD-104","WO-10112","Functional Test","Pass","INSP-5"
"QC-592","2026-03-12 09:00:00","PROD-104","WO-10112","Functional Test","Pass","INSP-2"
"QC-593","2026-03-12 10:00:00","PROD-104","WO-10112","Visual Inspection","Pass","INSP-5"
"QC-594","2026-03-12 11:00:00","PROD-104","WO-10112","Visual Inspection","Pass","INSP-2"
"QC-595","2025-12-14 00:00:00","PROD-101","WO-10113","Functional Test","Pass","INSP-2"
"QC-596","2025-12-14 01:00:00","PROD-101","WO-10113","Functional Test","Pass","INSP-4"
"QC-597","2025-12-14 02:00:00","PROD-101","WO-10113","Dimensional Accuracy","Pass","INSP-5"
"QC-598","2025-12-14 03:00:00","PROD-101","WO-10113","Dimensional Accuracy","Pass","INSP-5"
"QC-599","2025-12-14 04:00:00","PROD-101","WO-10113","Visual Inspection","Pass","INSP-1"
"QC-600","2025-12-13 00:00:00","PROD-103","WO-10114","Dimensional Accuracy","Pass","INSP-3"
"QC-601","2025-12-13 01:00:00","PROD-103","WO-10114","Dimensional Accuracy","Pass","INSP-3"
"QC-602","2025-12-13 02:00:00","PROD-103","WO-10114","Visual Inspection","Pass","INSP-3"
"QC-603","2025-12-13 03:00:00","PROD-103","WO-10114","Visual Inspection","Pass","INSP-4"
"QC-604","2025-09-16 00:00:00","PROD-102","WO-10115","Dimensional Accuracy","Pass","INSP-4"
"QC-605","2025-09-16 01:00:00","PROD-102","WO-10115","Visual Inspection","Pass","INSP-4"
"QC-606","2025-09-16 02:00:00","PROD-102","WO-10115","Visual Inspection","Pass","INSP-2"
"QC-607","2025-09-16 03:00:00","PROD-102","WO-10115","Dimensional Accuracy","Pass","INSP-2"
"QC-608","2025-09-16 04:00:00","PROD-102","WO-10115","Dimensional Accuracy","Pass","INSP-5"
"QC-609","2025-09-16 05:00:00","PROD-102","WO-10115","Dimensional Accuracy","Pass","INSP-1"
"QC-610","2025-08-29 00:00:00","PROD-102","WO-10116","Dimensional Accuracy","Pass","INSP-1"
"QC-611","2025-08-29 01:00:00","PROD-102","WO-10116","Dimensional Accuracy","Pass","INSP-1"
"QC-612","2025-08-29 02:00:00","PROD-102","WO-10116","Visual Inspection","Pass","INSP-5"
"QC-613","2025-08-29 03:00:00","PROD-102","WO-10116","Dimensional Accuracy","Pass","INSP-1"
"QC-614","2025-08-29 04:00:00","PROD-102","WO-10116","Dimensional Accuracy","Pass","INSP-1"
"QC-615","2025-08-29 05:00:00","PROD-102","WO-10116","Visual Inspection","Pass","INSP-3"
"QC-616","2025-08-29 06:00:00","PROD-102","WO-10116","Dimensional Accuracy","Pass","INSP-5"
"QC-617","2025-08-29 07:00:00","PROD-102","WO-10116","Functional Test","Fail","INSP-5"
"QC-618","2025-08-29 08:00:00","PROD-102","WO-10116","Dimensional Accuracy","Pass","INSP-2"
"QC-619","2025-08-29 09:00:00","PROD-102","WO-10116","Dimensional Accuracy","Pass","INSP-1"
"QC-620","2025-08-29 10:00:00","PROD-102","WO-10116","Dimensional Accuracy","Pass","INSP-2"
"QC-621","2026-03-05 00:00:00","PROD-104","WO-10117","Dimensional Accuracy","Pass","INSP-3"
"QC-622","2026-03-05 01:00:00","PROD-104","WO-10117","Visual Inspection","Pass","INSP-1"
"QC-623","2026-03-05 02:00:00","PROD-104","WO-10117","Dimensional Accuracy","Pass","INSP-5"
"QC-624","2026-03-05 03:00:00","PROD-104","WO-10117","Functional Test","Pass","INSP-2"
"QC-625","2025-04-16 00:00:00","PROD-102","WO-10123","Dimensional Accuracy","Pass","INSP-1"
"QC-626","2025-04-16 01:00:00","PROD-102","WO-10123","Functional Test","Pass","INSP-1"
"QC-627","2025-04-16 02:00:00","PROD-102","WO-10123","Dimensional Accuracy","Pass","INSP-5"
"QC-628","2025-04-16 03:00:00","PROD-102","WO-10123","Visual Inspection","Pass","INSP-2"
"QC-629","2025-04-16 04:00:00","PROD-102","WO-10123","Functional Test","Pass","INSP-1"
"QC-630","2025-04-16 05:00:00","PROD-102","WO-10123","Dimensional Accuracy","Pass","INSP-1"
"QC-631","2025-04-16 06:00:00","PROD-102","WO-10123","Functional Test","Pass","INSP-3"
"QC-632","2025-04-16 07:00:00","PROD-102","WO-10123","Visual Inspection","Fail","INSP-2"
"QC-633","2025-04-16 08:00:00","PROD-102","WO-10123","Dimensional Accuracy","Pass","INSP-5"
"QC-634","2025-04-16 09:00:00","PROD-102","WO-10123","Visual Inspection","Pass","INSP-4"
"QC-635","2025-04-16 10:00:00","PROD-102","WO-10123","Dimensional Accuracy","Pass","INSP-3"
"QC-636","2025-04-16 11:00:00","PROD-102","WO-10123","Functional Test","Pass","INSP-1"
"QC-637","2025-04-16 12:00:00","PROD-102","WO-10123","Dimensional Accuracy","Pass","INSP-3"
"QC-638","2026-03-29 00:00:00","PROD-102","WO-10124","Visual Inspection","Pass","INSP-5"
"QC-639","2026-03-29 01:00:00","PROD-102","WO-10124","Visual Inspection","Pass","INSP-4"
"QC-640","2026-03-29 02:00:00","PROD-102","WO-10124","Visual Inspection","Pass","INSP-4"
"QC-641","2026-03-29 03:00:00","PROD-102","WO-10124","Dimensional Accuracy","Pass","INSP-2"
"QC-642","2026-03-29 04:00:00","PROD-102","WO-10124","Dimensional Accuracy","Pass","INSP-3"
"QC-643","2026-03-29 05:00:00","PROD-102","WO-10124","Functional Test","Pass","INSP-4"
"QC-644","2025-08-19 00:00:00","PROD-101","WO-10127","Functional Test","Pass","INSP-3"
"QC-645","2025-08-19 01:00:00","PROD-101","WO-10127","Visual Inspection","Pass","INSP-5"
"QC-646","2025-08-19 02:00:00","PROD-101","WO-10127","Visual Inspection","Pass","INSP-5"
"QC-647","2025-08-19 03:00:00","PROD-101","WO-10127","Dimensional Accuracy","Pass","INSP-2"
"QC-648","2025-08-19 04:00:00","PROD-101","WO-10127","Visual Inspection","Pass","INSP-4"
"QC-649","2025-08-19 05:00:00","PROD-101","WO-10127","Visual Inspection","Pass","INSP-3"
"QC-650","2025-08-19 06:00:00","PROD-101","WO-10127","Visual Inspection","Pass","INSP-2"
"QC-651","2025-08-19 07:00:00","PROD-101","WO-10127","Functional Test","Pass","INSP-5"
"QC-652","2025-08-19 08:00:00","PROD-101","WO-10127","Dimensional Accuracy","Pass","INSP-3"
"QC-653","2025-08-19 09:00:00","PROD-101","WO-10127","Functional Test","Pass","INSP-3"
"QC-654","2025-08-19 10:00:00","PROD-101","WO-10127","Visual Inspection","Pass","INSP-3"
"QC-655","2025-08-25 00:00:00","PROD-103","WO-10128","Visual Inspection","Pass","INSP-1"
"QC-656","2025-08-25 01:00:00","PROD-103","WO-10128","Dimensional Accuracy","Pass","INSP-3"
"QC-657","2025-08-25 02:00:00","PROD-103","WO-10128","Dimensional Accuracy","Pass","INSP-1"
"QC-658","2025-08-25 03:00:00","PROD-103","WO-10128","Functional Test","Pass","INSP-2"
"QC-659","2025-06-13 00:00:00","PROD-104","WO-10129","Functional Test","Pass","INSP-4"
"QC-660","2025-06-13 01:00:00","PROD-104","WO-10129","Visual Inspection","Fail","INSP-5"
"QC-661","2025-06-13 02:00:00","PROD-104","WO-10129","Visual Inspection","Pass","INSP-3"
"QC-662","2025-05-14 00:00:00","PROD-104","WO-10130","Visual Inspection","Pass","INSP-5"
"QC-663","2025-05-14 01:00:00","PROD-104","WO-10130","Visual Inspection","Pass","INSP-5"
"QC-664","2025-05-14 02:00:00","PROD-104","WO-10130","Functional Test","Pass","INSP-3"
"QC-665","2025-05-14 03:00:00","PROD-104","WO-10130","Dimensional Accuracy","Pass","INSP-2"
"QC-666","2025-05-14 04:00:00","PROD-104","WO-10130","Visual Inspection","Pass","INSP-1"
"QC-667","2025-08-30 00:00:00","PROD-102","WO-10131","Dimensional Accuracy","Pass","INSP-1"
"QC-668","2025-08-30 01:00:00","PROD-102","WO-10131","Functional Test","Pass","INSP-2"
"QC-669","2025-08-30 02:00:00","PROD-102","WO-10131","Visual Inspection","Pass","INSP-5"
"QC-670","2025-08-30 03:00:00","PROD-102","WO-10131","Functional Test","Pass","INSP-3"
"QC-671","2025-08-30 04:00:00","PROD-102","WO-10131","Dimensional Accuracy","Pass","INSP-5"
"QC-672","2025-08-30 05:00:00","PROD-102","WO-10131","Functional Test","Pass","INSP-1"
"QC-673","2025-08-30 06:00:00","PROD-102","WO-10131","Dimensional Accuracy","Fail","INSP-1"
"QC-674","2025-08-30 07:00:00","PROD-102","WO-10131","Visual Inspection","Pass","INSP-2"
"QC-675","2025-08-30 08:00:00","PROD-102","WO-10131","Functional Test","Fail","INSP-5"
"QC-676","2025-08-30 09:00:00","PROD-102","WO-10131","Functional Test","Pass","INSP-4"
"QC-677","2025-08-30 10:00:00","PROD-102","WO-10131","Dimensional Accuracy","Pass","INSP-1"
"QC-678","2026-02-24 00:00:00","PROD-102","WO-10133","Functional Test","Pass","INSP-1"
"QC-679","2026-02-24 01:00:00","PROD-102","WO-10133","Visual Inspection","Fail","INSP-1"
"QC-680","2026-02-24 02:00:00","PROD-102","WO-10133","Dimensional Accuracy","Pass","INSP-1"
"QC-681","2025-07-14 00:00:00","PROD-104","WO-10134","Dimensional Accuracy","Pass","INSP-1"
"QC-682","2025-07-14 01:00:00","PROD-104","WO-10134","Dimensional Accuracy","Pass","INSP-4"
"QC-683","2025-07-14 02:00:00","PROD-104","WO-10134","Visual Inspection","Pass","INSP-4"
"QC-684","2025-07-14 03:00:00","PROD-104","WO-10134","Visual Inspection","Pass","INSP-4"
"QC-685","2025-07-14 04:00:00","PROD-104","WO-10134","Functional Test","Pass","INSP-2"
"QC-686","2025-07-14 05:00:00","PROD-104","WO-10134","Functional Test","Pass","INSP-4"
"QC-687","2025-07-14 06:00:00","PROD-104","WO-10134","Visual Inspection","Pass","INSP-1"
"QC-688","2025-07-14 07:00:00","PROD-104","WO-10134","Dimensional Accuracy","Pass","INSP-2"
"QC-689","2025-08-08 00:00:00","PROD-101","WO-10135","Functional Test","Pass","INSP-5"
"QC-690","2025-08-08 01:00:00","PROD-101","WO-10135","Functional Test","Pass","INSP-2"
"QC-691","2025-08-08 02:00:00","PROD-101","WO-10135","Dimensional Accuracy","Pass","INSP-5"
"QC-692","2025-08-08 03:00:00","PROD-101","WO-10135","Dimensional Accuracy","Pass","INSP-3"
"QC-693","2025-08-08 04:00:00","PROD-101","WO-10135","Dimensional Accuracy","Fail","INSP-3"
"QC-694","2025-08-08 05:00:00","PROD-101","WO-10135","Functional Test","Pass","INSP-1"
"QC-695","2025-08-08 06:00:00","PROD-101","WO-10135","Dimensional Accuracy","Pass","INSP-1"
"QC-696","2025-08-08 07:00:00","PROD-101","WO-10135","Visual Inspection","Pass","INSP-1"
"QC-697","2025-08-08 08:00:00","PROD-101","WO-10135","Dimensional Accuracy","Pass","INSP-1"
"QC-698","2025-08-08 09:00:00","PROD-101","WO-10135","Dimensional Accuracy","Pass","INSP-5"
"QC-699","2026-03-18 00:00:00","PROD-104","WO-10137","Visual Inspection","Pass","INSP-1"
"QC-700","2026-03-18 01:00:00","PROD-104","WO-10137","Dimensional Accuracy","Pass","INSP-2"
"QC-701","2026-03-18 02:00:00","PROD-104","WO-10137","Functional Test","Pass","INSP-4"
"QC-702","2026-03-18 03:00:00","PROD-104","WO-10137","Dimensional Accuracy","Pass","INSP-1"
"QC-703","2026-03-18 04:00:00","PROD-104","WO-10137","Visual Inspection","Pass","INSP-3"
"QC-704","2026-03-18 05:00:00","PROD-104","WO-10137","Functional Test","Pass","INSP-4"
"QC-705","2026-03-18 06:00:00","PROD-104","WO-10137","Visual Inspection","Pass","INSP-1"
"QC-706","2026-03-18 07:00:00","PROD-104","WO-10137","Visual Inspection","Pass","INSP-4"
"QC-707","2026-03-18 08:00:00","PROD-104","WO-10137","Functional Test","Pass","INSP-5"
"QC-708","2026-03-18 09:00:00","PROD-104","WO-10137","Functional Test","Pass","INSP-3"
"QC-709","2026-03-18 10:00:00","PROD-104","WO-10137","Dimensional Accuracy","Pass","INSP-3"
"QC-710","2026-03-18 11:00:00","PROD-104","WO-10137","Dimensional Accuracy","Pass","INSP-4"
"QC-711","2026-01-31 00:00:00","PROD-104","WO-10139","Visual Inspection","Pass","INSP-3"
"QC-712","2026-01-31 01:00:00","PROD-104","WO-10139","Visual Inspection","Pass","INSP-4"
"QC-713","2026-01-31 02:00:00","PROD-104","WO-10139","Dimensional Accuracy","Pass","INSP-5"
"QC-714","2026-01-31 03:00:00","PROD-104","WO-10139","Dimensional Accuracy","Pass","INSP-4"
"QC-715","2026-01-31 04:00:00","PROD-104","WO-10139","Functional Test","Pass","INSP-3"
"QC-716","2026-01-31 05:00:00","PROD-104","WO-10139","Functional Test","Pass","INSP-4"
"QC-717","2026-01-31 06:00:00","PROD-104","WO-10139","Visual Inspection","Pass","INSP-1"
"QC-718","2026-01-31 07:00:00","PROD-104","WO-10139","Functional Test","Fail","INSP-2"
"QC-719","2026-01-31 08:00:00","PROD-104","WO-10139","Functional Test","Pass","INSP-5"
"QC-720","2026-01-31 09:00:00","PROD-104","WO-10139","Dimensional Accuracy","Pass","INSP-3"
"QC-721","2026-01-31 10:00:00","PROD-104","WO-10139","Visual Inspection","Pass","INSP-3"
"QC-722","2026-01-31 11:00:00","PROD-104","WO-10139","Dimensional Accuracy","Pass","INSP-3"
"QC-723","2026-01-31 12:00:00","PROD-104","WO-10139","Visual Inspection","Pass","INSP-4"
"QC-724","2026-01-31 13:00:00","PROD-104","WO-10139","Visual Inspection","Pass","INSP-4"
"QC-725","2026-03-21 00:00:00","PROD-104","WO-10140","Functional Test","Pass","INSP-1"
"QC-726","2026-03-21 01:00:00","PROD-104","WO-10140","Functional Test","Pass","INSP-5"
"QC-727","2026-03-21 02:00:00","PROD-104","WO-10140","Functional Test","Pass","INSP-4"
"QC-728","2025-10-13 00:00:00","PROD-102","WO-10142","Functional Test","Pass","INSP-2"
"QC-729","2025-10-13 01:00:00","PROD-102","WO-10142","Visual Inspection","Pass","INSP-5"
"QC-730","2025-10-13 02:00:00","PROD-102","WO-10142","Dimensional Accuracy","Pass","INSP-5"
"QC-731","2025-10-13 03:00:00","PROD-102","WO-10142","Visual Inspection","Pass","INSP-1"
"QC-732","2025-10-13 04:00:00","PROD-102","WO-10142","Dimensional Accuracy","Pass","INSP-3"
"QC-733","2025-10-13 05:00:00","PROD-102","WO-10142","Dimensional Accuracy","Pass","INSP-1"
"QC-734","2025-10-13 06:00:00","PROD-102","WO-10142","Dimensional Accuracy","Fail","INSP-2"
"QC-735","2026-02-01 00:00:00","PROD-104","WO-10143","Dimensional Accuracy","Fail","INSP-1"
"QC-736","2026-02-01 01:00:00","PROD-104","WO-10143","Functional Test","Pass","INSP-2"
"QC-737","2026-02-01 02:00:00","PROD-104","WO-10143","Dimensional Accuracy","Pass","INSP-1"
"QC-738","2026-02-01 03:00:00","PROD-104","WO-10143","Functional Test","Pass","INSP-1"
"QC-739","2026-01-09 00:00:00","PROD-101","WO-10144","Functional Test","Pass","INSP-4"
"QC-740","2026-01-09 01:00:00","PROD-101","WO-10144","Functional Test","Pass","INSP-5"
"QC-741","2026-01-09 02:00:00","PROD-101","WO-10144","Visual Inspection","Pass","INSP-5"
"QC-742","2025-10-13 00:00:00","PROD-101","WO-10145","Functional Test","Pass","INSP-2"
"QC-743","2025-10-13 01:00:00","PROD-101","WO-10145","Functional Test","Pass","INSP-5"
"QC-744","2025-10-13 02:00:00","PROD-101","WO-10145","Functional Test","Pass","INSP-3"
"QC-745","2026-02-15 00:00:00","PROD-104","WO-10146","Dimensional Accuracy","Pass","INSP-4"
"QC-746","2026-02-15 01:00:00","PROD-104","WO-10146","Functional Test","Pass","INSP-1"
"QC-747","2026-02-15 02:00:00","PROD-104","WO-10146","Functional Test","Pass","INSP-3"
"QC-748","2026-02-15 03:00:00","PROD-104","WO-10146","Visual Inspection","Pass","INSP-4"
"QC-749","2026-02-15 04:00:00","PROD-104","WO-10146","Functional Test","Pass","INSP-4"
"QC-750","2026-02-15 05:00:00","PROD-104","WO-10146","Functional Test","Pass","INSP-5"
"QC-751","2025-09-26 00:00:00","PROD-103","WO-10150","Visual Inspection","Pass","INSP-3"
"QC-752","2025-09-26 01:00:00","PROD-103","WO-10150","Dimensional Accuracy","Pass","INSP-2"
"QC-753","2025-09-26 02:00:00","PROD-103","WO-10150","Dimensional Accuracy","Pass","INSP-5"
"QC-754","2025-09-26 03:00:00","PROD-103","WO-10150","Visual Inspection","Pass","INSP-1"
"QC-755","2025-09-26 04:00:00","PROD-103","WO-10150","Functional Test","Pass","INSP-4"
"QC-756","2025-09-26 05:00:00","PROD-103","WO-10150","Functional Test","Pass","INSP-4"
"QC-757","2025-09-26 06:00:00","PROD-103","WO-10150","Visual Inspection","Pass","INSP-5"
"QC-758","2025-09-26 07:00:00","PROD-103","WO-10150","Functional Test","Pass","INSP-3"
"QC-759","2025-09-26 08:00:00","PROD-103","WO-10150","Visual Inspection","Pass","INSP-3"
"QC-760","2025-09-26 09:00:00","PROD-103","WO-10150","Visual Inspection","Pass","INSP-1"
"QC-761","2025-09-26 10:00:00","PROD-103","WO-10150","Dimensional Accuracy","Pass","INSP-2"
"QC-762","2025-04-15 00:00:00","PROD-103","WO-10151","Dimensional Accuracy","Pass","INSP-3"
"QC-763","2025-04-15 01:00:00","PROD-103","WO-10151","Visual Inspection","Pass","INSP-5"
"QC-764","2025-04-15 02:00:00","PROD-103","WO-10151","Functional Test","Pass","INSP-2"
"QC-765","2025-04-15 03:00:00","PROD-103","WO-10151","Visual Inspection","Pass","INSP-5"
"QC-766","2025-04-15 04:00:00","PROD-103","WO-10151","Functional Test","Pass","INSP-1"
"QC-767","2026-01-14 00:00:00","PROD-103","WO-10152","Dimensional Accuracy","Pass","INSP-1"
"QC-768","2026-01-14 01:00:00","PROD-103","WO-10152","Visual Inspection","Fail","INSP-4"
"QC-769","2026-01-14 02:00:00","PROD-103","WO-10152","Dimensional Accuracy","Pass","INSP-2"
"QC-770","2026-01-14 03:00:00","PROD-103","WO-10152","Dimensional Accuracy","Pass","INSP-1"
"QC-771","2026-01-14 04:00:00","PROD-103","WO-10152","Functional Test","Pass","INSP-2"
"QC-772","2026-01-14 05:00:00","PROD-103","WO-10152","Dimensional Accuracy","Pass","INSP-4"
"QC-773","2026-01-14 06:00:00","PROD-103","WO-10152","Functional Test","Pass","INSP-5"
"QC-774","2026-01-14 07:00:00","PROD-103","WO-10152","Dimensional Accuracy","Pass","INSP-5"
"QC-775","2026-01-14 08:00:00","PROD-103","WO-10152","Functional Test","Pass","INSP-2"
"QC-776","2026-01-14 09:00:00","PROD-103","WO-10152","Dimensional Accuracy","Pass","INSP-1"
"QC-777","2026-01-14 10:00:00","PROD-103","WO-10152","Visual Inspection","Pass","INSP-4"
"QC-778","2026-01-14 11:00:00","PROD-103","WO-10152","Dimensional Accuracy","Pass","INSP-2"
"QC-779","2025-09-02 00:00:00","PROD-103","WO-10155","Functional Test","Pass","INSP-5"
"QC-780","2025-09-02 01:00:00","PROD-103","WO-10155","Dimensional Accuracy","Pass","INSP-1"
"QC-781","2025-09-02 02:00:00","PROD-103","WO-10155","Visual Inspection","Pass","INSP-5"
"QC-782","2025-09-02 03:00:00","PROD-103","WO-10155","Visual Inspection","Fail","INSP-4"
"QC-783","2026-03-30 00:00:00","PROD-103","WO-10156","Functional Test","Pass","INSP-1"
"QC-784","2026-03-30 01:00:00","PROD-103","WO-10156","Dimensional Accuracy","Pass","INSP-3"
"QC-785","2026-03-30 02:00:00","PROD-103","WO-10156","Functional Test","Pass","INSP-4"
"QC-786","2026-03-30 03:00:00","PROD-103","WO-10156","Visual Inspection","Pass","INSP-2"
"QC-787","2026-03-30 04:00:00","PROD-103","WO-10156","Visual Inspection","Pass","INSP-1"
"QC-788","2026-03-30 05:00:00","PROD-103","WO-10156","Dimensional Accuracy","Pass","INSP-3"
"QC-789","2026-03-30 06:00:00","PROD-103","WO-10156","Functional Test","Pass","INSP-2"
"QC-790","2026-03-30 07:00:00","PROD-103","WO-10156","Dimensional Accuracy","Pass","INSP-4"
"QC-791","2026-03-30 08:00:00","PROD-103","WO-10156","Functional Test","Pass","INSP-5"
"QC-792","2026-03-30 09:00:00","PROD-103","WO-10156","Dimensional Accuracy","Pass","INSP-4"
"QC-793","2026-03-30 10:00:00","PROD-103","WO-10156","Functional Test","Pass","INSP-4"
"QC-794","2025-04-15 00:00:00","PROD-103","WO-10160","Visual Inspection","Pass","INSP-2"
"QC-795","2025-04-15 01:00:00","PROD-103","WO-10160","Dimensional Accuracy","Pass","INSP-5"
"QC-796","2025-04-15 02:00:00","PROD-103","WO-10160","Visual Inspection","Pass","INSP-3"
"QC-797","2025-04-15 03:00:00","PROD-103","WO-10160","Dimensional Accuracy","Pass","INSP-2"
"QC-798","2025-04-15 04:00:00","PROD-103","WO-10160","Dimensional Accuracy","Pass","INSP-3"
"QC-799","2025-04-15 05:00:00","PROD-103","WO-10160","Functional Test","Pass","INSP-3"
"QC-800","2025-11-06 00:00:00","PROD-101","WO-10162","Visual Inspection","Pass","INSP-1"
"QC-801","2025-11-06 01:00:00","PROD-101","WO-10162","Functional Test","Fail","INSP-5"
"QC-802","2025-11-06 02:00:00","PROD-101","WO-10162","Visual Inspection","Pass","INSP-4"
"QC-803","2025-11-06 03:00:00","PROD-101","WO-10162","Visual Inspection","Pass","INSP-5"
"QC-804","2025-11-06 04:00:00","PROD-101","WO-10162","Visual Inspection","Pass","INSP-4"
"QC-805","2025-11-06 05:00:00","PROD-101","WO-10162","Visual Inspection","Pass","INSP-2"
"QC-806","2026-02-06 00:00:00","PROD-103","WO-10163","Dimensional Accuracy","Pass","INSP-2"
"QC-807","2026-02-06 01:00:00","PROD-103","WO-10163","Visual Inspection","Pass","INSP-1"
"QC-808","2026-02-06 02:00:00","PROD-103","WO-10163","Functional Test","Pass","INSP-1"
"QC-809","2025-07-26 00:00:00","PROD-102","WO-10165","Visual Inspection","Pass","INSP-3"
"QC-810","2025-07-26 01:00:00","PROD-102","WO-10165","Dimensional Accuracy","Pass","INSP-4"
"QC-811","2025-07-26 02:00:00","PROD-102","WO-10165","Dimensional Accuracy","Pass","INSP-5"
"QC-812","2025-07-26 03:00:00","PROD-102","WO-10165","Dimensional Accuracy","Pass","INSP-5"
"QC-813","2025-07-26 04:00:00","PROD-102","WO-10165","Dimensional Accuracy","Pass","INSP-2"
"QC-814","2025-07-26 05:00:00","PROD-102","WO-10165","Visual Inspection","Pass","INSP-4"
"QC-815","2025-07-26 06:00:00","PROD-102","WO-10165","Functional Test","Pass","INSP-5"
"QC-816","2025-07-26 07:00:00","PROD-102","WO-10165","Visual Inspection","Pass","INSP-2"
"QC-817","2026-02-19 00:00:00","PROD-103","WO-10166","Dimensional Accuracy","Pass","INSP-5"
"QC-818","2026-02-19 01:00:00","PROD-103","WO-10166","Dimensional Accuracy","Pass","INSP-2"
"QC-819","2026-02-19 02:00:00","PROD-103","WO-10166","Functional Test","Pass","INSP-5"
"QC-820","2026-02-19 03:00:00","PROD-103","WO-10166","Functional Test","Pass","INSP-3"
"QC-821","2026-02-19 04:00:00","PROD-103","WO-10166","Functional Test","Fail","INSP-1"
"QC-822","2026-02-19 05:00:00","PROD-103","WO-10166","Visual Inspection","Pass","INSP-1"
"QC-823","2026-02-19 06:00:00","PROD-103","WO-10166","Dimensional Accuracy","Pass","INSP-1"
"QC-824","2026-02-19 07:00:00","PROD-103","WO-10166","Dimensional Accuracy","Pass","INSP-1"
"QC-825","2026-02-19 08:00:00","PROD-103","WO-10166","Visual Inspection","Pass","INSP-2"
"QC-826","2026-02-19 09:00:00","PROD-103","WO-10166","Functional Test","Pass","INSP-5"
"QC-827","2026-02-19 10:00:00","PROD-103","WO-10166","Functional Test","Pass","INSP-1"
"QC-828","2026-02-19 11:00:00","PROD-103","WO-10166","Functional Test","Pass","INSP-1"
"QC-829","2026-02-19 12:00:00","PROD-103","WO-10166","Dimensional Accuracy","Pass","INSP-3"
"QC-830","2026-02-19 13:00:00","PROD-103","WO-10166","Visual Inspection","Pass","INSP-4"
"QC-831","2025-07-05 00:00:00","PROD-102","WO-10168","Visual Inspection","Pass","INSP-4"
"QC-832","2025-07-05 01:00:00","PROD-102","WO-10168","Visual Inspection","Pass","INSP-3"
"QC-833","2025-07-05 02:00:00","PROD-102","WO-10168","Dimensional Accuracy","Pass","INSP-3"
"QC-834","2025-07-05 03:00:00","PROD-102","WO-10168","Visual Inspection","Pass","INSP-1"
"QC-835","2025-07-05 04:00:00","PROD-102","WO-10168","Visual Inspection","Pass","INSP-5"
"QC-836","2025-07-05 05:00:00","PROD-102","WO-10168","Dimensional Accuracy","Pass","INSP-1"
"QC-837","2025-07-05 06:00:00","PROD-102","WO-10168","Functional Test","Pass","INSP-1"
"QC-838","2025-11-29 00:00:00","PROD-101","WO-10170","Functional Test","Pass","INSP-1"
"QC-839","2025-11-29 01:00:00","PROD-101","WO-10170","Visual Inspection","Fail","INSP-2"
"QC-840","2025-11-29 02:00:00","PROD-101","WO-10170","Dimensional Accuracy","Pass","INSP-2"
"QC-841","2025-11-29 03:00:00","PROD-101","WO-10170","Functional Test","Fail","INSP-3"
"QC-842","2025-11-29 04:00:00","PROD-101","WO-10170","Functional Test","Pass","INSP-4"
"QC-843","2025-11-29 05:00:00","PROD-101","WO-10170","Dimensional Accuracy","Pass","INSP-1"
"QC-844","2025-11-29 06:00:00","PROD-101","WO-10170","Visual Inspection","Pass","INSP-4"
"QC-845","2025-11-29 07:00:00","PROD-101","WO-10170","Visual Inspection","Pass","INSP-2"
"QC-846","2025-11-29 08:00:00","PROD-101","WO-10170","Visual Inspection","Pass","INSP-5"
"QC-847","2025-11-29 09:00:00","PROD-101","WO-10170","Visual Inspection","Pass","INSP-3"
"QC-848","2025-11-29 10:00:00","PROD-101","WO-10170","Functional Test","Pass","INSP-1"
"QC-849","2025-11-29 11:00:00","PROD-101","WO-10170","Dimensional Accuracy","Pass","INSP-1"
"QC-850","2025-11-29 12:00:00","PROD-101","WO-10170","Dimensional Accuracy","Pass","INSP-2"
"QC-851","2025-10-01 00:00:00","PROD-103","WO-10172","Functional Test","Pass","INSP-5"
"QC-852","2025-10-01 01:00:00","PROD-103","WO-10172","Dimensional Accuracy","Pass","INSP-1"
"QC-853","2025-10-01 02:00:00","PROD-103","WO-10172","Functional Test","Pass","INSP-5"
"QC-854","2025-10-01 03:00:00","PROD-103","WO-10172","Dimensional Accuracy","Pass","INSP-5"
"QC-855","2025-10-01 04:00:00","PROD-103","WO-10172","Dimensional Accuracy","Pass","INSP-2"
"QC-856","2025-10-01 05:00:00","PROD-103","WO-10172","Functional Test","Fail","INSP-2"
"QC-857","2025-10-01 06:00:00","PROD-103","WO-10172","Visual Inspection","Pass","INSP-3"
"QC-858","2025-10-01 07:00:00","PROD-103","WO-10172","Functional Test","Pass","INSP-3"
"QC-859","2025-10-01 08:00:00","PROD-103","WO-10172","Functional Test","Pass","INSP-2"
"QC-860","2025-10-01 09:00:00","PROD-103","WO-10172","Dimensional Accuracy","Fail","INSP-2"
"QC-861","2025-10-01 10:00:00","PROD-103","WO-10172","Visual Inspection","Pass","INSP-1"
"QC-862","2025-10-01 11:00:00","PROD-103","WO-10172","Functional Test","Pass","INSP-4"
"QC-863","2025-10-01 12:00:00","PROD-103","WO-10172","Visual Inspection","Pass","INSP-1"
"QC-864","2026-02-08 00:00:00","PROD-103","WO-10173","Functional Test","Pass","INSP-3"
"QC-865","2026-02-08 01:00:00","PROD-103","WO-10173","Dimensional Accuracy","Pass","INSP-3"
"QC-866","2026-02-08 02:00:00","PROD-103","WO-10173","Dimensional Accuracy","Pass","INSP-3"
"QC-867","2026-02-08 03:00:00","PROD-103","WO-10173","Visual Inspection","Pass","INSP-3"
"QC-868","2026-02-08 04:00:00","PROD-103","WO-10173","Dimensional Accuracy","Pass","INSP-3"
"QC-869","2026-02-08 05:00:00","PROD-103","WO-10173","Visual Inspection","Pass","INSP-2"
"QC-870","2026-02-08 06:00:00","PROD-103","WO-10173","Dimensional Accuracy","Pass","INSP-2"
"QC-871","2026-02-08 07:00:00","PROD-103","WO-10173","Visual Inspection","Pass","INSP-3"
"QC-872","2026-02-08 08:00:00","PROD-103","WO-10173","Dimensional Accuracy","Pass","INSP-5"
"QC-873","2026-02-08 09:00:00","PROD-103","WO-10173","Dimensional Accuracy","Pass","INSP-5"
"QC-874","2026-02-08 10:00:00","PROD-103","WO-10173","Visual Inspection","Pass","INSP-1"
"QC-875","2026-02-08 11:00:00","PROD-103","WO-10173","Dimensional Accuracy","Pass","INSP-2"
"QC-876","2025-11-01 00:00:00","PROD-102","WO-10176","Visual Inspection","Pass","INSP-2"
"QC-877","2025-11-01 01:00:00","PROD-102","WO-10176","Visual Inspection","Pass","INSP-2"
"QC-878","2026-01-10 00:00:00","PROD-102","WO-10179","Dimensional Accuracy","Pass","INSP-4"
"QC-879","2026-01-10 01:00:00","PROD-102","WO-10179","Dimensional Accuracy","Pass","INSP-2"
"QC-880","2026-01-10 02:00:00","PROD-102","WO-10179","Dimensional Accuracy","Fail","INSP-3"
"QC-881","2026-01-10 03:00:00","PROD-102","WO-10179","Visual Inspection","Pass","INSP-5"
"QC-882","2026-01-10 04:00:00","PROD-102","WO-10179","Functional Test","Pass","INSP-4"
"QC-883","2026-01-10 05:00:00","PROD-102","WO-10179","Functional Test","Pass","INSP-5"
"QC-884","2026-01-10 06:00:00","PROD-102","WO-10179","Dimensional Accuracy","Pass","INSP-1"
"QC-885","2026-01-10 07:00:00","PROD-102","WO-10179","Visual Inspection","Pass","INSP-2"
"QC-886","2026-01-10 08:00:00","PROD-102","WO-10179","Visual Inspection","Pass","INSP-1"
"QC-887","2026-01-10 09:00:00","PROD-102","WO-10179","Visual Inspection","Pass","INSP-2"
"QC-888","2026-01-10 10:00:00","PROD-102","WO-10179","Visual Inspection","Pass","INSP-5"
"QC-889","2026-01-10 11:00:00","PROD-102","WO-10179","Functional Test","Pass","INSP-2"
"QC-890","2026-01-10 12:00:00","PROD-102","WO-10179","Functional Test","Pass","INSP-3"
"QC-891","2026-01-10 13:00:00","PROD-102","WO-10179","Dimensional Accuracy","Pass","INSP-5"
"QC-892","2026-01-10 14:00:00","PROD-102","WO-10179","Dimensional Accuracy","Pass","INSP-1"
"QC-893","2025-10-10 00:00:00","PROD-103","WO-10180","Functional Test","Pass","INSP-5"
"QC-894","2025-10-10 01:00:00","PROD-103","WO-10180","Dimensional Accuracy","Pass","INSP-5"
"QC-895","2025-10-10 02:00:00","PROD-103","WO-10180","Visual Inspection","Pass","INSP-3"
"QC-896","2025-10-10 03:00:00","PROD-103","WO-10180","Visual Inspection","Pass","INSP-2"
"QC-897","2025-10-10 04:00:00","PROD-103","WO-10180","Visual Inspection","Pass","INSP-3"
"QC-898","2025-10-10 05:00:00","PROD-103","WO-10180","Functional Test","Pass","INSP-5"
"QC-899","2025-10-10 06:00:00","PROD-103","WO-10180","Visual Inspection","Pass","INSP-3"
"QC-900","2025-10-10 07:00:00","PROD-103","WO-10180","Visual Inspection","Pass","INSP-3"
"QC-901","2025-10-10 08:00:00","PROD-103","WO-10180","Functional Test","Pass","INSP-2"
"QC-902","2025-10-10 09:00:00","PROD-103","WO-10180","Visual Inspection","Pass","INSP-4"
"QC-903","2025-10-10 10:00:00","PROD-103","WO-10180","Dimensional Accuracy","Pass","INSP-3"
"QC-904","2025-10-10 11:00:00","PROD-103","WO-10180","Dimensional Accuracy","Pass","INSP-3"
"QC-905","2025-10-10 12:00:00","PROD-103","WO-10180","Functional Test","Pass","INSP-5"
"QC-906","2025-10-23 00:00:00","PROD-102","WO-10181","Visual Inspection","Pass","INSP-3"
"QC-907","2025-10-23 01:00:00","PROD-102","WO-10181","Dimensional Accuracy","Pass","INSP-4"
"QC-908","2025-10-23 02:00:00","PROD-102","WO-10181","Visual Inspection","Pass","INSP-2"
"QC-909","2025-10-23 03:00:00","PROD-102","WO-10181","Dimensional Accuracy","Pass","INSP-4"
"QC-910","2025-10-23 04:00:00","PROD-102","WO-10181","Visual Inspection","Pass","INSP-4"
"QC-911","2025-05-09 00:00:00","PROD-102","WO-10183","Visual Inspection","Pass","INSP-5"
"QC-912","2025-05-09 01:00:00","PROD-102","WO-10183","Functional Test","Pass","INSP-1"
"QC-913","2025-05-09 02:00:00","PROD-102","WO-10183","Functional Test","Pass","INSP-2"
"QC-914","2025-05-09 03:00:00","PROD-102","WO-10183","Dimensional Accuracy","Pass","INSP-1"
"QC-915","2025-05-09 04:00:00","PROD-102","WO-10183","Functional Test","Pass","INSP-1"
"QC-916","2025-05-09 05:00:00","PROD-102","WO-10183","Visual Inspection","Pass","INSP-2"
"QC-917","2025-05-09 06:00:00","PROD-102","WO-10183","Functional Test","Pass","INSP-3"
"QC-918","2025-05-09 07:00:00","PROD-102","WO-10183","Functional Test","Pass","INSP-1"
"QC-919","2025-05-09 08:00:00","PROD-102","WO-10183","Dimensional Accuracy","Pass","INSP-5"
"QC-920","2025-05-09 09:00:00","PROD-102","WO-10183","Visual Inspection","Pass","INSP-3"
"QC-921","2025-05-09 10:00:00","PROD-102","WO-10183","Visual Inspection","Pass","INSP-1"
"QC-922","2025-05-09 11:00:00","PROD-102","WO-10183","Visual Inspection","Pass","INSP-4"
"QC-923","2025-05-09 12:00:00","PROD-102","WO-10183","Functional Test","Pass","INSP-3"
"QC-924","2025-05-09 13:00:00","PROD-102","WO-10183","Dimensional Accuracy","Pass","INSP-3"
"QC-925","2025-12-26 00:00:00","PROD-102","WO-10185","Visual Inspection","Pass","INSP-3"
"QC-926","2025-12-26 01:00:00","PROD-102","WO-10185","Visual Inspection","Pass","INSP-2"
"QC-927","2025-12-26 02:00:00","PROD-102","WO-10185","Visual Inspection","Pass","INSP-5"
"QC-928","2025-12-26 03:00:00","PROD-102","WO-10185","Visual Inspection","Pass","INSP-3"
"QC-929","2025-12-26 04:00:00","PROD-102","WO-10185","Visual Inspection","Pass","INSP-5"
"QC-930","2025-12-26 05:00:00","PROD-102","WO-10185","Functional Test","Pass","INSP-2"
"QC-931","2025-12-26 06:00:00","PROD-102","WO-10185","Functional Test","Pass","INSP-1"
"QC-932","2026-01-26 00:00:00","PROD-104","WO-10187","Visual Inspection","Pass","INSP-5"
"QC-933","2026-01-26 01:00:00","PROD-104","WO-10187","Visual Inspection","Pass","INSP-5"
"QC-934","2026-01-26 02:00:00","PROD-104","WO-10187","Visual Inspection","Pass","INSP-4"
"QC-935","2026-01-26 03:00:00","PROD-104","WO-10187","Dimensional Accuracy","Pass","INSP-2"
"QC-936","2026-01-26 04:00:00","PROD-104","WO-10187","Visual Inspection","Pass","INSP-2"
"QC-937","2026-01-26 05:00:00","PROD-104","WO-10187","Functional Test","Pass","INSP-4"
"QC-938","2026-01-26 06:00:00","PROD-104","WO-10187","Visual Inspection","Pass","INSP-5"
"QC-939","2026-02-05 00:00:00","PROD-102","WO-10188","Dimensional Accuracy","Pass","INSP-3"
"QC-940","2026-02-05 01:00:00","PROD-102","WO-10188","Functional Test","Pass","INSP-5"
"QC-941","2026-02-05 02:00:00","PROD-102","WO-10188","Visual Inspection","Pass","INSP-5"
"QC-942","2026-02-05 03:00:00","PROD-102","WO-10188","Visual Inspection","Pass","INSP-1"
"QC-943","2026-02-05 04:00:00","PROD-102","WO-10188","Visual Inspection","Pass","INSP-1"
"QC-944","2026-02-05 05:00:00","PROD-102","WO-10188","Dimensional Accuracy","Pass","INSP-4"
"QC-945","2026-01-19 00:00:00","PROD-104","WO-10191","Dimensional Accuracy","Pass","INSP-5"
"QC-946","2026-01-19 01:00:00","PROD-104","WO-10191","Functional Test","Pass","INSP-1"
"QC-947","2026-01-19 02:00:00","PROD-104","WO-10191","Visual Inspection","Pass","INSP-3"
"QC-948","2026-01-19 03:00:00","PROD-104","WO-10191","Visual Inspection","Pass","INSP-3"
"QC-949","2026-01-19 04:00:00","PROD-104","WO-10191","Functional Test","Pass","INSP-3"
"QC-950","2026-01-19 05:00:00","PROD-104","WO-10191","Functional Test","Pass","INSP-2"
"QC-951","2026-01-19 06:00:00","PROD-104","WO-10191","Visual Inspection","Fail","INSP-2"
"QC-952","2026-01-19 07:00:00","PROD-104","WO-10191","Dimensional Accuracy","Pass","INSP-1"
"QC-953","2026-01-19 08:00:00","PROD-104","WO-10191","Visual Inspection","Pass","INSP-2"
"QC-954","2026-01-19 09:00:00","PROD-104","WO-10191","Dimensional Accuracy","Pass","INSP-1"
"QC-955","2026-01-19 10:00:00","PROD-104","WO-10191","Dimensional Accuracy","Pass","INSP-5"
"QC-956","2026-01-19 11:00:00","PROD-104","WO-10191","Visual Inspection","Pass","INSP-4"
"QC-957","2025-11-10 00:00:00","PROD-102","WO-10194","Dimensional Accuracy","Pass","INSP-4"
"QC-958","2025-11-10 01:00:00","PROD-102","WO-10194","Dimensional Accuracy","Pass","INSP-5"
"QC-959","2025-11-10 02:00:00","PROD-102","WO-10194","Visual Inspection","Pass","INSP-2"
"QC-960","2025-11-10 03:00:00","PROD-102","WO-10194","Functional Test","Pass","INSP-3"
"QC-961","2025-11-10 04:00:00","PROD-102","WO-10194","Visual Inspection","Pass","INSP-2"
"QC-962","2025-11-10 05:00:00","PROD-102","WO-10194","Functional Test","Pass","INSP-5"
"QC-963","2025-11-10 06:00:00","PROD-102","WO-10194","Dimensional Accuracy","Pass","INSP-5"
"QC-964","2025-11-10 07:00:00","PROD-102","WO-10194","Dimensional Accuracy","Pass","INSP-2"
"QC-965","2025-11-10 08:00:00","PROD-102","WO-10194","Functional Test","Pass","INSP-5"
"QC-966","2025-11-10 09:00:00","PROD-102","WO-10194","Functional Test","Pass","INSP-4"
"QC-967","2025-11-10 10:00:00","PROD-102","WO-10194","Functional Test","Pass","INSP-2"
"QC-968","2025-11-10 11:00:00","PROD-102","WO-10194","Visual Inspection","Pass","INSP-2"
"QC-969","2025-11-10 12:00:00","PROD-102","WO-10194","Visual Inspection","Pass","INSP-2"
"QC-970","2025-11-10 13:00:00","PROD-102","WO-10194","Functional Test","Pass","INSP-3"
"QC-971","2026-02-19 00:00:00","PROD-103","WO-10198","Functional Test","Pass","INSP-1"
"QC-972","2026-02-19 01:00:00","PROD-103","WO-10198","Functional Test","Pass","INSP-2"
"QC-973","2026-02-19 02:00:00","PROD-103","WO-10198","Functional Test","Pass","INSP-3"
"QC-974","2026-02-19 03:00:00","PROD-103","WO-10198","Dimensional Accuracy","Pass","INSP-1"
"QC-975","2026-02-19 04:00:00","PROD-103","WO-10198","Visual Inspection","Pass","INSP-4"
"QC-976","2026-02-19 05:00:00","PROD-103","WO-10198","Functional Test","Pass","INSP-5"
"QC-977","2026-02-19 06:00:00","PROD-103","WO-10198","Functional Test","Pass","INSP-4"
"QC-978","2026-02-19 07:00:00","PROD-103","WO-10198","Visual Inspection","Pass","INSP-2"
"QC-979","2026-02-19 08:00:00","PROD-103","WO-10198","Dimensional Accuracy","Pass","INSP-2"
"QC-980","2026-02-19 09:00:00","PROD-103","WO-10198","Visual Inspection","Pass","INSP-5"
"QC-981","2026-02-19 10:00:00","PROD-103","WO-10198","Dimensional Accuracy","Pass","INSP-5"
"QC-982","2026-02-19 11:00:00","PROD-103","WO-10198","Visual Inspection","Pass","INSP-4"
"QC-983","2026-02-19 12:00:00","PROD-103","WO-10198","Functional Test","Pass","INSP-2"
"QC-984","2026-02-19 13:00:00","PROD-103","WO-10198","Visual Inspection","Pass","INSP-3"
"QC-985","2026-02-19 14:00:00","PROD-103","WO-10198","Visual Inspection","Pass","INSP-4"
"QC-986","2026-02-19 15:00:00","PROD-103","WO-10198","Visual Inspection","Pass","INSP-5"
"QC-987","2026-02-19 16:00:00","PROD-103","WO-10198","Functional Test","Pass","INSP-3"
"QC-988","2026-02-19 17:00:00","PROD-103","WO-10198","Functional Test","Pass","INSP-4"
"QC-989","2026-02-19 18:00:00","PROD-103","WO-10198","Dimensional Accuracy","Pass","INSP-5"
"QC-990","2025-11-24 00:00:00","PROD-104","WO-10199","Functional Test","Pass","INSP-5"
"QC-991","2025-11-24 01:00:00","PROD-104","WO-10199","Visual Inspection","Pass","INSP-1"
"QC-992","2025-11-24 02:00:00","PROD-104","WO-10199","Functional Test","Pass","INSP-4"
"QC-993","2025-11-24 03:00:00","PROD-104","WO-10199","Dimensional Accuracy","Pass","INSP-4"
"QC-994","2025-11-24 04:00:00","PROD-104","WO-10199","Functional Test","Pass","INSP-4"
"QC-995","2025-11-24 05:00:00","PROD-104","WO-10199","Visual Inspection","Pass","INSP-5"
"QC-996","2025-11-24 06:00:00","PROD-104","WO-10199","Visual Inspection","Pass","INSP-1"
"QC-997","2025-07-30 00:00:00","PROD-104","WO-10200","Visual Inspection","Pass","INSP-5"
"QC-998","2025-07-30 01:00:00","PROD-104","WO-10200","Functional Test","Pass","INSP-3"
"QC-999","2025-07-30 02:00:00","PROD-104","WO-10200","Dimensional Accuracy","Pass","INSP-1"
"QC-1000","2025-07-30 03:00:00","PROD-104","WO-10200","Visual Inspection","Pass","INSP-2"
"QC-1001","2025-07-30 04:00:00","PROD-104","WO-10200","Dimensional Accuracy","Pass","INSP-4"
"QC-1002","2025-06-26 00:00:00","PROD-103","WO-10201","Visual Inspection","Pass","INSP-4"
"QC-1003","2025-06-26 01:00:00","PROD-103","WO-10201","Dimensional Accuracy","Pass","INSP-5"
"QC-1004","2025-06-26 02:00:00","PROD-103","WO-10201","Dimensional Accuracy","Pass","INSP-1"
"QC-1005","2025-06-26 03:00:00","PROD-103","WO-10201","Functional Test","Pass","INSP-5"
"QC-1006","2025-06-26 04:00:00","PROD-103","WO-10201","Dimensional Accuracy","Pass","INSP-2"
"QC-1007","2025-06-26 05:00:00","PROD-103","WO-10201","Functional Test","Pass","INSP-1"
"QC-1008","2025-06-26 06:00:00","PROD-103","WO-10201","Dimensional Accuracy","Pass","INSP-1"
"QC-1009","2025-06-26 07:00:00","PROD-103","WO-10201","Visual Inspection","Pass","INSP-4"
"QC-1010","2025-06-26 08:00:00","PROD-103","WO-10201","Functional Test","Pass","INSP-1"
"QC-1011","2025-06-26 09:00:00","PROD-103","WO-10201","Dimensional Accuracy","Pass","INSP-4"
"QC-1012","2025-06-26 10:00:00","PROD-103","WO-10201","Visual Inspection","Pass","INSP-5"
"QC-1013","2025-06-26 11:00:00","PROD-103","WO-10201","Dimensional Accuracy","Pass","INSP-1"
"QC-1014","2026-01-15 00:00:00","PROD-104","WO-10204","Dimensional Accuracy","Pass","INSP-2"
"QC-1015","2026-01-15 01:00:00","PROD-104","WO-10204","Functional Test","Pass","INSP-3"
"QC-1016","2026-01-15 02:00:00","PROD-104","WO-10204","Functional Test","Pass","INSP-1"
"QC-1017","2026-01-15 03:00:00","PROD-104","WO-10204","Visual Inspection","Pass","INSP-4"
"QC-1018","2026-01-15 04:00:00","PROD-104","WO-10204","Visual Inspection","Pass","INSP-4"
"QC-1019","2026-01-15 05:00:00","PROD-104","WO-10204","Dimensional Accuracy","Pass","INSP-4"
"QC-1020","2026-01-15 06:00:00","PROD-104","WO-10204","Visual Inspection","Pass","INSP-1"
"QC-1021","2026-02-23 00:00:00","PROD-104","WO-10205","Functional Test","Pass","INSP-2"
"QC-1022","2026-02-23 01:00:00","PROD-104","WO-10205","Functional Test","Pass","INSP-4"
"QC-1023","2026-02-23 02:00:00","PROD-104","WO-10205","Dimensional Accuracy","Pass","INSP-4"
"QC-1024","2026-02-23 03:00:00","PROD-104","WO-10205","Functional Test","Fail","INSP-3"
"QC-1025","2026-02-23 04:00:00","PROD-104","WO-10205","Functional Test","Pass","INSP-4"
"QC-1026","2026-02-23 05:00:00","PROD-104","WO-10205","Functional Test","Pass","INSP-5"
"QC-1027","2026-02-23 06:00:00","PROD-104","WO-10205","Visual Inspection","Pass","INSP-2"
"QC-1028","2026-02-23 07:00:00","PROD-104","WO-10205","Visual Inspection","Pass","INSP-4"
"QC-1029","2026-02-23 08:00:00","PROD-104","WO-10205","Functional Test","Pass","INSP-4"
"QC-1030","2025-07-21 00:00:00","PROD-101","WO-10206","Dimensional Accuracy","Pass","INSP-5"
"QC-1031","2025-07-21 01:00:00","PROD-101","WO-10206","Dimensional Accuracy","Pass","INSP-2"
"QC-1032","2025-07-21 02:00:00","PROD-101","WO-10206","Dimensional Accuracy","Pass","INSP-2"
"QC-1033","2025-07-21 03:00:00","PROD-101","WO-10206","Functional Test","Pass","INSP-4"
"QC-1034","2025-07-21 04:00:00","PROD-101","WO-10206","Visual Inspection","Pass","INSP-4"
"QC-1035","2025-07-21 05:00:00","PROD-101","WO-10206","Dimensional Accuracy","Pass","INSP-5"
"QC-1036","2025-07-21 06:00:00","PROD-101","WO-10206","Functional Test","Pass","INSP-4"
"QC-1037","2025-07-21 07:00:00","PROD-101","WO-10206","Dimensional Accuracy","Pass","INSP-1"
"QC-1038","2025-07-21 08:00:00","PROD-101","WO-10206","Dimensional Accuracy","Pass","INSP-4"
"QC-1039","2025-07-21 09:00:00","PROD-101","WO-10206","Dimensional Accuracy","Pass","INSP-5"
"QC-1040","2025-07-21 10:00:00","PROD-101","WO-10206","Functional Test","Pass","INSP-4"
"QC-1041","2025-07-21 11:00:00","PROD-101","WO-10206","Functional Test","Pass","INSP-5"
"QC-1042","2025-07-21 12:00:00","PROD-101","WO-10206","Functional Test","Pass","INSP-2"
"QC-1043","2025-07-21 13:00:00","PROD-101","WO-10206","Visual Inspection","Pass","INSP-1"
"QC-1044","2025-07-21 14:00:00","PROD-101","WO-10206","Dimensional Accuracy","Pass","INSP-4"
"QC-1045","2025-07-21 15:00:00","PROD-101","WO-10206","Visual Inspection","Pass","INSP-4"
"QC-1046","2025-07-21 16:00:00","PROD-101","WO-10206","Functional Test","Pass","INSP-1"
"QC-1047","2025-07-21 17:00:00","PROD-101","WO-10206","Dimensional Accuracy","Pass","INSP-1"
"QC-1048","2025-07-21 18:00:00","PROD-101","WO-10206","Visual Inspection","Fail","INSP-4"
"QC-1049","2025-07-21 19:00:00","PROD-101","WO-10206","Visual Inspection","Pass","INSP-3"
"QC-1050","2025-10-31 00:00:00","PROD-101","WO-10208","Visual Inspection","Pass","INSP-4"
"QC-1051","2025-10-31 01:00:00","PROD-101","WO-10208","Dimensional Accuracy","Pass","INSP-3"
"QC-1052","2025-10-31 02:00:00","PROD-101","WO-10208","Dimensional Accuracy","Pass","INSP-2"
"QC-1053","2025-10-31 03:00:00","PROD-101","WO-10208","Dimensional Accuracy","Pass","INSP-1"
"QC-1054","2025-10-31 04:00:00","PROD-101","WO-10208","Visual Inspection","Pass","INSP-5"
"QC-1055","2025-10-31 05:00:00","PROD-101","WO-10208","Functional Test","Pass","INSP-4"
"QC-1056","2025-10-31 06:00:00","PROD-101","WO-10208","Visual Inspection","Pass","INSP-4"
"QC-1057","2026-02-27 00:00:00","PROD-101","WO-10209","Dimensional Accuracy","Pass","INSP-5"
"QC-1058","2026-02-27 01:00:00","PROD-101","WO-10209","Dimensional Accuracy","Pass","INSP-5"
"QC-1059","2026-02-27 02:00:00","PROD-101","WO-10209","Dimensional Accuracy","Pass","INSP-1"
"QC-1060","2026-02-27 03:00:00","PROD-101","WO-10209","Visual Inspection","Pass","INSP-4"
"QC-1061","2026-02-27 04:00:00","PROD-101","WO-10209","Dimensional Accuracy","Pass","INSP-2"
"QC-1062","2026-02-27 05:00:00","PROD-101","WO-10209","Functional Test","Pass","INSP-5"
"QC-1063","2026-02-27 06:00:00","PROD-101","WO-10209","Functional Test","Pass","INSP-5"
"QC-1064","2026-02-27 07:00:00","PROD-101","WO-10209","Visual Inspection","Pass","INSP-5"
"QC-1065","2026-02-27 08:00:00","PROD-101","WO-10209","Dimensional Accuracy","Pass","INSP-2"
"QC-1066","2026-02-27 09:00:00","PROD-101","WO-10209","Dimensional Accuracy","Fail","INSP-2"
"QC-1067","2026-02-27 10:00:00","PROD-101","WO-10209","Functional Test","Pass","INSP-1"
"QC-1068","2026-02-27 11:00:00","PROD-101","WO-10209","Functional Test","Pass","INSP-4"
"QC-1069","2026-02-27 12:00:00","PROD-101","WO-10209","Functional Test","Pass","INSP-1"
"QC-1070","2026-02-27 13:00:00","PROD-101","WO-10209","Visual Inspection","Fail","INSP-3"
"QC-1071","2025-06-18 00:00:00","PROD-103","WO-10210","Visual Inspection","Pass","INSP-4"
"QC-1072","2025-06-18 01:00:00","PROD-103","WO-10210","Visual Inspection","Pass","INSP-1"
"QC-1073","2025-06-18 02:00:00","PROD-103","WO-10210","Functional Test","Pass","INSP-1"
"QC-1074","2025-06-18 03:00:00","PROD-103","WO-10210","Functional Test","Pass","INSP-5"
"QC-1075","2025-06-18 04:00:00","PROD-103","WO-10210","Dimensional Accuracy","Pass","INSP-4"
"QC-1076","2025-06-18 05:00:00","PROD-103","WO-10210","Functional Test","Pass","INSP-1"
"QC-1077","2025-06-18 06:00:00","PROD-103","WO-10210","Functional Test","Pass","INSP-4"
"QC-1078","2025-06-18 07:00:00","PROD-103","WO-10210","Functional Test","Pass","INSP-4"
"QC-1079","2025-06-18 08:00:00","PROD-103","WO-10210","Visual Inspection","Pass","INSP-4"
"QC-1080","2025-06-18 09:00:00","PROD-103","WO-10210","Dimensional Accuracy","Pass","INSP-4"
"QC-1081","2025-06-18 10:00:00","PROD-103","WO-10210","Dimensional Accuracy","Pass","INSP-2"
"QC-1082","2025-06-18 11:00:00","PROD-103","WO-10210","Functional Test","Pass","INSP-4"
"QC-1083","2025-06-18 12:00:00","PROD-103","WO-10210","Dimensional Accuracy","Pass","INSP-2"
"QC-1084","2025-06-18 13:00:00","PROD-103","WO-10210","Dimensional Accuracy","Pass","INSP-4"
"QC-1085","2025-10-25 00:00:00","PROD-103","WO-10211","Dimensional Accuracy","Fail","INSP-1"
"QC-1086","2025-10-25 01:00:00","PROD-103","WO-10211","Dimensional Accuracy","Pass","INSP-4"
"QC-1087","2025-10-25 02:00:00","PROD-103","WO-10211","Functional Test","Pass","INSP-1"
"QC-1088","2025-10-25 03:00:00","PROD-103","WO-10211","Visual Inspection","Pass","INSP-4"
"QC-1089","2025-10-25 04:00:00","PROD-103","WO-10211","Visual Inspection","Pass","INSP-3"
"QC-1090","2025-04-15 00:00:00","PROD-101","WO-10212","Functional Test","Pass","INSP-4"
"QC-1091","2025-04-15 01:00:00","PROD-101","WO-10212","Dimensional Accuracy","Pass","INSP-2"
"QC-1092","2025-04-15 02:00:00","PROD-101","WO-10212","Functional Test","Pass","INSP-2"
"QC-1093","2025-04-15 03:00:00","PROD-101","WO-10212","Functional Test","Pass","INSP-5"
"QC-1094","2025-04-15 04:00:00","PROD-101","WO-10212","Dimensional Accuracy","Pass","INSP-4"
"QC-1095","2025-09-28 00:00:00","PROD-102","WO-10213","Functional Test","Pass","INSP-2"
"QC-1096","2025-09-28 01:00:00","PROD-102","WO-10213","Visual Inspection","Pass","INSP-1"
"QC-1097","2025-09-28 02:00:00","PROD-102","WO-10213","Functional Test","Pass","INSP-5"
"QC-1098","2025-09-28 03:00:00","PROD-102","WO-10213","Functional Test","Pass","INSP-3"
"QC-1099","2025-09-28 04:00:00","PROD-102","WO-10213","Visual Inspection","Pass","INSP-2"
"QC-1100","2025-09-28 05:00:00","PROD-102","WO-10213","Functional Test","Pass","INSP-3"
"QC-1101","2025-09-28 06:00:00","PROD-102","WO-10213","Functional Test","Fail","INSP-1"
"QC-1102","2025-09-28 07:00:00","PROD-102","WO-10213","Dimensional Accuracy","Pass","INSP-1"
"QC-1103","2025-09-28 08:00:00","PROD-102","WO-10213","Dimensional Accuracy","Pass","INSP-2"
"QC-1104","2025-09-28 09:00:00","PROD-102","WO-10213","Dimensional Accuracy","Pass","INSP-3"
"QC-1105","2025-09-28 10:00:00","PROD-102","WO-10213","Dimensional Accuracy","Pass","INSP-4"
"QC-1106","2025-09-28 11:00:00","PROD-102","WO-10213","Visual Inspection","Fail","INSP-4"
"QC-1107","2025-07-30 00:00:00","PROD-101","WO-10216","Visual Inspection","Pass","INSP-1"
"QC-1108","2025-07-30 01:00:00","PROD-101","WO-10216","Functional Test","Pass","INSP-1"
"QC-1109","2025-05-17 00:00:00","PROD-102","WO-10217","Functional Test","Pass","INSP-5"
"QC-1110","2025-05-17 01:00:00","PROD-102","WO-10217","Functional Test","Pass","INSP-2"
"QC-1111","2025-05-17 02:00:00","PROD-102","WO-10217","Visual Inspection","Pass","INSP-4"
"QC-1112","2025-05-17 03:00:00","PROD-102","WO-10217","Dimensional Accuracy","Pass","INSP-4"
"QC-1113","2025-07-17 00:00:00","PROD-104","WO-10218","Functional Test","Pass","INSP-3"
"QC-1114","2025-07-17 01:00:00","PROD-104","WO-10218","Dimensional Accuracy","Pass","INSP-1"
"QC-1115","2025-07-17 02:00:00","PROD-104","WO-10218","Functional Test","Pass","INSP-2"
"QC-1116","2026-01-30 00:00:00","PROD-101","WO-10220","Visual Inspection","Pass","INSP-3"
"QC-1117","2026-01-30 01:00:00","PROD-101","WO-10220","Visual Inspection","Pass","INSP-2"
"QC-1118","2026-01-30 02:00:00","PROD-101","WO-10220","Visual Inspection","Pass","INSP-4"
"QC-1119","2026-01-30 03:00:00","PROD-101","WO-10220","Visual Inspection","Pass","INSP-5"
"QC-1120","2026-01-30 04:00:00","PROD-101","WO-10220","Visual Inspection","Pass","INSP-3"
"QC-1121","2026-01-30 05:00:00","PROD-101","WO-10220","Dimensional Accuracy","Fail","INSP-1"
"QC-1122","2026-01-30 06:00:00","PROD-101","WO-10220","Functional Test","Pass","INSP-4"
"QC-1123","2026-01-30 07:00:00","PROD-101","WO-10220","Dimensional Accuracy","Pass","INSP-3"
"QC-1124","2026-01-30 08:00:00","PROD-101","WO-10220","Visual Inspection","Fail","INSP-5"
"QC-1125","2026-01-30 09:00:00","PROD-101","WO-10220","Functional Test","Pass","INSP-5"
"QC-1126","2026-01-30 10:00:00","PROD-101","WO-10220","Dimensional Accuracy","Pass","INSP-5"
"QC-1127","2026-01-30 11:00:00","PROD-101","WO-10220","Visual Inspection","Pass","INSP-3"
"QC-1128","2026-03-05 00:00:00","PROD-104","WO-10221","Visual Inspection","Pass","INSP-5"
"QC-1129","2026-03-05 01:00:00","PROD-104","WO-10221","Dimensional Accuracy","Pass","INSP-2"
"QC-1130","2026-03-05 02:00:00","PROD-104","WO-10221","Functional Test","Pass","INSP-2"
"QC-1131","2026-03-13 00:00:00","PROD-101","WO-10224","Functional Test","Pass","INSP-4"
"QC-1132","2026-03-13 01:00:00","PROD-101","WO-10224","Functional Test","Pass","INSP-2"
"QC-1133","2026-03-13 02:00:00","PROD-101","WO-10224","Functional Test","Fail","INSP-3"
"QC-1134","2026-03-13 03:00:00","PROD-101","WO-10224","Functional Test","Pass","INSP-5"
"QC-1135","2026-03-13 04:00:00","PROD-101","WO-10224","Visual Inspection","Pass","INSP-4"
"QC-1136","2026-03-13 05:00:00","PROD-101","WO-10224","Functional Test","Pass","INSP-5"
"QC-1137","2026-02-09 00:00:00","PROD-103","WO-10226","Dimensional Accuracy","Pass","INSP-3"
"QC-1138","2026-02-09 01:00:00","PROD-103","WO-10226","Functional Test","Pass","INSP-2"
"QC-1139","2026-02-09 02:00:00","PROD-103","WO-10226","Functional Test","Pass","INSP-5"
"QC-1140","2026-02-09 03:00:00","PROD-103","WO-10226","Functional Test","Pass","INSP-4"
"QC-1141","2026-02-09 04:00:00","PROD-103","WO-10226","Functional Test","Pass","INSP-1"
"QC-1142","2026-02-09 05:00:00","PROD-103","WO-10226","Visual Inspection","Pass","INSP-5"
"QC-1143","2026-02-09 06:00:00","PROD-103","WO-10226","Functional Test","Pass","INSP-5"
"QC-1144","2026-02-09 07:00:00","PROD-103","WO-10226","Functional Test","Pass","INSP-5"
"QC-1145","2026-02-09 08:00:00","PROD-103","WO-10226","Visual Inspection","Pass","INSP-5"
"QC-1146","2026-02-09 09:00:00","PROD-103","WO-10226","Dimensional Accuracy","Pass","INSP-1"
"QC-1147","2026-02-09 10:00:00","PROD-103","WO-10226","Functional Test","Pass","INSP-1"
"QC-1148","2026-02-09 11:00:00","PROD-103","WO-10226","Visual Inspection","Pass","INSP-5"
"QC-1149","2026-02-09 12:00:00","PROD-103","WO-10226","Functional Test","Pass","INSP-5"
"QC-1150","2026-02-09 13:00:00","PROD-103","WO-10226","Functional Test","Pass","INSP-1"
"QC-1151","2026-02-09 14:00:00","PROD-103","WO-10226","Functional Test","Pass","INSP-5"
"QC-1152","2026-02-09 15:00:00","PROD-103","WO-10226","Visual Inspection","Pass","INSP-4"
"QC-1153","2026-02-09 16:00:00","PROD-103","WO-10226","Dimensional Accuracy","Fail","INSP-2"
"QC-1154","2026-02-09 17:00:00","PROD-103","WO-10226","Dimensional Accuracy","Pass","INSP-2"
"QC-1155","2026-02-09 18:00:00","PROD-103","WO-10226","Visual Inspection","Pass","INSP-3"
"QC-1156","2026-02-25 00:00:00","PROD-103","WO-10230","Visual Inspection","Pass","INSP-4"
"QC-1157","2026-02-25 01:00:00","PROD-103","WO-10230","Visual Inspection","Pass","INSP-4"
"QC-1158","2026-02-25 02:00:00","PROD-103","WO-10230","Dimensional Accuracy","Pass","INSP-1"
"QC-1159","2026-02-25 03:00:00","PROD-103","WO-10230","Functional Test","Fail","INSP-4"
"QC-1160","2026-02-25 04:00:00","PROD-103","WO-10230","Visual Inspection","Pass","INSP-1"
"QC-1161","2026-02-25 05:00:00","PROD-103","WO-10230","Functional Test","Pass","INSP-2"
"QC-1162","2026-02-25 06:00:00","PROD-103","WO-10230","Visual Inspection","Pass","INSP-5"
"QC-1163","2026-02-25 07:00:00","PROD-103","WO-10230","Dimensional Accuracy","Pass","INSP-1"
"QC-1164","2026-02-25 08:00:00","PROD-103","WO-10230","Functional Test","Pass","INSP-5"
"QC-1165","2026-02-25 09:00:00","PROD-103","WO-10230","Visual Inspection","Pass","INSP-3"
"QC-1166","2026-02-25 10:00:00","PROD-103","WO-10230","Functional Test","Pass","INSP-4"
"QC-1167","2026-02-25 11:00:00","PROD-103","WO-10230","Visual Inspection","Pass","INSP-3"
"QC-1168","2026-02-25 12:00:00","PROD-103","WO-10230","Functional Test","Pass","INSP-3"
"QC-1169","2026-02-25 13:00:00","PROD-103","WO-10230","Functional Test","Pass","INSP-4"
"QC-1170","2026-02-25 14:00:00","PROD-103","WO-10230","Visual Inspection","Pass","INSP-3"
"QC-1171","2026-03-04 00:00:00","PROD-103","WO-10233","Dimensional Accuracy","Pass","INSP-3"
"QC-1172","2026-03-04 01:00:00","PROD-103","WO-10233","Dimensional Accuracy","Pass","INSP-4"
"QC-1173","2025-04-22 00:00:00","PROD-103","WO-10234","Visual Inspection","Pass","INSP-5"
"QC-1174","2025-04-22 01:00:00","PROD-103","WO-10234","Functional Test","Pass","INSP-4"
"QC-1175","2025-04-22 02:00:00","PROD-103","WO-10234","Functional Test","Pass","INSP-3"
"QC-1176","2025-04-22 03:00:00","PROD-103","WO-10234","Functional Test","Fail","INSP-2"
"QC-1177","2025-04-22 04:00:00","PROD-103","WO-10234","Functional Test","Pass","INSP-1"
"QC-1178","2025-04-22 05:00:00","PROD-103","WO-10234","Functional Test","Pass","INSP-5"
"QC-1179","2025-04-22 06:00:00","PROD-103","WO-10234","Visual Inspection","Pass","INSP-4"
"QC-1180","2026-03-12 00:00:00","PROD-102","WO-10235","Visual Inspection","Pass","INSP-5"
"QC-1181","2026-03-12 01:00:00","PROD-102","WO-10235","Functional Test","Pass","INSP-1"
"QC-1182","2026-03-12 02:00:00","PROD-102","WO-10235","Dimensional Accuracy","Pass","INSP-5"
"QC-1183","2026-03-12 03:00:00","PROD-102","WO-10235","Dimensional Accuracy","Pass","INSP-5"
"QC-1184","2026-03-12 04:00:00","PROD-102","WO-10235","Dimensional Accuracy","Pass","INSP-3"
"QC-1185","2026-03-12 05:00:00","PROD-102","WO-10235","Dimensional Accuracy","Pass","INSP-3"
"QC-1186","2026-03-12 06:00:00","PROD-102","WO-10235","Visual Inspection","Pass","INSP-1"
"QC-1187","2025-05-30 00:00:00","PROD-102","WO-10236","Visual Inspection","Pass","INSP-4"
"QC-1188","2025-05-30 01:00:00","PROD-102","WO-10236","Visual Inspection","Pass","INSP-3"
"QC-1189","2025-07-15 00:00:00","PROD-101","WO-10238","Dimensional Accuracy","Pass","INSP-1"
"QC-1190","2025-07-15 01:00:00","PROD-101","WO-10238","Visual Inspection","Pass","INSP-2"
"QC-1191","2025-07-15 02:00:00","PROD-101","WO-10238","Functional Test","Pass","INSP-1"
"QC-1192","2025-07-15 03:00:00","PROD-101","WO-10238","Functional Test","Pass","INSP-3"
"QC-1193","2025-07-15 04:00:00","PROD-101","WO-10238","Dimensional Accuracy","Pass","INSP-5"
"QC-1194","2025-07-15 05:00:00","PROD-101","WO-10238","Dimensional Accuracy","Pass","INSP-1"
"QC-1195","2025-07-15 06:00:00","PROD-101","WO-10238","Dimensional Accuracy","Pass","INSP-1"
"QC-1196","2025-07-15 07:00:00","PROD-101","WO-10238","Functional Test","Fail","INSP-3"
"QC-1197","2025-07-15 08:00:00","PROD-101","WO-10238","Dimensional Accuracy","Pass","INSP-5"
"QC-1198","2025-12-29 00:00:00","PROD-102","WO-10239","Visual Inspection","Pass","INSP-5"
"QC-1199","2025-12-29 01:00:00","PROD-102","WO-10239","Visual Inspection","Pass","INSP-3"
"QC-1200","2025-12-29 02:00:00","PROD-102","WO-10239","Functional Test","Pass","INSP-5"
"QC-1201","2025-12-29 03:00:00","PROD-102","WO-10239","Dimensional Accuracy","Pass","INSP-5"
"QC-1202","2025-12-29 04:00:00","PROD-102","WO-10239","Visual Inspection","Pass","INSP-3"
"QC-1203","2025-12-29 05:00:00","PROD-102","WO-10239","Dimensional Accuracy","Pass","INSP-4"
"QC-1204","2025-04-24 00:00:00","PROD-104","WO-10241","Dimensional Accuracy","Pass","INSP-2"
"QC-1205","2025-04-24 01:00:00","PROD-104","WO-10241","Dimensional Accuracy","Pass","INSP-3"
"QC-1206","2025-04-24 02:00:00","PROD-104","WO-10241","Functional Test","Pass","INSP-2"
"QC-1207","2025-04-24 03:00:00","PROD-104","WO-10241","Visual Inspection","Pass","INSP-2"
"QC-1208","2025-04-24 04:00:00","PROD-104","WO-10241","Visual Inspection","Pass","INSP-3"
"QC-1209","2025-04-24 05:00:00","PROD-104","WO-10241","Dimensional Accuracy","Pass","INSP-4"
"QC-1210","2025-04-24 06:00:00","PROD-104","WO-10241","Visual Inspection","Pass","INSP-2"
"QC-1211","2025-06-14 00:00:00","PROD-104","WO-10242","Functional Test","Fail","INSP-5"
"QC-1212","2025-06-14 01:00:00","PROD-104","WO-10242","Functional Test","Pass","INSP-4"
"QC-1213","2025-06-14 02:00:00","PROD-104","WO-10242","Dimensional Accuracy","Pass","INSP-1"
"QC-1214","2025-06-14 03:00:00","PROD-104","WO-10242","Dimensional Accuracy","Pass","INSP-5"
"QC-1215","2025-06-14 04:00:00","PROD-104","WO-10242","Visual Inspection","Pass","INSP-5"
"QC-1216","2025-06-14 05:00:00","PROD-104","WO-10242","Dimensional Accuracy","Pass","INSP-5"
"QC-1217","2025-06-14 06:00:00","PROD-104","WO-10242","Visual Inspection","Pass","INSP-4"
"QC-1218","2025-11-19 00:00:00","PROD-101","WO-10243","Visual Inspection","Pass","INSP-1"
"QC-1219","2025-11-19 01:00:00","PROD-101","WO-10243","Dimensional Accuracy","Pass","INSP-3"
"QC-1220","2025-11-19 02:00:00","PROD-101","WO-10243","Functional Test","Pass","INSP-3"
"QC-1221","2025-11-19 03:00:00","PROD-101","WO-10243","Visual Inspection","Pass","INSP-4"
"QC-1222","2025-11-19 04:00:00","PROD-101","WO-10243","Visual Inspection","Pass","INSP-2"
"QC-1223","2025-11-19 05:00:00","PROD-101","WO-10243","Visual Inspection","Pass","INSP-1"
"QC-1224","2025-11-19 06:00:00","PROD-101","WO-10243","Functional Test","Pass","INSP-1"
"QC-1225","2026-02-27 00:00:00","PROD-103","WO-10245","Visual Inspection","Pass","INSP-2"
"QC-1226","2026-02-27 01:00:00","PROD-103","WO-10245","Visual Inspection","Pass","INSP-4"
"QC-1227","2026-02-27 02:00:00","PROD-103","WO-10245","Visual Inspection","Pass","INSP-4"
"QC-1228","2026-02-27 03:00:00","PROD-103","WO-10245","Dimensional Accuracy","Pass","INSP-1"
"QC-1229","2026-02-27 04:00:00","PROD-103","WO-10245","Dimensional Accuracy","Pass","INSP-2"
"QC-1230","2026-02-27 05:00:00","PROD-103","WO-10245","Dimensional Accuracy","Fail","INSP-1"
"QC-1231","2026-02-27 06:00:00","PROD-103","WO-10245","Visual Inspection","Pass","INSP-5"
"QC-1232","2025-10-06 00:00:00","PROD-104","WO-10246","Functional Test","Pass","INSP-5"
"QC-1233","2025-10-06 01:00:00","PROD-104","WO-10246","Dimensional Accuracy","Pass","INSP-3"
"QC-1234","2025-10-06 02:00:00","PROD-104","WO-10246","Dimensional Accuracy","Pass","INSP-5"
"QC-1235","2025-08-24 00:00:00","PROD-101","WO-10248","Dimensional Accuracy","Fail","INSP-2"
"QC-1236","2025-08-24 01:00:00","PROD-101","WO-10248","Dimensional Accuracy","Pass","INSP-5"
"QC-1237","2025-08-24 02:00:00","PROD-101","WO-10248","Dimensional Accuracy","Pass","INSP-5"
"QC-1238","2025-08-24 03:00:00","PROD-101","WO-10248","Dimensional Accuracy","Pass","INSP-5"
"QC-1239","2025-08-24 04:00:00","PROD-101","WO-10248","Functional Test","Pass","INSP-1"
"QC-1240","2025-08-24 05:00:00","PROD-101","WO-10248","Visual Inspection","Pass","INSP-4"
"QC-1241","2025-08-24 06:00:00","PROD-101","WO-10248","Functional Test","Pass","INSP-5"
"QC-1242","2025-08-24 07:00:00","PROD-101","WO-10248","Functional Test","Pass","INSP-3"
"QC-1243","2025-08-24 08:00:00","PROD-101","WO-10248","Dimensional Accuracy","Pass","INSP-5"
"QC-1244","2025-08-24 09:00:00","PROD-101","WO-10248","Dimensional Accuracy","Pass","INSP-5"
"QC-1245","2025-08-24 10:00:00","PROD-101","WO-10248","Visual Inspection","Pass","INSP-1"
"QC-1246","2025-10-21 00:00:00","PROD-101","WO-10249","Visual Inspection","Pass","INSP-4"
"QC-1247","2025-10-21 01:00:00","PROD-101","WO-10249","Visual Inspection","Pass","INSP-5"
"QC-1248","2025-10-21 02:00:00","PROD-101","WO-10249","Functional Test","Pass","INSP-5"
"QC-1249","2025-10-21 03:00:00","PROD-101","WO-10249","Dimensional Accuracy","Pass","INSP-2"
"QC-1250","2025-10-21 04:00:00","PROD-101","WO-10249","Functional Test","Pass","INSP-3"
"QC-1251","2025-10-21 05:00:00","PROD-101","WO-10249","Dimensional Accuracy","Pass","INSP-3"
"QC-1252","2025-10-21 06:00:00","PROD-101","WO-10249","Functional Test","Pass","INSP-3"
"QC-1253","2025-10-21 07:00:00","PROD-101","WO-10249","Dimensional Accuracy","Pass","INSP-5"
"QC-1254","2025-10-21 08:00:00","PROD-101","WO-10249","Visual Inspection","Pass","INSP-3"
"QC-1255","2025-10-27 00:00:00","PROD-102","WO-10250","Visual Inspection","Pass","INSP-1"
"QC-1256","2025-10-27 01:00:00","PROD-102","WO-10250","Visual Inspection","Pass","INSP-2"
"QC-1257","2025-10-27 02:00:00","PROD-102","WO-10250","Dimensional Accuracy","Pass","INSP-4"
"QC-1258","2025-10-27 03:00:00","PROD-102","WO-10250","Dimensional Accuracy","Pass","INSP-4"
"QC-1259","2025-10-27 04:00:00","PROD-102","WO-10250","Visual Inspection","Pass","INSP-1"
"QC-1260","2025-10-27 05:00:00","PROD-102","WO-10250","Functional Test","Pass","INSP-1"
"QC-1261","2025-10-27 06:00:00","PROD-102","WO-10250","Visual Inspection","Pass","INSP-4"
"QC-1262","2025-10-27 07:00:00","PROD-102","WO-10250","Dimensional Accuracy","Pass","INSP-3"
"QC-1263","2025-12-23 00:00:00","PROD-104","WO-10251","Functional Test","Pass","INSP-1"
"QC-1264","2025-12-23 01:00:00","PROD-104","WO-10251","Dimensional Accuracy","Pass","INSP-2"
"QC-1265","2025-12-23 02:00:00","PROD-104","WO-10251","Visual Inspection","Pass","INSP-5"
"QC-1266","2025-12-23 03:00:00","PROD-104","WO-10251","Visual Inspection","Pass","INSP-2"
"QC-1267","2025-12-23 04:00:00","PROD-104","WO-10251","Visual Inspection","Pass","INSP-1"
"QC-1268","2025-12-23 05:00:00","PROD-104","WO-10251","Visual Inspection","Pass","INSP-2"
"QC-1269","2025-12-23 06:00:00","PROD-104","WO-10251","Dimensional Accuracy","Pass","INSP-4"
"QC-1270","2025-12-23 07:00:00","PROD-104","WO-10251","Dimensional Accuracy","Pass","INSP-1"
"QC-1271","2025-12-23 08:00:00","PROD-104","WO-10251","Dimensional Accuracy","Fail","INSP-3"
"QC-1272","2025-12-23 09:00:00","PROD-104","WO-10251","Visual Inspection","Pass","INSP-5"
"QC-1273","2025-12-23 10:00:00","PROD-104","WO-10251","Functional Test","Pass","INSP-2"
"QC-1274","2025-09-07 00:00:00","PROD-104","WO-10252","Functional Test","Pass","INSP-4"
"QC-1275","2025-09-07 01:00:00","PROD-104","WO-10252","Visual Inspection","Pass","INSP-5"
"QC-1276","2025-09-07 02:00:00","PROD-104","WO-10252","Functional Test","Pass","INSP-2"
"QC-1277","2025-10-10 00:00:00","PROD-102","WO-10253","Functional Test","Pass","INSP-3"
"QC-1278","2025-10-10 01:00:00","PROD-102","WO-10253","Dimensional Accuracy","Pass","INSP-3"
"QC-1279","2025-10-10 02:00:00","PROD-102","WO-10253","Dimensional Accuracy","Pass","INSP-5"
"QC-1280","2025-10-10 03:00:00","PROD-102","WO-10253","Visual Inspection","Pass","INSP-3"
"QC-1281","2025-10-10 04:00:00","PROD-102","WO-10253","Visual Inspection","Pass","INSP-3"
"QC-1282","2025-10-10 05:00:00","PROD-102","WO-10253","Visual Inspection","Pass","INSP-2"
"QC-1283","2025-10-10 06:00:00","PROD-102","WO-10253","Visual Inspection","Pass","INSP-5"
"QC-1284","2025-10-10 07:00:00","PROD-102","WO-10253","Functional Test","Pass","INSP-4"
"QC-1285","2025-10-10 08:00:00","PROD-102","WO-10253","Dimensional Accuracy","Pass","INSP-4"
"QC-1286","2025-10-10 09:00:00","PROD-102","WO-10253","Visual Inspection","Pass","INSP-4"
"QC-1287","2025-05-19 00:00:00","PROD-103","WO-10254","Dimensional Accuracy","Pass","INSP-3"
"QC-1288","2025-05-19 01:00:00","PROD-103","WO-10254","Dimensional Accuracy","Pass","INSP-2"
"QC-1289","2025-05-19 02:00:00","PROD-103","WO-10254","Dimensional Accuracy","Pass","INSP-2"
"QC-1290","2025-05-19 03:00:00","PROD-103","WO-10254","Functional Test","Pass","INSP-2"
"QC-1291","2025-05-19 04:00:00","PROD-103","WO-10254","Functional Test","Pass","INSP-3"
"QC-1292","2025-05-19 05:00:00","PROD-103","WO-10254","Dimensional Accuracy","Pass","INSP-2"
"QC-1293","2025-05-19 06:00:00","PROD-103","WO-10254","Dimensional Accuracy","Pass","INSP-4"
"QC-1294","2025-05-19 07:00:00","PROD-103","WO-10254","Visual Inspection","Pass","INSP-2"
"QC-1295","2025-05-19 08:00:00","PROD-103","WO-10254","Visual Inspection","Pass","INSP-1"
"QC-1296","2025-05-19 09:00:00","PROD-103","WO-10254","Dimensional Accuracy","Pass","INSP-4"
"QC-1297","2025-11-15 00:00:00","PROD-103","WO-10255","Dimensional Accuracy","Pass","INSP-3"
"QC-1298","2025-11-15 01:00:00","PROD-103","WO-10255","Visual Inspection","Pass","INSP-3"
"QC-1299","2025-11-15 02:00:00","PROD-103","WO-10255","Dimensional Accuracy","Pass","INSP-2"
"QC-1300","2025-11-15 03:00:00","PROD-103","WO-10255","Functional Test","Pass","INSP-5"
"QC-1301","2025-11-15 04:00:00","PROD-103","WO-10255","Functional Test","Pass","INSP-1"
"QC-1302","2025-11-15 05:00:00","PROD-103","WO-10255","Dimensional Accuracy","Pass","INSP-2"
"QC-1303","2025-11-15 06:00:00","PROD-103","WO-10255","Functional Test","Pass","INSP-4"
"QC-1304","2025-11-15 07:00:00","PROD-103","WO-10255","Dimensional Accuracy","Pass","INSP-4"
"QC-1305","2025-11-15 08:00:00","PROD-103","WO-10255","Functional Test","Pass","INSP-3"
"QC-1306","2025-11-15 09:00:00","PROD-103","WO-10255","Functional Test","Pass","INSP-4"
"QC-1307","2025-11-15 10:00:00","PROD-103","WO-10255","Dimensional Accuracy","Pass","INSP-1"
"QC-1308","2026-02-16 00:00:00","PROD-102","WO-10256","Visual Inspection","Pass","INSP-3"
"QC-1309","2026-02-16 01:00:00","PROD-102","WO-10256","Functional Test","Pass","INSP-4"
"QC-1310","2026-02-16 02:00:00","PROD-102","WO-10256","Functional Test","Pass","INSP-1"
"QC-1311","2025-08-10 00:00:00","PROD-104","WO-10257","Visual Inspection","Pass","INSP-2"
"QC-1312","2025-08-10 01:00:00","PROD-104","WO-10257","Functional Test","Pass","INSP-3"
"QC-1313","2025-05-10 00:00:00","PROD-104","WO-10258","Functional Test","Pass","INSP-4"
"QC-1314","2025-05-10 01:00:00","PROD-104","WO-10258","Visual Inspection","Pass","INSP-3"
"QC-1315","2025-05-10 02:00:00","PROD-104","WO-10258","Visual Inspection","Pass","INSP-4"
"QC-1316","2025-05-10 03:00:00","PROD-104","WO-10258","Functional Test","Fail","INSP-2"
"QC-1317","2025-05-10 04:00:00","PROD-104","WO-10258","Dimensional Accuracy","Pass","INSP-5"
"QC-1318","2025-05-10 05:00:00","PROD-104","WO-10258","Dimensional Accuracy","Pass","INSP-2"
"QC-1319","2025-05-10 06:00:00","PROD-104","WO-10258","Visual Inspection","Pass","INSP-4"
"QC-1320","2025-05-10 07:00:00","PROD-104","WO-10258","Dimensional Accuracy","Pass","INSP-2"
"QC-1321","2025-05-10 08:00:00","PROD-104","WO-10258","Functional Test","Fail","INSP-2"
"QC-1322","2025-05-10 09:00:00","PROD-104","WO-10258","Functional Test","Pass","INSP-3"
"QC-1323","2025-12-23 00:00:00","PROD-103","WO-10260","Dimensional Accuracy","Pass","INSP-5"
"QC-1324","2025-12-23 01:00:00","PROD-103","WO-10260","Visual Inspection","Pass","INSP-2"
"QC-1325","2025-12-23 02:00:00","PROD-103","WO-10260","Visual Inspection","Pass","INSP-3"
"QC-1326","2025-12-23 03:00:00","PROD-103","WO-10260","Dimensional Accuracy","Pass","INSP-1"
"QC-1327","2025-12-23 04:00:00","PROD-103","WO-10260","Dimensional Accuracy","Pass","INSP-2"
"QC-1328","2025-04-22 00:00:00","PROD-103","WO-10263","Visual Inspection","Pass","INSP-4"
"QC-1329","2025-04-22 01:00:00","PROD-103","WO-10263","Visual Inspection","Pass","INSP-2"
"QC-1330","2025-04-22 02:00:00","PROD-103","WO-10263","Dimensional Accuracy","Fail","INSP-4"
"QC-1331","2025-04-22 03:00:00","PROD-103","WO-10263","Dimensional Accuracy","Pass","INSP-5"
"QC-1332","2025-04-22 04:00:00","PROD-103","WO-10263","Visual Inspection","Fail","INSP-4"
"QC-1333","2025-04-22 05:00:00","PROD-103","WO-10263","Visual Inspection","Pass","INSP-2"
"QC-1334","2025-04-22 06:00:00","PROD-103","WO-10263","Visual Inspection","Pass","INSP-1"
"QC-1335","2025-04-22 07:00:00","PROD-103","WO-10263","Functional Test","Pass","INSP-5"
"QC-1336","2025-04-22 08:00:00","PROD-103","WO-10263","Functional Test","Pass","INSP-2"
"QC-1337","2025-04-22 09:00:00","PROD-103","WO-10263","Visual Inspection","Pass","INSP-1"
"QC-1338","2025-04-22 10:00:00","PROD-103","WO-10263","Dimensional Accuracy","Pass","INSP-3"
"QC-1339","2025-04-22 11:00:00","PROD-103","WO-10263","Dimensional Accuracy","Pass","INSP-3"
"QC-1340","2025-04-22 12:00:00","PROD-103","WO-10263","Dimensional Accuracy","Fail","INSP-2"
"QC-1341","2025-04-22 13:00:00","PROD-103","WO-10263","Visual Inspection","Pass","INSP-1"
"QC-1342","2025-08-02 00:00:00","PROD-101","WO-10265","Functional Test","Pass","INSP-4"
"QC-1343","2025-08-02 01:00:00","PROD-101","WO-10265","Visual Inspection","Pass","INSP-5"
"QC-1344","2025-08-02 02:00:00","PROD-101","WO-10265","Visual Inspection","Pass","INSP-5"
"QC-1345","2025-08-02 03:00:00","PROD-101","WO-10265","Functional Test","Pass","INSP-5"
"QC-1346","2025-08-02 04:00:00","PROD-101","WO-10265","Visual Inspection","Pass","INSP-4"
"QC-1347","2025-08-02 05:00:00","PROD-101","WO-10265","Dimensional Accuracy","Pass","INSP-3"
"QC-1348","2025-08-02 06:00:00","PROD-101","WO-10265","Functional Test","Pass","INSP-5"
"QC-1349","2025-08-02 07:00:00","PROD-101","WO-10265","Functional Test","Pass","INSP-3"
"QC-1350","2025-08-02 08:00:00","PROD-101","WO-10265","Functional Test","Pass","INSP-2"
"QC-1351","2025-08-02 09:00:00","PROD-101","WO-10265","Dimensional Accuracy","Pass","INSP-1"
"QC-1352","2025-08-02 10:00:00","PROD-101","WO-10265","Functional Test","Pass","INSP-2"
"QC-1353","2025-12-16 00:00:00","PROD-103","WO-10267","Dimensional Accuracy","Pass","INSP-1"
"QC-1354","2025-12-16 01:00:00","PROD-103","WO-10267","Dimensional Accuracy","Pass","INSP-1"
"QC-1355","2025-12-16 02:00:00","PROD-103","WO-10267","Visual Inspection","Pass","INSP-5"
"QC-1356","2025-12-16 03:00:00","PROD-103","WO-10267","Functional Test","Pass","INSP-3"
"QC-1357","2025-12-16 04:00:00","PROD-103","WO-10267","Functional Test","Pass","INSP-3"
"QC-1358","2025-12-16 05:00:00","PROD-103","WO-10267","Functional Test","Pass","INSP-1"
"QC-1359","2025-12-16 06:00:00","PROD-103","WO-10267","Dimensional Accuracy","Pass","INSP-5"
"QC-1360","2025-12-16 07:00:00","PROD-103","WO-10267","Visual Inspection","Pass","INSP-5"
"QC-1361","2025-12-16 08:00:00","PROD-103","WO-10267","Functional Test","Pass","INSP-3"
"QC-1362","2025-05-23 00:00:00","PROD-101","WO-10269","Functional Test","Pass","INSP-4"
"QC-1363","2025-05-23 01:00:00","PROD-101","WO-10269","Functional Test","Pass","INSP-2"
"QC-1364","2025-05-23 02:00:00","PROD-101","WO-10269","Functional Test","Fail","INSP-2"
"QC-1365","2025-05-23 03:00:00","PROD-101","WO-10269","Functional Test","Pass","INSP-3"
"QC-1366","2025-05-23 04:00:00","PROD-101","WO-10269","Functional Test","Pass","INSP-5"
"QC-1367","2025-05-23 05:00:00","PROD-101","WO-10269","Dimensional Accuracy","Pass","INSP-4"
"QC-1368","2025-05-23 06:00:00","PROD-101","WO-10269","Dimensional Accuracy","Pass","INSP-1"
"QC-1369","2025-05-23 07:00:00","PROD-101","WO-10269","Functional Test","Pass","INSP-5"
"QC-1370","2025-05-23 08:00:00","PROD-101","WO-10269","Functional Test","Pass","INSP-2"
"QC-1371","2025-05-23 09:00:00","PROD-101","WO-10269","Visual Inspection","Pass","INSP-2"
"QC-1372","2025-05-23 10:00:00","PROD-101","WO-10269","Dimensional Accuracy","Pass","INSP-3"
"QC-1373","2025-05-23 11:00:00","PROD-101","WO-10269","Dimensional Accuracy","Pass","INSP-5"
"QC-1374","2026-02-27 00:00:00","PROD-101","WO-10270","Visual Inspection","Pass","INSP-1"
"QC-1375","2026-02-27 01:00:00","PROD-101","WO-10270","Functional Test","Pass","INSP-2"
"QC-1376","2026-02-27 02:00:00","PROD-101","WO-10270","Dimensional Accuracy","Pass","INSP-5"
"QC-1377","2026-02-27 03:00:00","PROD-101","WO-10270","Functional Test","Pass","INSP-5"
"QC-1378","2026-02-27 04:00:00","PROD-101","WO-10270","Functional Test","Pass","INSP-2"
"QC-1379","2026-02-27 05:00:00","PROD-101","WO-10270","Functional Test","Pass","INSP-4"
"QC-1380","2026-02-27 06:00:00","PROD-101","WO-10270","Dimensional Accuracy","Fail","INSP-5"
"QC-1381","2026-02-27 07:00:00","PROD-101","WO-10270","Visual Inspection","Pass","INSP-2"
"QC-1382","2026-02-27 08:00:00","PROD-101","WO-10270","Visual Inspection","Pass","INSP-3"
"QC-1383","2026-02-27 09:00:00","PROD-101","WO-10270","Visual Inspection","Pass","INSP-5"
"QC-1384","2026-01-15 00:00:00","PROD-104","WO-10271","Functional Test","Pass","INSP-1"
"QC-1385","2026-01-15 01:00:00","PROD-104","WO-10271","Dimensional Accuracy","Pass","INSP-3"
"QC-1386","2026-01-15 02:00:00","PROD-104","WO-10271","Functional Test","Pass","INSP-3"
"QC-1387","2026-01-15 03:00:00","PROD-104","WO-10271","Visual Inspection","Pass","INSP-1"
"QC-1388","2026-01-15 04:00:00","PROD-104","WO-10271","Visual Inspection","Pass","INSP-4"
"QC-1389","2025-06-20 00:00:00","PROD-103","WO-10272","Visual Inspection","Pass","INSP-2"
"QC-1390","2025-06-20 01:00:00","PROD-103","WO-10272","Dimensional Accuracy","Pass","INSP-4"
"QC-1391","2025-06-20 02:00:00","PROD-103","WO-10272","Dimensional Accuracy","Pass","INSP-4"
"QC-1392","2025-06-20 03:00:00","PROD-103","WO-10272","Functional Test","Pass","INSP-4"
"QC-1393","2025-06-20 04:00:00","PROD-103","WO-10272","Visual Inspection","Pass","INSP-5"
"QC-1394","2025-06-20 05:00:00","PROD-103","WO-10272","Functional Test","Fail","INSP-5"
"QC-1395","2025-06-20 06:00:00","PROD-103","WO-10272","Visual Inspection","Pass","INSP-2"
"QC-1396","2025-08-08 00:00:00","PROD-102","WO-10276","Visual Inspection","Pass","INSP-2"
"QC-1397","2025-08-08 01:00:00","PROD-102","WO-10276","Functional Test","Pass","INSP-3"
"QC-1398","2025-08-08 02:00:00","PROD-102","WO-10276","Functional Test","Pass","INSP-3"
"QC-1399","2025-08-08 03:00:00","PROD-102","WO-10276","Dimensional Accuracy","Fail","INSP-1"
"QC-1400","2025-08-08 04:00:00","PROD-102","WO-10276","Visual Inspection","Pass","INSP-3"
"QC-1401","2025-08-08 05:00:00","PROD-102","WO-10276","Visual Inspection","Pass","INSP-4"
"QC-1402","2025-08-08 06:00:00","PROD-102","WO-10276","Visual Inspection","Pass","INSP-1"
"QC-1403","2025-08-08 07:00:00","PROD-102","WO-10276","Visual Inspection","Pass","INSP-3"
"QC-1404","2025-08-08 08:00:00","PROD-102","WO-10276","Functional Test","Pass","INSP-1"
"QC-1405","2025-08-08 09:00:00","PROD-102","WO-10276","Visual Inspection","Pass","INSP-2"
"QC-1406","2025-05-02 00:00:00","PROD-101","WO-10277","Visual Inspection","Pass","INSP-3"
"QC-1407","2025-05-02 01:00:00","PROD-101","WO-10277","Dimensional Accuracy","Pass","INSP-2"
"QC-1408","2025-05-02 02:00:00","PROD-101","WO-10277","Visual Inspection","Pass","INSP-2"
"QC-1409","2025-05-02 03:00:00","PROD-101","WO-10277","Visual Inspection","Pass","INSP-5"
"QC-1410","2025-05-02 04:00:00","PROD-101","WO-10277","Visual Inspection","Pass","INSP-4"
"QC-1411","2025-05-02 05:00:00","PROD-101","WO-10277","Functional Test","Pass","INSP-2"
"QC-1412","2025-05-02 06:00:00","PROD-101","WO-10277","Visual Inspection","Pass","INSP-4"
"QC-1413","2025-05-02 07:00:00","PROD-101","WO-10277","Functional Test","Pass","INSP-4"
"QC-1414","2025-05-02 08:00:00","PROD-101","WO-10277","Visual Inspection","Pass","INSP-2"
"QC-1415","2025-05-02 09:00:00","PROD-101","WO-10277","Functional Test","Pass","INSP-5"
"QC-1416","2026-02-04 00:00:00","PROD-102","WO-10280","Functional Test","Pass","INSP-1"
"QC-1417","2026-02-04 01:00:00","PROD-102","WO-10280","Functional Test","Pass","INSP-2"
"QC-1418","2026-02-04 02:00:00","PROD-102","WO-10280","Functional Test","Pass","INSP-3"
"QC-1419","2026-02-04 03:00:00","PROD-102","WO-10280","Visual Inspection","Pass","INSP-3"
"QC-1420","2026-02-04 04:00:00","PROD-102","WO-10280","Dimensional Accuracy","Pass","INSP-5"
"QC-1421","2026-02-04 05:00:00","PROD-102","WO-10280","Dimensional Accuracy","Pass","INSP-2"
"QC-1422","2025-07-21 00:00:00","PROD-103","WO-10282","Dimensional Accuracy","Pass","INSP-2"
"QC-1423","2025-07-21 01:00:00","PROD-103","WO-10282","Visual Inspection","Pass","INSP-2"
"QC-1424","2025-07-21 02:00:00","PROD-103","WO-10282","Functional Test","Pass","INSP-2"
"QC-1425","2025-07-21 03:00:00","PROD-103","WO-10282","Dimensional Accuracy","Pass","INSP-4"
"QC-1426","2025-07-21 04:00:00","PROD-103","WO-10282","Visual Inspection","Pass","INSP-3"
"QC-1427","2025-07-21 05:00:00","PROD-103","WO-10282","Dimensional Accuracy","Pass","INSP-4"
"QC-1428","2025-07-21 06:00:00","PROD-103","WO-10282","Visual Inspection","Pass","INSP-1"
"QC-1429","2025-07-21 07:00:00","PROD-103","WO-10282","Visual Inspection","Pass","INSP-2"
"QC-1430","2025-06-27 00:00:00","PROD-103","WO-10283","Visual Inspection","Pass","INSP-3"
"QC-1431","2025-06-27 01:00:00","PROD-103","WO-10283","Functional Test","Pass","INSP-1"
"QC-1432","2025-06-27 02:00:00","PROD-103","WO-10283","Functional Test","Pass","INSP-2"
"QC-1433","2025-06-27 03:00:00","PROD-103","WO-10283","Functional Test","Pass","INSP-5"
"QC-1434","2025-06-27 04:00:00","PROD-103","WO-10283","Functional Test","Pass","INSP-5"
"QC-1435","2025-06-27 05:00:00","PROD-103","WO-10283","Visual Inspection","Pass","INSP-3"
"QC-1436","2025-06-27 06:00:00","PROD-103","WO-10283","Dimensional Accuracy","Pass","INSP-1"
"QC-1437","2025-06-27 07:00:00","PROD-103","WO-10283","Visual Inspection","Pass","INSP-1"
"QC-1438","2025-06-27 08:00:00","PROD-103","WO-10283","Visual Inspection","Pass","INSP-3"
"QC-1439","2025-06-27 09:00:00","PROD-103","WO-10283","Dimensional Accuracy","Pass","INSP-1"
"QC-1440","2025-06-27 10:00:00","PROD-103","WO-10283","Visual Inspection","Pass","INSP-3"
"QC-1441","2025-09-07 00:00:00","PROD-103","WO-10286","Dimensional Accuracy","Pass","INSP-2"
"QC-1442","2025-09-07 01:00:00","PROD-103","WO-10286","Functional Test","Pass","INSP-2"
"QC-1443","2025-09-07 02:00:00","PROD-103","WO-10286","Functional Test","Fail","INSP-4"
"QC-1444","2025-09-07 03:00:00","PROD-103","WO-10286","Functional Test","Pass","INSP-3"
"QC-1445","2025-09-07 04:00:00","PROD-103","WO-10286","Dimensional Accuracy","Pass","INSP-1"
"QC-1446","2025-09-07 05:00:00","PROD-103","WO-10286","Visual Inspection","Pass","INSP-4"
"QC-1447","2025-09-07 06:00:00","PROD-103","WO-10286","Dimensional Accuracy","Pass","INSP-3"
"QC-1448","2025-09-07 07:00:00","PROD-103","WO-10286","Visual Inspection","Pass","INSP-2"
"QC-1449","2025-09-07 00:00:00","PROD-102","WO-10287","Functional Test","Pass","INSP-4"
"QC-1450","2025-09-07 01:00:00","PROD-102","WO-10287","Functional Test","Pass","INSP-1"
"QC-1451","2025-09-07 02:00:00","PROD-102","WO-10287","Functional Test","Pass","INSP-3"
"QC-1452","2025-09-07 03:00:00","PROD-102","WO-10287","Dimensional Accuracy","Pass","INSP-1"
"QC-1453","2025-09-07 04:00:00","PROD-102","WO-10287","Visual Inspection","Pass","INSP-4"
"QC-1454","2025-09-07 05:00:00","PROD-102","WO-10287","Functional Test","Pass","INSP-4"
"QC-1455","2025-09-07 06:00:00","PROD-102","WO-10287","Dimensional Accuracy","Pass","INSP-5"
"QC-1456","2025-09-07 07:00:00","PROD-102","WO-10287","Visual Inspection","Pass","INSP-2"
"QC-1457","2025-09-07 08:00:00","PROD-102","WO-10287","Dimensional Accuracy","Pass","INSP-1"
"QC-1458","2025-09-07 09:00:00","PROD-102","WO-10287","Functional Test","Pass","INSP-1"
"QC-1459","2025-09-07 10:00:00","PROD-102","WO-10287","Dimensional Accuracy","Pass","INSP-4"
"QC-1460","2025-09-07 11:00:00","PROD-102","WO-10287","Functional Test","Pass","INSP-1"
"QC-1461","2025-09-07 12:00:00","PROD-102","WO-10287","Functional Test","Pass","INSP-5"
"QC-1462","2025-09-07 13:00:00","PROD-102","WO-10287","Functional Test","Pass","INSP-2"
"QC-1463","2026-02-04 00:00:00","PROD-104","WO-10295","Visual Inspection","Pass","INSP-3"
"QC-1464","2026-02-04 01:00:00","PROD-104","WO-10295","Dimensional Accuracy","Pass","INSP-4"
"QC-1465","2026-02-04 02:00:00","PROD-104","WO-10295","Visual Inspection","Pass","INSP-1"
"QC-1466","2026-02-04 03:00:00","PROD-104","WO-10295","Dimensional Accuracy","Pass","INSP-2"
"QC-1467","2026-02-04 04:00:00","PROD-104","WO-10295","Visual Inspection","Pass","INSP-5"
"QC-1468","2026-01-26 00:00:00","PROD-101","WO-10296","Dimensional Accuracy","Pass","INSP-3"
"QC-1469","2026-01-26 01:00:00","PROD-101","WO-10296","Dimensional Accuracy","Pass","INSP-1"
"QC-1470","2026-01-26 02:00:00","PROD-101","WO-10296","Functional Test","Pass","INSP-1"
"QC-1471","2026-01-26 03:00:00","PROD-101","WO-10296","Functional Test","Fail","INSP-3"
"QC-1472","2026-01-26 04:00:00","PROD-101","WO-10296","Visual Inspection","Pass","INSP-5"
"QC-1473","2026-01-26 05:00:00","PROD-101","WO-10296","Functional Test","Pass","INSP-4"
"QC-1474","2026-01-26 06:00:00","PROD-101","WO-10296","Visual Inspection","Pass","INSP-2"
"QC-1475","2026-01-26 07:00:00","PROD-101","WO-10296","Visual Inspection","Pass","INSP-5"
"QC-1476","2026-01-26 08:00:00","PROD-101","WO-10296","Visual Inspection","Pass","INSP-2"
"QC-1477","2026-01-26 09:00:00","PROD-101","WO-10296","Functional Test","Pass","INSP-4"
"QC-1478","2026-01-26 10:00:00","PROD-101","WO-10296","Dimensional Accuracy","Pass","INSP-4"
"QC-1479","2026-01-26 11:00:00","PROD-101","WO-10296","Visual Inspection","Pass","INSP-2"
"QC-1480","2026-01-26 12:00:00","PROD-101","WO-10296","Visual Inspection","Pass","INSP-1"
"QC-1481","2026-01-26 13:00:00","PROD-101","WO-10296","Dimensional Accuracy","Pass","INSP-5"
"QC-1482","2026-01-26 14:00:00","PROD-101","WO-10296","Functional Test","Pass","INSP-4"
"QC-1483","2025-07-07 00:00:00","PROD-101","WO-10297","Functional Test","Pass","INSP-1"
"QC-1484","2025-07-07 01:00:00","PROD-101","WO-10297","Functional Test","Pass","INSP-2"
"QC-1485","2025-07-07 02:00:00","PROD-101","WO-10297","Functional Test","Pass","INSP-4"
"QC-1486","2025-07-07 03:00:00","PROD-101","WO-10297","Functional Test","Pass","INSP-5"
"QC-1487","2025-07-07 04:00:00","PROD-101","WO-10297","Functional Test","Pass","INSP-1"
"QC-1488","2025-07-07 05:00:00","PROD-101","WO-10297","Functional Test","Pass","INSP-4"
"QC-1489","2025-07-07 06:00:00","PROD-101","WO-10297","Visual Inspection","Pass","INSP-2"
"QC-1490","2025-07-07 07:00:00","PROD-101","WO-10297","Functional Test","Pass","INSP-1"
"QC-1491","2025-07-07 08:00:00","PROD-101","WO-10297","Dimensional Accuracy","Pass","INSP-5"
"QC-1492","2025-07-07 09:00:00","PROD-101","WO-10297","Functional Test","Pass","INSP-3"
"QC-1493","2025-07-07 10:00:00","PROD-101","WO-10297","Dimensional Accuracy","Pass","INSP-2"
"QC-1494","2025-07-07 11:00:00","PROD-101","WO-10297","Visual Inspection","Pass","INSP-1"
"QC-1495","2025-07-07 12:00:00","PROD-101","WO-10297","Dimensional Accuracy","Pass","INSP-3"
"QC-1496","2025-07-07 13:00:00","PROD-101","WO-10297","Functional Test","Pass","INSP-1"
"QC-1497","2025-07-07 14:00:00","PROD-101","WO-10297","Visual Inspection","Pass","INSP-1"
"QC-1498","2025-09-14 00:00:00","PROD-101","WO-10298","Dimensional Accuracy","Pass","INSP-5"
"QC-1499","2025-09-14 01:00:00","PROD-101","WO-10298","Functional Test","Pass","INSP-5"
"QC-1500","2025-09-14 02:00:00","PROD-101","WO-10298","Visual Inspection","Pass","INSP-5"
"QC-1501","2026-03-19 00:00:00","PROD-102","WO-10299","Dimensional Accuracy","Pass","INSP-5"
"QC-1502","2026-03-19 01:00:00","PROD-102","WO-10299","Visual Inspection","Pass","INSP-1"
"QC-1503","2026-03-19 02:00:00","PROD-102","WO-10299","Visual Inspection","Pass","INSP-3"
"QC-1504","2026-03-19 03:00:00","PROD-102","WO-10299","Visual Inspection","Pass","INSP-4"
"QC-1505","2026-03-19 04:00:00","PROD-102","WO-10299","Dimensional Accuracy","Pass","INSP-4"
"QC-1506","2026-03-19 05:00:00","PROD-102","WO-10299","Dimensional Accuracy","Pass","INSP-1"
"QC-1507","2026-03-19 06:00:00","PROD-102","WO-10299","Visual Inspection","Pass","INSP-4"
"QC-1508","2026-03-19 07:00:00","PROD-102","WO-10299","Functional Test","Pass","INSP-5"
"QC-1509","2026-03-24 00:00:00","PROD-101","WO-10300","Dimensional Accuracy","Fail","INSP-4"
"QC-1510","2026-03-24 01:00:00","PROD-101","WO-10300","Visual Inspection","Pass","INSP-3"
"QC-1511","2026-03-24 02:00:00","PROD-101","WO-10300","Dimensional Accuracy","Pass","INSP-2"
"QC-1512","2026-03-24 03:00:00","PROD-101","WO-10300","Visual Inspection","Pass","INSP-3"
"QC-1513","2026-03-24 04:00:00","PROD-101","WO-10300","Functional Test","Fail","INSP-3"
"QC-1514","2026-03-24 05:00:00","PROD-101","WO-10300","Dimensional Accuracy","Pass","INSP-1"
"QC-1515","2026-03-21 00:00:00","PROD-103","WO-10302","Functional Test","Pass","INSP-3"
"QC-1516","2026-03-21 01:00:00","PROD-103","WO-10302","Dimensional Accuracy","Pass","INSP-5"
"QC-1517","2026-03-21 02:00:00","PROD-103","WO-10302","Visual Inspection","Pass","INSP-5"
"QC-1518","2026-03-21 03:00:00","PROD-103","WO-10302","Functional Test","Pass","INSP-5"
"QC-1519","2026-03-21 04:00:00","PROD-103","WO-10302","Functional Test","Pass","INSP-2"
"QC-1520","2026-03-21 05:00:00","PROD-103","WO-10302","Visual Inspection","Pass","INSP-2"
"QC-1521","2026-03-21 06:00:00","PROD-103","WO-10302","Visual Inspection","Pass","INSP-5"
"QC-1522","2026-03-21 07:00:00","PROD-103","WO-10302","Visual Inspection","Pass","INSP-1"
"QC-1523","2026-02-13 00:00:00","PROD-101","WO-10303","Dimensional Accuracy","Pass","INSP-5"
"QC-1524","2026-02-13 01:00:00","PROD-101","WO-10303","Visual Inspection","Pass","INSP-4"
"QC-1525","2026-02-13 02:00:00","PROD-101","WO-10303","Functional Test","Pass","INSP-1"
"QC-1526","2026-02-13 03:00:00","PROD-101","WO-10303","Dimensional Accuracy","Pass","INSP-3"
"QC-1527","2025-05-08 00:00:00","PROD-103","WO-10306","Dimensional Accuracy","Pass","INSP-2"
"QC-1528","2025-05-08 01:00:00","PROD-103","WO-10306","Dimensional Accuracy","Pass","INSP-4"
"QC-1529","2025-05-08 02:00:00","PROD-103","WO-10306","Dimensional Accuracy","Pass","INSP-1"
"QC-1530","2026-02-24 00:00:00","PROD-102","WO-10308","Dimensional Accuracy","Pass","INSP-5"
"QC-1531","2026-02-24 01:00:00","PROD-102","WO-10308","Functional Test","Pass","INSP-4"
"QC-1532","2026-02-24 02:00:00","PROD-102","WO-10308","Functional Test","Fail","INSP-5"
"QC-1533","2026-02-24 03:00:00","PROD-102","WO-10308","Dimensional Accuracy","Pass","INSP-3"
"QC-1534","2026-02-24 04:00:00","PROD-102","WO-10308","Dimensional Accuracy","Pass","INSP-2"
"QC-1535","2025-10-07 00:00:00","PROD-104","WO-10309","Dimensional Accuracy","Pass","INSP-3"
"QC-1536","2025-10-07 01:00:00","PROD-104","WO-10309","Dimensional Accuracy","Pass","INSP-4"
"QC-1537","2025-10-07 02:00:00","PROD-104","WO-10309","Visual Inspection","Pass","INSP-5"
"QC-1538","2025-10-07 03:00:00","PROD-104","WO-10309","Dimensional Accuracy","Pass","INSP-3"
"QC-1539","2025-10-07 04:00:00","PROD-104","WO-10309","Visual Inspection","Pass","INSP-4"
"QC-1540","2025-10-07 05:00:00","PROD-104","WO-10309","Functional Test","Pass","INSP-1"
"QC-1541","2025-10-07 06:00:00","PROD-104","WO-10309","Functional Test","Pass","INSP-1"
"QC-1542","2025-10-07 07:00:00","PROD-104","WO-10309","Dimensional Accuracy","Pass","INSP-5"
"QC-1543","2025-10-07 08:00:00","PROD-104","WO-10309","Dimensional Accuracy","Pass","INSP-5"
"QC-1544","2025-10-07 09:00:00","PROD-104","WO-10309","Dimensional Accuracy","Pass","INSP-5"
"QC-1545","2025-11-22 00:00:00","PROD-104","WO-10310","Visual Inspection","Pass","INSP-1"
"QC-1546","2025-11-22 01:00:00","PROD-104","WO-10310","Visual Inspection","Pass","INSP-4"
"QC-1547","2025-11-22 02:00:00","PROD-104","WO-10310","Functional Test","Pass","INSP-4"
"QC-1548","2025-11-22 03:00:00","PROD-104","WO-10310","Functional Test","Pass","INSP-3"
"QC-1549","2025-06-02 00:00:00","PROD-104","WO-10311","Dimensional Accuracy","Pass","INSP-5"
"QC-1550","2025-06-02 01:00:00","PROD-104","WO-10311","Functional Test","Pass","INSP-1"
"QC-1551","2025-06-02 02:00:00","PROD-104","WO-10311","Functional Test","Pass","INSP-2"
"QC-1552","2025-06-02 03:00:00","PROD-104","WO-10311","Functional Test","Pass","INSP-1"
"QC-1553","2025-06-02 04:00:00","PROD-104","WO-10311","Functional Test","Pass","INSP-1"
"QC-1554","2025-06-02 05:00:00","PROD-104","WO-10311","Functional Test","Pass","INSP-2"
"QC-1555","2025-06-02 06:00:00","PROD-104","WO-10311","Dimensional Accuracy","Pass","INSP-5"
"QC-1556","2025-06-02 07:00:00","PROD-104","WO-10311","Dimensional Accuracy","Pass","INSP-5"
"QC-1557","2025-06-02 08:00:00","PROD-104","WO-10311","Functional Test","Pass","INSP-2"
"QC-1558","2025-06-02 09:00:00","PROD-104","WO-10311","Functional Test","Pass","INSP-4"
"QC-1559","2025-07-08 00:00:00","PROD-104","WO-10312","Visual Inspection","Pass","INSP-3"
"QC-1560","2025-07-08 01:00:00","PROD-104","WO-10312","Functional Test","Pass","INSP-4"
"QC-1561","2025-07-08 02:00:00","PROD-104","WO-10312","Dimensional Accuracy","Pass","INSP-5"
"QC-1562","2025-07-08 03:00:00","PROD-104","WO-10312","Visual Inspection","Pass","INSP-5"
"QC-1563","2025-07-08 04:00:00","PROD-104","WO-10312","Dimensional Accuracy","Pass","INSP-3"
"QC-1564","2025-07-08 05:00:00","PROD-104","WO-10312","Functional Test","Pass","INSP-3"
"QC-1565","2025-10-06 00:00:00","PROD-104","WO-10313","Visual Inspection","Pass","INSP-5"
"QC-1566","2025-10-06 01:00:00","PROD-104","WO-10313","Functional Test","Pass","INSP-4"
"QC-1567","2025-10-06 02:00:00","PROD-104","WO-10313","Dimensional Accuracy","Fail","INSP-5"
"QC-1568","2025-10-06 03:00:00","PROD-104","WO-10313","Dimensional Accuracy","Pass","INSP-5"
"QC-1569","2025-10-06 04:00:00","PROD-104","WO-10313","Visual Inspection","Pass","INSP-2"
"QC-1570","2025-10-06 05:00:00","PROD-104","WO-10313","Dimensional Accuracy","Pass","INSP-2"
"QC-1571","2025-04-12 00:00:00","PROD-103","WO-10314","Functional Test","Pass","INSP-5"
"QC-1572","2025-04-12 01:00:00","PROD-103","WO-10314","Dimensional Accuracy","Pass","INSP-5"
"QC-1573","2025-04-12 02:00:00","PROD-103","WO-10314","Visual Inspection","Pass","INSP-3"
"QC-1574","2026-02-19 00:00:00","PROD-104","WO-10316","Functional Test","Pass","INSP-1"
"QC-1575","2026-02-19 01:00:00","PROD-104","WO-10316","Visual Inspection","Pass","INSP-4"
"QC-1576","2026-02-19 02:00:00","PROD-104","WO-10316","Dimensional Accuracy","Pass","INSP-3"
"QC-1577","2025-04-08 00:00:00","PROD-103","WO-10317","Visual Inspection","Pass","INSP-1"
"QC-1578","2025-04-08 01:00:00","PROD-103","WO-10317","Dimensional Accuracy","Fail","INSP-3"
"QC-1579","2025-06-06 00:00:00","PROD-102","WO-10318","Visual Inspection","Pass","INSP-5"
"QC-1580","2025-06-06 01:00:00","PROD-102","WO-10318","Dimensional Accuracy","Pass","INSP-2"
"QC-1581","2025-06-06 02:00:00","PROD-102","WO-10318","Visual Inspection","Pass","INSP-3"
"QC-1582","2025-06-06 03:00:00","PROD-102","WO-10318","Functional Test","Pass","INSP-4"
"QC-1583","2025-06-06 04:00:00","PROD-102","WO-10318","Dimensional Accuracy","Pass","INSP-3"
"QC-1584","2025-06-06 05:00:00","PROD-102","WO-10318","Visual Inspection","Pass","INSP-3"
"QC-1585","2025-06-06 06:00:00","PROD-102","WO-10318","Functional Test","Pass","INSP-4"
"QC-1586","2025-06-06 07:00:00","PROD-102","WO-10318","Visual Inspection","Pass","INSP-3"
"QC-1587","2025-06-06 08:00:00","PROD-102","WO-10318","Functional Test","Pass","INSP-1"
"QC-1588","2025-06-06 09:00:00","PROD-102","WO-10318","Visual Inspection","Fail","INSP-1"
"QC-1589","2025-06-06 10:00:00","PROD-102","WO-10318","Functional Test","Pass","INSP-3"
"QC-1590","2025-06-06 11:00:00","PROD-102","WO-10318","Dimensional Accuracy","Pass","INSP-1"
"QC-1591","2025-05-10 00:00:00","PROD-102","WO-10319","Dimensional Accuracy","Pass","INSP-2"
"QC-1592","2025-05-10 01:00:00","PROD-102","WO-10319","Visual Inspection","Pass","INSP-2"
"QC-1593","2025-05-10 02:00:00","PROD-102","WO-10319","Functional Test","Pass","INSP-2"
"QC-1594","2025-05-10 03:00:00","PROD-102","WO-10319","Functional Test","Pass","INSP-5"
"QC-1595","2025-05-10 04:00:00","PROD-102","WO-10319","Dimensional Accuracy","Pass","INSP-3"
"QC-1596","2025-05-10 05:00:00","PROD-102","WO-10319","Dimensional Accuracy","Pass","INSP-2"
"QC-1597","2025-05-10 06:00:00","PROD-102","WO-10319","Visual Inspection","Pass","INSP-2"
"QC-1598","2025-05-10 07:00:00","PROD-102","WO-10319","Dimensional Accuracy","Pass","INSP-2"
"QC-1599","2025-05-10 08:00:00","PROD-102","WO-10319","Dimensional Accuracy","Pass","INSP-5"
"QC-1600","2025-05-10 09:00:00","PROD-102","WO-10319","Visual Inspection","Pass","INSP-2"
"QC-1601","2025-05-10 10:00:00","PROD-102","WO-10319","Visual Inspection","Pass","INSP-1"
"QC-1602","2025-08-24 00:00:00","PROD-102","WO-10320","Functional Test","Pass","INSP-5"
"QC-1603","2025-08-24 01:00:00","PROD-102","WO-10320","Functional Test","Pass","INSP-2"
"QC-1604","2025-08-24 02:00:00","PROD-102","WO-10320","Functional Test","Pass","INSP-4"
"QC-1605","2025-08-24 03:00:00","PROD-102","WO-10320","Visual Inspection","Pass","INSP-3"
"QC-1606","2025-08-24 04:00:00","PROD-102","WO-10320","Functional Test","Pass","INSP-1"
"QC-1607","2025-10-08 00:00:00","PROD-102","WO-10321","Dimensional Accuracy","Pass","INSP-4"
"QC-1608","2025-10-08 01:00:00","PROD-102","WO-10321","Visual Inspection","Pass","INSP-5"
"QC-1609","2025-10-08 02:00:00","PROD-102","WO-10321","Dimensional Accuracy","Pass","INSP-1"
"QC-1610","2026-01-09 00:00:00","PROD-103","WO-10322","Visual Inspection","Pass","INSP-5"
"QC-1611","2026-01-09 01:00:00","PROD-103","WO-10322","Functional Test","Pass","INSP-3"
"QC-1612","2026-01-09 02:00:00","PROD-103","WO-10322","Functional Test","Pass","INSP-2"
"QC-1613","2026-01-09 03:00:00","PROD-103","WO-10322","Functional Test","Pass","INSP-2"
"QC-1614","2026-01-09 04:00:00","PROD-103","WO-10322","Dimensional Accuracy","Pass","INSP-4"
"QC-1615","2026-01-09 05:00:00","PROD-103","WO-10322","Dimensional Accuracy","Pass","INSP-3"
"QC-1616","2026-01-09 06:00:00","PROD-103","WO-10322","Visual Inspection","Pass","INSP-3"
"QC-1617","2026-01-09 07:00:00","PROD-103","WO-10322","Functional Test","Fail","INSP-3"
"QC-1618","2026-01-09 08:00:00","PROD-103","WO-10322","Dimensional Accuracy","Pass","INSP-5"
"QC-1619","2026-01-09 09:00:00","PROD-103","WO-10322","Visual Inspection","Pass","INSP-1"
"QC-1620","2025-11-27 00:00:00","PROD-101","WO-10323","Dimensional Accuracy","Pass","INSP-2"
"QC-1621","2025-11-27 01:00:00","PROD-101","WO-10323","Dimensional Accuracy","Pass","INSP-3"
"QC-1622","2025-11-27 02:00:00","PROD-101","WO-10323","Dimensional Accuracy","Pass","INSP-3"
"QC-1623","2026-03-04 00:00:00","PROD-101","WO-10324","Functional Test","Pass","INSP-2"
"QC-1624","2026-03-04 01:00:00","PROD-101","WO-10324","Functional Test","Pass","INSP-4"
"QC-1625","2026-03-04 02:00:00","PROD-101","WO-10324","Dimensional Accuracy","Pass","INSP-2"
"QC-1626","2026-03-04 03:00:00","PROD-101","WO-10324","Functional Test","Pass","INSP-4"
"QC-1627","2026-03-04 04:00:00","PROD-101","WO-10324","Dimensional Accuracy","Pass","INSP-3"
"QC-1628","2026-03-04 05:00:00","PROD-101","WO-10324","Functional Test","Pass","INSP-1"
"QC-1629","2025-11-05 00:00:00","PROD-103","WO-10326","Visual Inspection","Pass","INSP-4"
"QC-1630","2025-11-05 01:00:00","PROD-103","WO-10326","Visual Inspection","Pass","INSP-4"
"QC-1631","2025-11-05 02:00:00","PROD-103","WO-10326","Dimensional Accuracy","Pass","INSP-4"
"QC-1632","2025-11-05 03:00:00","PROD-103","WO-10326","Visual Inspection","Pass","INSP-5"
"QC-1633","2025-11-05 04:00:00","PROD-103","WO-10326","Dimensional Accuracy","Pass","INSP-2"
"QC-1634","2025-11-05 05:00:00","PROD-103","WO-10326","Functional Test","Pass","INSP-3"
"QC-1635","2025-11-05 06:00:00","PROD-103","WO-10326","Functional Test","Pass","INSP-4"
"QC-1636","2025-11-05 07:00:00","PROD-103","WO-10326","Visual Inspection","Pass","INSP-2"
"QC-1637","2025-08-25 00:00:00","PROD-102","WO-10327","Functional Test","Pass","INSP-3"
"QC-1638","2025-08-25 01:00:00","PROD-102","WO-10327","Visual Inspection","Pass","INSP-5"
"QC-1639","2025-08-25 02:00:00","PROD-102","WO-10327","Functional Test","Pass","INSP-5"
"QC-1640","2025-11-10 00:00:00","PROD-104","WO-10328","Visual Inspection","Pass","INSP-2"
"QC-1641","2025-11-10 01:00:00","PROD-104","WO-10328","Visual Inspection","Pass","INSP-5"
"QC-1642","2025-11-10 02:00:00","PROD-104","WO-10328","Dimensional Accuracy","Pass","INSP-1"
"QC-1643","2025-11-10 03:00:00","PROD-104","WO-10328","Dimensional Accuracy","Pass","INSP-2"
"QC-1644","2025-11-10 04:00:00","PROD-104","WO-10328","Functional Test","Pass","INSP-5"
"QC-1645","2025-11-10 05:00:00","PROD-104","WO-10328","Visual Inspection","Pass","INSP-1"
"QC-1646","2025-11-10 06:00:00","PROD-104","WO-10328","Visual Inspection","Pass","INSP-1"
"QC-1647","2025-11-10 07:00:00","PROD-104","WO-10328","Functional Test","Pass","INSP-1"
"QC-1648","2025-11-10 08:00:00","PROD-104","WO-10328","Dimensional Accuracy","Pass","INSP-4"
"QC-1649","2025-11-10 09:00:00","PROD-104","WO-10328","Visual Inspection","Pass","INSP-5"
"QC-1650","2025-11-10 10:00:00","PROD-104","WO-10328","Visual Inspection","Pass","INSP-3"
"QC-1651","2025-08-30 00:00:00","PROD-103","WO-10329","Visual Inspection","Pass","INSP-4"
"QC-1652","2025-08-30 01:00:00","PROD-103","WO-10329","Functional Test","Pass","INSP-3"
"QC-1653","2025-08-30 02:00:00","PROD-103","WO-10329","Functional Test","Pass","INSP-3"
"QC-1654","2025-08-30 03:00:00","PROD-103","WO-10329","Dimensional Accuracy","Pass","INSP-3"
"QC-1655","2025-08-30 04:00:00","PROD-103","WO-10329","Dimensional Accuracy","Pass","INSP-3"
"QC-1656","2025-08-30 05:00:00","PROD-103","WO-10329","Functional Test","Pass","INSP-1"
"QC-1657","2025-08-30 06:00:00","PROD-103","WO-10329","Functional Test","Pass","INSP-2"
"QC-1658","2025-08-30 07:00:00","PROD-103","WO-10329","Dimensional Accuracy","Pass","INSP-4"
"QC-1659","2025-09-22 00:00:00","PROD-103","WO-10330","Dimensional Accuracy","Pass","INSP-5"
"QC-1660","2025-09-22 01:00:00","PROD-103","WO-10330","Dimensional Accuracy","Pass","INSP-1"
"QC-1661","2025-09-22 02:00:00","PROD-103","WO-10330","Functional Test","Pass","INSP-3"
"QC-1662","2025-09-22 03:00:00","PROD-103","WO-10330","Visual Inspection","Pass","INSP-4"
"QC-1663","2025-09-22 04:00:00","PROD-103","WO-10330","Dimensional Accuracy","Pass","INSP-5"
"QC-1664","2025-09-22 05:00:00","PROD-103","WO-10330","Functional Test","Pass","INSP-5"
"QC-1665","2025-09-22 06:00:00","PROD-103","WO-10330","Visual Inspection","Pass","INSP-3"
"QC-1666","2025-09-22 07:00:00","PROD-103","WO-10330","Visual Inspection","Pass","INSP-4"
"QC-1667","2026-03-03 00:00:00","PROD-102","WO-10331","Functional Test","Pass","INSP-2"
"QC-1668","2026-03-03 01:00:00","PROD-102","WO-10331","Dimensional Accuracy","Pass","INSP-4"
"QC-1669","2026-03-03 02:00:00","PROD-102","WO-10331","Functional Test","Pass","INSP-4"
"QC-1670","2026-03-03 03:00:00","PROD-102","WO-10331","Dimensional Accuracy","Pass","INSP-5"
"QC-1671","2026-03-03 04:00:00","PROD-102","WO-10331","Functional Test","Pass","INSP-3"
"QC-1672","2025-10-19 00:00:00","PROD-101","WO-10333","Visual Inspection","Pass","INSP-1"
"QC-1673","2025-10-19 01:00:00","PROD-101","WO-10333","Visual Inspection","Pass","INSP-4"
"QC-1674","2025-10-19 02:00:00","PROD-101","WO-10333","Visual Inspection","Pass","INSP-1"
"QC-1675","2026-01-22 00:00:00","PROD-104","WO-10334","Functional Test","Pass","INSP-1"
"QC-1676","2026-01-22 01:00:00","PROD-104","WO-10334","Functional Test","Pass","INSP-1"
"QC-1677","2026-01-22 02:00:00","PROD-104","WO-10334","Visual Inspection","Pass","INSP-1"
"QC-1678","2026-01-22 03:00:00","PROD-104","WO-10334","Visual Inspection","Pass","INSP-5"
"QC-1679","2026-01-22 04:00:00","PROD-104","WO-10334","Visual Inspection","Pass","INSP-1"
"QC-1680","2026-01-22 05:00:00","PROD-104","WO-10334","Visual Inspection","Pass","INSP-2"
"QC-1681","2026-01-22 06:00:00","PROD-104","WO-10334","Dimensional Accuracy","Fail","INSP-1"
"QC-1682","2026-01-22 07:00:00","PROD-104","WO-10334","Visual Inspection","Pass","INSP-2"
"QC-1683","2026-01-22 08:00:00","PROD-104","WO-10334","Visual Inspection","Pass","INSP-2"
"QC-1684","2026-01-16 00:00:00","PROD-104","WO-10335","Functional Test","Pass","INSP-3"
"QC-1685","2026-01-16 01:00:00","PROD-104","WO-10335","Visual Inspection","Pass","INSP-2"
"QC-1686","2026-01-16 02:00:00","PROD-104","WO-10335","Functional Test","Pass","INSP-3"
"QC-1687","2026-01-16 03:00:00","PROD-104","WO-10335","Visual Inspection","Pass","INSP-5"
"QC-1688","2026-01-16 04:00:00","PROD-104","WO-10335","Functional Test","Pass","INSP-4"
"QC-1689","2026-01-16 05:00:00","PROD-104","WO-10335","Dimensional Accuracy","Pass","INSP-5"
"QC-1690","2026-01-16 06:00:00","PROD-104","WO-10335","Functional Test","Fail","INSP-1"
"QC-1691","2026-01-16 07:00:00","PROD-104","WO-10335","Functional Test","Pass","INSP-4"
"QC-1692","2026-01-16 08:00:00","PROD-104","WO-10335","Visual Inspection","Pass","INSP-4"
"QC-1693","2026-01-16 09:00:00","PROD-104","WO-10335","Dimensional Accuracy","Pass","INSP-3"
"QC-1694","2026-01-16 10:00:00","PROD-104","WO-10335","Visual Inspection","Pass","INSP-5"
"QC-1695","2025-12-17 00:00:00","PROD-104","WO-10336","Dimensional Accuracy","Pass","INSP-5"
"QC-1696","2025-12-17 01:00:00","PROD-104","WO-10336","Visual Inspection","Pass","INSP-2"
"QC-1697","2025-12-17 02:00:00","PROD-104","WO-10336","Dimensional Accuracy","Fail","INSP-3"
"QC-1698","2025-12-17 03:00:00","PROD-104","WO-10336","Visual Inspection","Pass","INSP-1"
"QC-1699","2025-12-17 04:00:00","PROD-104","WO-10336","Functional Test","Pass","INSP-2"
"QC-1700","2025-12-17 05:00:00","PROD-104","WO-10336","Dimensional Accuracy","Pass","INSP-5"
"QC-1701","2025-12-17 06:00:00","PROD-104","WO-10336","Functional Test","Pass","INSP-4"
"QC-1702","2025-12-17 07:00:00","PROD-104","WO-10336","Visual Inspection","Pass","INSP-5"
"QC-1703","2025-12-17 08:00:00","PROD-104","WO-10336","Dimensional Accuracy","Pass","INSP-2"
"QC-1704","2025-12-17 09:00:00","PROD-104","WO-10336","Dimensional Accuracy","Pass","INSP-3"
"QC-1705","2025-12-17 10:00:00","PROD-104","WO-10336","Visual Inspection","Pass","INSP-3"
"QC-1706","2025-12-17 11:00:00","PROD-104","WO-10336","Functional Test","Pass","INSP-4"
"QC-1707","2025-12-17 12:00:00","PROD-104","WO-10336","Visual Inspection","Pass","INSP-4"
"QC-1708","2025-12-17 13:00:00","PROD-104","WO-10336","Visual Inspection","Pass","INSP-2"
"QC-1709","2025-12-17 14:00:00","PROD-104","WO-10336","Visual Inspection","Pass","INSP-3"
"QC-1710","2025-12-17 15:00:00","PROD-104","WO-10336","Dimensional Accuracy","Pass","INSP-4"
"QC-1711","2025-12-17 16:00:00","PROD-104","WO-10336","Dimensional Accuracy","Pass","INSP-5"
"QC-1712","2025-12-17 17:00:00","PROD-104","WO-10336","Visual Inspection","Pass","INSP-4"
"QC-1713","2025-12-17 18:00:00","PROD-104","WO-10336","Visual Inspection","Pass","INSP-5"
"QC-1714","2025-10-15 00:00:00","PROD-102","WO-10337","Functional Test","Pass","INSP-4"
"QC-1715","2025-10-15 01:00:00","PROD-102","WO-10337","Dimensional Accuracy","Pass","INSP-1"
"QC-1716","2025-10-15 02:00:00","PROD-102","WO-10337","Functional Test","Pass","INSP-4"
"QC-1717","2025-10-15 03:00:00","PROD-102","WO-10337","Dimensional Accuracy","Pass","INSP-2"
"QC-1718","2025-10-15 04:00:00","PROD-102","WO-10337","Visual Inspection","Pass","INSP-5"
"QC-1719","2025-10-15 05:00:00","PROD-102","WO-10337","Visual Inspection","Pass","INSP-2"
"QC-1720","2025-10-15 06:00:00","PROD-102","WO-10337","Visual Inspection","Pass","INSP-4"
"QC-1721","2025-10-15 07:00:00","PROD-102","WO-10337","Visual Inspection","Pass","INSP-3"
"QC-1722","2025-10-15 08:00:00","PROD-102","WO-10337","Visual Inspection","Pass","INSP-2"
"QC-1723","2025-11-20 00:00:00","PROD-104","WO-10338","Visual Inspection","Pass","INSP-4"
"QC-1724","2025-11-20 01:00:00","PROD-104","WO-10338","Visual Inspection","Pass","INSP-5"
"QC-1725","2025-11-20 02:00:00","PROD-104","WO-10338","Functional Test","Pass","INSP-5"
"QC-1726","2025-11-20 03:00:00","PROD-104","WO-10338","Functional Test","Pass","INSP-4"
"QC-1727","2025-11-20 04:00:00","PROD-104","WO-10338","Dimensional Accuracy","Pass","INSP-3"
"QC-1728","2025-11-20 05:00:00","PROD-104","WO-10338","Dimensional Accuracy","Pass","INSP-5"
"QC-1729","2025-11-20 06:00:00","PROD-104","WO-10338","Visual Inspection","Pass","INSP-3"
"QC-1730","2025-11-20 07:00:00","PROD-104","WO-10338","Functional Test","Pass","INSP-2"
"QC-1731","2025-11-20 08:00:00","PROD-104","WO-10338","Functional Test","Pass","INSP-3"
"QC-1732","2025-11-30 00:00:00","PROD-104","WO-10339","Functional Test","Pass","INSP-4"
"QC-1733","2025-11-30 01:00:00","PROD-104","WO-10339","Functional Test","Pass","INSP-2"
"QC-1734","2025-11-30 02:00:00","PROD-104","WO-10339","Visual Inspection","Pass","INSP-3"
"QC-1735","2025-11-30 03:00:00","PROD-104","WO-10339","Visual Inspection","Pass","INSP-5"
"QC-1736","2025-11-30 04:00:00","PROD-104","WO-10339","Visual Inspection","Pass","INSP-3"
"QC-1737","2025-11-30 05:00:00","PROD-104","WO-10339","Dimensional Accuracy","Pass","INSP-3"
"QC-1738","2025-11-30 06:00:00","PROD-104","WO-10339","Dimensional Accuracy","Pass","INSP-2"
"QC-1739","2025-11-30 07:00:00","PROD-104","WO-10339","Visual Inspection","Fail","INSP-3"
"QC-1740","2025-11-30 08:00:00","PROD-104","WO-10339","Dimensional Accuracy","Pass","INSP-2"
"QC-1741","2025-11-30 09:00:00","PROD-104","WO-10339","Visual Inspection","Pass","INSP-2"
"QC-1742","2025-11-30 10:00:00","PROD-104","WO-10339","Visual Inspection","Pass","INSP-3"
"QC-1743","2025-11-30 11:00:00","PROD-104","WO-10339","Visual Inspection","Pass","INSP-4"
"QC-1744","2025-11-30 12:00:00","PROD-104","WO-10339","Visual Inspection","Pass","INSP-4"
"QC-1745","2025-11-30 13:00:00","PROD-104","WO-10339","Dimensional Accuracy","Pass","INSP-2"
"QC-1746","2025-11-30 14:00:00","PROD-104","WO-10339","Functional Test","Pass","INSP-4"
"QC-1747","2025-04-18 00:00:00","PROD-101","WO-10341","Visual Inspection","Pass","INSP-5"
"QC-1748","2025-04-18 01:00:00","PROD-101","WO-10341","Visual Inspection","Pass","INSP-3"
"QC-1749","2025-04-18 02:00:00","PROD-101","WO-10341","Dimensional Accuracy","Pass","INSP-5"
"QC-1750","2025-04-18 03:00:00","PROD-101","WO-10341","Visual Inspection","Pass","INSP-2"
"QC-1751","2025-04-18 04:00:00","PROD-101","WO-10341","Visual Inspection","Pass","INSP-1"
"QC-1752","2025-04-18 05:00:00","PROD-101","WO-10341","Dimensional Accuracy","Pass","INSP-5"
"QC-1753","2025-12-14 00:00:00","PROD-103","WO-10342","Visual Inspection","Pass","INSP-2"
"QC-1754","2025-12-14 01:00:00","PROD-103","WO-10342","Visual Inspection","Pass","INSP-3"
"QC-1755","2025-12-14 02:00:00","PROD-103","WO-10342","Visual Inspection","Pass","INSP-5"
"QC-1756","2025-12-14 03:00:00","PROD-103","WO-10342","Functional Test","Pass","INSP-2"
"QC-1757","2025-12-14 04:00:00","PROD-103","WO-10342","Visual Inspection","Pass","INSP-4"
"QC-1758","2025-12-14 05:00:00","PROD-103","WO-10342","Dimensional Accuracy","Pass","INSP-2"
"QC-1759","2025-12-14 06:00:00","PROD-103","WO-10342","Functional Test","Pass","INSP-3"
"QC-1760","2025-12-14 07:00:00","PROD-103","WO-10342","Functional Test","Pass","INSP-2"
"QC-1761","2025-12-14 08:00:00","PROD-103","WO-10342","Dimensional Accuracy","Pass","INSP-3"
"QC-1762","2025-10-18 00:00:00","PROD-103","WO-10343","Visual Inspection","Pass","INSP-4"
"QC-1763","2025-10-18 01:00:00","PROD-103","WO-10343","Visual Inspection","Pass","INSP-1"
"QC-1764","2025-10-18 02:00:00","PROD-103","WO-10343","Dimensional Accuracy","Pass","INSP-3"
"QC-1765","2025-10-18 03:00:00","PROD-103","WO-10343","Dimensional Accuracy","Pass","INSP-1"
"QC-1766","2025-10-18 04:00:00","PROD-103","WO-10343","Visual Inspection","Pass","INSP-4"
"QC-1767","2025-10-18 05:00:00","PROD-103","WO-10343","Visual Inspection","Pass","INSP-4"
"QC-1768","2025-10-18 06:00:00","PROD-103","WO-10343","Dimensional Accuracy","Pass","INSP-4"
"QC-1769","2025-10-18 07:00:00","PROD-103","WO-10343","Dimensional Accuracy","Pass","INSP-3"
"QC-1770","2025-10-18 08:00:00","PROD-103","WO-10343","Functional Test","Pass","INSP-3"
"QC-1771","2025-11-30 00:00:00","PROD-104","WO-10344","Dimensional Accuracy","Pass","INSP-4"
"QC-1772","2025-11-30 01:00:00","PROD-104","WO-10344","Functional Test","Pass","INSP-2"
"QC-1773","2025-11-30 02:00:00","PROD-104","WO-10344","Functional Test","Pass","INSP-3"
"QC-1774","2025-11-30 03:00:00","PROD-104","WO-10344","Visual Inspection","Pass","INSP-3"
"QC-1775","2025-11-30 04:00:00","PROD-104","WO-10344","Dimensional Accuracy","Pass","INSP-1"
"QC-1776","2025-11-30 05:00:00","PROD-104","WO-10344","Functional Test","Pass","INSP-4"
"QC-1777","2025-11-30 06:00:00","PROD-104","WO-10344","Dimensional Accuracy","Pass","INSP-4"
"QC-1778","2025-11-30 07:00:00","PROD-104","WO-10344","Visual Inspection","Pass","INSP-3"
"QC-1779","2025-11-30 08:00:00","PROD-104","WO-10344","Dimensional Accuracy","Pass","INSP-1"
"QC-1780","2025-11-30 09:00:00","PROD-104","WO-10344","Functional Test","Pass","INSP-4"
"QC-1781","2025-11-30 10:00:00","PROD-104","WO-10344","Visual Inspection","Pass","INSP-1"
"QC-1782","2025-11-30 11:00:00","PROD-104","WO-10344","Visual Inspection","Pass","INSP-3"
"QC-1783","2025-10-30 00:00:00","PROD-103","WO-10345","Functional Test","Pass","INSP-2"
"QC-1784","2025-10-30 01:00:00","PROD-103","WO-10345","Dimensional Accuracy","Fail","INSP-1"
"QC-1785","2025-10-30 02:00:00","PROD-103","WO-10345","Functional Test","Pass","INSP-5"
"QC-1786","2025-10-30 03:00:00","PROD-103","WO-10345","Visual Inspection","Pass","INSP-5"
"QC-1787","2025-10-15 00:00:00","PROD-104","WO-10347","Functional Test","Pass","INSP-3"
"QC-1788","2025-10-15 01:00:00","PROD-104","WO-10347","Dimensional Accuracy","Pass","INSP-5"
"QC-1789","2025-10-15 02:00:00","PROD-104","WO-10347","Visual Inspection","Pass","INSP-1"
"QC-1790","2025-10-15 03:00:00","PROD-104","WO-10347","Dimensional Accuracy","Pass","INSP-5"
"QC-1791","2025-10-15 04:00:00","PROD-104","WO-10347","Visual Inspection","Pass","INSP-5"
"QC-1792","2025-10-15 05:00:00","PROD-104","WO-10347","Functional Test","Pass","INSP-1"
"QC-1793","2025-10-15 06:00:00","PROD-104","WO-10347","Visual Inspection","Pass","INSP-2"
"QC-1794","2025-10-15 07:00:00","PROD-104","WO-10347","Visual Inspection","Pass","INSP-5"
"QC-1795","2025-10-15 08:00:00","PROD-104","WO-10347","Functional Test","Fail","INSP-5"
"QC-1796","2026-02-04 00:00:00","PROD-102","WO-10348","Visual Inspection","Pass","INSP-1"
"QC-1797","2026-02-04 01:00:00","PROD-102","WO-10348","Dimensional Accuracy","Pass","INSP-5"
"QC-1798","2026-02-04 02:00:00","PROD-102","WO-10348","Functional Test","Pass","INSP-2"
"QC-1799","2026-02-04 03:00:00","PROD-102","WO-10348","Functional Test","Pass","INSP-5"
"QC-1800","2026-02-04 04:00:00","PROD-102","WO-10348","Dimensional Accuracy","Pass","INSP-1"
"QC-1801","2026-02-04 05:00:00","PROD-102","WO-10348","Dimensional Accuracy","Pass","INSP-5"
"QC-1802","2026-02-04 06:00:00","PROD-102","WO-10348","Visual Inspection","Pass","INSP-3"
"QC-1803","2026-02-04 07:00:00","PROD-102","WO-10348","Dimensional Accuracy","Pass","INSP-5"
"QC-1804","2026-02-04 08:00:00","PROD-102","WO-10348","Functional Test","Pass","INSP-5"
"QC-1805","2026-02-04 09:00:00","PROD-102","WO-10348","Functional Test","Pass","INSP-5"
"QC-1806","2025-12-07 00:00:00","PROD-102","WO-10350","Functional Test","Pass","INSP-2"
"QC-1807","2025-12-07 01:00:00","PROD-102","WO-10350","Dimensional Accuracy","Pass","INSP-1"
"QC-1808","2025-12-07 02:00:00","PROD-102","WO-10350","Dimensional Accuracy","Pass","INSP-2"
"QC-1809","2025-12-07 03:00:00","PROD-102","WO-10350","Dimensional Accuracy","Pass","INSP-4"
"QC-1810","2025-12-07 04:00:00","PROD-102","WO-10350","Visual Inspection","Pass","INSP-1"
"QC-1811","2025-12-07 05:00:00","PROD-102","WO-10350","Visual Inspection","Pass","INSP-1"
"QC-1812","2025-12-07 06:00:00","PROD-102","WO-10350","Dimensional Accuracy","Pass","INSP-5"
"QC-1813","2025-12-07 07:00:00","PROD-102","WO-10350","Functional Test","Pass","INSP-3"
"QC-1814","2025-12-07 08:00:00","PROD-102","WO-10350","Visual Inspection","Pass","INSP-3"
"QC-1815","2025-12-07 09:00:00","PROD-102","WO-10350","Visual Inspection","Pass","INSP-2"
"QC-1816","2025-12-07 10:00:00","PROD-102","WO-10350","Dimensional Accuracy","Pass","INSP-2"
"QC-1817","2025-12-07 11:00:00","PROD-102","WO-10350","Visual Inspection","Pass","INSP-3"
"QC-1818","2025-12-07 12:00:00","PROD-102","WO-10350","Dimensional Accuracy","Pass","INSP-2"
"QC-1819","2025-12-07 13:00:00","PROD-102","WO-10350","Dimensional Accuracy","Pass","INSP-3"
"QC-1820","2026-02-09 00:00:00","PROD-102","WO-10351","Visual Inspection","Pass","INSP-1"
"QC-1821","2026-02-09 01:00:00","PROD-102","WO-10351","Functional Test","Pass","INSP-3"
"QC-1822","2026-02-09 02:00:00","PROD-102","WO-10351","Functional Test","Pass","INSP-5"
"QC-1823","2026-02-09 03:00:00","PROD-102","WO-10351","Functional Test","Pass","INSP-2"
"QC-1824","2026-02-09 04:00:00","PROD-102","WO-10351","Dimensional Accuracy","Pass","INSP-5"
"QC-1825","2026-02-09 05:00:00","PROD-102","WO-10351","Dimensional Accuracy","Pass","INSP-2"
"QC-1826","2026-02-09 06:00:00","PROD-102","WO-10351","Visual Inspection","Pass","INSP-2"
"QC-1827","2026-02-09 07:00:00","PROD-102","WO-10351","Visual Inspection","Pass","INSP-4"
"QC-1828","2026-02-09 08:00:00","PROD-102","WO-10351","Visual Inspection","Pass","INSP-3"
"QC-1829","2026-02-09 09:00:00","PROD-102","WO-10351","Dimensional Accuracy","Pass","INSP-5"
"QC-1830","2026-02-09 10:00:00","PROD-102","WO-10351","Dimensional Accuracy","Pass","INSP-1"
"QC-1831","2026-02-09 11:00:00","PROD-102","WO-10351","Visual Inspection","Pass","INSP-3"
"QC-1832","2025-04-14 00:00:00","PROD-101","WO-10353","Dimensional Accuracy","Pass","INSP-3"
"QC-1833","2025-04-14 01:00:00","PROD-101","WO-10353","Functional Test","Fail","INSP-4"
"QC-1834","2025-04-14 02:00:00","PROD-101","WO-10353","Visual Inspection","Pass","INSP-3"
"QC-1835","2025-04-14 03:00:00","PROD-101","WO-10353","Visual Inspection","Pass","INSP-5"
"QC-1836","2025-04-14 04:00:00","PROD-101","WO-10353","Dimensional Accuracy","Pass","INSP-5"
"QC-1837","2025-04-14 05:00:00","PROD-101","WO-10353","Dimensional Accuracy","Pass","INSP-1"
"QC-1838","2025-10-13 00:00:00","PROD-102","WO-10354","Dimensional Accuracy","Pass","INSP-5"
"QC-1839","2025-10-13 01:00:00","PROD-102","WO-10354","Visual Inspection","Pass","INSP-4"
"QC-1840","2025-10-13 02:00:00","PROD-102","WO-10354","Visual Inspection","Fail","INSP-2"
"QC-1841","2025-10-13 03:00:00","PROD-102","WO-10354","Visual Inspection","Pass","INSP-1"
"QC-1842","2025-10-13 04:00:00","PROD-102","WO-10354","Dimensional Accuracy","Pass","INSP-1"
"QC-1843","2025-10-13 05:00:00","PROD-102","WO-10354","Functional Test","Pass","INSP-3"
"QC-1844","2025-10-13 06:00:00","PROD-102","WO-10354","Functional Test","Pass","INSP-2"
"QC-1845","2025-10-13 07:00:00","PROD-102","WO-10354","Dimensional Accuracy","Fail","INSP-1"
"QC-1846","2025-10-13 08:00:00","PROD-102","WO-10354","Visual Inspection","Pass","INSP-3"
"QC-1847","2025-05-20 00:00:00","PROD-104","WO-10356","Dimensional Accuracy","Pass","INSP-4"
"QC-1848","2025-05-20 01:00:00","PROD-104","WO-10356","Visual Inspection","Fail","INSP-5"
"QC-1849","2025-05-20 02:00:00","PROD-104","WO-10356","Dimensional Accuracy","Pass","INSP-3"
"QC-1850","2025-05-20 03:00:00","PROD-104","WO-10356","Functional Test","Pass","INSP-3"
"QC-1851","2025-05-20 04:00:00","PROD-104","WO-10356","Visual Inspection","Pass","INSP-5"
"QC-1852","2025-05-20 05:00:00","PROD-104","WO-10356","Dimensional Accuracy","Pass","INSP-1"
"QC-1853","2025-05-20 06:00:00","PROD-104","WO-10356","Functional Test","Pass","INSP-2"
"QC-1854","2025-05-20 07:00:00","PROD-104","WO-10356","Visual Inspection","Pass","INSP-4"
"QC-1855","2025-07-31 00:00:00","PROD-102","WO-10361","Visual Inspection","Pass","INSP-1"
"QC-1856","2025-07-31 01:00:00","PROD-102","WO-10361","Dimensional Accuracy","Pass","INSP-5"
"QC-1857","2025-07-31 02:00:00","PROD-102","WO-10361","Visual Inspection","Fail","INSP-4"
"QC-1858","2025-07-31 03:00:00","PROD-102","WO-10361","Visual Inspection","Pass","INSP-2"
"QC-1859","2025-07-31 04:00:00","PROD-102","WO-10361","Dimensional Accuracy","Pass","INSP-4"
"QC-1860","2025-07-31 05:00:00","PROD-102","WO-10361","Dimensional Accuracy","Pass","INSP-5"
"QC-1861","2025-07-31 06:00:00","PROD-102","WO-10361","Visual Inspection","Pass","INSP-5"
"QC-1862","2025-07-31 07:00:00","PROD-102","WO-10361","Functional Test","Pass","INSP-4"
"QC-1863","2026-01-08 00:00:00","PROD-103","WO-10364","Dimensional Accuracy","Pass","INSP-1"
"QC-1864","2026-01-08 01:00:00","PROD-103","WO-10364","Dimensional Accuracy","Pass","INSP-1"
"QC-1865","2026-01-08 02:00:00","PROD-103","WO-10364","Visual Inspection","Fail","INSP-4"
"QC-1866","2026-01-08 03:00:00","PROD-103","WO-10364","Visual Inspection","Pass","INSP-2"
"QC-1867","2026-01-08 04:00:00","PROD-103","WO-10364","Visual Inspection","Pass","INSP-5"
"QC-1868","2026-01-08 05:00:00","PROD-103","WO-10364","Dimensional Accuracy","Pass","INSP-3"
"QC-1869","2026-01-08 06:00:00","PROD-103","WO-10364","Functional Test","Pass","INSP-1"
"QC-1870","2025-07-10 00:00:00","PROD-101","WO-10366","Functional Test","Pass","INSP-1"
"QC-1871","2025-07-10 01:00:00","PROD-101","WO-10366","Dimensional Accuracy","Pass","INSP-2"
"QC-1872","2025-07-10 02:00:00","PROD-101","WO-10366","Functional Test","Pass","INSP-2"
"QC-1873","2025-07-10 03:00:00","PROD-101","WO-10366","Dimensional Accuracy","Pass","INSP-1"
"QC-1874","2025-07-10 04:00:00","PROD-101","WO-10366","Visual Inspection","Pass","INSP-5"
"QC-1875","2025-07-10 05:00:00","PROD-101","WO-10366","Visual Inspection","Pass","INSP-3"
"QC-1876","2025-07-10 06:00:00","PROD-101","WO-10366","Dimensional Accuracy","Pass","INSP-4"
"QC-1877","2025-07-10 07:00:00","PROD-101","WO-10366","Visual Inspection","Pass","INSP-3"
"QC-1878","2025-07-10 08:00:00","PROD-101","WO-10366","Visual Inspection","Pass","INSP-4"
"QC-1879","2025-07-10 09:00:00","PROD-101","WO-10366","Dimensional Accuracy","Pass","INSP-5"
"QC-1880","2025-07-10 10:00:00","PROD-101","WO-10366","Dimensional Accuracy","Pass","INSP-2"
"QC-1881","2025-09-25 00:00:00","PROD-101","WO-10369","Dimensional Accuracy","Pass","INSP-1"
"QC-1882","2025-09-25 01:00:00","PROD-101","WO-10369","Visual Inspection","Pass","INSP-2"
"QC-1883","2025-09-25 02:00:00","PROD-101","WO-10369","Visual Inspection","Pass","INSP-3"
"QC-1884","2025-09-25 03:00:00","PROD-101","WO-10369","Dimensional Accuracy","Pass","INSP-4"
"QC-1885","2025-09-25 04:00:00","PROD-101","WO-10369","Visual Inspection","Pass","INSP-1"
"QC-1886","2025-09-25 05:00:00","PROD-101","WO-10369","Visual Inspection","Pass","INSP-3"
"QC-1887","2025-09-15 00:00:00","PROD-101","WO-10370","Visual Inspection","Pass","INSP-3"
"QC-1888","2025-09-15 01:00:00","PROD-101","WO-10370","Visual Inspection","Pass","INSP-1"
"QC-1889","2025-09-15 02:00:00","PROD-101","WO-10370","Functional Test","Pass","INSP-3"
"QC-1890","2025-09-15 03:00:00","PROD-101","WO-10370","Visual Inspection","Pass","INSP-5"
"QC-1891","2025-09-15 04:00:00","PROD-101","WO-10370","Functional Test","Pass","INSP-3"
"QC-1892","2025-09-15 05:00:00","PROD-101","WO-10370","Functional Test","Pass","INSP-1"
"QC-1893","2025-09-15 06:00:00","PROD-101","WO-10370","Visual Inspection","Pass","INSP-1"
"QC-1894","2025-09-15 07:00:00","PROD-101","WO-10370","Dimensional Accuracy","Pass","INSP-3"
"QC-1895","2025-09-15 08:00:00","PROD-101","WO-10370","Functional Test","Pass","INSP-5"
"QC-1896","2025-09-15 09:00:00","PROD-101","WO-10370","Visual Inspection","Pass","INSP-1"
"QC-1897","2025-09-15 10:00:00","PROD-101","WO-10370","Functional Test","Pass","INSP-4"
"QC-1898","2025-09-25 00:00:00","PROD-104","WO-10371","Visual Inspection","Pass","INSP-1"
"QC-1899","2025-09-25 01:00:00","PROD-104","WO-10371","Functional Test","Pass","INSP-4"
"QC-1900","2025-09-25 02:00:00","PROD-104","WO-10371","Dimensional Accuracy","Pass","INSP-4"
"QC-1901","2025-09-25 03:00:00","PROD-104","WO-10371","Dimensional Accuracy","Pass","INSP-1"
"QC-1902","2025-09-25 04:00:00","PROD-104","WO-10371","Dimensional Accuracy","Pass","INSP-1"
"QC-1903","2025-09-25 05:00:00","PROD-104","WO-10371","Functional Test","Pass","INSP-2"
"QC-1904","2025-09-25 06:00:00","PROD-104","WO-10371","Functional Test","Pass","INSP-1"
"QC-1905","2025-09-25 07:00:00","PROD-104","WO-10371","Dimensional Accuracy","Pass","INSP-2"
"QC-1906","2025-09-25 08:00:00","PROD-104","WO-10371","Visual Inspection","Pass","INSP-1"
"QC-1907","2025-09-25 09:00:00","PROD-104","WO-10371","Visual Inspection","Pass","INSP-2"
"QC-1908","2025-09-25 10:00:00","PROD-104","WO-10371","Visual Inspection","Pass","INSP-3"
"QC-1909","2025-09-25 11:00:00","PROD-104","WO-10371","Visual Inspection","Pass","INSP-3"
"QC-1910","2025-08-22 00:00:00","PROD-102","WO-10374","Dimensional Accuracy","Pass","INSP-4"
"QC-1911","2025-08-22 01:00:00","PROD-102","WO-10374","Visual Inspection","Pass","INSP-4"
"QC-1912","2025-08-22 02:00:00","PROD-102","WO-10374","Dimensional Accuracy","Fail","INSP-4"
"QC-1913","2025-08-22 03:00:00","PROD-102","WO-10374","Visual Inspection","Pass","INSP-1"
"QC-1914","2025-08-22 04:00:00","PROD-102","WO-10374","Functional Test","Pass","INSP-2"
"QC-1915","2025-08-22 05:00:00","PROD-102","WO-10374","Functional Test","Pass","INSP-2"
"QC-1916","2025-08-22 06:00:00","PROD-102","WO-10374","Dimensional Accuracy","Fail","INSP-3"
"QC-1917","2025-08-22 07:00:00","PROD-102","WO-10374","Visual Inspection","Pass","INSP-4"
"QC-1918","2025-08-22 08:00:00","PROD-102","WO-10374","Dimensional Accuracy","Pass","INSP-1"
"QC-1919","2025-08-22 09:00:00","PROD-102","WO-10374","Functional Test","Pass","INSP-5"
"QC-1920","2025-08-22 10:00:00","PROD-102","WO-10374","Visual Inspection","Pass","INSP-5"
"QC-1921","2025-10-08 00:00:00","PROD-102","WO-10375","Visual Inspection","Pass","INSP-3"
"QC-1922","2025-10-08 01:00:00","PROD-102","WO-10375","Visual Inspection","Pass","INSP-2"
"QC-1923","2025-10-08 02:00:00","PROD-102","WO-10375","Visual Inspection","Pass","INSP-5"
"QC-1924","2025-10-08 03:00:00","PROD-102","WO-10375","Functional Test","Pass","INSP-1"
"QC-1925","2025-10-08 04:00:00","PROD-102","WO-10375","Functional Test","Pass","INSP-5"
"QC-1926","2025-10-08 05:00:00","PROD-102","WO-10375","Dimensional Accuracy","Pass","INSP-3"
"QC-1927","2025-10-08 06:00:00","PROD-102","WO-10375","Visual Inspection","Pass","INSP-2"
"QC-1928","2025-06-14 00:00:00","PROD-103","WO-10376","Dimensional Accuracy","Pass","INSP-3"
"QC-1929","2025-06-14 01:00:00","PROD-103","WO-10376","Visual Inspection","Pass","INSP-4"
"QC-1930","2025-06-14 02:00:00","PROD-103","WO-10376","Dimensional Accuracy","Pass","INSP-2"
"QC-1931","2025-06-14 03:00:00","PROD-103","WO-10376","Dimensional Accuracy","Pass","INSP-1"
"QC-1932","2025-06-14 04:00:00","PROD-103","WO-10376","Functional Test","Pass","INSP-4"
"QC-1933","2025-06-14 05:00:00","PROD-103","WO-10376","Dimensional Accuracy","Pass","INSP-5"
"QC-1934","2025-06-14 06:00:00","PROD-103","WO-10376","Functional Test","Fail","INSP-3"
"QC-1935","2025-06-14 07:00:00","PROD-103","WO-10376","Functional Test","Pass","INSP-5"
"QC-1936","2025-06-14 08:00:00","PROD-103","WO-10376","Functional Test","Pass","INSP-3"
"QC-1937","2025-06-14 09:00:00","PROD-103","WO-10376","Functional Test","Pass","INSP-5"
"QC-1938","2025-06-14 10:00:00","PROD-103","WO-10376","Dimensional Accuracy","Pass","INSP-3"
"QC-1939","2025-06-14 11:00:00","PROD-103","WO-10376","Dimensional Accuracy","Pass","INSP-2"
"QC-1940","2025-06-14 12:00:00","PROD-103","WO-10376","Dimensional Accuracy","Pass","INSP-1"
"QC-1941","2025-06-14 13:00:00","PROD-103","WO-10376","Dimensional Accuracy","Pass","INSP-5"
"QC-1942","2025-04-14 00:00:00","PROD-101","WO-10377","Dimensional Accuracy","Pass","INSP-1"
"QC-1943","2025-04-14 01:00:00","PROD-101","WO-10377","Functional Test","Fail","INSP-3"
"QC-1944","2025-04-14 02:00:00","PROD-101","WO-10377","Dimensional Accuracy","Pass","INSP-3"
"QC-1945","2025-10-12 00:00:00","PROD-103","WO-10379","Dimensional Accuracy","Pass","INSP-3"
"QC-1946","2025-10-12 01:00:00","PROD-103","WO-10379","Visual Inspection","Pass","INSP-3"
"QC-1947","2025-10-12 02:00:00","PROD-103","WO-10379","Dimensional Accuracy","Pass","INSP-3"
"QC-1948","2025-05-14 00:00:00","PROD-101","WO-10380","Visual Inspection","Pass","INSP-2"
"QC-1949","2025-05-14 01:00:00","PROD-101","WO-10380","Dimensional Accuracy","Fail","INSP-2"
"QC-1950","2025-05-14 02:00:00","PROD-101","WO-10380","Functional Test","Pass","INSP-1"
"QC-1951","2025-05-14 03:00:00","PROD-101","WO-10380","Functional Test","Pass","INSP-4"
"QC-1952","2025-05-14 04:00:00","PROD-101","WO-10380","Functional Test","Pass","INSP-4"
"QC-1953","2025-05-14 05:00:00","PROD-101","WO-10380","Visual Inspection","Pass","INSP-4"
"QC-1954","2025-05-14 06:00:00","PROD-101","WO-10380","Visual Inspection","Pass","INSP-5"
"QC-1955","2025-08-15 00:00:00","PROD-104","WO-10381","Visual Inspection","Pass","INSP-2"
"QC-1956","2025-08-15 01:00:00","PROD-104","WO-10381","Dimensional Accuracy","Pass","INSP-1"
"QC-1957","2025-08-15 02:00:00","PROD-104","WO-10381","Visual Inspection","Pass","INSP-1"
"QC-1958","2025-08-15 03:00:00","PROD-104","WO-10381","Dimensional Accuracy","Pass","INSP-5"
"QC-1959","2025-08-15 04:00:00","PROD-104","WO-10381","Visual Inspection","Pass","INSP-5"
"QC-1960","2025-08-15 05:00:00","PROD-104","WO-10381","Dimensional Accuracy","Pass","INSP-1"
"QC-1961","2025-08-15 06:00:00","PROD-104","WO-10381","Dimensional Accuracy","Pass","INSP-2"
"QC-1962","2025-08-15 07:00:00","PROD-104","WO-10381","Dimensional Accuracy","Pass","INSP-5"
"QC-1963","2025-08-15 08:00:00","PROD-104","WO-10381","Visual Inspection","Pass","INSP-5"
"QC-1964","2025-08-15 09:00:00","PROD-104","WO-10381","Dimensional Accuracy","Pass","INSP-2"
"QC-1965","2025-09-12 00:00:00","PROD-101","WO-10383","Dimensional Accuracy","Pass","INSP-5"
"QC-1966","2025-09-12 01:00:00","PROD-101","WO-10383","Dimensional Accuracy","Pass","INSP-5"
"QC-1967","2025-09-12 02:00:00","PROD-101","WO-10383","Dimensional Accuracy","Pass","INSP-1"
"QC-1968","2025-09-12 03:00:00","PROD-101","WO-10383","Dimensional Accuracy","Pass","INSP-5"
"QC-1969","2025-09-12 04:00:00","PROD-101","WO-10383","Functional Test","Pass","INSP-3"
"QC-1970","2025-10-24 00:00:00","PROD-103","WO-10384","Functional Test","Pass","INSP-2"
"QC-1971","2025-10-24 01:00:00","PROD-103","WO-10384","Functional Test","Pass","INSP-1"
"QC-1972","2025-10-24 02:00:00","PROD-103","WO-10384","Dimensional Accuracy","Pass","INSP-5"
"QC-1973","2025-10-24 03:00:00","PROD-103","WO-10384","Dimensional Accuracy","Pass","INSP-4"
"QC-1974","2025-10-24 04:00:00","PROD-103","WO-10384","Dimensional Accuracy","Pass","INSP-3"
"QC-1975","2025-10-24 05:00:00","PROD-103","WO-10384","Visual Inspection","Pass","INSP-2"
"QC-1976","2025-08-03 00:00:00","PROD-103","WO-10385","Dimensional Accuracy","Pass","INSP-5"
"QC-1977","2025-08-03 01:00:00","PROD-103","WO-10385","Functional Test","Pass","INSP-2"
"QC-1978","2025-08-03 02:00:00","PROD-103","WO-10385","Functional Test","Pass","INSP-1"
"QC-1979","2025-08-03 03:00:00","PROD-103","WO-10385","Visual Inspection","Pass","INSP-5"
"QC-1980","2025-08-03 04:00:00","PROD-103","WO-10385","Dimensional Accuracy","Pass","INSP-3"
"QC-1981","2025-08-03 05:00:00","PROD-103","WO-10385","Functional Test","Pass","INSP-5"
"QC-1982","2025-08-03 06:00:00","PROD-103","WO-10385","Visual Inspection","Pass","INSP-4"
"QC-1983","2025-08-03 07:00:00","PROD-103","WO-10385","Visual Inspection","Pass","INSP-5"
"QC-1984","2025-08-03 08:00:00","PROD-103","WO-10385","Dimensional Accuracy","Pass","INSP-1"
"QC-1985","2025-08-03 09:00:00","PROD-103","WO-10385","Visual Inspection","Pass","INSP-1"
"QC-1986","2025-08-03 10:00:00","PROD-103","WO-10385","Visual Inspection","Pass","INSP-1"
"QC-1987","2025-08-03 11:00:00","PROD-103","WO-10385","Visual Inspection","Pass","INSP-1"
"QC-1988","2025-08-03 12:00:00","PROD-103","WO-10385","Visual Inspection","Pass","INSP-3"
"QC-1989","2025-10-26 00:00:00","PROD-104","WO-10387","Functional Test","Pass","INSP-5"
"QC-1990","2025-10-26 01:00:00","PROD-104","WO-10387","Visual Inspection","Pass","INSP-5"
"QC-1991","2025-10-26 02:00:00","PROD-104","WO-10387","Dimensional Accuracy","Pass","INSP-4"
"QC-1992","2025-10-26 03:00:00","PROD-104","WO-10387","Dimensional Accuracy","Pass","INSP-1"
"QC-1993","2025-10-26 04:00:00","PROD-104","WO-10387","Functional Test","Pass","INSP-5"
"QC-1994","2025-10-26 05:00:00","PROD-104","WO-10387","Functional Test","Pass","INSP-5"
"QC-1995","2025-10-26 06:00:00","PROD-104","WO-10387","Dimensional Accuracy","Pass","INSP-2"
"QC-1996","2025-10-26 07:00:00","PROD-104","WO-10387","Dimensional Accuracy","Pass","INSP-4"
"QC-1997","2025-10-26 08:00:00","PROD-104","WO-10387","Functional Test","Fail","INSP-3"
"QC-1998","2025-10-26 09:00:00","PROD-104","WO-10387","Functional Test","Fail","INSP-5"
"QC-1999","2025-10-26 10:00:00","PROD-104","WO-10387","Visual Inspection","Pass","INSP-1"
"QC-2000","2025-04-18 00:00:00","PROD-101","WO-10388","Functional Test","Pass","INSP-1"
"QC-2001","2025-04-18 01:00:00","PROD-101","WO-10388","Functional Test","Pass","INSP-1"
"QC-2002","2025-04-18 02:00:00","PROD-101","WO-10388","Dimensional Accuracy","Pass","INSP-2"
"QC-2003","2025-04-18 03:00:00","PROD-101","WO-10388","Functional Test","Pass","INSP-2"
"QC-2004","2025-04-18 04:00:00","PROD-101","WO-10388","Dimensional Accuracy","Pass","INSP-2"
"QC-2005","2025-04-18 05:00:00","PROD-101","WO-10388","Dimensional Accuracy","Pass","INSP-2"
"QC-2006","2025-04-18 06:00:00","PROD-101","WO-10388","Visual Inspection","Pass","INSP-1"
"QC-2007","2025-04-18 07:00:00","PROD-101","WO-10388","Visual Inspection","Pass","INSP-1"
"QC-2008","2025-04-18 08:00:00","PROD-101","WO-10388","Visual Inspection","Pass","INSP-1"
"QC-2009","2026-01-02 00:00:00","PROD-103","WO-10389","Dimensional Accuracy","Pass","INSP-2"
"QC-2010","2026-01-02 01:00:00","PROD-103","WO-10389","Dimensional Accuracy","Pass","INSP-3"
"QC-2011","2026-01-02 02:00:00","PROD-103","WO-10389","Functional Test","Pass","INSP-2"
"QC-2012","2026-01-02 03:00:00","PROD-103","WO-10389","Dimensional Accuracy","Pass","INSP-3"
"QC-2013","2026-01-02 04:00:00","PROD-103","WO-10389","Visual Inspection","Pass","INSP-2"
"QC-2014","2026-01-02 05:00:00","PROD-103","WO-10389","Functional Test","Pass","INSP-1"
"QC-2015","2026-01-02 06:00:00","PROD-103","WO-10389","Dimensional Accuracy","Pass","INSP-5"
"QC-2016","2026-01-02 07:00:00","PROD-103","WO-10389","Visual Inspection","Pass","INSP-2"
"QC-2017","2026-01-02 08:00:00","PROD-103","WO-10389","Visual Inspection","Pass","INSP-2"
"QC-2018","2025-09-27 00:00:00","PROD-102","WO-10390","Functional Test","Pass","INSP-4"
"QC-2019","2025-09-27 01:00:00","PROD-102","WO-10390","Visual Inspection","Pass","INSP-2"
"QC-2020","2025-09-27 02:00:00","PROD-102","WO-10390","Dimensional Accuracy","Pass","INSP-3"
"QC-2021","2025-09-27 03:00:00","PROD-102","WO-10390","Functional Test","Fail","INSP-1"
"QC-2022","2025-09-27 04:00:00","PROD-102","WO-10390","Functional Test","Pass","INSP-2"
"QC-2023","2025-09-27 05:00:00","PROD-102","WO-10390","Dimensional Accuracy","Pass","INSP-3"
"QC-2024","2026-03-10 00:00:00","PROD-101","WO-10392","Dimensional Accuracy","Pass","INSP-4"
"QC-2025","2026-03-10 01:00:00","PROD-101","WO-10392","Dimensional Accuracy","Pass","INSP-5"
"QC-2026","2026-03-10 02:00:00","PROD-101","WO-10392","Functional Test","Pass","INSP-2"
"QC-2027","2026-03-10 03:00:00","PROD-101","WO-10392","Dimensional Accuracy","Pass","INSP-1"
"QC-2028","2026-03-10 04:00:00","PROD-101","WO-10392","Functional Test","Pass","INSP-3"
"QC-2029","2026-03-10 05:00:00","PROD-101","WO-10392","Dimensional Accuracy","Pass","INSP-4"
"QC-2030","2026-03-10 06:00:00","PROD-101","WO-10392","Visual Inspection","Pass","INSP-5"
"QC-2031","2026-03-10 07:00:00","PROD-101","WO-10392","Functional Test","Pass","INSP-4"
"QC-2032","2026-03-10 08:00:00","PROD-101","WO-10392","Functional Test","Pass","INSP-2"
"QC-2033","2025-08-30 00:00:00","PROD-102","WO-10393","Functional Test","Pass","INSP-4"
"QC-2034","2025-08-30 01:00:00","PROD-102","WO-10393","Functional Test","Pass","INSP-4"
"QC-2035","2025-08-30 02:00:00","PROD-102","WO-10393","Visual Inspection","Pass","INSP-4"
"QC-2036","2025-08-30 03:00:00","PROD-102","WO-10393","Dimensional Accuracy","Pass","INSP-1"
"QC-2037","2025-08-30 04:00:00","PROD-102","WO-10393","Dimensional Accuracy","Pass","INSP-2"
"QC-2038","2025-08-30 05:00:00","PROD-102","WO-10393","Dimensional Accuracy","Pass","INSP-5"
"QC-2039","2025-08-30 06:00:00","PROD-102","WO-10393","Functional Test","Pass","INSP-1"
"QC-2040","2025-08-30 07:00:00","PROD-102","WO-10393","Dimensional Accuracy","Pass","INSP-1"
"QC-2041","2025-08-30 08:00:00","PROD-102","WO-10393","Visual Inspection","Pass","INSP-5"
"QC-2042","2025-08-30 09:00:00","PROD-102","WO-10393","Functional Test","Pass","INSP-3"
"QC-2043","2025-08-30 10:00:00","PROD-102","WO-10393","Visual Inspection","Pass","INSP-4"
"QC-2044","2025-08-30 11:00:00","PROD-102","WO-10393","Dimensional Accuracy","Pass","INSP-4"
"QC-2045","2025-08-30 12:00:00","PROD-102","WO-10393","Dimensional Accuracy","Pass","INSP-5"
"QC-2046","2025-08-30 13:00:00","PROD-102","WO-10393","Visual Inspection","Pass","INSP-2"
"QC-2047","2025-07-29 00:00:00","PROD-101","WO-10394","Visual Inspection","Pass","INSP-5"
"QC-2048","2025-07-29 01:00:00","PROD-101","WO-10394","Dimensional Accuracy","Pass","INSP-3"
"QC-2049","2025-07-29 02:00:00","PROD-101","WO-10394","Dimensional Accuracy","Pass","INSP-4"
"QC-2050","2025-07-29 03:00:00","PROD-101","WO-10394","Visual Inspection","Pass","INSP-1"
"QC-2051","2025-07-29 04:00:00","PROD-101","WO-10394","Functional Test","Pass","INSP-2"
"QC-2052","2025-07-29 05:00:00","PROD-101","WO-10394","Visual Inspection","Pass","INSP-4"
"QC-2053","2025-09-15 00:00:00","PROD-104","WO-10397","Visual Inspection","Pass","INSP-2"
"QC-2054","2025-09-15 01:00:00","PROD-104","WO-10397","Dimensional Accuracy","Pass","INSP-2"
"QC-2055","2025-10-05 00:00:00","PROD-104","WO-10398","Visual Inspection","Pass","INSP-3"
"QC-2056","2025-10-05 01:00:00","PROD-104","WO-10398","Visual Inspection","Pass","INSP-4"
"QC-2057","2025-10-05 02:00:00","PROD-104","WO-10398","Functional Test","Pass","INSP-2"
"QC-2058","2025-10-05 03:00:00","PROD-104","WO-10398","Visual Inspection","Pass","INSP-3"
"QC-2059","2025-10-05 04:00:00","PROD-104","WO-10398","Functional Test","Pass","INSP-5"
"QC-2060","2025-10-05 05:00:00","PROD-104","WO-10398","Functional Test","Pass","INSP-3"
"QC-2061","2025-10-05 06:00:00","PROD-104","WO-10398","Functional Test","Pass","INSP-1"
"QC-2062","2025-10-05 07:00:00","PROD-104","WO-10398","Dimensional Accuracy","Pass","INSP-4"
"QC-2063","2025-10-05 08:00:00","PROD-104","WO-10398","Functional Test","Pass","INSP-1"
"QC-2064","2025-10-05 09:00:00","PROD-104","WO-10398","Dimensional Accuracy","Pass","INSP-3"
"QC-2065","2025-10-05 10:00:00","PROD-104","WO-10398","Functional Test","Pass","INSP-5"
"QC-2066","2025-10-05 11:00:00","PROD-104","WO-10398","Functional Test","Pass","INSP-3"
"QC-2067","2026-03-05 00:00:00","PROD-102","WO-10399","Visual Inspection","Pass","INSP-4"
"QC-2068","2026-03-05 01:00:00","PROD-102","WO-10399","Visual Inspection","Pass","INSP-4"
"QC-2069","2026-03-05 02:00:00","PROD-102","WO-10399","Functional Test","Pass","INSP-5"
"QC-2070","2026-03-05 03:00:00","PROD-102","WO-10399","Dimensional Accuracy","Pass","INSP-1"
"QC-2071","2026-03-05 04:00:00","PROD-102","WO-10399","Visual Inspection","Pass","INSP-3"
"QC-2072","2026-03-05 05:00:00","PROD-102","WO-10399","Functional Test","Pass","INSP-3"
"QC-2073","2026-03-05 06:00:00","PROD-102","WO-10399","Dimensional Accuracy","Pass","INSP-4"
"QC-2074","2026-03-05 07:00:00","PROD-102","WO-10399","Dimensional Accuracy","Pass","INSP-4"
"QC-2075","2026-03-05 08:00:00","PROD-102","WO-10399","Visual Inspection","Pass","INSP-5"
"QC-2076","2026-03-05 09:00:00","PROD-102","WO-10399","Visual Inspection","Pass","INSP-4"
"QC-2077","2026-03-05 10:00:00","PROD-102","WO-10399","Visual Inspection","Fail","INSP-3"
"QC-2078","2026-02-19 00:00:00","PROD-104","WO-10400","Functional Test","Pass","INSP-4"
"QC-2079","2026-02-19 01:00:00","PROD-104","WO-10400","Functional Test","Pass","INSP-5"
"QC-2080","2026-02-19 02:00:00","PROD-104","WO-10400","Functional Test","Pass","INSP-5"
"QC-2081","2026-02-19 03:00:00","PROD-104","WO-10400","Functional Test","Pass","INSP-2"
"QC-2082","2026-02-19 04:00:00","PROD-104","WO-10400","Functional Test","Pass","INSP-3"
"QC-2083","2026-02-19 05:00:00","PROD-104","WO-10400","Functional Test","Pass","INSP-2"
"QC-2084","2026-02-19 06:00:00","PROD-104","WO-10400","Visual Inspection","Pass","INSP-2"
"QC-2085","2026-02-19 07:00:00","PROD-104","WO-10400","Dimensional Accuracy","Pass","INSP-4"
"QC-2086","2026-02-19 08:00:00","PROD-104","WO-10400","Visual Inspection","Pass","INSP-1"
"QC-2087","2025-12-25 00:00:00","PROD-101","WO-10402","Functional Test","Pass","INSP-5"
"QC-2088","2025-12-25 01:00:00","PROD-101","WO-10402","Dimensional Accuracy","Pass","INSP-3"
"QC-2089","2025-12-25 02:00:00","PROD-101","WO-10402","Dimensional Accuracy","Pass","INSP-5"
"QC-2090","2025-12-25 03:00:00","PROD-101","WO-10402","Visual Inspection","Pass","INSP-5"
"QC-2091","2025-12-25 04:00:00","PROD-101","WO-10402","Dimensional Accuracy","Pass","INSP-5"
"QC-2092","2025-12-25 05:00:00","PROD-101","WO-10402","Visual Inspection","Pass","INSP-2"
"QC-2093","2025-12-25 06:00:00","PROD-101","WO-10402","Functional Test","Pass","INSP-1"
"QC-2094","2025-12-25 07:00:00","PROD-101","WO-10402","Dimensional Accuracy","Pass","INSP-2"
"QC-2095","2026-02-27 00:00:00","PROD-102","WO-10403","Dimensional Accuracy","Pass","INSP-2"
"QC-2096","2026-02-27 01:00:00","PROD-102","WO-10403","Dimensional Accuracy","Pass","INSP-5"
"QC-2097","2026-02-27 02:00:00","PROD-102","WO-10403","Functional Test","Pass","INSP-1"
"QC-2098","2026-02-27 03:00:00","PROD-102","WO-10403","Visual Inspection","Pass","INSP-3"
"QC-2099","2026-02-27 04:00:00","PROD-102","WO-10403","Dimensional Accuracy","Pass","INSP-4"
"QC-2100","2026-02-27 05:00:00","PROD-102","WO-10403","Dimensional Accuracy","Pass","INSP-3"
"QC-2101","2026-02-27 06:00:00","PROD-102","WO-10403","Functional Test","Pass","INSP-3"
"QC-2102","2026-02-27 07:00:00","PROD-102","WO-10403","Functional Test","Pass","INSP-3"
"QC-2103","2026-02-27 08:00:00","PROD-102","WO-10403","Functional Test","Pass","INSP-1"
"QC-2104","2025-04-23 00:00:00","PROD-102","WO-10405","Visual Inspection","Pass","INSP-3"
"QC-2105","2025-04-23 01:00:00","PROD-102","WO-10405","Dimensional Accuracy","Pass","INSP-4"
"QC-2106","2025-04-23 02:00:00","PROD-102","WO-10405","Dimensional Accuracy","Pass","INSP-2"
"QC-2107","2025-04-23 03:00:00","PROD-102","WO-10405","Visual Inspection","Pass","INSP-1"
"QC-2108","2025-04-23 04:00:00","PROD-102","WO-10405","Dimensional Accuracy","Pass","INSP-1"
"QC-2109","2025-04-23 05:00:00","PROD-102","WO-10405","Visual Inspection","Pass","INSP-1"
"QC-2110","2026-02-23 00:00:00","PROD-101","WO-10407","Functional Test","Pass","INSP-5"
"QC-2111","2026-02-23 01:00:00","PROD-101","WO-10407","Functional Test","Pass","INSP-4"
"QC-2112","2026-02-23 02:00:00","PROD-101","WO-10407","Dimensional Accuracy","Pass","INSP-4"
"QC-2113","2026-02-23 03:00:00","PROD-101","WO-10407","Dimensional Accuracy","Pass","INSP-3"
"QC-2114","2026-02-23 04:00:00","PROD-101","WO-10407","Functional Test","Pass","INSP-3"
"QC-2115","2026-02-23 05:00:00","PROD-101","WO-10407","Visual Inspection","Pass","INSP-5"
"QC-2116","2026-02-23 06:00:00","PROD-101","WO-10407","Functional Test","Pass","INSP-5"
"QC-2117","2026-02-23 07:00:00","PROD-101","WO-10407","Visual Inspection","Pass","INSP-2"
"QC-2118","2026-02-23 08:00:00","PROD-101","WO-10407","Dimensional Accuracy","Pass","INSP-1"
"QC-2119","2026-02-23 09:00:00","PROD-101","WO-10407","Visual Inspection","Pass","INSP-2"
"QC-2120","2026-02-23 10:00:00","PROD-101","WO-10407","Functional Test","Pass","INSP-2"
"QC-2121","2026-02-23 11:00:00","PROD-101","WO-10407","Visual Inspection","Pass","INSP-2"
"QC-2122","2026-02-23 12:00:00","PROD-101","WO-10407","Functional Test","Pass","INSP-5"
"QC-2123","2026-02-13 00:00:00","PROD-103","WO-10408","Visual Inspection","Pass","INSP-3"
"QC-2124","2026-02-13 01:00:00","PROD-103","WO-10408","Dimensional Accuracy","Pass","INSP-3"
"QC-2125","2026-02-13 02:00:00","PROD-103","WO-10408","Dimensional Accuracy","Pass","INSP-2"
"QC-2126","2026-02-13 03:00:00","PROD-103","WO-10408","Functional Test","Fail","INSP-5"
"QC-2127","2026-02-13 04:00:00","PROD-103","WO-10408","Functional Test","Pass","INSP-1"
"QC-2128","2026-02-13 05:00:00","PROD-103","WO-10408","Dimensional Accuracy","Pass","INSP-5"
"QC-2129","2025-06-22 00:00:00","PROD-104","WO-10409","Visual Inspection","Pass","INSP-5"
"QC-2130","2025-06-22 01:00:00","PROD-104","WO-10409","Visual Inspection","Fail","INSP-3"
"QC-2131","2025-06-22 02:00:00","PROD-104","WO-10409","Visual Inspection","Pass","INSP-3"
"QC-2132","2025-06-22 03:00:00","PROD-104","WO-10409","Functional Test","Pass","INSP-2"
"QC-2133","2026-03-02 00:00:00","PROD-104","WO-10410","Visual Inspection","Pass","INSP-1"
"QC-2134","2026-03-02 01:00:00","PROD-104","WO-10410","Dimensional Accuracy","Pass","INSP-4"
"QC-2135","2026-03-02 02:00:00","PROD-104","WO-10410","Functional Test","Pass","INSP-4"
"QC-2136","2025-09-16 00:00:00","PROD-101","WO-10411","Visual Inspection","Pass","INSP-5"
"QC-2137","2025-09-16 01:00:00","PROD-101","WO-10411","Visual Inspection","Pass","INSP-1"
"QC-2138","2025-09-16 02:00:00","PROD-101","WO-10411","Functional Test","Pass","INSP-3"
"QC-2139","2025-09-16 03:00:00","PROD-101","WO-10411","Functional Test","Pass","INSP-2"
"QC-2140","2025-09-16 04:00:00","PROD-101","WO-10411","Dimensional Accuracy","Pass","INSP-1"
"QC-2141","2025-09-16 05:00:00","PROD-101","WO-10411","Functional Test","Pass","INSP-2"
"QC-2142","2025-11-28 00:00:00","PROD-102","WO-10413","Functional Test","Pass","INSP-3"
"QC-2143","2025-11-28 01:00:00","PROD-102","WO-10413","Functional Test","Pass","INSP-3"
"QC-2144","2025-11-28 02:00:00","PROD-102","WO-10413","Dimensional Accuracy","Pass","INSP-1"
"QC-2145","2025-11-28 03:00:00","PROD-102","WO-10413","Functional Test","Pass","INSP-4"
"QC-2146","2025-11-28 04:00:00","PROD-102","WO-10413","Visual Inspection","Pass","INSP-1"
"QC-2147","2025-11-28 05:00:00","PROD-102","WO-10413","Functional Test","Fail","INSP-4"
"QC-2148","2025-11-28 06:00:00","PROD-102","WO-10413","Visual Inspection","Pass","INSP-5"
"QC-2149","2025-11-28 07:00:00","PROD-102","WO-10413","Functional Test","Pass","INSP-5"
"QC-2150","2026-03-08 00:00:00","PROD-103","WO-10414","Functional Test","Pass","INSP-2"
"QC-2151","2026-03-08 01:00:00","PROD-103","WO-10414","Functional Test","Pass","INSP-2"
"QC-2152","2026-03-08 02:00:00","PROD-103","WO-10414","Visual Inspection","Pass","INSP-5"
"QC-2153","2026-03-08 03:00:00","PROD-103","WO-10414","Visual Inspection","Pass","INSP-2"
"QC-2154","2026-03-08 04:00:00","PROD-103","WO-10414","Functional Test","Pass","INSP-4"
"QC-2155","2026-03-08 05:00:00","PROD-103","WO-10414","Dimensional Accuracy","Pass","INSP-4"
"QC-2156","2026-03-08 06:00:00","PROD-103","WO-10414","Dimensional Accuracy","Pass","INSP-1"
"QC-2157","2026-03-08 07:00:00","PROD-103","WO-10414","Dimensional Accuracy","Pass","INSP-2"
"QC-2158","2026-03-08 08:00:00","PROD-103","WO-10414","Functional Test","Pass","INSP-4"
"QC-2159","2026-03-08 09:00:00","PROD-103","WO-10414","Functional Test","Pass","INSP-2"
"QC-2160","2025-05-25 00:00:00","PROD-103","WO-10416","Dimensional Accuracy","Fail","INSP-1"
"QC-2161","2025-05-25 01:00:00","PROD-103","WO-10416","Functional Test","Pass","INSP-1"
"QC-2162","2025-05-25 02:00:00","PROD-103","WO-10416","Dimensional Accuracy","Pass","INSP-2"
"QC-2163","2025-05-25 03:00:00","PROD-103","WO-10416","Functional Test","Pass","INSP-3"
"QC-2164","2025-05-25 04:00:00","PROD-103","WO-10416","Functional Test","Pass","INSP-4"
"QC-2165","2025-05-25 05:00:00","PROD-103","WO-10416","Dimensional Accuracy","Pass","INSP-3"
"QC-2166","2025-05-25 06:00:00","PROD-103","WO-10416","Functional Test","Pass","INSP-1"
"QC-2167","2025-05-25 07:00:00","PROD-103","WO-10416","Visual Inspection","Pass","INSP-2"
"QC-2168","2025-08-14 00:00:00","PROD-104","WO-10417","Visual Inspection","Pass","INSP-2"
"QC-2169","2025-08-14 01:00:00","PROD-104","WO-10417","Functional Test","Pass","INSP-2"
"QC-2170","2025-08-14 02:00:00","PROD-104","WO-10417","Visual Inspection","Pass","INSP-2"
"QC-2171","2025-08-14 03:00:00","PROD-104","WO-10417","Functional Test","Pass","INSP-4"
"QC-2172","2025-08-14 04:00:00","PROD-104","WO-10417","Dimensional Accuracy","Pass","INSP-5"
"QC-2173","2025-08-14 05:00:00","PROD-104","WO-10417","Dimensional Accuracy","Pass","INSP-3"
"QC-2174","2025-12-12 00:00:00","PROD-103","WO-10419","Dimensional Accuracy","Pass","INSP-3"
"QC-2175","2025-12-12 01:00:00","PROD-103","WO-10419","Functional Test","Pass","INSP-4"
"QC-2176","2025-12-12 02:00:00","PROD-103","WO-10419","Dimensional Accuracy","Pass","INSP-2"
"QC-2177","2025-12-12 03:00:00","PROD-103","WO-10419","Dimensional Accuracy","Pass","INSP-3"
"QC-2178","2025-12-12 04:00:00","PROD-103","WO-10419","Visual Inspection","Pass","INSP-4"
"QC-2179","2025-12-12 05:00:00","PROD-103","WO-10419","Functional Test","Pass","INSP-2"
"QC-2180","2025-12-12 06:00:00","PROD-103","WO-10419","Functional Test","Pass","INSP-1"
"QC-2181","2025-12-12 07:00:00","PROD-103","WO-10419","Visual Inspection","Pass","INSP-2"
"QC-2182","2025-12-12 08:00:00","PROD-103","WO-10419","Functional Test","Pass","INSP-1"
"QC-2183","2025-12-12 09:00:00","PROD-103","WO-10419","Dimensional Accuracy","Pass","INSP-4"
"QC-2184","2025-12-12 10:00:00","PROD-103","WO-10419","Visual Inspection","Pass","INSP-1"
"QC-2185","2025-12-12 11:00:00","PROD-103","WO-10419","Functional Test","Pass","INSP-4"
"QC-2186","2025-12-12 12:00:00","PROD-103","WO-10419","Dimensional Accuracy","Fail","INSP-4"
"QC-2187","2025-12-12 13:00:00","PROD-103","WO-10419","Functional Test","Pass","INSP-1"
"QC-2188","2025-11-18 00:00:00","PROD-102","WO-10420","Visual Inspection","Pass","INSP-3"
"QC-2189","2025-11-18 01:00:00","PROD-102","WO-10420","Visual Inspection","Pass","INSP-5"
"QC-2190","2025-11-18 02:00:00","PROD-102","WO-10420","Visual Inspection","Pass","INSP-1"
"QC-2191","2026-03-13 00:00:00","PROD-102","WO-10421","Functional Test","Pass","INSP-1"
"QC-2192","2026-03-13 01:00:00","PROD-102","WO-10421","Dimensional Accuracy","Pass","INSP-3"
"QC-2193","2026-03-13 02:00:00","PROD-102","WO-10421","Dimensional Accuracy","Pass","INSP-1"
"QC-2194","2026-03-13 03:00:00","PROD-102","WO-10421","Functional Test","Pass","INSP-3"
"QC-2195","2026-03-13 04:00:00","PROD-102","WO-10421","Functional Test","Pass","INSP-2"
"QC-2196","2026-03-13 05:00:00","PROD-102","WO-10421","Functional Test","Pass","INSP-5"
"QC-2197","2026-03-13 06:00:00","PROD-102","WO-10421","Functional Test","Pass","INSP-4"
"QC-2198","2025-05-11 00:00:00","PROD-103","WO-10423","Dimensional Accuracy","Pass","INSP-1"
"QC-2199","2025-05-11 01:00:00","PROD-103","WO-10423","Dimensional Accuracy","Pass","INSP-4"
"QC-2200","2025-05-11 02:00:00","PROD-103","WO-10423","Visual Inspection","Pass","INSP-1"
"QC-2201","2025-05-11 03:00:00","PROD-103","WO-10423","Functional Test","Pass","INSP-1"
"QC-2202","2025-05-11 04:00:00","PROD-103","WO-10423","Functional Test","Pass","INSP-1"
"QC-2203","2025-05-11 05:00:00","PROD-103","WO-10423","Functional Test","Pass","INSP-2"
"QC-2204","2025-05-11 06:00:00","PROD-103","WO-10423","Dimensional Accuracy","Pass","INSP-3"
"QC-2205","2025-05-11 07:00:00","PROD-103","WO-10423","Visual Inspection","Pass","INSP-3"
"QC-2206","2025-05-11 08:00:00","PROD-103","WO-10423","Dimensional Accuracy","Pass","INSP-4"
"QC-2207","2025-05-11 09:00:00","PROD-103","WO-10423","Functional Test","Pass","INSP-3"
"QC-2208","2025-05-11 10:00:00","PROD-103","WO-10423","Functional Test","Pass","INSP-5"
"QC-2209","2025-05-11 11:00:00","PROD-103","WO-10423","Visual Inspection","Fail","INSP-1"
"QC-2210","2025-05-11 12:00:00","PROD-103","WO-10423","Dimensional Accuracy","Fail","INSP-2"
"QC-2211","2025-06-21 00:00:00","PROD-102","WO-10424","Visual Inspection","Pass","INSP-1"
"QC-2212","2025-06-21 01:00:00","PROD-102","WO-10424","Functional Test","Pass","INSP-2"
"QC-2213","2025-06-21 02:00:00","PROD-102","WO-10424","Visual Inspection","Pass","INSP-2"
"QC-2214","2025-06-21 03:00:00","PROD-102","WO-10424","Visual Inspection","Pass","INSP-2"
"QC-2215","2025-06-21 04:00:00","PROD-102","WO-10424","Dimensional Accuracy","Pass","INSP-2"
"QC-2216","2025-06-21 05:00:00","PROD-102","WO-10424","Functional Test","Fail","INSP-1"
"QC-2217","2025-06-21 06:00:00","PROD-102","WO-10424","Dimensional Accuracy","Fail","INSP-5"
"QC-2218","2025-06-21 07:00:00","PROD-102","WO-10424","Functional Test","Pass","INSP-1"
"QC-2219","2025-10-16 00:00:00","PROD-103","WO-10426","Dimensional Accuracy","Pass","INSP-2"
"QC-2220","2025-10-16 01:00:00","PROD-103","WO-10426","Functional Test","Pass","INSP-1"
"QC-2221","2025-10-16 02:00:00","PROD-103","WO-10426","Functional Test","Pass","INSP-1"
"QC-2222","2025-10-16 03:00:00","PROD-103","WO-10426","Functional Test","Pass","INSP-3"
"QC-2223","2025-10-16 04:00:00","PROD-103","WO-10426","Functional Test","Pass","INSP-2"
"QC-2224","2025-10-16 05:00:00","PROD-103","WO-10426","Functional Test","Pass","INSP-3"
"QC-2225","2025-10-16 06:00:00","PROD-103","WO-10426","Functional Test","Pass","INSP-4"
"QC-2226","2025-10-16 07:00:00","PROD-103","WO-10426","Dimensional Accuracy","Pass","INSP-2"
"QC-2227","2025-10-16 08:00:00","PROD-103","WO-10426","Visual Inspection","Pass","INSP-4"
"QC-2228","2025-10-16 09:00:00","PROD-103","WO-10426","Dimensional Accuracy","Pass","INSP-4"
"QC-2229","2025-11-03 00:00:00","PROD-104","WO-10427","Dimensional Accuracy","Pass","INSP-5"
"QC-2230","2025-11-03 01:00:00","PROD-104","WO-10427","Functional Test","Pass","INSP-4"
"QC-2231","2025-11-03 02:00:00","PROD-104","WO-10427","Dimensional Accuracy","Pass","INSP-1"
"QC-2232","2025-11-03 03:00:00","PROD-104","WO-10427","Dimensional Accuracy","Pass","INSP-4"
"QC-2233","2025-11-03 04:00:00","PROD-104","WO-10427","Dimensional Accuracy","Pass","INSP-5"
"QC-2234","2025-11-03 05:00:00","PROD-104","WO-10427","Visual Inspection","Pass","INSP-5"
"QC-2235","2025-11-03 06:00:00","PROD-104","WO-10427","Visual Inspection","Pass","INSP-5"
"QC-2236","2025-11-03 07:00:00","PROD-104","WO-10427","Functional Test","Pass","INSP-5"
"QC-2237","2025-11-03 08:00:00","PROD-104","WO-10427","Dimensional Accuracy","Pass","INSP-4"
"QC-2238","2025-11-03 09:00:00","PROD-104","WO-10427","Functional Test","Pass","INSP-2"
"QC-2239","2025-11-03 10:00:00","PROD-104","WO-10427","Dimensional Accuracy","Pass","INSP-3"
"QC-2240","2026-02-22 00:00:00","PROD-103","WO-10428","Dimensional Accuracy","Fail","INSP-4"
"QC-2241","2026-02-22 01:00:00","PROD-103","WO-10428","Visual Inspection","Pass","INSP-5"
"QC-2242","2026-02-22 02:00:00","PROD-103","WO-10428","Dimensional Accuracy","Pass","INSP-5"
"QC-2243","2026-02-22 03:00:00","PROD-103","WO-10428","Functional Test","Pass","INSP-5"
"QC-2244","2026-02-22 04:00:00","PROD-103","WO-10428","Visual Inspection","Pass","INSP-1"
"QC-2245","2026-02-22 05:00:00","PROD-103","WO-10428","Visual Inspection","Fail","INSP-4"
"QC-2246","2025-04-20 00:00:00","PROD-104","WO-10429","Dimensional Accuracy","Pass","INSP-1"
"QC-2247","2025-04-20 01:00:00","PROD-104","WO-10429","Visual Inspection","Pass","INSP-2"
"QC-2248","2025-04-20 02:00:00","PROD-104","WO-10429","Visual Inspection","Pass","INSP-1"
"QC-2249","2025-04-20 03:00:00","PROD-104","WO-10429","Functional Test","Pass","INSP-5"
"QC-2250","2025-04-20 04:00:00","PROD-104","WO-10429","Visual Inspection","Pass","INSP-1"
"QC-2251","2025-04-20 05:00:00","PROD-104","WO-10429","Functional Test","Pass","INSP-1"
"QC-2252","2025-04-20 06:00:00","PROD-104","WO-10429","Functional Test","Pass","INSP-4"
"QC-2253","2025-04-20 07:00:00","PROD-104","WO-10429","Visual Inspection","Pass","INSP-4"
"QC-2254","2025-04-20 08:00:00","PROD-104","WO-10429","Visual Inspection","Pass","INSP-4"
"QC-2255","2025-07-14 00:00:00","PROD-101","WO-10431","Dimensional Accuracy","Pass","INSP-3"
"QC-2256","2025-07-14 01:00:00","PROD-101","WO-10431","Visual Inspection","Pass","INSP-4"
"QC-2257","2025-07-14 02:00:00","PROD-101","WO-10431","Dimensional Accuracy","Pass","INSP-5"
"QC-2258","2025-07-14 03:00:00","PROD-101","WO-10431","Dimensional Accuracy","Pass","INSP-3"
"QC-2259","2025-07-14 04:00:00","PROD-101","WO-10431","Functional Test","Pass","INSP-3"
"QC-2260","2025-07-14 05:00:00","PROD-101","WO-10431","Functional Test","Pass","INSP-2"
"QC-2261","2025-07-14 06:00:00","PROD-101","WO-10431","Dimensional Accuracy","Pass","INSP-4"
"QC-2262","2025-07-14 07:00:00","PROD-101","WO-10431","Visual Inspection","Pass","INSP-2"
"QC-2263","2025-07-14 08:00:00","PROD-101","WO-10431","Functional Test","Pass","INSP-1"
"QC-2264","2025-07-14 09:00:00","PROD-101","WO-10431","Functional Test","Pass","INSP-2"
"QC-2265","2025-07-14 10:00:00","PROD-101","WO-10431","Visual Inspection","Pass","INSP-1"
"QC-2266","2025-07-14 11:00:00","PROD-101","WO-10431","Dimensional Accuracy","Fail","INSP-1"
"QC-2267","2025-07-14 12:00:00","PROD-101","WO-10431","Visual Inspection","Pass","INSP-1"
"QC-2268","2025-07-14 13:00:00","PROD-101","WO-10431","Dimensional Accuracy","Pass","INSP-3"
"QC-2269","2025-07-14 14:00:00","PROD-101","WO-10431","Dimensional Accuracy","Fail","INSP-5"
"QC-2270","2025-07-14 15:00:00","PROD-101","WO-10431","Functional Test","Pass","INSP-2"
"QC-2271","2025-07-14 16:00:00","PROD-101","WO-10431","Visual Inspection","Pass","INSP-4"
"QC-2272","2025-04-25 00:00:00","PROD-104","WO-10432","Dimensional Accuracy","Pass","INSP-4"
"QC-2273","2025-04-25 01:00:00","PROD-104","WO-10432","Dimensional Accuracy","Pass","INSP-4"
"QC-2274","2025-04-25 02:00:00","PROD-104","WO-10432","Visual Inspection","Pass","INSP-2"
"QC-2275","2025-04-25 03:00:00","PROD-104","WO-10432","Visual Inspection","Pass","INSP-3"
"QC-2276","2025-04-25 04:00:00","PROD-104","WO-10432","Dimensional Accuracy","Pass","INSP-2"
"QC-2277","2025-04-25 05:00:00","PROD-104","WO-10432","Visual Inspection","Pass","INSP-4"
"QC-2278","2025-04-25 06:00:00","PROD-104","WO-10432","Functional Test","Pass","INSP-1"
"QC-2279","2025-04-21 00:00:00","PROD-102","WO-10437","Visual Inspection","Pass","INSP-1"
"QC-2280","2025-04-21 01:00:00","PROD-102","WO-10437","Visual Inspection","Pass","INSP-3"
"QC-2281","2025-04-21 02:00:00","PROD-102","WO-10437","Functional Test","Fail","INSP-1"
"QC-2282","2025-04-21 03:00:00","PROD-102","WO-10437","Visual Inspection","Pass","INSP-1"
"QC-2283","2025-04-21 04:00:00","PROD-102","WO-10437","Visual Inspection","Pass","INSP-1"
"QC-2284","2025-10-31 00:00:00","PROD-102","WO-10439","Dimensional Accuracy","Pass","INSP-4"
"QC-2285","2025-10-31 01:00:00","PROD-102","WO-10439","Functional Test","Pass","INSP-5"
"QC-2286","2025-10-31 02:00:00","PROD-102","WO-10439","Dimensional Accuracy","Pass","INSP-3"
"QC-2287","2025-10-31 03:00:00","PROD-102","WO-10439","Functional Test","Pass","INSP-3"
"QC-2288","2025-10-31 04:00:00","PROD-102","WO-10439","Visual Inspection","Pass","INSP-2"
"QC-2289","2025-10-31 05:00:00","PROD-102","WO-10439","Functional Test","Pass","INSP-1"
"QC-2290","2025-10-31 06:00:00","PROD-102","WO-10439","Visual Inspection","Pass","INSP-3"
"QC-2291","2025-10-31 07:00:00","PROD-102","WO-10439","Functional Test","Pass","INSP-4"
"QC-2292","2025-07-06 00:00:00","PROD-104","WO-10440","Visual Inspection","Fail","INSP-2"
"QC-2293","2025-07-06 01:00:00","PROD-104","WO-10440","Dimensional Accuracy","Pass","INSP-5"
"QC-2294","2025-07-06 02:00:00","PROD-104","WO-10440","Functional Test","Pass","INSP-1"
"QC-2295","2025-07-06 03:00:00","PROD-104","WO-10440","Functional Test","Pass","INSP-1"
"QC-2296","2025-07-06 04:00:00","PROD-104","WO-10440","Visual Inspection","Pass","INSP-2"
"QC-2297","2025-07-06 05:00:00","PROD-104","WO-10440","Dimensional Accuracy","Pass","INSP-1"
"QC-2298","2025-07-06 06:00:00","PROD-104","WO-10440","Dimensional Accuracy","Pass","INSP-5"
"QC-2299","2025-07-06 07:00:00","PROD-104","WO-10440","Dimensional Accuracy","Pass","INSP-2"
"QC-2300","2025-07-06 08:00:00","PROD-104","WO-10440","Functional Test","Pass","INSP-3"
"QC-2301","2025-07-06 09:00:00","PROD-104","WO-10440","Functional Test","Pass","INSP-1"
"QC-2302","2025-07-06 10:00:00","PROD-104","WO-10440","Functional Test","Pass","INSP-5"
"QC-2303","2025-07-06 11:00:00","PROD-104","WO-10440","Functional Test","Pass","INSP-3"
"QC-2304","2025-07-06 12:00:00","PROD-104","WO-10440","Functional Test","Pass","INSP-1"
"QC-2305","2025-07-06 13:00:00","PROD-104","WO-10440","Visual Inspection","Pass","INSP-4"
"QC-2306","2025-07-06 14:00:00","PROD-104","WO-10440","Functional Test","Pass","INSP-5"
"QC-2307","2025-09-05 00:00:00","PROD-101","WO-10442","Functional Test","Pass","INSP-4"
"QC-2308","2025-09-05 01:00:00","PROD-101","WO-10442","Dimensional Accuracy","Pass","INSP-4"
"QC-2309","2025-09-05 02:00:00","PROD-101","WO-10442","Dimensional Accuracy","Pass","INSP-3"
"QC-2310","2025-09-05 03:00:00","PROD-101","WO-10442","Functional Test","Pass","INSP-2"
"QC-2311","2025-09-05 04:00:00","PROD-101","WO-10442","Dimensional Accuracy","Pass","INSP-4"
"QC-2312","2025-09-05 05:00:00","PROD-101","WO-10442","Visual Inspection","Pass","INSP-4"
"QC-2313","2025-09-05 06:00:00","PROD-101","WO-10442","Visual Inspection","Pass","INSP-5"
"QC-2314","2025-09-05 07:00:00","PROD-101","WO-10442","Functional Test","Pass","INSP-4"
"QC-2315","2025-09-05 08:00:00","PROD-101","WO-10442","Dimensional Accuracy","Pass","INSP-1"
"QC-2316","2025-09-05 09:00:00","PROD-101","WO-10442","Functional Test","Pass","INSP-3"
"QC-2317","2025-09-05 10:00:00","PROD-101","WO-10442","Visual Inspection","Pass","INSP-5"
"QC-2318","2025-09-05 11:00:00","PROD-101","WO-10442","Functional Test","Pass","INSP-1"
"QC-2319","2025-09-05 12:00:00","PROD-101","WO-10442","Visual Inspection","Pass","INSP-3"
"QC-2320","2025-09-05 13:00:00","PROD-101","WO-10442","Functional Test","Pass","INSP-4"
"QC-2321","2025-11-06 00:00:00","PROD-102","WO-10443","Visual Inspection","Fail","INSP-2"
"QC-2322","2025-11-06 01:00:00","PROD-102","WO-10443","Visual Inspection","Pass","INSP-1"
"QC-2323","2025-11-06 02:00:00","PROD-102","WO-10443","Dimensional Accuracy","Pass","INSP-5"
"QC-2324","2025-11-06 03:00:00","PROD-102","WO-10443","Visual Inspection","Pass","INSP-2"
"QC-2325","2025-11-06 04:00:00","PROD-102","WO-10443","Functional Test","Pass","INSP-1"
"QC-2326","2025-11-06 05:00:00","PROD-102","WO-10443","Dimensional Accuracy","Pass","INSP-2"
"QC-2327","2025-10-03 00:00:00","PROD-102","WO-10444","Visual Inspection","Pass","INSP-5"
"QC-2328","2025-10-03 01:00:00","PROD-102","WO-10444","Functional Test","Pass","INSP-2"
"QC-2329","2025-10-03 02:00:00","PROD-102","WO-10444","Visual Inspection","Fail","INSP-4"
"QC-2330","2025-10-03 03:00:00","PROD-102","WO-10444","Visual Inspection","Pass","INSP-3"
"QC-2331","2025-10-03 04:00:00","PROD-102","WO-10444","Dimensional Accuracy","Pass","INSP-1"
"QC-2332","2025-10-03 05:00:00","PROD-102","WO-10444","Dimensional Accuracy","Pass","INSP-1"
"QC-2333","2025-10-03 06:00:00","PROD-102","WO-10444","Dimensional Accuracy","Pass","INSP-2"
"QC-2334","2025-10-03 07:00:00","PROD-102","WO-10444","Visual Inspection","Pass","INSP-4"
"QC-2335","2025-10-03 08:00:00","PROD-102","WO-10444","Visual Inspection","Pass","INSP-4"
"QC-2336","2025-10-03 09:00:00","PROD-102","WO-10444","Dimensional Accuracy","Pass","INSP-3"
"QC-2337","2025-10-03 10:00:00","PROD-102","WO-10444","Dimensional Accuracy","Pass","INSP-5"
"QC-2338","2025-10-03 11:00:00","PROD-102","WO-10444","Functional Test","Pass","INSP-5"
"QC-2339","2025-05-31 00:00:00","PROD-101","WO-10446","Functional Test","Pass","INSP-1"
"QC-2340","2025-05-31 01:00:00","PROD-101","WO-10446","Dimensional Accuracy","Fail","INSP-4"
"QC-2341","2025-05-31 02:00:00","PROD-101","WO-10446","Functional Test","Pass","INSP-5"
"QC-2342","2025-05-31 03:00:00","PROD-101","WO-10446","Visual Inspection","Fail","INSP-3"
"QC-2343","2025-05-31 04:00:00","PROD-101","WO-10446","Dimensional Accuracy","Pass","INSP-3"
"QC-2344","2025-05-31 05:00:00","PROD-101","WO-10446","Visual Inspection","Pass","INSP-2"
"QC-2345","2025-05-31 06:00:00","PROD-101","WO-10446","Functional Test","Pass","INSP-3"
"QC-2346","2025-05-31 07:00:00","PROD-101","WO-10446","Dimensional Accuracy","Pass","INSP-1"
"QC-2347","2025-08-13 00:00:00","PROD-104","WO-10447","Functional Test","Pass","INSP-3"
"QC-2348","2025-08-13 01:00:00","PROD-104","WO-10447","Dimensional Accuracy","Pass","INSP-4"
"QC-2349","2025-08-13 02:00:00","PROD-104","WO-10447","Functional Test","Fail","INSP-4"
"QC-2350","2025-12-01 00:00:00","PROD-102","WO-10449","Visual Inspection","Pass","INSP-1"
"QC-2351","2025-12-01 01:00:00","PROD-102","WO-10449","Dimensional Accuracy","Pass","INSP-5"
"QC-2352","2025-12-01 02:00:00","PROD-102","WO-10449","Functional Test","Pass","INSP-3"
"QC-2353","2025-09-17 00:00:00","PROD-102","WO-10452","Visual Inspection","Pass","INSP-3"
"QC-2354","2025-09-17 01:00:00","PROD-102","WO-10452","Functional Test","Pass","INSP-5"
"QC-2355","2025-09-17 02:00:00","PROD-102","WO-10452","Visual Inspection","Pass","INSP-3"
"QC-2356","2025-09-17 03:00:00","PROD-102","WO-10452","Functional Test","Pass","INSP-1"
"QC-2357","2025-09-17 04:00:00","PROD-102","WO-10452","Functional Test","Pass","INSP-3"
"QC-2358","2025-09-17 05:00:00","PROD-102","WO-10452","Dimensional Accuracy","Fail","INSP-1"
"QC-2359","2025-09-17 06:00:00","PROD-102","WO-10452","Dimensional Accuracy","Pass","INSP-5"
"QC-2360","2025-09-17 07:00:00","PROD-102","WO-10452","Functional Test","Pass","INSP-1"
"QC-2361","2025-09-17 08:00:00","PROD-102","WO-10452","Functional Test","Pass","INSP-1"
"QC-2362","2025-09-17 09:00:00","PROD-102","WO-10452","Dimensional Accuracy","Pass","INSP-1"
"QC-2363","2025-09-17 10:00:00","PROD-102","WO-10452","Visual Inspection","Pass","INSP-1"
"QC-2364","2025-06-13 00:00:00","PROD-102","WO-10455","Visual Inspection","Pass","INSP-2"
"QC-2365","2025-06-13 01:00:00","PROD-102","WO-10455","Functional Test","Fail","INSP-1"
"QC-2366","2025-06-13 02:00:00","PROD-102","WO-10455","Dimensional Accuracy","Pass","INSP-2"
"QC-2367","2025-06-13 03:00:00","PROD-102","WO-10455","Dimensional Accuracy","Pass","INSP-2"
"QC-2368","2025-06-13 04:00:00","PROD-102","WO-10455","Dimensional Accuracy","Pass","INSP-2"
"QC-2369","2025-06-13 05:00:00","PROD-102","WO-10455","Visual Inspection","Pass","INSP-5"
"QC-2370","2025-06-13 06:00:00","PROD-102","WO-10455","Visual Inspection","Pass","INSP-3"
"QC-2371","2025-06-13 07:00:00","PROD-102","WO-10455","Dimensional Accuracy","Pass","INSP-3"
"QC-2372","2025-06-13 08:00:00","PROD-102","WO-10455","Visual Inspection","Pass","INSP-4"
"QC-2373","2025-06-13 09:00:00","PROD-102","WO-10455","Dimensional Accuracy","Pass","INSP-3"
"QC-2374","2025-06-13 10:00:00","PROD-102","WO-10455","Functional Test","Fail","INSP-2"
"QC-2375","2025-06-13 11:00:00","PROD-102","WO-10455","Visual Inspection","Pass","INSP-5"
"QC-2376","2026-03-23 00:00:00","PROD-102","WO-10456","Visual Inspection","Pass","INSP-3"
"QC-2377","2026-03-23 01:00:00","PROD-102","WO-10456","Functional Test","Pass","INSP-4"
"QC-2378","2026-03-23 02:00:00","PROD-102","WO-10456","Dimensional Accuracy","Pass","INSP-2"
"QC-2379","2026-03-23 03:00:00","PROD-102","WO-10456","Dimensional Accuracy","Pass","INSP-4"
"QC-2380","2026-03-23 04:00:00","PROD-102","WO-10456","Visual Inspection","Pass","INSP-5"
"QC-2381","2026-03-23 05:00:00","PROD-102","WO-10456","Visual Inspection","Pass","INSP-4"
"QC-2382","2025-07-25 00:00:00","PROD-102","WO-10457","Dimensional Accuracy","Pass","INSP-1"
"QC-2383","2025-07-25 01:00:00","PROD-102","WO-10457","Dimensional Accuracy","Pass","INSP-2"
"QC-2384","2025-07-25 02:00:00","PROD-102","WO-10457","Visual Inspection","Pass","INSP-4"
"QC-2385","2025-07-25 03:00:00","PROD-102","WO-10457","Functional Test","Pass","INSP-1"
"QC-2386","2025-07-25 04:00:00","PROD-102","WO-10457","Visual Inspection","Pass","INSP-4"
"QC-2387","2025-07-25 05:00:00","PROD-102","WO-10457","Dimensional Accuracy","Pass","INSP-2"
"QC-2388","2025-07-25 06:00:00","PROD-102","WO-10457","Dimensional Accuracy","Pass","INSP-1"
"QC-2389","2025-07-25 07:00:00","PROD-102","WO-10457","Functional Test","Pass","INSP-3"
"QC-2390","2026-01-03 00:00:00","PROD-102","WO-10458","Dimensional Accuracy","Pass","INSP-3"
"QC-2391","2026-01-03 01:00:00","PROD-102","WO-10458","Dimensional Accuracy","Pass","INSP-1"
"QC-2392","2026-01-03 02:00:00","PROD-102","WO-10458","Visual Inspection","Pass","INSP-4"
"QC-2393","2026-01-03 03:00:00","PROD-102","WO-10458","Dimensional Accuracy","Pass","INSP-4"
"QC-2394","2026-01-03 04:00:00","PROD-102","WO-10458","Visual Inspection","Pass","INSP-1"
"QC-2395","2026-01-03 05:00:00","PROD-102","WO-10458","Visual Inspection","Pass","INSP-5"
"QC-2396","2026-01-03 06:00:00","PROD-102","WO-10458","Dimensional Accuracy","Pass","INSP-5"
"QC-2397","2026-01-03 07:00:00","PROD-102","WO-10458","Functional Test","Pass","INSP-2"
"QC-2398","2025-05-29 00:00:00","PROD-103","WO-10459","Functional Test","Pass","INSP-5"
"QC-2399","2025-05-29 01:00:00","PROD-103","WO-10459","Dimensional Accuracy","Fail","INSP-2"
"QC-2400","2025-05-29 02:00:00","PROD-103","WO-10459","Dimensional Accuracy","Pass","INSP-5"
"QC-2401","2025-05-29 03:00:00","PROD-103","WO-10459","Dimensional Accuracy","Pass","INSP-2"
"QC-2402","2025-05-29 04:00:00","PROD-103","WO-10459","Functional Test","Fail","INSP-3"
"QC-2403","2025-05-29 05:00:00","PROD-103","WO-10459","Visual Inspection","Pass","INSP-5"
"QC-2404","2025-05-29 06:00:00","PROD-103","WO-10459","Visual Inspection","Pass","INSP-1"
"QC-2405","2025-05-29 07:00:00","PROD-103","WO-10459","Visual Inspection","Pass","INSP-2"
"QC-2406","2025-05-29 08:00:00","PROD-103","WO-10459","Dimensional Accuracy","Pass","INSP-5"
"QC-2407","2025-05-29 09:00:00","PROD-103","WO-10459","Dimensional Accuracy","Pass","INSP-3"
"QC-2408","2025-05-29 10:00:00","PROD-103","WO-10459","Functional Test","Pass","INSP-4"
"QC-2409","2025-05-26 00:00:00","PROD-103","WO-10461","Dimensional Accuracy","Pass","INSP-2"
"QC-2410","2025-05-26 01:00:00","PROD-103","WO-10461","Functional Test","Pass","INSP-5"
"QC-2411","2025-05-26 02:00:00","PROD-103","WO-10461","Functional Test","Pass","INSP-1"
"QC-2412","2025-06-23 00:00:00","PROD-104","WO-10462","Functional Test","Pass","INSP-3"
"QC-2413","2025-06-23 01:00:00","PROD-104","WO-10462","Dimensional Accuracy","Pass","INSP-4"
"QC-2414","2025-06-23 02:00:00","PROD-104","WO-10462","Visual Inspection","Pass","INSP-3"
"QC-2415","2025-06-23 03:00:00","PROD-104","WO-10462","Visual Inspection","Fail","INSP-5"
"QC-2416","2025-06-23 04:00:00","PROD-104","WO-10462","Dimensional Accuracy","Pass","INSP-1"
"QC-2417","2025-06-23 05:00:00","PROD-104","WO-10462","Functional Test","Pass","INSP-3"
"QC-2418","2025-06-23 06:00:00","PROD-104","WO-10462","Functional Test","Pass","INSP-5"
"QC-2419","2025-06-23 07:00:00","PROD-104","WO-10462","Dimensional Accuracy","Pass","INSP-4"
"QC-2420","2025-09-18 00:00:00","PROD-101","WO-10464","Functional Test","Pass","INSP-3"
"QC-2421","2025-09-18 01:00:00","PROD-101","WO-10464","Functional Test","Pass","INSP-3"
"QC-2422","2025-09-18 02:00:00","PROD-101","WO-10464","Functional Test","Pass","INSP-3"
"QC-2423","2025-11-02 00:00:00","PROD-104","WO-10465","Functional Test","Pass","INSP-4"
"QC-2424","2025-11-02 01:00:00","PROD-104","WO-10465","Functional Test","Pass","INSP-5"
"QC-2425","2025-11-02 02:00:00","PROD-104","WO-10465","Visual Inspection","Pass","INSP-1"
"QC-2426","2025-11-02 03:00:00","PROD-104","WO-10465","Dimensional Accuracy","Pass","INSP-5"
"QC-2427","2025-11-02 04:00:00","PROD-104","WO-10465","Visual Inspection","Pass","INSP-5"
"QC-2428","2025-11-02 05:00:00","PROD-104","WO-10465","Functional Test","Pass","INSP-5"
"QC-2429","2025-11-02 06:00:00","PROD-104","WO-10465","Dimensional Accuracy","Pass","INSP-2"
"QC-2430","2025-11-02 07:00:00","PROD-104","WO-10465","Functional Test","Pass","INSP-4"
"QC-2431","2025-11-02 08:00:00","PROD-104","WO-10465","Dimensional Accuracy","Pass","INSP-4"
"QC-2432","2025-11-02 09:00:00","PROD-104","WO-10465","Visual Inspection","Pass","INSP-2"
"QC-2433","2025-05-04 00:00:00","PROD-103","WO-10469","Dimensional Accuracy","Pass","INSP-1"
"QC-2434","2025-05-04 01:00:00","PROD-103","WO-10469","Dimensional Accuracy","Pass","INSP-2"
"QC-2435","2025-05-04 02:00:00","PROD-103","WO-10469","Visual Inspection","Pass","INSP-1"
"QC-2436","2025-05-04 03:00:00","PROD-103","WO-10469","Dimensional Accuracy","Pass","INSP-3"
"QC-2437","2025-05-04 04:00:00","PROD-103","WO-10469","Dimensional Accuracy","Pass","INSP-2"
"QC-2438","2025-05-04 05:00:00","PROD-103","WO-10469","Functional Test","Pass","INSP-5"
"QC-2439","2025-05-04 06:00:00","PROD-103","WO-10469","Visual Inspection","Pass","INSP-1"
"QC-2440","2025-05-04 07:00:00","PROD-103","WO-10469","Visual Inspection","Pass","INSP-4"
"QC-2441","2025-05-04 08:00:00","PROD-103","WO-10469","Visual Inspection","Pass","INSP-5"
"QC-2442","2025-05-04 09:00:00","PROD-103","WO-10469","Visual Inspection","Pass","INSP-3"
"QC-2443","2025-06-19 00:00:00","PROD-101","WO-10472","Functional Test","Pass","INSP-3"
"QC-2444","2025-06-19 01:00:00","PROD-101","WO-10472","Visual Inspection","Fail","INSP-4"
"QC-2445","2025-06-19 02:00:00","PROD-101","WO-10472","Functional Test","Pass","INSP-1"
"QC-2446","2025-06-19 03:00:00","PROD-101","WO-10472","Dimensional Accuracy","Pass","INSP-1"
"QC-2447","2025-10-24 00:00:00","PROD-104","WO-10475","Functional Test","Pass","INSP-3"
"QC-2448","2025-10-24 01:00:00","PROD-104","WO-10475","Dimensional Accuracy","Pass","INSP-1"
"QC-2449","2025-10-24 02:00:00","PROD-104","WO-10475","Dimensional Accuracy","Pass","INSP-5"
"QC-2450","2025-10-24 03:00:00","PROD-104","WO-10475","Dimensional Accuracy","Pass","INSP-1"
"QC-2451","2025-10-24 04:00:00","PROD-104","WO-10475","Visual Inspection","Pass","INSP-1"
"QC-2452","2025-10-24 05:00:00","PROD-104","WO-10475","Functional Test","Pass","INSP-3"
"QC-2453","2025-09-01 00:00:00","PROD-103","WO-10476","Visual Inspection","Pass","INSP-4"
"QC-2454","2025-09-01 01:00:00","PROD-103","WO-10476","Visual Inspection","Pass","INSP-3"
"QC-2455","2025-09-01 02:00:00","PROD-103","WO-10476","Functional Test","Pass","INSP-4"
"QC-2456","2025-10-28 00:00:00","PROD-104","WO-10477","Dimensional Accuracy","Pass","INSP-2"
"QC-2457","2025-10-28 01:00:00","PROD-104","WO-10477","Visual Inspection","Fail","INSP-5"
"QC-2458","2025-10-28 02:00:00","PROD-104","WO-10477","Functional Test","Pass","INSP-4"
"QC-2459","2025-10-28 03:00:00","PROD-104","WO-10477","Functional Test","Pass","INSP-1"
"QC-2460","2025-10-28 04:00:00","PROD-104","WO-10477","Functional Test","Pass","INSP-3"
"QC-2461","2025-10-28 05:00:00","PROD-104","WO-10477","Visual Inspection","Pass","INSP-1"
"QC-2462","2025-10-28 06:00:00","PROD-104","WO-10477","Visual Inspection","Pass","INSP-5"
"QC-2463","2025-10-28 07:00:00","PROD-104","WO-10477","Dimensional Accuracy","Pass","INSP-5"
"QC-2464","2025-10-28 08:00:00","PROD-104","WO-10477","Dimensional Accuracy","Pass","INSP-2"
"QC-2465","2025-10-28 09:00:00","PROD-104","WO-10477","Dimensional Accuracy","Pass","INSP-1"
"QC-2466","2025-10-28 10:00:00","PROD-104","WO-10477","Visual Inspection","Pass","INSP-5"
"QC-2467","2025-10-28 11:00:00","PROD-104","WO-10477","Visual Inspection","Pass","INSP-4"
"QC-2468","2025-10-28 12:00:00","PROD-104","WO-10477","Visual Inspection","Pass","INSP-4"
"QC-2469","2025-10-28 13:00:00","PROD-104","WO-10477","Functional Test","Pass","INSP-4"
"QC-2470","2025-10-28 14:00:00","PROD-104","WO-10477","Functional Test","Pass","INSP-1"
"QC-2471","2025-10-28 15:00:00","PROD-104","WO-10477","Visual Inspection","Pass","INSP-4"
"QC-2472","2025-10-28 16:00:00","PROD-104","WO-10477","Dimensional Accuracy","Pass","INSP-1"
"QC-2473","2025-05-20 00:00:00","PROD-101","WO-10478","Visual Inspection","Pass","INSP-5"
"QC-2474","2025-05-20 01:00:00","PROD-101","WO-10478","Visual Inspection","Pass","INSP-3"
"QC-2475","2025-05-20 02:00:00","PROD-101","WO-10478","Functional Test","Pass","INSP-2"
"QC-2476","2025-05-20 03:00:00","PROD-101","WO-10478","Functional Test","Pass","INSP-5"
"QC-2477","2025-05-20 04:00:00","PROD-101","WO-10478","Dimensional Accuracy","Pass","INSP-1"
"QC-2478","2025-05-20 05:00:00","PROD-101","WO-10478","Functional Test","Pass","INSP-2"
"QC-2479","2025-05-20 06:00:00","PROD-101","WO-10478","Functional Test","Pass","INSP-4"
"QC-2480","2025-05-20 07:00:00","PROD-101","WO-10478","Visual Inspection","Pass","INSP-1"
"QC-2481","2025-05-20 08:00:00","PROD-101","WO-10478","Functional Test","Pass","INSP-4"
"QC-2482","2025-05-20 09:00:00","PROD-101","WO-10478","Functional Test","Pass","INSP-3"
"QC-2483","2025-09-29 00:00:00","PROD-102","WO-10480","Dimensional Accuracy","Pass","INSP-1"
"QC-2484","2025-09-29 01:00:00","PROD-102","WO-10480","Functional Test","Pass","INSP-3"
"QC-2485","2025-09-29 02:00:00","PROD-102","WO-10480","Functional Test","Pass","INSP-2"
"QC-2486","2025-09-29 03:00:00","PROD-102","WO-10480","Visual Inspection","Pass","INSP-2"
"QC-2487","2025-09-29 04:00:00","PROD-102","WO-10480","Visual Inspection","Pass","INSP-3"
"QC-2488","2025-05-03 00:00:00","PROD-101","WO-10481","Dimensional Accuracy","Pass","INSP-2"
"QC-2489","2025-05-03 01:00:00","PROD-101","WO-10481","Dimensional Accuracy","Pass","INSP-2"
"QC-2490","2025-05-03 02:00:00","PROD-101","WO-10481","Visual Inspection","Pass","INSP-5"
"QC-2491","2025-05-03 03:00:00","PROD-101","WO-10481","Dimensional Accuracy","Pass","INSP-3"
"QC-2492","2025-05-03 04:00:00","PROD-101","WO-10481","Visual Inspection","Pass","INSP-3"
"QC-2493","2025-05-03 05:00:00","PROD-101","WO-10481","Functional Test","Pass","INSP-5"
"QC-2494","2025-05-03 06:00:00","PROD-101","WO-10481","Visual Inspection","Pass","INSP-3"
"QC-2495","2025-05-03 07:00:00","PROD-101","WO-10481","Visual Inspection","Pass","INSP-2"
"QC-2496","2025-05-03 08:00:00","PROD-101","WO-10481","Dimensional Accuracy","Pass","INSP-4"
"QC-2497","2025-05-03 09:00:00","PROD-101","WO-10481","Visual Inspection","Pass","INSP-4"
"QC-2498","2025-05-03 10:00:00","PROD-101","WO-10481","Visual Inspection","Pass","INSP-2"
"QC-2499","2025-05-03 11:00:00","PROD-101","WO-10481","Dimensional Accuracy","Pass","INSP-3"
"QC-2500","2025-08-11 00:00:00","PROD-101","WO-10483","Visual Inspection","Pass","INSP-2"
"QC-2501","2025-08-11 01:00:00","PROD-101","WO-10483","Dimensional Accuracy","Pass","INSP-5"
"QC-2502","2025-08-11 02:00:00","PROD-101","WO-10483","Functional Test","Pass","INSP-5"
"QC-2503","2025-08-11 03:00:00","PROD-101","WO-10483","Functional Test","Pass","INSP-5"
"QC-2504","2025-08-11 04:00:00","PROD-101","WO-10483","Dimensional Accuracy","Pass","INSP-5"
"QC-2505","2025-08-11 05:00:00","PROD-101","WO-10483","Dimensional Accuracy","Pass","INSP-5"
"QC-2506","2025-08-11 06:00:00","PROD-101","WO-10483","Dimensional Accuracy","Pass","INSP-2"
"QC-2507","2025-08-11 07:00:00","PROD-101","WO-10483","Functional Test","Pass","INSP-4"
"QC-2508","2025-08-11 08:00:00","PROD-101","WO-10483","Visual Inspection","Pass","INSP-3"
"QC-2509","2025-07-25 00:00:00","PROD-102","WO-10484","Functional Test","Pass","INSP-3"
"QC-2510","2025-07-25 01:00:00","PROD-102","WO-10484","Functional Test","Pass","INSP-2"
"QC-2511","2025-07-25 02:00:00","PROD-102","WO-10484","Visual Inspection","Pass","INSP-5"
"QC-2512","2026-02-01 00:00:00","PROD-103","WO-10485","Visual Inspection","Pass","INSP-1"
"QC-2513","2026-02-01 01:00:00","PROD-103","WO-10485","Visual Inspection","Pass","INSP-2"
"QC-2514","2026-02-01 02:00:00","PROD-103","WO-10485","Dimensional Accuracy","Pass","INSP-3"
"QC-2515","2026-02-01 03:00:00","PROD-103","WO-10485","Functional Test","Pass","INSP-1"
"QC-2516","2026-02-01 04:00:00","PROD-103","WO-10485","Dimensional Accuracy","Pass","INSP-5"
"QC-2517","2026-02-01 05:00:00","PROD-103","WO-10485","Functional Test","Pass","INSP-1"
"QC-2518","2026-02-01 06:00:00","PROD-103","WO-10485","Visual Inspection","Pass","INSP-5"
"QC-2519","2025-05-09 00:00:00","PROD-102","WO-10486","Dimensional Accuracy","Pass","INSP-1"
"QC-2520","2025-05-09 01:00:00","PROD-102","WO-10486","Functional Test","Pass","INSP-5"
"QC-2521","2025-05-09 02:00:00","PROD-102","WO-10486","Dimensional Accuracy","Pass","INSP-5"
"QC-2522","2025-05-09 03:00:00","PROD-102","WO-10486","Functional Test","Pass","INSP-1"
"QC-2523","2025-07-19 00:00:00","PROD-102","WO-10487","Visual Inspection","Pass","INSP-1"
"QC-2524","2025-07-19 01:00:00","PROD-102","WO-10487","Visual Inspection","Pass","INSP-1"
"QC-2525","2025-07-19 02:00:00","PROD-102","WO-10487","Functional Test","Pass","INSP-5"
"QC-2526","2025-07-19 03:00:00","PROD-102","WO-10487","Dimensional Accuracy","Pass","INSP-3"
"QC-2527","2025-07-19 04:00:00","PROD-102","WO-10487","Functional Test","Pass","INSP-2"
"QC-2528","2025-07-19 05:00:00","PROD-102","WO-10487","Functional Test","Pass","INSP-1"
"QC-2529","2025-07-19 06:00:00","PROD-102","WO-10487","Functional Test","Pass","INSP-2"
"QC-2530","2025-07-19 07:00:00","PROD-102","WO-10487","Dimensional Accuracy","Pass","INSP-1"
"QC-2531","2025-07-19 08:00:00","PROD-102","WO-10487","Visual Inspection","Pass","INSP-3"
"QC-2532","2025-07-19 09:00:00","PROD-102","WO-10487","Dimensional Accuracy","Pass","INSP-4"
"QC-2533","2025-07-19 10:00:00","PROD-102","WO-10487","Functional Test","Pass","INSP-1"
"QC-2534","2025-07-19 11:00:00","PROD-102","WO-10487","Visual Inspection","Fail","INSP-4"
"QC-2535","2025-07-19 12:00:00","PROD-102","WO-10487","Functional Test","Pass","INSP-2"
"QC-2536","2026-03-20 00:00:00","PROD-103","WO-10488","Visual Inspection","Pass","INSP-4"
"QC-2537","2026-03-20 01:00:00","PROD-103","WO-10488","Visual Inspection","Pass","INSP-5"
"QC-2538","2026-03-20 02:00:00","PROD-103","WO-10488","Dimensional Accuracy","Pass","INSP-1"
"QC-2539","2026-03-20 03:00:00","PROD-103","WO-10488","Dimensional Accuracy","Pass","INSP-5"
"QC-2540","2026-03-20 04:00:00","PROD-103","WO-10488","Visual Inspection","Pass","INSP-2"
"QC-2541","2026-03-20 05:00:00","PROD-103","WO-10488","Functional Test","Pass","INSP-4"
"QC-2542","2026-03-20 06:00:00","PROD-103","WO-10488","Dimensional Accuracy","Pass","INSP-2"
"QC-2543","2026-03-20 07:00:00","PROD-103","WO-10488","Visual Inspection","Pass","INSP-5"
"QC-2544","2026-03-20 08:00:00","PROD-103","WO-10488","Functional Test","Pass","INSP-5"
"QC-2545","2026-03-20 09:00:00","PROD-103","WO-10488","Dimensional Accuracy","Pass","INSP-1"
"QC-2546","2025-12-09 00:00:00","PROD-102","WO-10489","Visual Inspection","Pass","INSP-2"
"QC-2547","2025-12-09 01:00:00","PROD-102","WO-10489","Functional Test","Pass","INSP-5"
"QC-2548","2025-12-09 02:00:00","PROD-102","WO-10489","Visual Inspection","Pass","INSP-2"
"QC-2549","2025-12-09 03:00:00","PROD-102","WO-10489","Functional Test","Pass","INSP-1"
"QC-2550","2025-12-09 04:00:00","PROD-102","WO-10489","Functional Test","Pass","INSP-4"
"QC-2551","2025-12-09 05:00:00","PROD-102","WO-10489","Functional Test","Pass","INSP-3"
"QC-2552","2025-12-09 06:00:00","PROD-102","WO-10489","Functional Test","Pass","INSP-3"
"QC-2553","2025-12-09 07:00:00","PROD-102","WO-10489","Visual Inspection","Pass","INSP-5"
"QC-2554","2025-12-09 08:00:00","PROD-102","WO-10489","Functional Test","Pass","INSP-4"
"QC-2555","2025-12-09 09:00:00","PROD-102","WO-10489","Functional Test","Fail","INSP-4"
"QC-2556","2025-12-09 10:00:00","PROD-102","WO-10489","Visual Inspection","Pass","INSP-5"
"QC-2557","2025-12-09 11:00:00","PROD-102","WO-10489","Visual Inspection","Pass","INSP-1"
"QC-2558","2025-12-09 12:00:00","PROD-102","WO-10489","Functional Test","Pass","INSP-5"
"QC-2559","2025-12-09 13:00:00","PROD-102","WO-10489","Visual Inspection","Pass","INSP-2"
"QC-2560","2025-12-09 14:00:00","PROD-102","WO-10489","Functional Test","Pass","INSP-4"
"QC-2561","2025-12-09 15:00:00","PROD-102","WO-10489","Dimensional Accuracy","Pass","INSP-1"
"QC-2562","2025-12-09 16:00:00","PROD-102","WO-10489","Functional Test","Pass","INSP-3"
"QC-2563","2025-12-09 17:00:00","PROD-102","WO-10489","Dimensional Accuracy","Pass","INSP-5"
"QC-2564","2025-12-28 00:00:00","PROD-101","WO-10490","Visual Inspection","Pass","INSP-3"
"QC-2565","2025-12-28 01:00:00","PROD-101","WO-10490","Dimensional Accuracy","Pass","INSP-4"
"QC-2566","2025-12-28 02:00:00","PROD-101","WO-10490","Functional Test","Pass","INSP-4"
"QC-2567","2025-12-28 03:00:00","PROD-101","WO-10490","Dimensional Accuracy","Pass","INSP-2"
"QC-2568","2025-12-28 04:00:00","PROD-101","WO-10490","Functional Test","Pass","INSP-2"
"QC-2569","2025-12-28 05:00:00","PROD-101","WO-10490","Functional Test","Pass","INSP-4"
"QC-2570","2025-12-28 06:00:00","PROD-101","WO-10490","Dimensional Accuracy","Pass","INSP-4"
"QC-2571","2025-12-28 07:00:00","PROD-101","WO-10490","Visual Inspection","Pass","INSP-2"
"QC-2572","2025-12-28 08:00:00","PROD-101","WO-10490","Visual Inspection","Pass","INSP-5"
"QC-2573","2025-10-01 00:00:00","PROD-102","WO-10492","Functional Test","Pass","INSP-4"
"QC-2574","2025-10-01 01:00:00","PROD-102","WO-10492","Dimensional Accuracy","Pass","INSP-5"
"QC-2575","2025-10-01 02:00:00","PROD-102","WO-10492","Visual Inspection","Pass","INSP-3"
"QC-2576","2025-10-01 03:00:00","PROD-102","WO-10492","Functional Test","Pass","INSP-4"
"QC-2577","2025-10-01 04:00:00","PROD-102","WO-10492","Visual Inspection","Pass","INSP-1"
"QC-2578","2025-10-01 05:00:00","PROD-102","WO-10492","Functional Test","Pass","INSP-4"
"QC-2579","2025-10-01 06:00:00","PROD-102","WO-10492","Functional Test","Pass","INSP-4"
"QC-2580","2025-10-01 07:00:00","PROD-102","WO-10492","Dimensional Accuracy","Pass","INSP-5"
"QC-2581","2025-10-01 08:00:00","PROD-102","WO-10492","Visual Inspection","Pass","INSP-4"
"QC-2582","2025-10-01 09:00:00","PROD-102","WO-10492","Dimensional Accuracy","Pass","INSP-3"
"QC-2583","2025-10-01 10:00:00","PROD-102","WO-10492","Dimensional Accuracy","Pass","INSP-2"
"QC-2584","2025-10-04 00:00:00","PROD-103","WO-10493","Functional Test","Pass","INSP-5"
"QC-2585","2025-10-04 01:00:00","PROD-103","WO-10493","Visual Inspection","Pass","INSP-3"
"QC-2586","2025-10-04 02:00:00","PROD-103","WO-10493","Functional Test","Pass","INSP-5"
"QC-2587","2025-10-04 03:00:00","PROD-103","WO-10493","Functional Test","Pass","INSP-4"
"QC-2588","2025-10-04 04:00:00","PROD-103","WO-10493","Functional Test","Pass","INSP-2"
"QC-2589","2025-10-04 05:00:00","PROD-103","WO-10493","Dimensional Accuracy","Pass","INSP-4"
"QC-2590","2025-10-04 06:00:00","PROD-103","WO-10493","Visual Inspection","Pass","INSP-3"
"QC-2591","2025-10-04 07:00:00","PROD-103","WO-10493","Visual Inspection","Pass","INSP-2"
"QC-2592","2025-10-04 08:00:00","PROD-103","WO-10493","Dimensional Accuracy","Pass","INSP-3"
"QC-2593","2025-10-04 09:00:00","PROD-103","WO-10493","Dimensional Accuracy","Pass","INSP-5"
"QC-2594","2025-10-04 10:00:00","PROD-103","WO-10493","Visual Inspection","Pass","INSP-5"
"QC-2595","2025-10-04 11:00:00","PROD-103","WO-10493","Functional Test","Pass","INSP-4"
"QC-2596","2025-10-04 12:00:00","PROD-103","WO-10493","Functional Test","Pass","INSP-2"
"QC-2597","2025-10-04 13:00:00","PROD-103","WO-10493","Functional Test","Pass","INSP-1"
"QC-2598","2025-10-04 14:00:00","PROD-103","WO-10493","Visual Inspection","Pass","INSP-1"
"QC-2599","2025-06-22 00:00:00","PROD-104","WO-10496","Visual Inspection","Pass","INSP-4"
"QC-2600","2025-06-22 01:00:00","PROD-104","WO-10496","Functional Test","Pass","INSP-3"
"QC-2601","2025-06-22 02:00:00","PROD-104","WO-10496","Visual Inspection","Fail","INSP-1"
"QC-2602","2025-06-22 03:00:00","PROD-104","WO-10496","Visual Inspection","Pass","INSP-2"
"QC-2603","2025-06-22 04:00:00","PROD-104","WO-10496","Dimensional Accuracy","Pass","INSP-5"
"QC-2604","2025-06-22 05:00:00","PROD-104","WO-10496","Functional Test","Pass","INSP-3"
"QC-2605","2025-06-22 06:00:00","PROD-104","WO-10496","Dimensional Accuracy","Pass","INSP-4"
"QC-2606","2025-06-22 07:00:00","PROD-104","WO-10496","Dimensional Accuracy","Pass","INSP-1"
"QC-2607","2026-01-25 00:00:00","PROD-102","WO-10497","Dimensional Accuracy","Pass","INSP-3"
"QC-2608","2026-01-25 01:00:00","PROD-102","WO-10497","Functional Test","Pass","INSP-3"
"QC-2609","2026-01-25 02:00:00","PROD-102","WO-10497","Visual Inspection","Pass","INSP-2"
"QC-2610","2026-01-25 03:00:00","PROD-102","WO-10497","Dimensional Accuracy","Pass","INSP-2"
"QC-2611","2026-01-25 04:00:00","PROD-102","WO-10497","Functional Test","Pass","INSP-2"
"QC-2612","2026-01-25 05:00:00","PROD-102","WO-10497","Dimensional Accuracy","Pass","INSP-1"
"QC-2613","2026-01-25 06:00:00","PROD-102","WO-10497","Visual Inspection","Pass","INSP-5"
"QC-2614","2026-01-25 07:00:00","PROD-102","WO-10497","Dimensional Accuracy","Pass","INSP-4"
"QC-2615","2026-01-25 08:00:00","PROD-102","WO-10497","Functional Test","Pass","INSP-4"
"QC-2616","2026-01-25 09:00:00","PROD-102","WO-10497","Functional Test","Pass","INSP-3"
"QC-2617","2026-01-25 10:00:00","PROD-102","WO-10497","Dimensional Accuracy","Pass","INSP-3"
"QC-2618","2026-01-25 11:00:00","PROD-102","WO-10497","Functional Test","Pass","INSP-5"
"QC-2619","2026-01-10 00:00:00","PROD-104","WO-10498","Dimensional Accuracy","Pass","INSP-4"
"QC-2620","2026-01-10 01:00:00","PROD-104","WO-10498","Dimensional Accuracy","Pass","INSP-1"
"QC-2621","2026-01-10 02:00:00","PROD-104","WO-10498","Dimensional Accuracy","Fail","INSP-2"
"QC-2622","2026-01-10 03:00:00","PROD-104","WO-10498","Visual Inspection","Pass","INSP-5"
"QC-2623","2026-01-10 04:00:00","PROD-104","WO-10498","Dimensional Accuracy","Pass","INSP-4"
"QC-2624","2026-01-10 05:00:00","PROD-104","WO-10498","Functional Test","Pass","INSP-5"
"QC-2625","2026-01-10 06:00:00","PROD-104","WO-10498","Dimensional Accuracy","Pass","INSP-3"
"QC-2626","2026-01-10 07:00:00","PROD-104","WO-10498","Functional Test","Pass","INSP-4"
"QC-2627","2025-11-17 00:00:00","PROD-101","WO-10499","Functional Test","Fail","INSP-4"
"QC-2628","2025-11-17 01:00:00","PROD-101","WO-10499","Visual Inspection","Pass","INSP-5"
"QC-2629","2025-11-17 02:00:00","PROD-101","WO-10499","Dimensional Accuracy","Pass","INSP-3"
"QC-2630","2025-11-17 03:00:00","PROD-101","WO-10499","Dimensional Accuracy","Pass","INSP-5"
"QC-2631","2025-11-17 04:00:00","PROD-101","WO-10499","Visual Inspection","Pass","INSP-1"
"QC-2632","2025-11-17 05:00:00","PROD-101","WO-10499","Visual Inspection","Pass","INSP-5"
"QC-2633","2025-11-17 06:00:00","PROD-101","WO-10499","Dimensional Accuracy","Pass","INSP-5"
"QC-2634","2025-11-17 07:00:00","PROD-101","WO-10499","Dimensional Accuracy","Pass","INSP-4"
"QC-2635","2025-11-17 08:00:00","PROD-101","WO-10499","Visual Inspection","Pass","INSP-1"
"QC-2636","2025-11-17 09:00:00","PROD-101","WO-10499","Visual Inspection","Pass","INSP-1"
"QC-2637","2025-11-17 10:00:00","PROD-101","WO-10499","Functional Test","Pass","INSP-4"
"QC-2638","2025-12-19 00:00:00","PROD-101","WO-10500","Visual Inspection","Pass","INSP-3"
"QC-2639","2025-12-19 01:00:00","PROD-101","WO-10500","Functional Test","Pass","INSP-5"
"QC-2640","2025-11-02 00:00:00","PROD-102","WO-10501","Dimensional Accuracy","Pass","INSP-5"
"QC-2641","2025-11-02 01:00:00","PROD-102","WO-10501","Visual Inspection","Pass","INSP-1"
"QC-2642","2025-11-02 02:00:00","PROD-102","WO-10501","Dimensional Accuracy","Pass","INSP-1"
"QC-2643","2025-11-02 03:00:00","PROD-102","WO-10501","Functional Test","Pass","INSP-2"
"QC-2644","2025-11-02 04:00:00","PROD-102","WO-10501","Dimensional Accuracy","Pass","INSP-5"
"QC-2645","2025-11-02 05:00:00","PROD-102","WO-10501","Dimensional Accuracy","Pass","INSP-5"
"QC-2646","2025-11-02 06:00:00","PROD-102","WO-10501","Visual Inspection","Pass","INSP-3"
"QC-2647","2025-11-02 07:00:00","PROD-102","WO-10501","Visual Inspection","Pass","INSP-3"
"QC-2648","2025-05-24 00:00:00","PROD-104","WO-10502","Visual Inspection","Pass","INSP-1"
"QC-2649","2025-05-24 01:00:00","PROD-104","WO-10502","Functional Test","Fail","INSP-3"
"QC-2650","2025-05-24 02:00:00","PROD-104","WO-10502","Functional Test","Pass","INSP-4"
"QC-2651","2025-05-24 03:00:00","PROD-104","WO-10502","Functional Test","Pass","INSP-3"
"QC-2652","2025-05-24 04:00:00","PROD-104","WO-10502","Dimensional Accuracy","Pass","INSP-1"
"QC-2653","2025-05-24 05:00:00","PROD-104","WO-10502","Dimensional Accuracy","Pass","INSP-3"
"QC-2654","2025-05-24 06:00:00","PROD-104","WO-10502","Visual Inspection","Pass","INSP-4"
"QC-2655","2026-02-14 00:00:00","PROD-103","WO-10503","Dimensional Accuracy","Fail","INSP-3"
"QC-2656","2026-02-14 01:00:00","PROD-103","WO-10503","Visual Inspection","Pass","INSP-5"
"QC-2657","2026-02-14 02:00:00","PROD-103","WO-10503","Dimensional Accuracy","Pass","INSP-1"
"QC-2658","2026-02-14 03:00:00","PROD-103","WO-10503","Visual Inspection","Pass","INSP-4"
"QC-2659","2026-02-14 04:00:00","PROD-103","WO-10503","Functional Test","Pass","INSP-4"
"QC-2660","2026-02-14 05:00:00","PROD-103","WO-10503","Functional Test","Pass","INSP-3"
"QC-2661","2026-02-14 06:00:00","PROD-103","WO-10503","Dimensional Accuracy","Pass","INSP-4"
"QC-2662","2025-05-22 00:00:00","PROD-101","WO-10504","Dimensional Accuracy","Pass","INSP-5"
"QC-2663","2025-05-22 01:00:00","PROD-101","WO-10504","Dimensional Accuracy","Pass","INSP-2"
"QC-2664","2025-05-22 02:00:00","PROD-101","WO-10504","Dimensional Accuracy","Pass","INSP-3"
"QC-2665","2025-05-22 03:00:00","PROD-101","WO-10504","Dimensional Accuracy","Pass","INSP-5"
"QC-2666","2025-06-15 00:00:00","PROD-103","WO-10505","Functional Test","Pass","INSP-5"
"QC-2667","2025-06-15 01:00:00","PROD-103","WO-10505","Visual Inspection","Pass","INSP-1"
"QC-2668","2025-06-15 02:00:00","PROD-103","WO-10505","Dimensional Accuracy","Pass","INSP-1"
"QC-2669","2025-06-15 03:00:00","PROD-103","WO-10505","Visual Inspection","Pass","INSP-1"
"QC-2670","2025-06-15 04:00:00","PROD-103","WO-10505","Visual Inspection","Pass","INSP-3"
"QC-2671","2025-06-15 05:00:00","PROD-103","WO-10505","Visual Inspection","Pass","INSP-3"
"QC-2672","2026-01-22 00:00:00","PROD-103","WO-10506","Dimensional Accuracy","Pass","INSP-1"
"QC-2673","2026-01-22 01:00:00","PROD-103","WO-10506","Visual Inspection","Pass","INSP-5"
"QC-2674","2026-01-22 02:00:00","PROD-103","WO-10506","Dimensional Accuracy","Pass","INSP-1"
"QC-2675","2026-01-22 03:00:00","PROD-103","WO-10506","Functional Test","Pass","INSP-3"
"QC-2676","2026-01-22 04:00:00","PROD-103","WO-10506","Functional Test","Pass","INSP-1"
"QC-2677","2026-01-22 05:00:00","PROD-103","WO-10506","Functional Test","Pass","INSP-3"
"QC-2678","2026-01-22 06:00:00","PROD-103","WO-10506","Functional Test","Pass","INSP-5"
"QC-2679","2025-10-05 00:00:00","PROD-102","WO-10508","Visual Inspection","Pass","INSP-3"
"QC-2680","2025-10-05 01:00:00","PROD-102","WO-10508","Functional Test","Pass","INSP-5"
"QC-2681","2025-10-05 02:00:00","PROD-102","WO-10508","Functional Test","Pass","INSP-4"
"QC-2682","2025-10-05 03:00:00","PROD-102","WO-10508","Functional Test","Pass","INSP-4"
"QC-2683","2025-10-05 04:00:00","PROD-102","WO-10508","Dimensional Accuracy","Pass","INSP-5"
"QC-2684","2025-10-05 05:00:00","PROD-102","WO-10508","Functional Test","Pass","INSP-5"
"QC-2685","2025-10-05 06:00:00","PROD-102","WO-10508","Functional Test","Pass","INSP-1"
"QC-2686","2026-01-09 00:00:00","PROD-103","WO-10510","Visual Inspection","Pass","INSP-5"
"QC-2687","2026-01-09 01:00:00","PROD-103","WO-10510","Dimensional Accuracy","Pass","INSP-5"
"QC-2688","2026-01-09 02:00:00","PROD-103","WO-10510","Functional Test","Pass","INSP-4"
"QC-2689","2026-01-09 03:00:00","PROD-103","WO-10510","Functional Test","Pass","INSP-5"
"QC-2690","2026-01-09 04:00:00","PROD-103","WO-10510","Functional Test","Pass","INSP-4"
"QC-2691","2026-01-09 05:00:00","PROD-103","WO-10510","Functional Test","Pass","INSP-2"
"QC-2692","2026-01-09 06:00:00","PROD-103","WO-10510","Visual Inspection","Pass","INSP-3"
"QC-2693","2026-01-09 07:00:00","PROD-103","WO-10510","Visual Inspection","Pass","INSP-3"
"QC-2694","2026-01-09 08:00:00","PROD-103","WO-10510","Visual Inspection","Pass","INSP-5"
"QC-2695","2026-01-09 09:00:00","PROD-103","WO-10510","Dimensional Accuracy","Pass","INSP-3"
"QC-2696","2026-01-09 10:00:00","PROD-103","WO-10510","Functional Test","Pass","INSP-2"
"QC-2697","2026-01-10 00:00:00","PROD-104","WO-10511","Visual Inspection","Pass","INSP-2"
"QC-2698","2026-01-10 01:00:00","PROD-104","WO-10511","Dimensional Accuracy","Fail","INSP-3"
"QC-2699","2026-01-10 02:00:00","PROD-104","WO-10511","Functional Test","Pass","INSP-4"
"QC-2700","2026-01-10 03:00:00","PROD-104","WO-10511","Visual Inspection","Fail","INSP-2"
"QC-2701","2026-01-10 04:00:00","PROD-104","WO-10511","Visual Inspection","Fail","INSP-1"
"QC-2702","2026-01-10 05:00:00","PROD-104","WO-10511","Dimensional Accuracy","Pass","INSP-2"
"QC-2703","2026-01-10 06:00:00","PROD-104","WO-10511","Visual Inspection","Pass","INSP-1"
"QC-2704","2026-01-10 07:00:00","PROD-104","WO-10511","Dimensional Accuracy","Pass","INSP-2"
"QC-2705","2026-01-10 08:00:00","PROD-104","WO-10511","Functional Test","Pass","INSP-5"
"QC-2706","2026-01-10 09:00:00","PROD-104","WO-10511","Functional Test","Pass","INSP-3"
"QC-2707","2026-01-10 10:00:00","PROD-104","WO-10511","Functional Test","Pass","INSP-2"
"QC-2708","2026-01-10 11:00:00","PROD-104","WO-10511","Visual Inspection","Pass","INSP-4"
"QC-2709","2026-01-10 12:00:00","PROD-104","WO-10511","Dimensional Accuracy","Pass","INSP-1"
"QC-2710","2026-01-10 13:00:00","PROD-104","WO-10511","Functional Test","Pass","INSP-5"
"QC-2711","2026-01-10 14:00:00","PROD-104","WO-10511","Dimensional Accuracy","Pass","INSP-5"
"QC-2712","2026-01-10 15:00:00","PROD-104","WO-10511","Functional Test","Pass","INSP-2"
"QC-2713","2026-01-10 16:00:00","PROD-104","WO-10511","Visual Inspection","Pass","INSP-5"
"QC-2714","2026-01-10 17:00:00","PROD-104","WO-10511","Visual Inspection","Fail","INSP-3"
"QC-2715","2026-03-03 00:00:00","PROD-102","WO-10513","Dimensional Accuracy","Pass","INSP-5"
"QC-2716","2026-03-03 01:00:00","PROD-102","WO-10513","Functional Test","Pass","INSP-1"
"QC-2717","2026-03-03 02:00:00","PROD-102","WO-10513","Visual Inspection","Pass","INSP-2"
"QC-2718","2026-03-03 03:00:00","PROD-102","WO-10513","Dimensional Accuracy","Pass","INSP-1"
"QC-2719","2026-03-03 04:00:00","PROD-102","WO-10513","Visual Inspection","Pass","INSP-5"
"QC-2720","2026-03-03 05:00:00","PROD-102","WO-10513","Visual Inspection","Pass","INSP-5"
"QC-2721","2026-03-03 06:00:00","PROD-102","WO-10513","Functional Test","Pass","INSP-1"
"QC-2722","2026-03-03 07:00:00","PROD-102","WO-10513","Functional Test","Pass","INSP-3"
"QC-2723","2026-03-03 08:00:00","PROD-102","WO-10513","Dimensional Accuracy","Pass","INSP-4"
"QC-2724","2026-03-03 09:00:00","PROD-102","WO-10513","Dimensional Accuracy","Pass","INSP-4"
"QC-2725","2026-03-03 10:00:00","PROD-102","WO-10513","Visual Inspection","Pass","INSP-1"
"QC-2726","2026-03-03 11:00:00","PROD-102","WO-10513","Visual Inspection","Pass","INSP-4"
"QC-2727","2026-03-03 12:00:00","PROD-102","WO-10513","Dimensional Accuracy","Pass","INSP-5"
"QC-2728","2026-01-01 00:00:00","PROD-103","WO-10514","Dimensional Accuracy","Pass","INSP-2"
"QC-2729","2026-01-01 01:00:00","PROD-103","WO-10514","Dimensional Accuracy","Pass","INSP-1"
"QC-2730","2026-01-01 02:00:00","PROD-103","WO-10514","Visual Inspection","Pass","INSP-3"
"QC-2731","2026-01-01 03:00:00","PROD-103","WO-10514","Functional Test","Pass","INSP-3"
"QC-2732","2026-01-01 04:00:00","PROD-103","WO-10514","Visual Inspection","Pass","INSP-1"
"QC-2733","2026-01-01 05:00:00","PROD-103","WO-10514","Visual Inspection","Pass","INSP-4"
"QC-2734","2026-01-01 06:00:00","PROD-103","WO-10514","Dimensional Accuracy","Pass","INSP-4"
"QC-2735","2025-10-30 00:00:00","PROD-102","WO-10515","Dimensional Accuracy","Pass","INSP-1"
"QC-2736","2025-10-30 01:00:00","PROD-102","WO-10515","Functional Test","Pass","INSP-1"
"QC-2737","2025-10-30 02:00:00","PROD-102","WO-10515","Visual Inspection","Pass","INSP-3"
"QC-2738","2025-10-30 03:00:00","PROD-102","WO-10515","Functional Test","Pass","INSP-5"
"QC-2739","2025-10-30 04:00:00","PROD-102","WO-10515","Functional Test","Fail","INSP-3"
"QC-2740","2025-10-30 05:00:00","PROD-102","WO-10515","Functional Test","Pass","INSP-5"
"QC-2741","2025-10-30 06:00:00","PROD-102","WO-10515","Visual Inspection","Fail","INSP-5"
"QC-2742","2025-10-30 07:00:00","PROD-102","WO-10515","Functional Test","Pass","INSP-4"
"QC-2743","2025-10-30 08:00:00","PROD-102","WO-10515","Visual Inspection","Pass","INSP-3"
"QC-2744","2025-10-30 09:00:00","PROD-102","WO-10515","Functional Test","Pass","INSP-5"
"QC-2745","2025-10-30 10:00:00","PROD-102","WO-10515","Dimensional Accuracy","Pass","INSP-5"
"QC-2746","2025-10-30 11:00:00","PROD-102","WO-10515","Dimensional Accuracy","Pass","INSP-4"
"QC-2747","2025-10-30 12:00:00","PROD-102","WO-10515","Functional Test","Pass","INSP-5"
"QC-2748","2025-11-04 00:00:00","PROD-101","WO-10516","Functional Test","Pass","INSP-1"
"QC-2749","2025-11-04 01:00:00","PROD-101","WO-10516","Visual Inspection","Pass","INSP-4"
"QC-2750","2025-11-04 02:00:00","PROD-101","WO-10516","Dimensional Accuracy","Pass","INSP-2"
"QC-2751","2025-11-04 03:00:00","PROD-101","WO-10516","Visual Inspection","Pass","INSP-3"
"QC-2752","2025-11-04 04:00:00","PROD-101","WO-10516","Dimensional Accuracy","Pass","INSP-3"
"QC-2753","2025-11-04 05:00:00","PROD-101","WO-10516","Visual Inspection","Pass","INSP-5"
"QC-2754","2025-11-04 06:00:00","PROD-101","WO-10516","Functional Test","Pass","INSP-5"
"QC-2755","2025-11-04 07:00:00","PROD-101","WO-10516","Functional Test","Pass","INSP-2"
"QC-2756","2025-11-04 08:00:00","PROD-101","WO-10516","Functional Test","Pass","INSP-2"
"QC-2757","2025-09-10 00:00:00","PROD-101","WO-10520","Visual Inspection","Fail","INSP-5"
"QC-2758","2025-09-10 01:00:00","PROD-101","WO-10520","Visual Inspection","Pass","INSP-2"
"QC-2759","2025-09-10 02:00:00","PROD-101","WO-10520","Visual Inspection","Pass","INSP-5"
"QC-2760","2025-09-10 03:00:00","PROD-101","WO-10520","Dimensional Accuracy","Pass","INSP-3"
"QC-2761","2025-09-10 04:00:00","PROD-101","WO-10520","Dimensional Accuracy","Pass","INSP-5"
"QC-2762","2025-09-10 05:00:00","PROD-101","WO-10520","Dimensional Accuracy","Pass","INSP-1"
"QC-2763","2025-09-10 06:00:00","PROD-101","WO-10520","Visual Inspection","Pass","INSP-3"
"QC-2764","2025-09-10 07:00:00","PROD-101","WO-10520","Visual Inspection","Pass","INSP-3"
"QC-2765","2025-09-10 08:00:00","PROD-101","WO-10520","Visual Inspection","Pass","INSP-1"
"QC-2766","2025-09-10 09:00:00","PROD-101","WO-10520","Functional Test","Fail","INSP-2"
"QC-2767","2025-09-10 10:00:00","PROD-101","WO-10520","Dimensional Accuracy","Pass","INSP-3"
"QC-2768","2025-04-15 00:00:00","PROD-104","WO-10521","Dimensional Accuracy","Pass","INSP-4"
"QC-2769","2025-04-15 01:00:00","PROD-104","WO-10521","Functional Test","Pass","INSP-4"
"QC-2770","2025-04-15 02:00:00","PROD-104","WO-10521","Functional Test","Pass","INSP-2"
"QC-2771","2025-04-15 03:00:00","PROD-104","WO-10521","Dimensional Accuracy","Pass","INSP-2"
"QC-2772","2025-04-15 04:00:00","PROD-104","WO-10521","Visual Inspection","Pass","INSP-4"
"QC-2773","2025-04-15 05:00:00","PROD-104","WO-10521","Dimensional Accuracy","Fail","INSP-1"
"QC-2774","2025-04-15 06:00:00","PROD-104","WO-10521","Functional Test","Pass","INSP-5"
"QC-2775","2025-04-15 07:00:00","PROD-104","WO-10521","Functional Test","Pass","INSP-1"
"QC-2776","2025-04-13 00:00:00","PROD-101","WO-10524","Functional Test","Pass","INSP-4"
"QC-2777","2025-04-13 01:00:00","PROD-101","WO-10524","Visual Inspection","Pass","INSP-5"
"QC-2778","2025-04-13 02:00:00","PROD-101","WO-10524","Functional Test","Pass","INSP-4"
"QC-2779","2025-04-13 03:00:00","PROD-101","WO-10524","Dimensional Accuracy","Pass","INSP-2"
"QC-2780","2025-04-13 04:00:00","PROD-101","WO-10524","Visual Inspection","Pass","INSP-5"
"QC-2781","2025-04-13 05:00:00","PROD-101","WO-10524","Functional Test","Pass","INSP-4"
"QC-2782","2025-04-13 06:00:00","PROD-101","WO-10524","Visual Inspection","Pass","INSP-4"
"QC-2783","2025-04-13 07:00:00","PROD-101","WO-10524","Dimensional Accuracy","Pass","INSP-4"
"QC-2784","2025-04-13 08:00:00","PROD-101","WO-10524","Functional Test","Pass","INSP-1"
"QC-2785","2025-04-13 09:00:00","PROD-101","WO-10524","Functional Test","Pass","INSP-3"
"QC-2786","2025-04-13 10:00:00","PROD-101","WO-10524","Visual Inspection","Pass","INSP-3"
"QC-2787","2025-04-13 11:00:00","PROD-101","WO-10524","Functional Test","Pass","INSP-1"
"QC-2788","2025-04-13 12:00:00","PROD-101","WO-10524","Visual Inspection","Pass","INSP-4"
"QC-2789","2025-10-01 00:00:00","PROD-103","WO-10525","Functional Test","Pass","INSP-2"
"QC-2790","2025-10-01 01:00:00","PROD-103","WO-10525","Visual Inspection","Pass","INSP-5"
"QC-2791","2025-10-01 02:00:00","PROD-103","WO-10525","Functional Test","Pass","INSP-4"
"QC-2792","2025-10-01 03:00:00","PROD-103","WO-10525","Visual Inspection","Pass","INSP-5"
"QC-2793","2025-10-01 04:00:00","PROD-103","WO-10525","Visual Inspection","Pass","INSP-4"
"QC-2794","2025-10-01 05:00:00","PROD-103","WO-10525","Functional Test","Pass","INSP-3"
"QC-2795","2025-10-01 06:00:00","PROD-103","WO-10525","Dimensional Accuracy","Pass","INSP-5"
"QC-2796","2025-10-01 07:00:00","PROD-103","WO-10525","Dimensional Accuracy","Fail","INSP-2"
"QC-2797","2025-10-01 08:00:00","PROD-103","WO-10525","Dimensional Accuracy","Pass","INSP-5"
"QC-2798","2025-10-01 09:00:00","PROD-103","WO-10525","Visual Inspection","Pass","INSP-3"
"QC-2799","2025-10-01 10:00:00","PROD-103","WO-10525","Functional Test","Pass","INSP-1"
"QC-2800","2025-12-04 00:00:00","PROD-102","WO-10526","Visual Inspection","Pass","INSP-3"
"QC-2801","2025-12-04 01:00:00","PROD-102","WO-10526","Functional Test","Pass","INSP-2"
"QC-2802","2025-12-04 02:00:00","PROD-102","WO-10526","Dimensional Accuracy","Pass","INSP-3"
"QC-2803","2025-12-04 03:00:00","PROD-102","WO-10526","Dimensional Accuracy","Pass","INSP-3"
"QC-2804","2026-02-09 00:00:00","PROD-102","WO-10528","Visual Inspection","Pass","INSP-1"
"QC-2805","2026-02-09 01:00:00","PROD-102","WO-10528","Dimensional Accuracy","Pass","INSP-1"
"QC-2806","2026-02-09 02:00:00","PROD-102","WO-10528","Functional Test","Pass","INSP-5"
"QC-2807","2025-11-12 00:00:00","PROD-104","WO-10529","Functional Test","Pass","INSP-3"
"QC-2808","2025-11-12 01:00:00","PROD-104","WO-10529","Dimensional Accuracy","Pass","INSP-2"
"QC-2809","2025-11-12 02:00:00","PROD-104","WO-10529","Functional Test","Pass","INSP-4"
"QC-2810","2025-11-12 03:00:00","PROD-104","WO-10529","Dimensional Accuracy","Pass","INSP-4"
"QC-2811","2025-11-12 04:00:00","PROD-104","WO-10529","Dimensional Accuracy","Pass","INSP-2"
"QC-2812","2025-04-04 00:00:00","PROD-102","WO-10530","Visual Inspection","Pass","INSP-2"
"QC-2813","2025-04-04 01:00:00","PROD-102","WO-10530","Dimensional Accuracy","Pass","INSP-3"
"QC-2814","2025-04-04 02:00:00","PROD-102","WO-10530","Dimensional Accuracy","Pass","INSP-4"
"QC-2815","2025-04-04 03:00:00","PROD-102","WO-10530","Visual Inspection","Pass","INSP-3"
"QC-2816","2025-04-04 04:00:00","PROD-102","WO-10530","Dimensional Accuracy","Pass","INSP-5"
"QC-2817","2025-04-04 05:00:00","PROD-102","WO-10530","Dimensional Accuracy","Pass","INSP-3"
"QC-2818","2025-04-04 06:00:00","PROD-102","WO-10530","Dimensional Accuracy","Pass","INSP-5"
"QC-2819","2025-04-04 07:00:00","PROD-102","WO-10530","Visual Inspection","Pass","INSP-4"
"QC-2820","2025-04-04 08:00:00","PROD-102","WO-10530","Visual Inspection","Pass","INSP-5"
"QC-2821","2025-04-04 09:00:00","PROD-102","WO-10530","Dimensional Accuracy","Pass","INSP-3"
"QC-2822","2025-04-04 10:00:00","PROD-102","WO-10530","Visual Inspection","Pass","INSP-1"
"QC-2823","2025-04-04 11:00:00","PROD-102","WO-10530","Functional Test","Pass","INSP-5"
"QC-2824","2025-04-04 12:00:00","PROD-102","WO-10530","Visual Inspection","Fail","INSP-3"
"QC-2825","2025-04-04 13:00:00","PROD-102","WO-10530","Functional Test","Pass","INSP-5"
"QC-2826","2026-02-02 00:00:00","PROD-101","WO-10531","Dimensional Accuracy","Pass","INSP-1"
"QC-2827","2026-02-02 01:00:00","PROD-101","WO-10531","Dimensional Accuracy","Pass","INSP-2"
"QC-2828","2026-02-02 02:00:00","PROD-101","WO-10531","Dimensional Accuracy","Pass","INSP-2"
"QC-2829","2026-02-02 03:00:00","PROD-101","WO-10531","Functional Test","Pass","INSP-1"
"QC-2830","2026-02-02 04:00:00","PROD-101","WO-10531","Dimensional Accuracy","Pass","INSP-3"
"QC-2831","2026-02-02 05:00:00","PROD-101","WO-10531","Dimensional Accuracy","Pass","INSP-2"
"QC-2832","2026-02-02 06:00:00","PROD-101","WO-10531","Dimensional Accuracy","Pass","INSP-2"
"QC-2833","2026-02-02 07:00:00","PROD-101","WO-10531","Dimensional Accuracy","Pass","INSP-5"
"QC-2834","2026-02-02 08:00:00","PROD-101","WO-10531","Visual Inspection","Pass","INSP-2"
"QC-2835","2026-02-02 09:00:00","PROD-101","WO-10531","Functional Test","Pass","INSP-1"
"QC-2836","2026-02-02 10:00:00","PROD-101","WO-10531","Functional Test","Pass","INSP-1"
"QC-2837","2026-02-02 11:00:00","PROD-101","WO-10531","Dimensional Accuracy","Pass","INSP-1"
"QC-2838","2026-02-02 12:00:00","PROD-101","WO-10531","Dimensional Accuracy","Pass","INSP-1"
"QC-2839","2026-02-02 13:00:00","PROD-101","WO-10531","Dimensional Accuracy","Pass","INSP-1"
"QC-2840","2025-11-01 00:00:00","PROD-101","WO-10533","Dimensional Accuracy","Pass","INSP-1"
"QC-2841","2025-11-01 01:00:00","PROD-101","WO-10533","Visual Inspection","Pass","INSP-2"
"QC-2842","2025-11-01 02:00:00","PROD-101","WO-10533","Visual Inspection","Pass","INSP-2"
"QC-2843","2025-11-01 03:00:00","PROD-101","WO-10533","Visual Inspection","Pass","INSP-5"
"QC-2844","2025-11-01 04:00:00","PROD-101","WO-10533","Visual Inspection","Pass","INSP-4"
"QC-2845","2025-11-01 05:00:00","PROD-101","WO-10533","Dimensional Accuracy","Pass","INSP-3"
"QC-2846","2025-11-01 06:00:00","PROD-101","WO-10533","Functional Test","Pass","INSP-4"
"QC-2847","2025-11-08 00:00:00","PROD-102","WO-10535","Functional Test","Pass","INSP-2"
"QC-2848","2025-11-08 01:00:00","PROD-102","WO-10535","Visual Inspection","Pass","INSP-5"
"QC-2849","2025-10-06 00:00:00","PROD-103","WO-10536","Visual Inspection","Pass","INSP-2"
"QC-2850","2025-10-06 01:00:00","PROD-103","WO-10536","Visual Inspection","Pass","INSP-2"
"QC-2851","2025-12-17 00:00:00","PROD-103","WO-10538","Functional Test","Pass","INSP-4"
"QC-2852","2025-12-17 01:00:00","PROD-103","WO-10538","Functional Test","Pass","INSP-2"
"QC-2853","2025-12-17 02:00:00","PROD-103","WO-10538","Functional Test","Pass","INSP-2"
"QC-2854","2025-12-17 03:00:00","PROD-103","WO-10538","Dimensional Accuracy","Pass","INSP-2"
"QC-2855","2025-12-17 04:00:00","PROD-103","WO-10538","Functional Test","Pass","INSP-5"
"QC-2856","2025-12-17 05:00:00","PROD-103","WO-10538","Functional Test","Fail","INSP-4"
"QC-2857","2025-12-24 00:00:00","PROD-102","WO-10539","Functional Test","Pass","INSP-3"
"QC-2858","2025-12-24 01:00:00","PROD-102","WO-10539","Dimensional Accuracy","Pass","INSP-2"
"QC-2859","2025-12-24 02:00:00","PROD-102","WO-10539","Visual Inspection","Pass","INSP-1"
"QC-2860","2025-12-24 03:00:00","PROD-102","WO-10539","Functional Test","Pass","INSP-3"
"QC-2861","2025-11-04 00:00:00","PROD-101","WO-10541","Dimensional Accuracy","Pass","INSP-2"
"QC-2862","2025-11-04 01:00:00","PROD-101","WO-10541","Functional Test","Pass","INSP-4"
"QC-2863","2025-11-04 02:00:00","PROD-101","WO-10541","Functional Test","Pass","INSP-3"
"QC-2864","2025-11-04 03:00:00","PROD-101","WO-10541","Functional Test","Pass","INSP-3"
"QC-2865","2025-11-04 04:00:00","PROD-101","WO-10541","Functional Test","Fail","INSP-2"
"QC-2866","2025-11-04 05:00:00","PROD-101","WO-10541","Functional Test","Pass","INSP-4"
"QC-2867","2025-11-04 06:00:00","PROD-101","WO-10541","Dimensional Accuracy","Pass","INSP-5"
"QC-2868","2025-11-04 07:00:00","PROD-101","WO-10541","Dimensional Accuracy","Pass","INSP-4"
"QC-2869","2026-02-08 00:00:00","PROD-104","WO-10545","Dimensional Accuracy","Fail","INSP-4"
"QC-2870","2026-02-08 01:00:00","PROD-104","WO-10545","Visual Inspection","Pass","INSP-2"
"QC-2871","2026-02-08 02:00:00","PROD-104","WO-10545","Visual Inspection","Pass","INSP-2"
"QC-2872","2026-02-08 03:00:00","PROD-104","WO-10545","Functional Test","Pass","INSP-5"
"QC-2873","2026-02-08 04:00:00","PROD-104","WO-10545","Functional Test","Fail","INSP-5"
"QC-2874","2026-02-08 05:00:00","PROD-104","WO-10545","Dimensional Accuracy","Pass","INSP-2"
"QC-2875","2026-02-08 06:00:00","PROD-104","WO-10545","Functional Test","Pass","INSP-4"
"QC-2876","2026-02-08 07:00:00","PROD-104","WO-10545","Visual Inspection","Pass","INSP-1"
"QC-2877","2025-07-17 00:00:00","PROD-102","WO-10546","Functional Test","Pass","INSP-2"
"QC-2878","2025-07-17 01:00:00","PROD-102","WO-10546","Dimensional Accuracy","Pass","INSP-5"
"QC-2879","2025-07-17 02:00:00","PROD-102","WO-10546","Visual Inspection","Pass","INSP-2"
"QC-2880","2025-07-17 03:00:00","PROD-102","WO-10546","Functional Test","Pass","INSP-4"
"QC-2881","2025-07-31 00:00:00","PROD-104","WO-10547","Dimensional Accuracy","Pass","INSP-4"
"QC-2882","2025-07-31 01:00:00","PROD-104","WO-10547","Dimensional Accuracy","Pass","INSP-4"
"QC-2883","2025-07-31 02:00:00","PROD-104","WO-10547","Functional Test","Pass","INSP-5"
"QC-2884","2025-07-31 03:00:00","PROD-104","WO-10547","Dimensional Accuracy","Fail","INSP-5"
"QC-2885","2025-07-31 04:00:00","PROD-104","WO-10547","Functional Test","Fail","INSP-2"
"QC-2886","2025-10-08 00:00:00","PROD-104","WO-10548","Dimensional Accuracy","Pass","INSP-2"
"QC-2887","2025-10-08 01:00:00","PROD-104","WO-10548","Functional Test","Pass","INSP-3"
"QC-2888","2025-08-09 00:00:00","PROD-103","WO-10551","Visual Inspection","Pass","INSP-1"
"QC-2889","2025-08-09 01:00:00","PROD-103","WO-10551","Visual Inspection","Pass","INSP-4"
"QC-2890","2025-08-09 02:00:00","PROD-103","WO-10551","Dimensional Accuracy","Pass","INSP-4"
"QC-2891","2025-08-09 03:00:00","PROD-103","WO-10551","Dimensional Accuracy","Pass","INSP-3"
"QC-2892","2025-10-31 00:00:00","PROD-101","WO-10554","Functional Test","Pass","INSP-3"
"QC-2893","2025-10-31 01:00:00","PROD-101","WO-10554","Visual Inspection","Pass","INSP-1"
"QC-2894","2025-10-31 02:00:00","PROD-101","WO-10554","Functional Test","Pass","INSP-2"
"QC-2895","2025-10-31 03:00:00","PROD-101","WO-10554","Visual Inspection","Pass","INSP-5"
"QC-2896","2025-10-31 04:00:00","PROD-101","WO-10554","Visual Inspection","Fail","INSP-2"
"QC-2897","2025-10-31 05:00:00","PROD-101","WO-10554","Visual Inspection","Pass","INSP-3"
"QC-2898","2025-10-20 00:00:00","PROD-104","WO-10556","Dimensional Accuracy","Fail","INSP-2"
"QC-2899","2025-10-20 01:00:00","PROD-104","WO-10556","Dimensional Accuracy","Pass","INSP-3"
"QC-2900","2025-10-20 02:00:00","PROD-104","WO-10556","Dimensional Accuracy","Pass","INSP-2"
"QC-2901","2025-10-20 03:00:00","PROD-104","WO-10556","Dimensional Accuracy","Pass","INSP-1"
"QC-2902","2025-10-20 04:00:00","PROD-104","WO-10556","Functional Test","Fail","INSP-1"
"QC-2903","2025-10-20 05:00:00","PROD-104","WO-10556","Functional Test","Pass","INSP-5"
"QC-2904","2025-10-20 06:00:00","PROD-104","WO-10556","Dimensional Accuracy","Pass","INSP-4"
"QC-2905","2025-10-20 07:00:00","PROD-104","WO-10556","Dimensional Accuracy","Pass","INSP-1"
"QC-2906","2025-10-20 08:00:00","PROD-104","WO-10556","Visual Inspection","Pass","INSP-1"
"QC-2907","2025-10-20 09:00:00","PROD-104","WO-10556","Functional Test","Pass","INSP-4"
"QC-2908","2025-10-20 10:00:00","PROD-104","WO-10556","Visual Inspection","Pass","INSP-5"
"QC-2909","2025-10-20 11:00:00","PROD-104","WO-10556","Functional Test","Pass","INSP-2"
"QC-2910","2025-09-25 00:00:00","PROD-102","WO-10557","Dimensional Accuracy","Pass","INSP-5"
"QC-2911","2025-09-25 01:00:00","PROD-102","WO-10557","Visual Inspection","Pass","INSP-3"
"QC-2912","2025-09-25 02:00:00","PROD-102","WO-10557","Visual Inspection","Pass","INSP-3"
"QC-2913","2025-09-25 03:00:00","PROD-102","WO-10557","Visual Inspection","Pass","INSP-1"
"QC-2914","2025-09-25 04:00:00","PROD-102","WO-10557","Visual Inspection","Pass","INSP-4"
"QC-2915","2025-09-25 05:00:00","PROD-102","WO-10557","Dimensional Accuracy","Pass","INSP-1"
"QC-2916","2025-09-25 06:00:00","PROD-102","WO-10557","Visual Inspection","Pass","INSP-2"
"QC-2917","2026-02-13 00:00:00","PROD-101","WO-10558","Dimensional Accuracy","Pass","INSP-4"
"QC-2918","2026-02-13 01:00:00","PROD-101","WO-10558","Dimensional Accuracy","Pass","INSP-4"
"QC-2919","2026-02-13 02:00:00","PROD-101","WO-10558","Functional Test","Fail","INSP-2"
"QC-2920","2025-10-21 00:00:00","PROD-101","WO-10561","Dimensional Accuracy","Pass","INSP-5"
"QC-2921","2025-10-21 01:00:00","PROD-101","WO-10561","Dimensional Accuracy","Pass","INSP-5"
"QC-2922","2025-10-21 02:00:00","PROD-101","WO-10561","Visual Inspection","Pass","INSP-1"
"QC-2923","2025-10-21 03:00:00","PROD-101","WO-10561","Dimensional Accuracy","Pass","INSP-5"
"QC-2924","2025-10-21 04:00:00","PROD-101","WO-10561","Dimensional Accuracy","Pass","INSP-4"
"QC-2925","2025-10-21 05:00:00","PROD-101","WO-10561","Visual Inspection","Pass","INSP-2"
"QC-2926","2025-10-21 06:00:00","PROD-101","WO-10561","Dimensional Accuracy","Pass","INSP-3"
"QC-2927","2025-10-21 07:00:00","PROD-101","WO-10561","Dimensional Accuracy","Pass","INSP-2"
"QC-2928","2025-09-19 00:00:00","PROD-102","WO-10563","Functional Test","Pass","INSP-5"
"QC-2929","2025-09-19 01:00:00","PROD-102","WO-10563","Functional Test","Pass","INSP-1"
"QC-2930","2025-09-19 02:00:00","PROD-102","WO-10563","Visual Inspection","Fail","INSP-2"
"QC-2931","2025-09-19 03:00:00","PROD-102","WO-10563","Dimensional Accuracy","Pass","INSP-4"
"QC-2932","2025-09-19 04:00:00","PROD-102","WO-10563","Functional Test","Pass","INSP-3"
"QC-2933","2025-12-28 00:00:00","PROD-103","WO-10564","Visual Inspection","Pass","INSP-4"
"QC-2934","2025-12-28 01:00:00","PROD-103","WO-10564","Functional Test","Pass","INSP-3"
"QC-2935","2025-12-28 02:00:00","PROD-103","WO-10564","Visual Inspection","Pass","INSP-3"
"QC-2936","2025-12-28 03:00:00","PROD-103","WO-10564","Functional Test","Pass","INSP-5"
"QC-2937","2025-12-28 04:00:00","PROD-103","WO-10564","Visual Inspection","Pass","INSP-2"
"QC-2938","2025-12-28 05:00:00","PROD-103","WO-10564","Functional Test","Pass","INSP-3"
"QC-2939","2025-12-28 06:00:00","PROD-103","WO-10564","Visual Inspection","Pass","INSP-5"
"QC-2940","2025-12-28 07:00:00","PROD-103","WO-10564","Dimensional Accuracy","Pass","INSP-5"
"QC-2941","2025-12-28 08:00:00","PROD-103","WO-10564","Functional Test","Pass","INSP-5"
"QC-2942","2025-12-28 09:00:00","PROD-103","WO-10564","Visual Inspection","Pass","INSP-3"
"QC-2943","2025-12-28 10:00:00","PROD-103","WO-10564","Dimensional Accuracy","Pass","INSP-5"
"QC-2944","2025-12-28 11:00:00","PROD-103","WO-10564","Dimensional Accuracy","Pass","INSP-3"
"QC-2945","2025-12-28 12:00:00","PROD-103","WO-10564","Dimensional Accuracy","Pass","INSP-4"
"QC-2946","2025-12-28 13:00:00","PROD-103","WO-10564","Visual Inspection","Pass","INSP-1"
"QC-2947","2025-08-27 00:00:00","PROD-102","WO-10566","Dimensional Accuracy","Pass","INSP-2"
"QC-2948","2025-08-27 01:00:00","PROD-102","WO-10566","Dimensional Accuracy","Pass","INSP-4"
"QC-2949","2025-11-12 00:00:00","PROD-104","WO-10569","Functional Test","Pass","INSP-3"
"QC-2950","2025-11-12 01:00:00","PROD-104","WO-10569","Dimensional Accuracy","Pass","INSP-5"
"QC-2951","2025-11-12 02:00:00","PROD-104","WO-10569","Functional Test","Pass","INSP-3"
"QC-2952","2025-11-12 03:00:00","PROD-104","WO-10569","Visual Inspection","Pass","INSP-4"
"QC-2953","2025-11-12 04:00:00","PROD-104","WO-10569","Visual Inspection","Pass","INSP-2"
"QC-2954","2025-11-12 05:00:00","PROD-104","WO-10569","Dimensional Accuracy","Pass","INSP-1"
"QC-2955","2025-11-12 06:00:00","PROD-104","WO-10569","Functional Test","Pass","INSP-5"
"QC-2956","2025-11-12 07:00:00","PROD-104","WO-10569","Dimensional Accuracy","Pass","INSP-4"
"QC-2957","2025-07-31 00:00:00","PROD-102","WO-10570","Functional Test","Pass","INSP-5"
"QC-2958","2025-07-31 01:00:00","PROD-102","WO-10570","Functional Test","Pass","INSP-4"
"QC-2959","2025-07-31 02:00:00","PROD-102","WO-10570","Visual Inspection","Pass","INSP-4"
"QC-2960","2025-07-31 03:00:00","PROD-102","WO-10570","Dimensional Accuracy","Pass","INSP-3"
"QC-2961","2025-07-31 04:00:00","PROD-102","WO-10570","Visual Inspection","Pass","INSP-1"
"QC-2962","2025-07-31 05:00:00","PROD-102","WO-10570","Functional Test","Pass","INSP-4"
"QC-2963","2025-07-31 06:00:00","PROD-102","WO-10570","Functional Test","Pass","INSP-1"
"QC-2964","2025-07-31 07:00:00","PROD-102","WO-10570","Dimensional Accuracy","Pass","INSP-5"
"QC-2965","2025-07-31 08:00:00","PROD-102","WO-10570","Dimensional Accuracy","Pass","INSP-4"
"QC-2966","2025-07-09 00:00:00","PROD-103","WO-10571","Functional Test","Pass","INSP-5"
"QC-2967","2025-07-09 01:00:00","PROD-103","WO-10571","Dimensional Accuracy","Pass","INSP-1"
"QC-2968","2026-03-05 00:00:00","PROD-103","WO-10572","Functional Test","Fail","INSP-1"
"QC-2969","2026-03-05 01:00:00","PROD-103","WO-10572","Functional Test","Pass","INSP-5"
"QC-2970","2026-03-05 02:00:00","PROD-103","WO-10572","Visual Inspection","Pass","INSP-3"
"QC-2971","2026-03-05 03:00:00","PROD-103","WO-10572","Functional Test","Pass","INSP-3"
"QC-2972","2026-03-05 04:00:00","PROD-103","WO-10572","Visual Inspection","Pass","INSP-5"
"QC-2973","2026-03-05 05:00:00","PROD-103","WO-10572","Functional Test","Fail","INSP-1"
"QC-2974","2026-03-05 06:00:00","PROD-103","WO-10572","Functional Test","Pass","INSP-5"
"QC-2975","2025-07-16 00:00:00","PROD-102","WO-10573","Functional Test","Pass","INSP-5"
"QC-2976","2025-07-16 01:00:00","PROD-102","WO-10573","Visual Inspection","Pass","INSP-2"
"QC-2977","2025-07-16 02:00:00","PROD-102","WO-10573","Functional Test","Pass","INSP-1"
"QC-2978","2025-07-16 03:00:00","PROD-102","WO-10573","Functional Test","Pass","INSP-2"
"QC-2979","2025-07-16 04:00:00","PROD-102","WO-10573","Visual Inspection","Pass","INSP-3"
"QC-2980","2025-07-16 05:00:00","PROD-102","WO-10573","Functional Test","Pass","INSP-1"
"QC-2981","2025-07-26 00:00:00","PROD-102","WO-10574","Dimensional Accuracy","Fail","INSP-5"
"QC-2982","2025-07-26 01:00:00","PROD-102","WO-10574","Functional Test","Pass","INSP-4"
"QC-2983","2025-07-26 02:00:00","PROD-102","WO-10574","Dimensional Accuracy","Pass","INSP-3"
"QC-2984","2025-07-26 03:00:00","PROD-102","WO-10574","Dimensional Accuracy","Pass","INSP-5"
"QC-2985","2025-08-23 00:00:00","PROD-103","WO-10576","Dimensional Accuracy","Pass","INSP-3"
"QC-2986","2025-08-23 01:00:00","PROD-103","WO-10576","Dimensional Accuracy","Pass","INSP-1"
"QC-2987","2025-08-23 02:00:00","PROD-103","WO-10576","Functional Test","Pass","INSP-1"
"QC-2988","2025-10-08 00:00:00","PROD-104","WO-10578","Visual Inspection","Pass","INSP-2"
"QC-2989","2025-10-08 01:00:00","PROD-104","WO-10578","Functional Test","Pass","INSP-3"
"QC-2990","2025-08-07 00:00:00","PROD-102","WO-10582","Visual Inspection","Pass","INSP-5"
"QC-2991","2025-08-07 01:00:00","PROD-102","WO-10582","Visual Inspection","Pass","INSP-5"
"QC-2992","2025-08-07 02:00:00","PROD-102","WO-10582","Visual Inspection","Pass","INSP-1"
"QC-2993","2025-08-07 03:00:00","PROD-102","WO-10582","Visual Inspection","Pass","INSP-2"
"QC-2994","2025-08-07 04:00:00","PROD-102","WO-10582","Dimensional Accuracy","Pass","INSP-2"
"QC-2995","2025-05-04 00:00:00","PROD-103","WO-10583","Visual Inspection","Pass","INSP-2"
"QC-2996","2025-05-04 01:00:00","PROD-103","WO-10583","Functional Test","Pass","INSP-3"
"QC-2997","2025-05-04 02:00:00","PROD-103","WO-10583","Functional Test","Pass","INSP-1"
"QC-2998","2025-05-04 03:00:00","PROD-103","WO-10583","Dimensional Accuracy","Pass","INSP-2"
"QC-2999","2025-05-04 04:00:00","PROD-103","WO-10583","Dimensional Accuracy","Pass","INSP-2"
"QC-3000","2025-05-04 05:00:00","PROD-103","WO-10583","Functional Test","Pass","INSP-2"
"QC-3001","2025-05-02 00:00:00","PROD-101","WO-10586","Dimensional Accuracy","Pass","INSP-4"
"QC-3002","2025-05-02 01:00:00","PROD-101","WO-10586","Visual Inspection","Pass","INSP-3"
"QC-3003","2025-05-02 02:00:00","PROD-101","WO-10586","Functional Test","Pass","INSP-3"
"QC-3004","2025-05-02 03:00:00","PROD-101","WO-10586","Dimensional Accuracy","Pass","INSP-5"
"QC-3005","2025-05-02 04:00:00","PROD-101","WO-10586","Visual Inspection","Pass","INSP-5"
"QC-3006","2025-05-02 05:00:00","PROD-101","WO-10586","Functional Test","Pass","INSP-1"
"QC-3007","2025-05-02 06:00:00","PROD-101","WO-10586","Dimensional Accuracy","Pass","INSP-1"
"QC-3008","2025-05-02 07:00:00","PROD-101","WO-10586","Dimensional Accuracy","Pass","INSP-5"
"QC-3009","2025-05-02 08:00:00","PROD-101","WO-10586","Visual Inspection","Pass","INSP-2"
"QC-3010","2025-05-02 09:00:00","PROD-101","WO-10586","Visual Inspection","Pass","INSP-2"
"QC-3011","2025-05-02 10:00:00","PROD-101","WO-10586","Visual Inspection","Pass","INSP-2"
"QC-3012","2025-05-02 11:00:00","PROD-101","WO-10586","Visual Inspection","Pass","INSP-4"
"QC-3013","2025-05-02 12:00:00","PROD-101","WO-10586","Dimensional Accuracy","Pass","INSP-3"
"QC-3014","2025-05-02 13:00:00","PROD-101","WO-10586","Visual Inspection","Pass","INSP-3"
"QC-3015","2025-05-02 14:00:00","PROD-101","WO-10586","Functional Test","Pass","INSP-3"
"QC-3016","2025-05-02 15:00:00","PROD-101","WO-10586","Functional Test","Pass","INSP-1"
"QC-3017","2025-05-02 16:00:00","PROD-101","WO-10586","Dimensional Accuracy","Pass","INSP-1"
"QC-3018","2025-05-02 17:00:00","PROD-101","WO-10586","Dimensional Accuracy","Pass","INSP-4"
"QC-3019","2026-02-27 00:00:00","PROD-103","WO-10587","Visual Inspection","Pass","INSP-5"
"QC-3020","2026-02-27 01:00:00","PROD-103","WO-10587","Functional Test","Pass","INSP-4"
"QC-3021","2026-02-27 02:00:00","PROD-103","WO-10587","Functional Test","Pass","INSP-5"
"QC-3022","2026-02-27 03:00:00","PROD-103","WO-10587","Functional Test","Pass","INSP-3"
"QC-3023","2026-02-27 04:00:00","PROD-103","WO-10587","Functional Test","Fail","INSP-5"
"QC-3024","2026-02-27 05:00:00","PROD-103","WO-10587","Visual Inspection","Pass","INSP-1"
"QC-3025","2026-02-27 06:00:00","PROD-103","WO-10587","Visual Inspection","Pass","INSP-2"
"QC-3026","2026-02-27 07:00:00","PROD-103","WO-10587","Functional Test","Pass","INSP-3"
"QC-3027","2026-02-27 08:00:00","PROD-103","WO-10587","Dimensional Accuracy","Pass","INSP-4"
"QC-3028","2026-02-27 09:00:00","PROD-103","WO-10587","Visual Inspection","Pass","INSP-5"
"QC-3029","2026-02-27 10:00:00","PROD-103","WO-10587","Functional Test","Pass","INSP-2"
"QC-3030","2026-02-27 11:00:00","PROD-103","WO-10587","Dimensional Accuracy","Pass","INSP-2"
"QC-3031","2026-02-27 12:00:00","PROD-103","WO-10587","Functional Test","Pass","INSP-1"
"QC-3032","2026-02-27 13:00:00","PROD-103","WO-10587","Functional Test","Pass","INSP-1"
"QC-3033","2026-02-11 00:00:00","PROD-103","WO-10588","Dimensional Accuracy","Pass","INSP-1"
"QC-3034","2026-02-11 01:00:00","PROD-103","WO-10588","Dimensional Accuracy","Pass","INSP-4"
"QC-3035","2026-02-11 02:00:00","PROD-103","WO-10588","Visual Inspection","Pass","INSP-4"
"QC-3036","2026-02-11 03:00:00","PROD-103","WO-10588","Dimensional Accuracy","Pass","INSP-4"
"QC-3037","2025-05-19 00:00:00","PROD-101","WO-10589","Visual Inspection","Fail","INSP-2"
"QC-3038","2025-05-19 01:00:00","PROD-101","WO-10589","Functional Test","Pass","INSP-4"
"QC-3039","2025-05-19 02:00:00","PROD-101","WO-10589","Visual Inspection","Pass","INSP-5"
"QC-3040","2025-05-19 03:00:00","PROD-101","WO-10589","Functional Test","Pass","INSP-4"
"QC-3041","2025-05-19 04:00:00","PROD-101","WO-10589","Dimensional Accuracy","Pass","INSP-1"
"QC-3042","2025-05-19 05:00:00","PROD-101","WO-10589","Functional Test","Pass","INSP-4"
"QC-3043","2025-05-19 06:00:00","PROD-101","WO-10589","Functional Test","Pass","INSP-5"
"QC-3044","2025-05-19 07:00:00","PROD-101","WO-10589","Dimensional Accuracy","Fail","INSP-5"
"QC-3045","2025-05-19 08:00:00","PROD-101","WO-10589","Functional Test","Pass","INSP-3"
"QC-3046","2025-08-26 00:00:00","PROD-102","WO-10591","Visual Inspection","Pass","INSP-3"
"QC-3047","2025-08-26 01:00:00","PROD-102","WO-10591","Dimensional Accuracy","Pass","INSP-5"
"QC-3048","2025-08-26 02:00:00","PROD-102","WO-10591","Visual Inspection","Pass","INSP-1"
"QC-3049","2025-08-26 03:00:00","PROD-102","WO-10591","Functional Test","Pass","INSP-4"
"QC-3050","2025-08-26 04:00:00","PROD-102","WO-10591","Functional Test","Pass","INSP-3"
"QC-3051","2025-08-26 05:00:00","PROD-102","WO-10591","Functional Test","Pass","INSP-2"
"QC-3052","2026-01-09 00:00:00","PROD-102","WO-10592","Visual Inspection","Pass","INSP-3"
"QC-3053","2026-01-09 01:00:00","PROD-102","WO-10592","Dimensional Accuracy","Pass","INSP-4"
"QC-3054","2026-01-09 02:00:00","PROD-102","WO-10592","Functional Test","Pass","INSP-5"
"QC-3055","2026-01-09 03:00:00","PROD-102","WO-10592","Visual Inspection","Pass","INSP-4"
"QC-3056","2026-01-09 04:00:00","PROD-102","WO-10592","Functional Test","Pass","INSP-3"
"QC-3057","2026-01-09 05:00:00","PROD-102","WO-10592","Dimensional Accuracy","Pass","INSP-4"
"QC-3058","2025-08-02 00:00:00","PROD-104","WO-10594","Visual Inspection","Pass","INSP-4"
"QC-3059","2025-08-02 01:00:00","PROD-104","WO-10594","Functional Test","Fail","INSP-5"
"QC-3060","2025-08-02 02:00:00","PROD-104","WO-10594","Functional Test","Pass","INSP-2"
"QC-3061","2025-09-04 00:00:00","PROD-104","WO-10596","Functional Test","Pass","INSP-5"
"QC-3062","2025-09-04 01:00:00","PROD-104","WO-10596","Dimensional Accuracy","Pass","INSP-4"
"QC-3063","2025-09-04 02:00:00","PROD-104","WO-10596","Functional Test","Pass","INSP-2"
"QC-3064","2025-09-04 03:00:00","PROD-104","WO-10596","Visual Inspection","Pass","INSP-1"
"QC-3065","2025-09-04 04:00:00","PROD-104","WO-10596","Functional Test","Fail","INSP-1"
"QC-3066","2025-09-04 05:00:00","PROD-104","WO-10596","Functional Test","Pass","INSP-3"
"QC-3067","2025-09-04 06:00:00","PROD-104","WO-10596","Functional Test","Pass","INSP-4"
"QC-3068","2025-09-04 07:00:00","PROD-104","WO-10596","Functional Test","Pass","INSP-4"
"QC-3069","2025-08-26 00:00:00","PROD-103","WO-10598","Dimensional Accuracy","Pass","INSP-3"
"QC-3070","2025-08-26 01:00:00","PROD-103","WO-10598","Visual Inspection","Pass","INSP-1"
"QC-3071","2025-08-26 02:00:00","PROD-103","WO-10598","Dimensional Accuracy","Pass","INSP-5"
"QC-3072","2025-08-26 03:00:00","PROD-103","WO-10598","Dimensional Accuracy","Pass","INSP-2"
"QC-3073","2025-08-26 04:00:00","PROD-103","WO-10598","Functional Test","Pass","INSP-2"
"QC-3074","2025-08-26 05:00:00","PROD-103","WO-10598","Dimensional Accuracy","Pass","INSP-1"
"QC-3075","2025-08-26 06:00:00","PROD-103","WO-10598","Functional Test","Pass","INSP-1"
"QC-3076","2025-08-26 07:00:00","PROD-103","WO-10598","Functional Test","Pass","INSP-2"
"QC-3077","2025-08-26 08:00:00","PROD-103","WO-10598","Dimensional Accuracy","Pass","INSP-5"
"QC-3078","2025-07-17 00:00:00","PROD-102","WO-10600","Dimensional Accuracy","Pass","INSP-5"
"QC-3079","2025-07-17 01:00:00","PROD-102","WO-10600","Functional Test","Pass","INSP-3"
"QC-3080","2025-07-17 02:00:00","PROD-102","WO-10600","Dimensional Accuracy","Pass","INSP-1"
"QC-3081","2025-07-17 03:00:00","PROD-102","WO-10600","Visual Inspection","Pass","INSP-2"
"QC-3082","2025-07-17 04:00:00","PROD-102","WO-10600","Functional Test","Pass","INSP-3"
"QC-3083","2025-07-17 05:00:00","PROD-102","WO-10600","Functional Test","Pass","INSP-4"
"QC-3084","2025-07-17 06:00:00","PROD-102","WO-10600","Visual Inspection","Pass","INSP-4"
"QC-3085","2025-07-17 07:00:00","PROD-102","WO-10600","Functional Test","Pass","INSP-3"
"QC-3086","2025-07-17 08:00:00","PROD-102","WO-10600","Functional Test","Pass","INSP-5"
"QC-3087","2025-07-17 09:00:00","PROD-102","WO-10600","Visual Inspection","Pass","INSP-3"
"QC-3088","2025-07-17 10:00:00","PROD-102","WO-10600","Functional Test","Pass","INSP-3"
"QC-3089","2025-07-17 11:00:00","PROD-102","WO-10600","Functional Test","Pass","INSP-3"
"QC-3090","2025-07-17 12:00:00","PROD-102","WO-10600","Dimensional Accuracy","Pass","INSP-2"
"QC-3091","2025-07-17 13:00:00","PROD-102","WO-10600","Dimensional Accuracy","Pass","INSP-5"
"QC-3092","2025-07-17 14:00:00","PROD-102","WO-10600","Dimensional Accuracy","Pass","INSP-3"
"QC-3093","2025-07-17 15:00:00","PROD-102","WO-10600","Dimensional Accuracy","Pass","INSP-1"
"QC-3094","2025-07-17 16:00:00","PROD-102","WO-10600","Functional Test","Pass","INSP-5"
"QC-3095","2025-10-28 00:00:00","PROD-102","WO-10601","Functional Test","Pass","INSP-2"
"QC-3096","2025-10-28 01:00:00","PROD-102","WO-10601","Visual Inspection","Pass","INSP-1"
"QC-3097","2025-10-28 02:00:00","PROD-102","WO-10601","Functional Test","Pass","INSP-3"
"QC-3098","2025-10-28 03:00:00","PROD-102","WO-10601","Functional Test","Pass","INSP-4"
"QC-3099","2025-10-28 04:00:00","PROD-102","WO-10601","Dimensional Accuracy","Pass","INSP-1"
"QC-3100","2025-10-28 05:00:00","PROD-102","WO-10601","Functional Test","Pass","INSP-1"
"QC-3101","2025-10-28 06:00:00","PROD-102","WO-10601","Dimensional Accuracy","Pass","INSP-3"
"QC-3102","2025-10-28 07:00:00","PROD-102","WO-10601","Dimensional Accuracy","Pass","INSP-3"
"QC-3103","2026-03-29 00:00:00","PROD-101","WO-10602","Visual Inspection","Pass","INSP-5"
"QC-3104","2026-03-29 01:00:00","PROD-101","WO-10602","Functional Test","Pass","INSP-4"
"QC-3105","2025-12-12 00:00:00","PROD-103","WO-10603","Visual Inspection","Pass","INSP-4"
"QC-3106","2025-12-12 01:00:00","PROD-103","WO-10603","Functional Test","Pass","INSP-2"
"QC-3107","2025-12-12 02:00:00","PROD-103","WO-10603","Functional Test","Pass","INSP-3"
"QC-3108","2025-12-12 03:00:00","PROD-103","WO-10603","Visual Inspection","Pass","INSP-5"
"QC-3109","2025-04-04 00:00:00","PROD-104","WO-10604","Dimensional Accuracy","Pass","INSP-3"
"QC-3110","2025-04-04 01:00:00","PROD-104","WO-10604","Functional Test","Pass","INSP-2"
"QC-3111","2025-04-04 02:00:00","PROD-104","WO-10604","Visual Inspection","Pass","INSP-3"
"QC-3112","2025-04-04 03:00:00","PROD-104","WO-10604","Dimensional Accuracy","Pass","INSP-2"
"QC-3113","2025-04-04 04:00:00","PROD-104","WO-10604","Dimensional Accuracy","Pass","INSP-4"
"QC-3114","2025-04-04 05:00:00","PROD-104","WO-10604","Dimensional Accuracy","Pass","INSP-5"
"QC-3115","2025-04-04 06:00:00","PROD-104","WO-10604","Dimensional Accuracy","Pass","INSP-5"
"QC-3116","2025-04-04 07:00:00","PROD-104","WO-10604","Visual Inspection","Pass","INSP-3"
"QC-3117","2025-04-04 08:00:00","PROD-104","WO-10604","Visual Inspection","Pass","INSP-5"
"QC-3118","2025-04-04 09:00:00","PROD-104","WO-10604","Visual Inspection","Pass","INSP-4"
"QC-3119","2025-04-04 10:00:00","PROD-104","WO-10604","Dimensional Accuracy","Pass","INSP-5"
"QC-3120","2025-11-27 00:00:00","PROD-103","WO-10605","Dimensional Accuracy","Pass","INSP-4"
"QC-3121","2025-11-27 01:00:00","PROD-103","WO-10605","Visual Inspection","Pass","INSP-1"
"QC-3122","2025-11-27 02:00:00","PROD-103","WO-10605","Visual Inspection","Pass","INSP-3"
"QC-3123","2025-11-27 03:00:00","PROD-103","WO-10605","Visual Inspection","Pass","INSP-2"
"QC-3124","2025-11-27 04:00:00","PROD-103","WO-10605","Dimensional Accuracy","Pass","INSP-5"
"QC-3125","2025-11-27 05:00:00","PROD-103","WO-10605","Dimensional Accuracy","Pass","INSP-3"
"QC-3126","2025-11-27 06:00:00","PROD-103","WO-10605","Visual Inspection","Pass","INSP-5"
"QC-3127","2025-11-25 00:00:00","PROD-103","WO-10606","Visual Inspection","Pass","INSP-5"
"QC-3128","2025-11-25 01:00:00","PROD-103","WO-10606","Dimensional Accuracy","Pass","INSP-3"
"QC-3129","2025-11-25 02:00:00","PROD-103","WO-10606","Dimensional Accuracy","Pass","INSP-5"
"QC-3130","2025-11-25 03:00:00","PROD-103","WO-10606","Functional Test","Pass","INSP-1"
"QC-3131","2025-11-25 04:00:00","PROD-103","WO-10606","Dimensional Accuracy","Pass","INSP-1"
"QC-3132","2025-12-18 00:00:00","PROD-104","WO-10607","Dimensional Accuracy","Pass","INSP-4"
"QC-3133","2025-12-18 01:00:00","PROD-104","WO-10607","Visual Inspection","Pass","INSP-2"
"QC-3134","2025-12-18 02:00:00","PROD-104","WO-10607","Functional Test","Pass","INSP-5"
"QC-3135","2025-12-18 03:00:00","PROD-104","WO-10607","Visual Inspection","Pass","INSP-4"
"QC-3136","2025-12-18 04:00:00","PROD-104","WO-10607","Functional Test","Pass","INSP-5"
"QC-3137","2025-12-18 05:00:00","PROD-104","WO-10607","Visual Inspection","Pass","INSP-3"
"QC-3138","2025-12-18 06:00:00","PROD-104","WO-10607","Dimensional Accuracy","Pass","INSP-1"
"QC-3139","2025-12-18 07:00:00","PROD-104","WO-10607","Functional Test","Pass","INSP-5"
"QC-3140","2025-12-18 08:00:00","PROD-104","WO-10607","Functional Test","Pass","INSP-3"
"QC-3141","2025-12-18 09:00:00","PROD-104","WO-10607","Dimensional Accuracy","Pass","INSP-5"
"QC-3142","2025-12-18 10:00:00","PROD-104","WO-10607","Visual Inspection","Pass","INSP-5"
"QC-3143","2025-12-18 11:00:00","PROD-104","WO-10607","Visual Inspection","Pass","INSP-3"
"QC-3144","2025-10-10 00:00:00","PROD-104","WO-10609","Visual Inspection","Fail","INSP-1"
"QC-3145","2025-10-10 01:00:00","PROD-104","WO-10609","Visual Inspection","Pass","INSP-3"
"QC-3146","2025-10-10 02:00:00","PROD-104","WO-10609","Dimensional Accuracy","Pass","INSP-1"
"QC-3147","2025-10-10 03:00:00","PROD-104","WO-10609","Functional Test","Pass","INSP-5"
"QC-3148","2025-10-10 04:00:00","PROD-104","WO-10609","Functional Test","Pass","INSP-1"
"QC-3149","2025-10-10 05:00:00","PROD-104","WO-10609","Dimensional Accuracy","Pass","INSP-5"
"QC-3150","2025-10-10 06:00:00","PROD-104","WO-10609","Dimensional Accuracy","Pass","INSP-3"
"QC-3151","2025-05-03 00:00:00","PROD-104","WO-10610","Visual Inspection","Pass","INSP-5"
"QC-3152","2025-05-03 01:00:00","PROD-104","WO-10610","Visual Inspection","Pass","INSP-2"
"QC-3153","2025-05-03 02:00:00","PROD-104","WO-10610","Functional Test","Pass","INSP-1"
"QC-3154","2025-05-03 03:00:00","PROD-104","WO-10610","Dimensional Accuracy","Pass","INSP-3"
"QC-3155","2025-05-03 04:00:00","PROD-104","WO-10610","Functional Test","Pass","INSP-5"
"QC-3156","2025-05-03 05:00:00","PROD-104","WO-10610","Visual Inspection","Pass","INSP-1"
"QC-3157","2025-05-03 06:00:00","PROD-104","WO-10610","Dimensional Accuracy","Pass","INSP-4"
"QC-3158","2025-05-03 07:00:00","PROD-104","WO-10610","Functional Test","Pass","INSP-4"
"QC-3159","2025-05-03 08:00:00","PROD-104","WO-10610","Functional Test","Pass","INSP-4"
"QC-3160","2025-05-03 09:00:00","PROD-104","WO-10610","Dimensional Accuracy","Pass","INSP-4"
"QC-3161","2025-05-03 10:00:00","PROD-104","WO-10610","Dimensional Accuracy","Pass","INSP-3"
"QC-3162","2025-05-03 11:00:00","PROD-104","WO-10610","Functional Test","Pass","INSP-1"
"QC-3163","2025-05-03 12:00:00","PROD-104","WO-10610","Functional Test","Pass","INSP-4"
"QC-3164","2025-05-03 13:00:00","PROD-104","WO-10610","Dimensional Accuracy","Pass","INSP-4"
"QC-3165","2025-05-03 14:00:00","PROD-104","WO-10610","Dimensional Accuracy","Pass","INSP-2"
"QC-3166","2025-05-03 15:00:00","PROD-104","WO-10610","Visual Inspection","Pass","INSP-5"
"QC-3167","2025-10-19 00:00:00","PROD-103","WO-10611","Visual Inspection","Pass","INSP-5"
"QC-3168","2025-10-19 01:00:00","PROD-103","WO-10611","Functional Test","Pass","INSP-1"
"QC-3169","2025-10-19 02:00:00","PROD-103","WO-10611","Visual Inspection","Pass","INSP-4"
"QC-3170","2026-01-25 00:00:00","PROD-101","WO-10612","Visual Inspection","Pass","INSP-4"
"QC-3171","2026-01-25 01:00:00","PROD-101","WO-10612","Functional Test","Pass","INSP-1"
"QC-3172","2026-01-25 02:00:00","PROD-101","WO-10612","Functional Test","Pass","INSP-5"
"QC-3173","2026-01-25 03:00:00","PROD-101","WO-10612","Visual Inspection","Pass","INSP-5"
"QC-3174","2026-01-25 04:00:00","PROD-101","WO-10612","Visual Inspection","Pass","INSP-1"
"QC-3175","2026-01-25 05:00:00","PROD-101","WO-10612","Dimensional Accuracy","Pass","INSP-4"
"QC-3176","2026-01-25 06:00:00","PROD-101","WO-10612","Visual Inspection","Pass","INSP-1"
"QC-3177","2026-01-25 07:00:00","PROD-101","WO-10612","Functional Test","Pass","INSP-3"
"QC-3178","2026-01-25 08:00:00","PROD-101","WO-10612","Functional Test","Pass","INSP-5"
"QC-3179","2026-01-25 09:00:00","PROD-101","WO-10612","Functional Test","Pass","INSP-1"
"QC-3180","2025-05-13 00:00:00","PROD-104","WO-10613","Dimensional Accuracy","Pass","INSP-5"
"QC-3181","2025-05-13 01:00:00","PROD-104","WO-10613","Visual Inspection","Fail","INSP-3"
"QC-3182","2025-05-13 02:00:00","PROD-104","WO-10613","Visual Inspection","Pass","INSP-4"
"QC-3183","2025-05-13 03:00:00","PROD-104","WO-10613","Functional Test","Pass","INSP-2"
"QC-3184","2025-05-13 04:00:00","PROD-104","WO-10613","Dimensional Accuracy","Pass","INSP-2"
"QC-3185","2025-05-13 05:00:00","PROD-104","WO-10613","Dimensional Accuracy","Pass","INSP-4"
"QC-3186","2025-05-13 06:00:00","PROD-104","WO-10613","Dimensional Accuracy","Pass","INSP-3"
"QC-3187","2025-05-13 07:00:00","PROD-104","WO-10613","Functional Test","Pass","INSP-5"
"QC-3188","2025-05-13 08:00:00","PROD-104","WO-10613","Dimensional Accuracy","Pass","INSP-3"
"QC-3189","2025-05-13 09:00:00","PROD-104","WO-10613","Visual Inspection","Pass","INSP-5"
"QC-3190","2026-01-11 00:00:00","PROD-104","WO-10614","Dimensional Accuracy","Pass","INSP-1"
"QC-3191","2026-01-11 01:00:00","PROD-104","WO-10614","Dimensional Accuracy","Pass","INSP-5"
"QC-3192","2026-01-11 02:00:00","PROD-104","WO-10614","Dimensional Accuracy","Pass","INSP-1"
"QC-3193","2026-01-11 03:00:00","PROD-104","WO-10614","Visual Inspection","Pass","INSP-5"
"QC-3194","2026-01-11 04:00:00","PROD-104","WO-10614","Functional Test","Pass","INSP-3"
"QC-3195","2026-01-11 05:00:00","PROD-104","WO-10614","Functional Test","Pass","INSP-2"
"QC-3196","2026-01-11 06:00:00","PROD-104","WO-10614","Dimensional Accuracy","Pass","INSP-4"
"QC-3197","2026-01-11 07:00:00","PROD-104","WO-10614","Functional Test","Pass","INSP-4"
"QC-3198","2026-01-11 08:00:00","PROD-104","WO-10614","Dimensional Accuracy","Pass","INSP-4"
"QC-3199","2026-01-11 09:00:00","PROD-104","WO-10614","Functional Test","Pass","INSP-5"
"QC-3200","2026-02-10 00:00:00","PROD-103","WO-10615","Visual Inspection","Pass","INSP-2"
"QC-3201","2026-02-10 01:00:00","PROD-103","WO-10615","Functional Test","Pass","INSP-3"
"QC-3202","2026-02-10 02:00:00","PROD-103","WO-10615","Functional Test","Pass","INSP-1"
"QC-3203","2026-02-10 03:00:00","PROD-103","WO-10615","Dimensional Accuracy","Pass","INSP-4"
"QC-3204","2026-02-10 04:00:00","PROD-103","WO-10615","Visual Inspection","Fail","INSP-2"
"QC-3205","2026-02-10 05:00:00","PROD-103","WO-10615","Visual Inspection","Pass","INSP-5"
"QC-3206","2026-02-10 06:00:00","PROD-103","WO-10615","Dimensional Accuracy","Pass","INSP-2"
"QC-3207","2025-07-05 00:00:00","PROD-101","WO-10616","Visual Inspection","Pass","INSP-2"
"QC-3208","2025-07-05 01:00:00","PROD-101","WO-10616","Functional Test","Pass","INSP-1"
"QC-3209","2025-07-05 02:00:00","PROD-101","WO-10616","Visual Inspection","Pass","INSP-4"
"QC-3210","2025-07-05 03:00:00","PROD-101","WO-10616","Visual Inspection","Pass","INSP-1"
"QC-3211","2025-05-06 00:00:00","PROD-104","WO-10617","Functional Test","Pass","INSP-2"
"QC-3212","2025-05-06 01:00:00","PROD-104","WO-10617","Dimensional Accuracy","Pass","INSP-3"
"QC-3213","2025-05-06 02:00:00","PROD-104","WO-10617","Dimensional Accuracy","Pass","INSP-3"
"QC-3214","2025-05-06 03:00:00","PROD-104","WO-10617","Dimensional Accuracy","Pass","INSP-1"
"QC-3215","2025-05-06 04:00:00","PROD-104","WO-10617","Dimensional Accuracy","Pass","INSP-2"
"QC-3216","2025-05-06 05:00:00","PROD-104","WO-10617","Visual Inspection","Pass","INSP-4"
"QC-3217","2025-05-06 06:00:00","PROD-104","WO-10617","Dimensional Accuracy","Pass","INSP-3"
"QC-3218","2025-05-06 07:00:00","PROD-104","WO-10617","Dimensional Accuracy","Fail","INSP-1"
"QC-3219","2025-05-06 08:00:00","PROD-104","WO-10617","Functional Test","Pass","INSP-1"
"QC-3220","2025-05-06 09:00:00","PROD-104","WO-10617","Visual Inspection","Pass","INSP-4"
"QC-3221","2025-08-19 00:00:00","PROD-101","WO-10619","Visual Inspection","Pass","INSP-4"
"QC-3222","2025-08-19 01:00:00","PROD-101","WO-10619","Dimensional Accuracy","Pass","INSP-1"
"QC-3223","2025-08-19 02:00:00","PROD-101","WO-10619","Functional Test","Pass","INSP-5"
"QC-3224","2025-08-19 03:00:00","PROD-101","WO-10619","Functional Test","Pass","INSP-1"
"QC-3225","2025-08-19 04:00:00","PROD-101","WO-10619","Dimensional Accuracy","Pass","INSP-4"
"QC-3226","2025-08-19 05:00:00","PROD-101","WO-10619","Visual Inspection","Pass","INSP-5"
"QC-3227","2025-08-19 06:00:00","PROD-101","WO-10619","Dimensional Accuracy","Pass","INSP-3"
"QC-3228","2025-08-19 07:00:00","PROD-101","WO-10619","Functional Test","Pass","INSP-3"
"QC-3229","2025-08-19 08:00:00","PROD-101","WO-10619","Visual Inspection","Pass","INSP-5"
"QC-3230","2025-08-19 09:00:00","PROD-101","WO-10619","Functional Test","Pass","INSP-1"
"QC-3231","2025-08-19 10:00:00","PROD-101","WO-10619","Dimensional Accuracy","Pass","INSP-3"
"QC-3232","2025-08-19 11:00:00","PROD-101","WO-10619","Dimensional Accuracy","Fail","INSP-2"
"QC-3233","2025-08-19 12:00:00","PROD-101","WO-10619","Dimensional Accuracy","Pass","INSP-2"
"QC-3234","2025-08-19 13:00:00","PROD-101","WO-10619","Functional Test","Pass","INSP-2"
"QC-3235","2025-08-19 14:00:00","PROD-101","WO-10619","Functional Test","Fail","INSP-5"
"QC-3236","2025-08-12 00:00:00","PROD-101","WO-10621","Visual Inspection","Pass","INSP-4"
"QC-3237","2025-08-12 01:00:00","PROD-101","WO-10621","Visual Inspection","Pass","INSP-1"
"QC-3238","2025-08-12 02:00:00","PROD-101","WO-10621","Dimensional Accuracy","Pass","INSP-4"
"QC-3239","2025-08-12 03:00:00","PROD-101","WO-10621","Visual Inspection","Pass","INSP-3"
"QC-3240","2025-08-12 04:00:00","PROD-101","WO-10621","Functional Test","Pass","INSP-4"
"QC-3241","2025-08-12 05:00:00","PROD-101","WO-10621","Functional Test","Pass","INSP-4"
"QC-3242","2025-08-12 06:00:00","PROD-101","WO-10621","Visual Inspection","Pass","INSP-4"
"QC-3243","2025-08-12 07:00:00","PROD-101","WO-10621","Functional Test","Pass","INSP-4"
"QC-3244","2025-10-17 00:00:00","PROD-101","WO-10622","Visual Inspection","Pass","INSP-2"
"QC-3245","2025-10-17 01:00:00","PROD-101","WO-10622","Functional Test","Pass","INSP-2"
"QC-3246","2025-10-17 02:00:00","PROD-101","WO-10622","Functional Test","Fail","INSP-1"
"QC-3247","2025-10-17 03:00:00","PROD-101","WO-10622","Visual Inspection","Pass","INSP-3"
"QC-3248","2025-11-18 00:00:00","PROD-102","WO-10623","Dimensional Accuracy","Pass","INSP-4"
"QC-3249","2025-11-18 01:00:00","PROD-102","WO-10623","Functional Test","Pass","INSP-3"
"QC-3250","2025-11-18 02:00:00","PROD-102","WO-10623","Functional Test","Pass","INSP-2"
"QC-3251","2025-11-18 03:00:00","PROD-102","WO-10623","Dimensional Accuracy","Pass","INSP-1"
"QC-3252","2025-11-18 04:00:00","PROD-102","WO-10623","Functional Test","Pass","INSP-1"
"QC-3253","2025-11-18 05:00:00","PROD-102","WO-10623","Functional Test","Pass","INSP-2"
"QC-3254","2025-11-18 06:00:00","PROD-102","WO-10623","Functional Test","Pass","INSP-5"
"QC-3255","2025-06-18 00:00:00","PROD-103","WO-10624","Visual Inspection","Pass","INSP-5"
"QC-3256","2025-06-18 01:00:00","PROD-103","WO-10624","Visual Inspection","Pass","INSP-1"
"QC-3257","2025-06-18 02:00:00","PROD-103","WO-10624","Visual Inspection","Pass","INSP-3"
"QC-3258","2025-06-18 03:00:00","PROD-103","WO-10624","Functional Test","Fail","INSP-2"
"QC-3259","2025-06-18 04:00:00","PROD-103","WO-10624","Functional Test","Pass","INSP-3"
"QC-3260","2025-06-18 05:00:00","PROD-103","WO-10624","Visual Inspection","Pass","INSP-1"
"QC-3261","2025-06-18 06:00:00","PROD-103","WO-10624","Dimensional Accuracy","Pass","INSP-2"
"QC-3262","2025-05-12 00:00:00","PROD-103","WO-10626","Dimensional Accuracy","Pass","INSP-2"
"QC-3263","2025-05-12 01:00:00","PROD-103","WO-10626","Visual Inspection","Pass","INSP-1"
"QC-3264","2025-05-12 02:00:00","PROD-103","WO-10626","Dimensional Accuracy","Pass","INSP-4"
"QC-3265","2025-05-12 03:00:00","PROD-103","WO-10626","Dimensional Accuracy","Pass","INSP-5"
"QC-3266","2026-03-04 00:00:00","PROD-102","WO-10627","Visual Inspection","Pass","INSP-5"
"QC-3267","2026-03-04 01:00:00","PROD-102","WO-10627","Visual Inspection","Pass","INSP-5"
"QC-3268","2026-03-04 02:00:00","PROD-102","WO-10627","Dimensional Accuracy","Pass","INSP-5"
"QC-3269","2026-03-04 03:00:00","PROD-102","WO-10627","Functional Test","Pass","INSP-4"
"QC-3270","2026-03-04 04:00:00","PROD-102","WO-10627","Visual Inspection","Pass","INSP-2"
"QC-3271","2026-03-04 05:00:00","PROD-102","WO-10627","Dimensional Accuracy","Fail","INSP-4"
"QC-3272","2026-03-04 06:00:00","PROD-102","WO-10627","Functional Test","Pass","INSP-4"
"QC-3273","2026-03-04 07:00:00","PROD-102","WO-10627","Visual Inspection","Pass","INSP-4"
"QC-3274","2026-03-04 08:00:00","PROD-102","WO-10627","Functional Test","Pass","INSP-1"
"QC-3275","2026-03-04 09:00:00","PROD-102","WO-10627","Dimensional Accuracy","Pass","INSP-3"
"QC-3276","2026-03-04 10:00:00","PROD-102","WO-10627","Functional Test","Pass","INSP-4"
"QC-3277","2026-03-04 11:00:00","PROD-102","WO-10627","Visual Inspection","Pass","INSP-5"
"QC-3278","2026-03-04 12:00:00","PROD-102","WO-10627","Dimensional Accuracy","Pass","INSP-2"
"QC-3279","2026-03-04 13:00:00","PROD-102","WO-10627","Dimensional Accuracy","Pass","INSP-3"
"QC-3280","2026-01-12 00:00:00","PROD-101","WO-10628","Functional Test","Pass","INSP-4"
"QC-3281","2026-01-12 01:00:00","PROD-101","WO-10628","Functional Test","Pass","INSP-3"
"QC-3282","2026-01-12 02:00:00","PROD-101","WO-10628","Dimensional Accuracy","Pass","INSP-2"
"QC-3283","2026-01-12 03:00:00","PROD-101","WO-10628","Dimensional Accuracy","Pass","INSP-1"
"QC-3284","2026-01-12 04:00:00","PROD-101","WO-10628","Dimensional Accuracy","Pass","INSP-4"
"QC-3285","2026-01-12 05:00:00","PROD-101","WO-10628","Functional Test","Pass","INSP-1"
"QC-3286","2026-01-12 06:00:00","PROD-101","WO-10628","Dimensional Accuracy","Pass","INSP-5"
"QC-3287","2026-01-12 07:00:00","PROD-101","WO-10628","Dimensional Accuracy","Pass","INSP-3"
"QC-3288","2026-01-12 08:00:00","PROD-101","WO-10628","Dimensional Accuracy","Pass","INSP-1"
"QC-3289","2026-01-12 09:00:00","PROD-101","WO-10628","Dimensional Accuracy","Pass","INSP-1"
"QC-3290","2026-01-12 10:00:00","PROD-101","WO-10628","Dimensional Accuracy","Pass","INSP-3"
"QC-3291","2026-01-12 11:00:00","PROD-101","WO-10628","Dimensional Accuracy","Pass","INSP-4"
"QC-3292","2026-01-12 12:00:00","PROD-101","WO-10628","Visual Inspection","Pass","INSP-3"
"QC-3293","2026-01-12 13:00:00","PROD-101","WO-10628","Dimensional Accuracy","Pass","INSP-2"
"QC-3294","2026-01-12 14:00:00","PROD-101","WO-10628","Visual Inspection","Pass","INSP-5"
"QC-3295","2026-01-12 15:00:00","PROD-101","WO-10628","Functional Test","Pass","INSP-1"
"QC-3296","2026-01-12 16:00:00","PROD-101","WO-10628","Visual Inspection","Pass","INSP-5"
"QC-3297","2026-01-12 17:00:00","PROD-101","WO-10628","Dimensional Accuracy","Pass","INSP-5"
"QC-3298","2026-01-12 18:00:00","PROD-101","WO-10628","Functional Test","Pass","INSP-3"
"QC-3299","2026-01-12 19:00:00","PROD-101","WO-10628","Visual Inspection","Pass","INSP-2"
"QC-3300","2025-10-31 00:00:00","PROD-103","WO-10630","Visual Inspection","Pass","INSP-2"
"QC-3301","2025-10-31 01:00:00","PROD-103","WO-10630","Visual Inspection","Pass","INSP-4"
"QC-3302","2025-10-31 02:00:00","PROD-103","WO-10630","Functional Test","Pass","INSP-3"
"QC-3303","2025-10-31 03:00:00","PROD-103","WO-10630","Functional Test","Pass","INSP-2"
"QC-3304","2025-10-31 04:00:00","PROD-103","WO-10630","Dimensional Accuracy","Pass","INSP-5"
"QC-3305","2025-10-31 05:00:00","PROD-103","WO-10630","Functional Test","Pass","INSP-2"
"QC-3306","2025-10-31 06:00:00","PROD-103","WO-10630","Visual Inspection","Pass","INSP-4"
"QC-3307","2025-11-10 00:00:00","PROD-104","WO-10631","Visual Inspection","Pass","INSP-1"
"QC-3308","2025-11-10 01:00:00","PROD-104","WO-10631","Functional Test","Pass","INSP-2"
"QC-3309","2025-11-10 02:00:00","PROD-104","WO-10631","Dimensional Accuracy","Fail","INSP-2"
"QC-3310","2025-11-10 03:00:00","PROD-104","WO-10631","Dimensional Accuracy","Pass","INSP-2"
"QC-3311","2025-11-10 04:00:00","PROD-104","WO-10631","Visual Inspection","Pass","INSP-2"
"QC-3312","2025-09-24 00:00:00","PROD-103","WO-10632","Functional Test","Pass","INSP-2"
"QC-3313","2025-09-24 01:00:00","PROD-103","WO-10632","Functional Test","Pass","INSP-2"
"QC-3314","2025-09-24 02:00:00","PROD-103","WO-10632","Functional Test","Pass","INSP-3"
"QC-3315","2025-09-24 03:00:00","PROD-103","WO-10632","Functional Test","Pass","INSP-5"
"QC-3316","2025-09-24 04:00:00","PROD-103","WO-10632","Dimensional Accuracy","Pass","INSP-5"
"QC-3317","2025-09-24 05:00:00","PROD-103","WO-10632","Functional Test","Pass","INSP-2"
"QC-3318","2025-09-24 06:00:00","PROD-103","WO-10632","Visual Inspection","Pass","INSP-3"
"QC-3319","2025-09-24 07:00:00","PROD-103","WO-10632","Visual Inspection","Pass","INSP-1"
"QC-3320","2026-01-04 00:00:00","PROD-103","WO-10634","Functional Test","Pass","INSP-2"
"QC-3321","2026-01-04 01:00:00","PROD-103","WO-10634","Visual Inspection","Pass","INSP-1"
"QC-3322","2026-01-04 02:00:00","PROD-103","WO-10634","Functional Test","Pass","INSP-5"
"QC-3323","2026-01-04 03:00:00","PROD-103","WO-10634","Visual Inspection","Pass","INSP-5"
"QC-3324","2026-01-04 04:00:00","PROD-103","WO-10634","Dimensional Accuracy","Fail","INSP-3"
"QC-3325","2026-01-04 05:00:00","PROD-103","WO-10634","Dimensional Accuracy","Pass","INSP-2"
"QC-3326","2026-01-04 06:00:00","PROD-103","WO-10634","Visual Inspection","Pass","INSP-3"
"QC-3327","2026-01-04 07:00:00","PROD-103","WO-10634","Functional Test","Pass","INSP-3"
"QC-3328","2026-01-04 08:00:00","PROD-103","WO-10634","Visual Inspection","Pass","INSP-1"
"QC-3329","2026-01-04 09:00:00","PROD-103","WO-10634","Visual Inspection","Pass","INSP-4"
"QC-3330","2025-11-03 00:00:00","PROD-101","WO-10637","Dimensional Accuracy","Fail","INSP-1"
"QC-3331","2025-11-03 01:00:00","PROD-101","WO-10637","Dimensional Accuracy","Pass","INSP-5"
"QC-3332","2025-11-03 02:00:00","PROD-101","WO-10637","Dimensional Accuracy","Pass","INSP-2"
"QC-3333","2026-02-08 00:00:00","PROD-101","WO-10638","Visual Inspection","Pass","INSP-5"
"QC-3334","2026-02-08 01:00:00","PROD-101","WO-10638","Functional Test","Pass","INSP-4"
"QC-3335","2026-02-08 02:00:00","PROD-101","WO-10638","Functional Test","Pass","INSP-5"
"QC-3336","2026-02-08 03:00:00","PROD-101","WO-10638","Dimensional Accuracy","Pass","INSP-2"
"QC-3337","2026-02-08 04:00:00","PROD-101","WO-10638","Dimensional Accuracy","Pass","INSP-3"
"QC-3338","2025-10-25 00:00:00","PROD-103","WO-10639","Functional Test","Pass","INSP-3"
"QC-3339","2025-10-25 01:00:00","PROD-103","WO-10639","Dimensional Accuracy","Pass","INSP-5"
"QC-3340","2025-10-25 02:00:00","PROD-103","WO-10639","Functional Test","Pass","INSP-3"
"QC-3341","2025-10-25 03:00:00","PROD-103","WO-10639","Functional Test","Pass","INSP-4"
"QC-3342","2025-10-25 04:00:00","PROD-103","WO-10639","Visual Inspection","Pass","INSP-2"
"QC-3343","2025-10-25 05:00:00","PROD-103","WO-10639","Functional Test","Pass","INSP-3"
"QC-3344","2025-10-25 06:00:00","PROD-103","WO-10639","Functional Test","Fail","INSP-4"
"QC-3345","2025-10-25 07:00:00","PROD-103","WO-10639","Functional Test","Pass","INSP-1"
"QC-3346","2025-08-29 00:00:00","PROD-103","WO-10641","Dimensional Accuracy","Pass","INSP-5"
"QC-3347","2025-08-29 01:00:00","PROD-103","WO-10641","Visual Inspection","Pass","INSP-1"
"QC-3348","2025-08-29 02:00:00","PROD-103","WO-10641","Dimensional Accuracy","Pass","INSP-1"
"QC-3349","2025-08-29 03:00:00","PROD-103","WO-10641","Visual Inspection","Pass","INSP-4"
"QC-3350","2025-08-29 04:00:00","PROD-103","WO-10641","Functional Test","Pass","INSP-1"
"QC-3351","2025-08-29 05:00:00","PROD-103","WO-10641","Dimensional Accuracy","Pass","INSP-4"
"QC-3352","2025-08-29 06:00:00","PROD-103","WO-10641","Visual Inspection","Pass","INSP-1"
"QC-3353","2025-08-29 07:00:00","PROD-103","WO-10641","Functional Test","Fail","INSP-3"
"QC-3354","2025-08-29 08:00:00","PROD-103","WO-10641","Functional Test","Pass","INSP-3"
"QC-3355","2025-08-29 09:00:00","PROD-103","WO-10641","Functional Test","Pass","INSP-2"
"QC-3356","2025-08-29 10:00:00","PROD-103","WO-10641","Visual Inspection","Pass","INSP-5"
"QC-3357","2025-08-29 11:00:00","PROD-103","WO-10641","Visual Inspection","Pass","INSP-4"
"QC-3358","2025-08-29 12:00:00","PROD-103","WO-10641","Dimensional Accuracy","Pass","INSP-2"
"QC-3359","2025-08-29 13:00:00","PROD-103","WO-10641","Functional Test","Pass","INSP-1"
"QC-3360","2025-08-29 14:00:00","PROD-103","WO-10641","Dimensional Accuracy","Pass","INSP-4"
"QC-3361","2025-09-13 00:00:00","PROD-101","WO-10646","Dimensional Accuracy","Pass","INSP-3"
"QC-3362","2025-09-13 01:00:00","PROD-101","WO-10646","Functional Test","Pass","INSP-2"
"QC-3363","2025-09-13 02:00:00","PROD-101","WO-10646","Functional Test","Pass","INSP-3"
"QC-3364","2025-09-13 03:00:00","PROD-101","WO-10646","Functional Test","Pass","INSP-2"
"QC-3365","2025-09-13 04:00:00","PROD-101","WO-10646","Dimensional Accuracy","Pass","INSP-5"
"QC-3366","2025-09-13 05:00:00","PROD-101","WO-10646","Dimensional Accuracy","Pass","INSP-1"
"QC-3367","2025-09-13 06:00:00","PROD-101","WO-10646","Functional Test","Pass","INSP-3"
"QC-3368","2025-09-13 07:00:00","PROD-101","WO-10646","Functional Test","Pass","INSP-3"
"QC-3369","2025-09-13 08:00:00","PROD-101","WO-10646","Dimensional Accuracy","Pass","INSP-1"
"QC-3370","2025-09-13 09:00:00","PROD-101","WO-10646","Dimensional Accuracy","Pass","INSP-4"
"QC-3371","2025-10-21 00:00:00","PROD-101","WO-10648","Dimensional Accuracy","Pass","INSP-3"
"QC-3372","2025-10-21 01:00:00","PROD-101","WO-10648","Visual Inspection","Pass","INSP-3"
"QC-3373","2025-10-21 02:00:00","PROD-101","WO-10648","Visual Inspection","Pass","INSP-3"
"QC-3374","2025-10-21 03:00:00","PROD-101","WO-10648","Dimensional Accuracy","Pass","INSP-2"
"QC-3375","2025-10-21 04:00:00","PROD-101","WO-10648","Visual Inspection","Pass","INSP-5"
"QC-3376","2025-10-21 05:00:00","PROD-101","WO-10648","Dimensional Accuracy","Pass","INSP-5"
"QC-3377","2025-10-21 06:00:00","PROD-101","WO-10648","Dimensional Accuracy","Pass","INSP-1"
"QC-3378","2025-10-21 07:00:00","PROD-101","WO-10648","Functional Test","Pass","INSP-4"
"QC-3379","2025-10-21 08:00:00","PROD-101","WO-10648","Visual Inspection","Pass","INSP-1"
"QC-3380","2025-10-21 09:00:00","PROD-101","WO-10648","Functional Test","Pass","INSP-2"
"QC-3381","2025-10-21 10:00:00","PROD-101","WO-10648","Functional Test","Pass","INSP-1"
"QC-3382","2025-10-21 11:00:00","PROD-101","WO-10648","Functional Test","Pass","INSP-5"
"QC-3383","2025-05-28 00:00:00","PROD-102","WO-10649","Visual Inspection","Pass","INSP-4"
"QC-3384","2025-05-28 01:00:00","PROD-102","WO-10649","Functional Test","Pass","INSP-5"
"QC-3385","2025-05-28 02:00:00","PROD-102","WO-10649","Visual Inspection","Pass","INSP-4"
"QC-3386","2025-05-28 03:00:00","PROD-102","WO-10649","Functional Test","Pass","INSP-5"
"QC-3387","2025-05-28 04:00:00","PROD-102","WO-10649","Functional Test","Pass","INSP-1"
"QC-3388","2025-05-28 05:00:00","PROD-102","WO-10649","Visual Inspection","Pass","INSP-5"
"QC-3389","2025-05-28 06:00:00","PROD-102","WO-10649","Functional Test","Pass","INSP-2"
"QC-3390","2025-05-28 07:00:00","PROD-102","WO-10649","Dimensional Accuracy","Pass","INSP-3"
"QC-3391","2025-05-28 08:00:00","PROD-102","WO-10649","Visual Inspection","Pass","INSP-5"
"QC-3392","2025-05-28 09:00:00","PROD-102","WO-10649","Visual Inspection","Pass","INSP-1"
"QC-3393","2025-05-28 10:00:00","PROD-102","WO-10649","Dimensional Accuracy","Pass","INSP-3"
"QC-3394","2025-05-28 11:00:00","PROD-102","WO-10649","Dimensional Accuracy","Pass","INSP-4"
"QC-3395","2025-05-28 12:00:00","PROD-102","WO-10649","Dimensional Accuracy","Pass","INSP-3"
"QC-3396","2025-05-28 13:00:00","PROD-102","WO-10649","Visual Inspection","Pass","INSP-1"
"QC-3397","2026-01-21 00:00:00","PROD-102","WO-10650","Dimensional Accuracy","Pass","INSP-4"
"QC-3398","2026-01-21 01:00:00","PROD-102","WO-10650","Dimensional Accuracy","Pass","INSP-4"
"QC-3399","2026-01-21 02:00:00","PROD-102","WO-10650","Functional Test","Pass","INSP-1"
"QC-3400","2026-01-21 03:00:00","PROD-102","WO-10650","Visual Inspection","Pass","INSP-5"
"QC-3401","2026-01-21 04:00:00","PROD-102","WO-10650","Dimensional Accuracy","Pass","INSP-2"
"QC-3402","2026-01-21 05:00:00","PROD-102","WO-10650","Visual Inspection","Pass","INSP-1"
"QC-3403","2026-01-21 06:00:00","PROD-102","WO-10650","Visual Inspection","Pass","INSP-3"
"QC-3404","2026-01-21 07:00:00","PROD-102","WO-10650","Dimensional Accuracy","Pass","INSP-4"
"QC-3405","2026-01-21 08:00:00","PROD-102","WO-10650","Functional Test","Pass","INSP-4"
"QC-3406","2026-01-21 09:00:00","PROD-102","WO-10650","Visual Inspection","Pass","INSP-3"
"QC-3407","2026-01-21 10:00:00","PROD-102","WO-10650","Functional Test","Pass","INSP-5"
"QC-3408","2026-01-21 11:00:00","PROD-102","WO-10650","Functional Test","Pass","INSP-4"
"QC-3409","2025-04-27 00:00:00","PROD-102","WO-10651","Functional Test","Pass","INSP-3"
"QC-3410","2025-04-27 01:00:00","PROD-102","WO-10651","Dimensional Accuracy","Pass","INSP-1"
"QC-3411","2025-04-27 02:00:00","PROD-102","WO-10651","Functional Test","Pass","INSP-2"
"QC-3412","2025-04-27 03:00:00","PROD-102","WO-10651","Dimensional Accuracy","Pass","INSP-5"
"QC-3413","2025-04-27 04:00:00","PROD-102","WO-10651","Visual Inspection","Pass","INSP-5"
"QC-3414","2025-04-27 05:00:00","PROD-102","WO-10651","Functional Test","Pass","INSP-1"
"QC-3415","2025-04-27 06:00:00","PROD-102","WO-10651","Visual Inspection","Pass","INSP-3"
"QC-3416","2025-04-27 07:00:00","PROD-102","WO-10651","Dimensional Accuracy","Pass","INSP-3"
"QC-3417","2025-04-27 08:00:00","PROD-102","WO-10651","Visual Inspection","Pass","INSP-4"
"QC-3418","2025-07-17 00:00:00","PROD-104","WO-10653","Dimensional Accuracy","Pass","INSP-4"
"QC-3419","2025-07-17 01:00:00","PROD-104","WO-10653","Functional Test","Pass","INSP-3"
"QC-3420","2025-07-17 02:00:00","PROD-104","WO-10653","Dimensional Accuracy","Pass","INSP-5"
"QC-3421","2025-07-17 03:00:00","PROD-104","WO-10653","Dimensional Accuracy","Pass","INSP-1"
"QC-3422","2025-07-17 04:00:00","PROD-104","WO-10653","Dimensional Accuracy","Pass","INSP-1"
"QC-3423","2025-07-17 05:00:00","PROD-104","WO-10653","Functional Test","Pass","INSP-4"
"QC-3424","2025-07-17 06:00:00","PROD-104","WO-10653","Visual Inspection","Pass","INSP-4"
"QC-3425","2025-07-17 07:00:00","PROD-104","WO-10653","Visual Inspection","Pass","INSP-3"
"QC-3426","2025-07-17 08:00:00","PROD-104","WO-10653","Functional Test","Pass","INSP-5"
"QC-3427","2025-05-02 00:00:00","PROD-104","WO-10654","Functional Test","Pass","INSP-4"
"QC-3428","2025-05-02 01:00:00","PROD-104","WO-10654","Visual Inspection","Fail","INSP-1"
"QC-3429","2025-05-02 02:00:00","PROD-104","WO-10654","Dimensional Accuracy","Pass","INSP-3"
"QC-3430","2025-05-02 03:00:00","PROD-104","WO-10654","Visual Inspection","Pass","INSP-4"
"QC-3431","2025-05-02 04:00:00","PROD-104","WO-10654","Dimensional Accuracy","Fail","INSP-3"
"QC-3432","2025-05-02 05:00:00","PROD-104","WO-10654","Visual Inspection","Pass","INSP-1"
"QC-3433","2025-05-02 06:00:00","PROD-104","WO-10654","Dimensional Accuracy","Fail","INSP-1"
"QC-3434","2025-05-02 07:00:00","PROD-104","WO-10654","Dimensional Accuracy","Pass","INSP-1"
"QC-3435","2025-05-02 08:00:00","PROD-104","WO-10654","Functional Test","Pass","INSP-5"
"QC-3436","2025-05-02 09:00:00","PROD-104","WO-10654","Dimensional Accuracy","Pass","INSP-2"
"QC-3437","2025-05-02 10:00:00","PROD-104","WO-10654","Functional Test","Pass","INSP-1"
"QC-3438","2025-05-02 11:00:00","PROD-104","WO-10654","Functional Test","Pass","INSP-1"
"QC-3439","2025-12-19 00:00:00","PROD-102","WO-10655","Dimensional Accuracy","Pass","INSP-2"
"QC-3440","2025-12-19 01:00:00","PROD-102","WO-10655","Visual Inspection","Fail","INSP-4"
"QC-3441","2025-12-19 02:00:00","PROD-102","WO-10655","Visual Inspection","Pass","INSP-5"
"QC-3442","2025-12-19 03:00:00","PROD-102","WO-10655","Functional Test","Pass","INSP-1"
"QC-3443","2025-12-19 04:00:00","PROD-102","WO-10655","Functional Test","Pass","INSP-1"
"QC-3444","2025-12-19 05:00:00","PROD-102","WO-10655","Dimensional Accuracy","Pass","INSP-3"
"QC-3445","2025-12-19 06:00:00","PROD-102","WO-10655","Dimensional Accuracy","Pass","INSP-4"
"QC-3446","2025-07-08 00:00:00","PROD-102","WO-10656","Functional Test","Pass","INSP-4"
"QC-3447","2025-07-08 01:00:00","PROD-102","WO-10656","Visual Inspection","Pass","INSP-5"
"QC-3448","2025-07-08 02:00:00","PROD-102","WO-10656","Visual Inspection","Pass","INSP-1"
"QC-3449","2025-07-08 03:00:00","PROD-102","WO-10656","Functional Test","Pass","INSP-4"
"QC-3450","2025-07-08 04:00:00","PROD-102","WO-10656","Functional Test","Pass","INSP-5"
"QC-3451","2025-07-08 05:00:00","PROD-102","WO-10656","Functional Test","Pass","INSP-3"
"QC-3452","2025-07-08 06:00:00","PROD-102","WO-10656","Dimensional Accuracy","Pass","INSP-4"
"QC-3453","2025-07-08 07:00:00","PROD-102","WO-10656","Functional Test","Fail","INSP-5"
"QC-3454","2025-07-08 08:00:00","PROD-102","WO-10656","Visual Inspection","Pass","INSP-5"
"QC-3455","2026-03-21 00:00:00","PROD-104","WO-10658","Visual Inspection","Pass","INSP-1"
"QC-3456","2026-03-21 01:00:00","PROD-104","WO-10658","Dimensional Accuracy","Pass","INSP-1"
"QC-3457","2026-03-21 02:00:00","PROD-104","WO-10658","Functional Test","Pass","INSP-5"
"QC-3458","2026-03-21 03:00:00","PROD-104","WO-10658","Functional Test","Fail","INSP-5"
"QC-3459","2026-03-21 04:00:00","PROD-104","WO-10658","Functional Test","Pass","INSP-3"
"QC-3460","2026-03-21 05:00:00","PROD-104","WO-10658","Dimensional Accuracy","Pass","INSP-2"
"QC-3461","2026-03-21 06:00:00","PROD-104","WO-10658","Functional Test","Pass","INSP-3"
"QC-3462","2025-04-03 00:00:00","PROD-104","WO-10659","Dimensional Accuracy","Pass","INSP-4"
"QC-3463","2025-04-03 01:00:00","PROD-104","WO-10659","Functional Test","Pass","INSP-5"
"QC-3464","2025-04-03 02:00:00","PROD-104","WO-10659","Functional Test","Pass","INSP-1"
"QC-3465","2025-04-03 03:00:00","PROD-104","WO-10659","Functional Test","Pass","INSP-3"
"QC-3466","2025-04-03 04:00:00","PROD-104","WO-10659","Functional Test","Pass","INSP-4"
"QC-3467","2025-04-03 05:00:00","PROD-104","WO-10659","Functional Test","Pass","INSP-4"
"QC-3468","2025-04-03 06:00:00","PROD-104","WO-10659","Visual Inspection","Pass","INSP-1"
"QC-3469","2025-04-03 07:00:00","PROD-104","WO-10659","Functional Test","Fail","INSP-5"
"QC-3470","2026-01-11 00:00:00","PROD-104","WO-10660","Visual Inspection","Pass","INSP-1"
"QC-3471","2026-01-11 01:00:00","PROD-104","WO-10660","Visual Inspection","Fail","INSP-4"
"QC-3472","2026-01-11 02:00:00","PROD-104","WO-10660","Dimensional Accuracy","Pass","INSP-4"
"QC-3473","2026-01-11 03:00:00","PROD-104","WO-10660","Functional Test","Pass","INSP-3"
"QC-3474","2026-01-11 04:00:00","PROD-104","WO-10660","Dimensional Accuracy","Pass","INSP-3"
"QC-3475","2026-01-11 05:00:00","PROD-104","WO-10660","Dimensional Accuracy","Pass","INSP-4"
"QC-3476","2026-01-11 06:00:00","PROD-104","WO-10660","Dimensional Accuracy","Pass","INSP-3"
"QC-3477","2026-01-11 07:00:00","PROD-104","WO-10660","Visual Inspection","Pass","INSP-4"
"QC-3478","2026-01-11 08:00:00","PROD-104","WO-10660","Visual Inspection","Pass","INSP-2"
"QC-3479","2026-01-11 09:00:00","PROD-104","WO-10660","Visual Inspection","Pass","INSP-1"
"QC-3480","2026-01-11 10:00:00","PROD-104","WO-10660","Visual Inspection","Pass","INSP-4"
"QC-3481","2026-01-11 11:00:00","PROD-104","WO-10660","Dimensional Accuracy","Pass","INSP-1"
"QC-3482","2025-12-27 00:00:00","PROD-102","WO-10661","Functional Test","Pass","INSP-2"
"QC-3483","2025-12-27 01:00:00","PROD-102","WO-10661","Visual Inspection","Pass","INSP-3"
"QC-3484","2025-12-27 02:00:00","PROD-102","WO-10661","Functional Test","Pass","INSP-5"
"QC-3485","2025-12-27 03:00:00","PROD-102","WO-10661","Dimensional Accuracy","Pass","INSP-5"
"QC-3486","2025-12-27 04:00:00","PROD-102","WO-10661","Visual Inspection","Pass","INSP-5"
"QC-3487","2025-12-27 05:00:00","PROD-102","WO-10661","Functional Test","Pass","INSP-1"
"QC-3488","2025-12-27 06:00:00","PROD-102","WO-10661","Functional Test","Pass","INSP-5"
"QC-3489","2025-12-27 07:00:00","PROD-102","WO-10661","Dimensional Accuracy","Pass","INSP-1"
"QC-3490","2025-12-27 08:00:00","PROD-102","WO-10661","Visual Inspection","Pass","INSP-3"
"QC-3491","2025-12-27 09:00:00","PROD-102","WO-10661","Dimensional Accuracy","Fail","INSP-4"
"QC-3492","2025-12-27 10:00:00","PROD-102","WO-10661","Visual Inspection","Pass","INSP-1"
"QC-3493","2025-12-27 11:00:00","PROD-102","WO-10661","Functional Test","Pass","INSP-1"
"QC-3494","2025-12-27 12:00:00","PROD-102","WO-10661","Functional Test","Pass","INSP-2"
"QC-3495","2025-12-27 13:00:00","PROD-102","WO-10661","Visual Inspection","Pass","INSP-4"
"QC-3496","2025-04-15 00:00:00","PROD-102","WO-10662","Dimensional Accuracy","Pass","INSP-5"
"QC-3497","2025-04-15 01:00:00","PROD-102","WO-10662","Dimensional Accuracy","Pass","INSP-5"
"QC-3498","2025-04-15 02:00:00","PROD-102","WO-10662","Functional Test","Pass","INSP-1"
"QC-3499","2025-04-15 03:00:00","PROD-102","WO-10662","Functional Test","Pass","INSP-3"
"QC-3500","2025-11-16 00:00:00","PROD-101","WO-10663","Visual Inspection","Pass","INSP-1"
"QC-3501","2025-11-16 01:00:00","PROD-101","WO-10663","Functional Test","Pass","INSP-5"
"QC-3502","2025-11-16 02:00:00","PROD-101","WO-10663","Visual Inspection","Pass","INSP-4"
"QC-3503","2025-11-16 03:00:00","PROD-101","WO-10663","Visual Inspection","Pass","INSP-3"
"QC-3504","2025-11-16 04:00:00","PROD-101","WO-10663","Visual Inspection","Fail","INSP-1"
"QC-3505","2026-03-24 00:00:00","PROD-104","WO-10665","Visual Inspection","Pass","INSP-4"
"QC-3506","2026-03-24 01:00:00","PROD-104","WO-10665","Functional Test","Pass","INSP-1"
"QC-3507","2026-03-24 02:00:00","PROD-104","WO-10665","Functional Test","Pass","INSP-2"
"QC-3508","2026-03-24 03:00:00","PROD-104","WO-10665","Dimensional Accuracy","Pass","INSP-5"
"QC-3509","2026-03-24 04:00:00","PROD-104","WO-10665","Functional Test","Pass","INSP-2"
"QC-3510","2026-03-24 05:00:00","PROD-104","WO-10665","Visual Inspection","Pass","INSP-3"
"QC-3511","2025-05-19 00:00:00","PROD-104","WO-10666","Dimensional Accuracy","Pass","INSP-4"
"QC-3512","2025-05-19 01:00:00","PROD-104","WO-10666","Visual Inspection","Pass","INSP-4"
"QC-3513","2025-05-19 02:00:00","PROD-104","WO-10666","Visual Inspection","Pass","INSP-3"
"QC-3514","2025-05-19 03:00:00","PROD-104","WO-10666","Visual Inspection","Pass","INSP-2"
"QC-3515","2025-05-19 04:00:00","PROD-104","WO-10666","Dimensional Accuracy","Pass","INSP-3"
"QC-3516","2025-05-19 05:00:00","PROD-104","WO-10666","Dimensional Accuracy","Fail","INSP-2"
"QC-3517","2025-05-19 06:00:00","PROD-104","WO-10666","Functional Test","Pass","INSP-2"
"QC-3518","2025-05-19 07:00:00","PROD-104","WO-10666","Visual Inspection","Pass","INSP-4"
"QC-3519","2025-05-19 08:00:00","PROD-104","WO-10666","Functional Test","Pass","INSP-1"
"QC-3520","2025-05-19 09:00:00","PROD-104","WO-10666","Dimensional Accuracy","Pass","INSP-4"
"QC-3521","2025-05-19 10:00:00","PROD-104","WO-10666","Functional Test","Pass","INSP-3"
"QC-3522","2025-05-19 11:00:00","PROD-104","WO-10666","Visual Inspection","Pass","INSP-3"
"QC-3523","2025-05-20 00:00:00","PROD-101","WO-10667","Dimensional Accuracy","Pass","INSP-4"
"QC-3524","2025-05-20 01:00:00","PROD-101","WO-10667","Functional Test","Pass","INSP-4"
"QC-3525","2025-05-20 02:00:00","PROD-101","WO-10667","Functional Test","Pass","INSP-5"
"QC-3526","2025-05-20 03:00:00","PROD-101","WO-10667","Functional Test","Pass","INSP-3"
"QC-3527","2025-05-20 04:00:00","PROD-101","WO-10667","Visual Inspection","Pass","INSP-4"
"QC-3528","2025-05-20 05:00:00","PROD-101","WO-10667","Dimensional Accuracy","Pass","INSP-2"
"QC-3529","2025-05-20 06:00:00","PROD-101","WO-10667","Visual Inspection","Pass","INSP-5"
"QC-3530","2025-05-20 07:00:00","PROD-101","WO-10667","Dimensional Accuracy","Pass","INSP-2"
"QC-3531","2025-05-20 08:00:00","PROD-101","WO-10667","Functional Test","Fail","INSP-4"
"QC-3532","2025-05-20 09:00:00","PROD-101","WO-10667","Visual Inspection","Pass","INSP-4"
"QC-3533","2025-05-20 10:00:00","PROD-101","WO-10667","Dimensional Accuracy","Pass","INSP-2"
"QC-3534","2025-05-20 11:00:00","PROD-101","WO-10667","Functional Test","Pass","INSP-5"
"QC-3535","2025-05-20 12:00:00","PROD-101","WO-10667","Dimensional Accuracy","Fail","INSP-3"
"QC-3536","2025-09-24 00:00:00","PROD-101","WO-10668","Dimensional Accuracy","Pass","INSP-4"
"QC-3537","2025-09-24 01:00:00","PROD-101","WO-10668","Functional Test","Pass","INSP-4"
"QC-3538","2025-09-24 02:00:00","PROD-101","WO-10668","Dimensional Accuracy","Pass","INSP-5"
"QC-3539","2025-09-24 03:00:00","PROD-101","WO-10668","Functional Test","Pass","INSP-4"
"QC-3540","2025-09-24 04:00:00","PROD-101","WO-10668","Functional Test","Pass","INSP-3"
"QC-3541","2025-09-24 05:00:00","PROD-101","WO-10668","Dimensional Accuracy","Pass","INSP-5"
"QC-3542","2025-09-24 06:00:00","PROD-101","WO-10668","Dimensional Accuracy","Pass","INSP-4"
"QC-3543","2025-09-11 00:00:00","PROD-102","WO-10670","Dimensional Accuracy","Pass","INSP-4"
"QC-3544","2025-09-11 01:00:00","PROD-102","WO-10670","Functional Test","Pass","INSP-3"
"QC-3545","2025-09-11 02:00:00","PROD-102","WO-10670","Functional Test","Pass","INSP-4"
"QC-3546","2025-09-11 03:00:00","PROD-102","WO-10670","Visual Inspection","Pass","INSP-2"
"QC-3547","2025-09-11 04:00:00","PROD-102","WO-10670","Functional Test","Pass","INSP-5"
"QC-3548","2025-09-11 05:00:00","PROD-102","WO-10670","Visual Inspection","Pass","INSP-3"
"QC-3549","2025-09-11 06:00:00","PROD-102","WO-10670","Visual Inspection","Pass","INSP-3"
"QC-3550","2025-09-11 07:00:00","PROD-102","WO-10670","Visual Inspection","Pass","INSP-5"
"QC-3551","2025-09-11 08:00:00","PROD-102","WO-10670","Functional Test","Pass","INSP-2"
"QC-3552","2025-09-11 09:00:00","PROD-102","WO-10670","Dimensional Accuracy","Pass","INSP-5"
"QC-3553","2025-09-11 10:00:00","PROD-102","WO-10670","Visual Inspection","Pass","INSP-1"
"QC-3554","2025-09-11 11:00:00","PROD-102","WO-10670","Visual Inspection","Pass","INSP-3"
"QC-3555","2025-09-11 12:00:00","PROD-102","WO-10670","Dimensional Accuracy","Pass","INSP-3"
"QC-3556","2025-09-11 13:00:00","PROD-102","WO-10670","Functional Test","Pass","INSP-5"
"QC-3557","2025-09-11 14:00:00","PROD-102","WO-10670","Dimensional Accuracy","Pass","INSP-3"
"QC-3558","2025-09-11 15:00:00","PROD-102","WO-10670","Functional Test","Fail","INSP-5"
"QC-3559","2025-09-11 16:00:00","PROD-102","WO-10670","Visual Inspection","Pass","INSP-4"
"QC-3560","2025-09-11 17:00:00","PROD-102","WO-10670","Visual Inspection","Pass","INSP-2"
"QC-3561","2026-02-11 00:00:00","PROD-101","WO-10671","Functional Test","Pass","INSP-5"
"QC-3562","2026-02-11 01:00:00","PROD-101","WO-10671","Visual Inspection","Pass","INSP-3"
"QC-3563","2026-02-11 02:00:00","PROD-101","WO-10671","Functional Test","Pass","INSP-3"
"QC-3564","2026-02-11 03:00:00","PROD-101","WO-10671","Functional Test","Pass","INSP-1"
"QC-3565","2026-02-11 04:00:00","PROD-101","WO-10671","Functional Test","Pass","INSP-5"
"QC-3566","2026-02-11 05:00:00","PROD-101","WO-10671","Visual Inspection","Pass","INSP-5"
"QC-3567","2026-02-11 06:00:00","PROD-101","WO-10671","Functional Test","Pass","INSP-2"
"QC-3568","2026-02-17 00:00:00","PROD-101","WO-10672","Functional Test","Pass","INSP-5"
"QC-3569","2026-02-17 01:00:00","PROD-101","WO-10672","Visual Inspection","Pass","INSP-4"
"QC-3570","2026-02-17 02:00:00","PROD-101","WO-10672","Functional Test","Pass","INSP-2"
"QC-3571","2025-09-02 00:00:00","PROD-102","WO-10673","Functional Test","Pass","INSP-3"
"QC-3572","2025-09-02 01:00:00","PROD-102","WO-10673","Dimensional Accuracy","Pass","INSP-3"
"QC-3573","2025-09-02 02:00:00","PROD-102","WO-10673","Dimensional Accuracy","Pass","INSP-1"
"QC-3574","2025-09-02 03:00:00","PROD-102","WO-10673","Functional Test","Pass","INSP-5"
"QC-3575","2025-09-02 04:00:00","PROD-102","WO-10673","Dimensional Accuracy","Pass","INSP-3"
"QC-3576","2025-09-02 05:00:00","PROD-102","WO-10673","Functional Test","Pass","INSP-5"
"QC-3577","2025-09-02 06:00:00","PROD-102","WO-10673","Visual Inspection","Pass","INSP-3"
"QC-3578","2025-09-02 07:00:00","PROD-102","WO-10673","Visual Inspection","Pass","INSP-3"
"QC-3579","2025-09-02 08:00:00","PROD-102","WO-10673","Dimensional Accuracy","Pass","INSP-5"
"QC-3580","2025-09-02 09:00:00","PROD-102","WO-10673","Dimensional Accuracy","Pass","INSP-1"
"QC-3581","2025-09-02 10:00:00","PROD-102","WO-10673","Functional Test","Pass","INSP-1"
"QC-3582","2025-09-02 11:00:00","PROD-102","WO-10673","Functional Test","Pass","INSP-2"
"QC-3583","2025-09-02 12:00:00","PROD-102","WO-10673","Visual Inspection","Pass","INSP-4"
"QC-3584","2025-09-02 13:00:00","PROD-102","WO-10673","Visual Inspection","Pass","INSP-5"
"QC-3585","2026-03-02 00:00:00","PROD-104","WO-10674","Functional Test","Pass","INSP-3"
"QC-3586","2026-03-02 01:00:00","PROD-104","WO-10674","Functional Test","Pass","INSP-1"
"QC-3587","2026-03-02 02:00:00","PROD-104","WO-10674","Dimensional Accuracy","Pass","INSP-5"
"QC-3588","2026-03-02 03:00:00","PROD-104","WO-10674","Dimensional Accuracy","Pass","INSP-4"
"QC-3589","2026-03-02 04:00:00","PROD-104","WO-10674","Functional Test","Pass","INSP-4"
"QC-3590","2026-03-02 05:00:00","PROD-104","WO-10674","Dimensional Accuracy","Pass","INSP-2"
"QC-3591","2026-03-02 06:00:00","PROD-104","WO-10674","Dimensional Accuracy","Pass","INSP-2"
"QC-3592","2026-02-19 00:00:00","PROD-103","WO-10675","Visual Inspection","Fail","INSP-2"
"QC-3593","2026-02-19 01:00:00","PROD-103","WO-10675","Functional Test","Pass","INSP-4"
"QC-3594","2026-02-19 02:00:00","PROD-103","WO-10675","Visual Inspection","Pass","INSP-3"
"QC-3595","2026-02-19 03:00:00","PROD-103","WO-10675","Visual Inspection","Pass","INSP-2"
"QC-3596","2026-02-19 04:00:00","PROD-103","WO-10675","Dimensional Accuracy","Pass","INSP-1"
"QC-3597","2026-02-19 05:00:00","PROD-103","WO-10675","Dimensional Accuracy","Pass","INSP-1"
"QC-3598","2026-02-19 06:00:00","PROD-103","WO-10675","Visual Inspection","Pass","INSP-1"
"QC-3599","2026-02-19 07:00:00","PROD-103","WO-10675","Dimensional Accuracy","Pass","INSP-4"
"QC-3600","2026-02-19 08:00:00","PROD-103","WO-10675","Functional Test","Pass","INSP-1"
"QC-3601","2026-02-19 09:00:00","PROD-103","WO-10675","Dimensional Accuracy","Pass","INSP-2"
"QC-3602","2025-07-12 00:00:00","PROD-104","WO-10676","Visual Inspection","Pass","INSP-1"
"QC-3603","2025-07-12 01:00:00","PROD-104","WO-10676","Dimensional Accuracy","Pass","INSP-3"
"QC-3604","2025-07-12 02:00:00","PROD-104","WO-10676","Functional Test","Pass","INSP-5"
"QC-3605","2025-07-12 03:00:00","PROD-104","WO-10676","Functional Test","Pass","INSP-4"
"QC-3606","2025-07-12 04:00:00","PROD-104","WO-10676","Functional Test","Pass","INSP-4"
"QC-3607","2025-07-12 05:00:00","PROD-104","WO-10676","Visual Inspection","Pass","INSP-2"
"QC-3608","2025-07-12 06:00:00","PROD-104","WO-10676","Dimensional Accuracy","Pass","INSP-3"
"QC-3609","2025-07-12 07:00:00","PROD-104","WO-10676","Functional Test","Pass","INSP-2"
"QC-3610","2025-07-12 08:00:00","PROD-104","WO-10676","Dimensional Accuracy","Pass","INSP-3"
"QC-3611","2025-07-12 09:00:00","PROD-104","WO-10676","Dimensional Accuracy","Pass","INSP-1"
"QC-3612","2025-07-12 10:00:00","PROD-104","WO-10676","Dimensional Accuracy","Pass","INSP-3"
"QC-3613","2025-07-12 11:00:00","PROD-104","WO-10676","Functional Test","Pass","INSP-5"
"QC-3614","2025-07-12 12:00:00","PROD-104","WO-10676","Dimensional Accuracy","Pass","INSP-1"
"QC-3615","2025-07-12 13:00:00","PROD-104","WO-10676","Functional Test","Pass","INSP-5"
"QC-3616","2025-07-12 14:00:00","PROD-104","WO-10676","Functional Test","Pass","INSP-5"
"QC-3617","2025-10-21 00:00:00","PROD-101","WO-10678","Functional Test","Pass","INSP-4"
"QC-3618","2025-10-21 01:00:00","PROD-101","WO-10678","Functional Test","Pass","INSP-3"
"QC-3619","2025-10-21 02:00:00","PROD-101","WO-10678","Functional Test","Pass","INSP-3"
"QC-3620","2025-10-21 03:00:00","PROD-101","WO-10678","Visual Inspection","Pass","INSP-2"
"QC-3621","2025-10-21 04:00:00","PROD-101","WO-10678","Dimensional Accuracy","Pass","INSP-3"
"QC-3622","2025-10-21 05:00:00","PROD-101","WO-10678","Visual Inspection","Pass","INSP-3"
"QC-3623","2025-10-21 06:00:00","PROD-101","WO-10678","Functional Test","Pass","INSP-1"
"QC-3624","2025-10-21 07:00:00","PROD-101","WO-10678","Functional Test","Pass","INSP-5"
"QC-3625","2025-10-21 08:00:00","PROD-101","WO-10678","Dimensional Accuracy","Pass","INSP-3"
"QC-3626","2025-10-21 09:00:00","PROD-101","WO-10678","Dimensional Accuracy","Pass","INSP-2"
"QC-3627","2025-10-21 10:00:00","PROD-101","WO-10678","Functional Test","Pass","INSP-3"
"QC-3628","2025-10-21 11:00:00","PROD-101","WO-10678","Visual Inspection","Pass","INSP-1"
"QC-3629","2026-02-20 00:00:00","PROD-102","WO-10679","Functional Test","Pass","INSP-1"
"QC-3630","2026-02-20 01:00:00","PROD-102","WO-10679","Visual Inspection","Pass","INSP-1"
"QC-3631","2026-02-20 02:00:00","PROD-102","WO-10679","Visual Inspection","Pass","INSP-4"
"QC-3632","2026-02-20 03:00:00","PROD-102","WO-10679","Dimensional Accuracy","Pass","INSP-1"
"QC-3633","2026-02-20 04:00:00","PROD-102","WO-10679","Visual Inspection","Pass","INSP-3"
"QC-3634","2026-02-20 05:00:00","PROD-102","WO-10679","Functional Test","Pass","INSP-5"
"QC-3635","2026-02-20 06:00:00","PROD-102","WO-10679","Dimensional Accuracy","Pass","INSP-1"
"QC-3636","2026-02-20 07:00:00","PROD-102","WO-10679","Functional Test","Pass","INSP-5"
"QC-3637","2026-02-20 08:00:00","PROD-102","WO-10679","Visual Inspection","Pass","INSP-2"
"QC-3638","2026-02-20 09:00:00","PROD-102","WO-10679","Dimensional Accuracy","Pass","INSP-4"
"QC-3639","2026-02-20 10:00:00","PROD-102","WO-10679","Dimensional Accuracy","Pass","INSP-1"
"QC-3640","2026-02-20 11:00:00","PROD-102","WO-10679","Dimensional Accuracy","Pass","INSP-5"
"QC-3641","2026-02-20 12:00:00","PROD-102","WO-10679","Dimensional Accuracy","Pass","INSP-3"
"QC-3642","2025-09-30 00:00:00","PROD-104","WO-10681","Dimensional Accuracy","Pass","INSP-5"
"QC-3643","2025-09-30 01:00:00","PROD-104","WO-10681","Functional Test","Pass","INSP-1"
"QC-3644","2025-09-30 02:00:00","PROD-104","WO-10681","Visual Inspection","Fail","INSP-4"
"QC-3645","2026-01-12 00:00:00","PROD-102","WO-10682","Dimensional Accuracy","Pass","INSP-4"
"QC-3646","2026-01-12 01:00:00","PROD-102","WO-10682","Dimensional Accuracy","Pass","INSP-3"
"QC-3647","2025-11-30 00:00:00","PROD-103","WO-10683","Visual Inspection","Pass","INSP-2"
"QC-3648","2025-11-30 01:00:00","PROD-103","WO-10683","Functional Test","Pass","INSP-3"
"QC-3649","2025-11-30 02:00:00","PROD-103","WO-10683","Functional Test","Pass","INSP-1"
"QC-3650","2025-11-30 03:00:00","PROD-103","WO-10683","Functional Test","Pass","INSP-2"
"QC-3651","2025-11-30 04:00:00","PROD-103","WO-10683","Visual Inspection","Pass","INSP-5"
"QC-3652","2025-11-30 05:00:00","PROD-103","WO-10683","Visual Inspection","Pass","INSP-4"
"QC-3653","2025-11-30 06:00:00","PROD-103","WO-10683","Dimensional Accuracy","Pass","INSP-2"
"QC-3654","2025-11-30 07:00:00","PROD-103","WO-10683","Functional Test","Pass","INSP-4"
"QC-3655","2025-11-30 08:00:00","PROD-103","WO-10683","Functional Test","Pass","INSP-1"
"QC-3656","2025-11-30 09:00:00","PROD-103","WO-10683","Visual Inspection","Pass","INSP-5"
"QC-3657","2025-09-30 00:00:00","PROD-103","WO-10684","Dimensional Accuracy","Pass","INSP-2"
"QC-3658","2025-09-30 01:00:00","PROD-103","WO-10684","Functional Test","Pass","INSP-5"
"QC-3659","2025-09-30 02:00:00","PROD-103","WO-10684","Functional Test","Pass","INSP-5"
"QC-3660","2025-09-30 03:00:00","PROD-103","WO-10684","Functional Test","Pass","INSP-2"
"QC-3661","2025-09-30 04:00:00","PROD-103","WO-10684","Visual Inspection","Pass","INSP-2"
"QC-3662","2025-09-30 05:00:00","PROD-103","WO-10684","Visual Inspection","Pass","INSP-1"
"QC-3663","2025-09-30 06:00:00","PROD-103","WO-10684","Functional Test","Pass","INSP-2"
"QC-3664","2025-10-19 00:00:00","PROD-104","WO-10685","Visual Inspection","Pass","INSP-5"
"QC-3665","2025-10-19 01:00:00","PROD-104","WO-10685","Visual Inspection","Pass","INSP-1"
"QC-3666","2025-10-19 02:00:00","PROD-104","WO-10685","Dimensional Accuracy","Pass","INSP-2"
"QC-3667","2025-10-19 03:00:00","PROD-104","WO-10685","Visual Inspection","Pass","INSP-1"
"QC-3668","2025-05-27 00:00:00","PROD-102","WO-10686","Dimensional Accuracy","Pass","INSP-4"
"QC-3669","2025-05-27 01:00:00","PROD-102","WO-10686","Dimensional Accuracy","Pass","INSP-1"
"QC-3670","2025-05-27 02:00:00","PROD-102","WO-10686","Functional Test","Pass","INSP-5"
"QC-3671","2025-05-27 03:00:00","PROD-102","WO-10686","Functional Test","Pass","INSP-4"
"QC-3672","2025-05-27 04:00:00","PROD-102","WO-10686","Functional Test","Pass","INSP-4"
"QC-3673","2025-05-27 05:00:00","PROD-102","WO-10686","Visual Inspection","Pass","INSP-2"
"QC-3674","2025-05-27 06:00:00","PROD-102","WO-10686","Functional Test","Pass","INSP-3"
"QC-3675","2025-05-27 07:00:00","PROD-102","WO-10686","Functional Test","Pass","INSP-1"
"QC-3676","2025-05-27 08:00:00","PROD-102","WO-10686","Visual Inspection","Pass","INSP-4"
"QC-3677","2025-05-27 09:00:00","PROD-102","WO-10686","Visual Inspection","Pass","INSP-1"
"QC-3678","2025-11-12 00:00:00","PROD-103","WO-10687","Visual Inspection","Pass","INSP-3"
"QC-3679","2025-11-12 01:00:00","PROD-103","WO-10687","Visual Inspection","Pass","INSP-5"
"QC-3680","2025-11-12 02:00:00","PROD-103","WO-10687","Visual Inspection","Pass","INSP-4"
"QC-3681","2025-11-12 03:00:00","PROD-103","WO-10687","Dimensional Accuracy","Pass","INSP-4"
"QC-3682","2025-11-12 04:00:00","PROD-103","WO-10687","Visual Inspection","Pass","INSP-2"
"QC-3683","2025-11-12 05:00:00","PROD-103","WO-10687","Dimensional Accuracy","Pass","INSP-5"
"QC-3684","2025-11-12 06:00:00","PROD-103","WO-10687","Dimensional Accuracy","Pass","INSP-2"
"QC-3685","2025-11-12 07:00:00","PROD-103","WO-10687","Visual Inspection","Pass","INSP-2"
"QC-3686","2025-11-12 08:00:00","PROD-103","WO-10687","Dimensional Accuracy","Pass","INSP-5"
"QC-3687","2025-11-12 09:00:00","PROD-103","WO-10687","Functional Test","Pass","INSP-4"
"QC-3688","2025-11-12 10:00:00","PROD-103","WO-10687","Visual Inspection","Pass","INSP-4"
"QC-3689","2025-11-12 11:00:00","PROD-103","WO-10687","Functional Test","Pass","INSP-5"
"QC-3690","2025-11-12 00:00:00","PROD-104","WO-10688","Functional Test","Fail","INSP-5"
"QC-3691","2025-11-12 01:00:00","PROD-104","WO-10688","Functional Test","Pass","INSP-5"
"QC-3692","2025-11-12 02:00:00","PROD-104","WO-10688","Visual Inspection","Pass","INSP-5"
"QC-3693","2025-11-12 03:00:00","PROD-104","WO-10688","Visual Inspection","Pass","INSP-5"
"QC-3694","2025-11-12 04:00:00","PROD-104","WO-10688","Dimensional Accuracy","Fail","INSP-2"
"QC-3695","2025-11-12 05:00:00","PROD-104","WO-10688","Visual Inspection","Pass","INSP-3"
"QC-3696","2025-11-12 06:00:00","PROD-104","WO-10688","Dimensional Accuracy","Pass","INSP-1"
"QC-3697","2025-11-12 07:00:00","PROD-104","WO-10688","Visual Inspection","Pass","INSP-4"
"QC-3698","2025-11-12 08:00:00","PROD-104","WO-10688","Visual Inspection","Pass","INSP-3"
"QC-3699","2025-11-12 09:00:00","PROD-104","WO-10688","Visual Inspection","Pass","INSP-4"
"QC-3700","2025-11-12 10:00:00","PROD-104","WO-10688","Dimensional Accuracy","Pass","INSP-1"
"QC-3701","2025-06-30 00:00:00","PROD-101","WO-10690","Visual Inspection","Fail","INSP-1"
"QC-3702","2025-06-30 01:00:00","PROD-101","WO-10690","Dimensional Accuracy","Pass","INSP-3"
"QC-3703","2025-06-30 02:00:00","PROD-101","WO-10690","Visual Inspection","Pass","INSP-3"
"QC-3704","2025-06-30 03:00:00","PROD-101","WO-10690","Dimensional Accuracy","Pass","INSP-1"
"QC-3705","2025-12-16 00:00:00","PROD-101","WO-10692","Functional Test","Pass","INSP-5"
"QC-3706","2025-12-16 01:00:00","PROD-101","WO-10692","Visual Inspection","Pass","INSP-3"
"QC-3707","2025-12-16 02:00:00","PROD-101","WO-10692","Functional Test","Pass","INSP-3"
"QC-3708","2025-12-16 03:00:00","PROD-101","WO-10692","Functional Test","Pass","INSP-3"
"QC-3709","2025-12-16 04:00:00","PROD-101","WO-10692","Dimensional Accuracy","Pass","INSP-4"
"QC-3710","2025-12-16 05:00:00","PROD-101","WO-10692","Dimensional Accuracy","Pass","INSP-4"
"QC-3711","2025-12-16 06:00:00","PROD-101","WO-10692","Functional Test","Pass","INSP-5"
"QC-3712","2025-12-16 07:00:00","PROD-101","WO-10692","Functional Test","Pass","INSP-4"
"QC-3713","2025-12-16 08:00:00","PROD-101","WO-10692","Visual Inspection","Pass","INSP-5"
"QC-3714","2025-12-16 09:00:00","PROD-101","WO-10692","Visual Inspection","Pass","INSP-2"
"QC-3715","2025-12-11 00:00:00","PROD-102","WO-10693","Dimensional Accuracy","Pass","INSP-2"
"QC-3716","2025-12-11 01:00:00","PROD-102","WO-10693","Dimensional Accuracy","Pass","INSP-5"
"QC-3717","2025-12-11 02:00:00","PROD-102","WO-10693","Dimensional Accuracy","Pass","INSP-5"
"QC-3718","2025-12-11 03:00:00","PROD-102","WO-10693","Visual Inspection","Pass","INSP-5"
"QC-3719","2025-12-11 04:00:00","PROD-102","WO-10693","Functional Test","Pass","INSP-3"
"QC-3720","2025-12-11 05:00:00","PROD-102","WO-10693","Dimensional Accuracy","Pass","INSP-5"
"QC-3721","2025-12-11 06:00:00","PROD-102","WO-10693","Functional Test","Fail","INSP-4"
"QC-3722","2025-12-11 07:00:00","PROD-102","WO-10693","Visual Inspection","Pass","INSP-3"
"QC-3723","2025-12-11 08:00:00","PROD-102","WO-10693","Visual Inspection","Pass","INSP-5"
"QC-3724","2025-12-11 09:00:00","PROD-102","WO-10693","Visual Inspection","Pass","INSP-5"
"QC-3725","2025-12-11 10:00:00","PROD-102","WO-10693","Dimensional Accuracy","Pass","INSP-3"
"QC-3726","2025-12-11 11:00:00","PROD-102","WO-10693","Functional Test","Pass","INSP-2"
"QC-3727","2025-12-11 12:00:00","PROD-102","WO-10693","Functional Test","Pass","INSP-1"
"QC-3728","2025-12-11 13:00:00","PROD-102","WO-10693","Visual Inspection","Pass","INSP-1"
"QC-3729","2025-12-11 14:00:00","PROD-102","WO-10693","Dimensional Accuracy","Pass","INSP-3"
"QC-3730","2025-12-11 15:00:00","PROD-102","WO-10693","Visual Inspection","Pass","INSP-5"
"QC-3731","2025-12-11 16:00:00","PROD-102","WO-10693","Dimensional Accuracy","Pass","INSP-1"
"QC-3732","2025-12-11 17:00:00","PROD-102","WO-10693","Functional Test","Pass","INSP-3"
"QC-3733","2025-09-23 00:00:00","PROD-101","WO-10694","Functional Test","Pass","INSP-4"
"QC-3734","2025-09-23 01:00:00","PROD-101","WO-10694","Dimensional Accuracy","Pass","INSP-4"
"QC-3735","2025-09-23 02:00:00","PROD-101","WO-10694","Dimensional Accuracy","Pass","INSP-4"
"QC-3736","2025-09-23 03:00:00","PROD-101","WO-10694","Visual Inspection","Pass","INSP-4"
"QC-3737","2025-09-23 04:00:00","PROD-101","WO-10694","Dimensional Accuracy","Fail","INSP-1"
"QC-3738","2025-09-23 05:00:00","PROD-101","WO-10694","Functional Test","Pass","INSP-3"
"QC-3739","2025-09-23 06:00:00","PROD-101","WO-10694","Visual Inspection","Pass","INSP-4"
"QC-3740","2025-09-23 07:00:00","PROD-101","WO-10694","Functional Test","Pass","INSP-3"
"QC-3741","2025-09-23 08:00:00","PROD-101","WO-10694","Functional Test","Pass","INSP-1"
"QC-3742","2025-09-23 09:00:00","PROD-101","WO-10694","Dimensional Accuracy","Pass","INSP-2"
"QC-3743","2026-01-31 00:00:00","PROD-101","WO-10695","Functional Test","Pass","INSP-3"
"QC-3744","2026-01-31 01:00:00","PROD-101","WO-10695","Dimensional Accuracy","Pass","INSP-4"
"QC-3745","2026-01-31 02:00:00","PROD-101","WO-10695","Dimensional Accuracy","Pass","INSP-2"
"QC-3746","2026-01-31 03:00:00","PROD-101","WO-10695","Dimensional Accuracy","Pass","INSP-5"
"QC-3747","2026-01-31 04:00:00","PROD-101","WO-10695","Dimensional Accuracy","Pass","INSP-3"
"QC-3748","2026-01-31 05:00:00","PROD-101","WO-10695","Visual Inspection","Pass","INSP-5"
"QC-3749","2026-01-31 06:00:00","PROD-101","WO-10695","Dimensional Accuracy","Pass","INSP-4"
"QC-3750","2026-01-31 07:00:00","PROD-101","WO-10695","Visual Inspection","Pass","INSP-2"
"QC-3751","2026-01-31 08:00:00","PROD-101","WO-10695","Functional Test","Pass","INSP-1"
"QC-3752","2026-01-31 09:00:00","PROD-101","WO-10695","Visual Inspection","Pass","INSP-4"
"QC-3753","2026-01-31 10:00:00","PROD-101","WO-10695","Dimensional Accuracy","Pass","INSP-5"
"QC-3754","2026-01-31 11:00:00","PROD-101","WO-10695","Functional Test","Pass","INSP-3"
"QC-3755","2025-12-20 00:00:00","PROD-102","WO-10699","Dimensional Accuracy","Pass","INSP-3"
"QC-3756","2025-12-20 01:00:00","PROD-102","WO-10699","Dimensional Accuracy","Pass","INSP-3"
"QC-3757","2025-12-20 02:00:00","PROD-102","WO-10699","Dimensional Accuracy","Pass","INSP-5"
"QC-3758","2025-12-20 03:00:00","PROD-102","WO-10699","Visual Inspection","Pass","INSP-1"
"QC-3759","2026-03-12 00:00:00","PROD-104","WO-10700","Dimensional Accuracy","Pass","INSP-4"
"QC-3760","2026-03-12 01:00:00","PROD-104","WO-10700","Visual Inspection","Pass","INSP-5"
"QC-3761","2026-03-12 02:00:00","PROD-104","WO-10700","Functional Test","Fail","INSP-1"
"QC-3762","2026-03-12 03:00:00","PROD-104","WO-10700","Visual Inspection","Pass","INSP-3"
"QC-3763","2026-03-12 04:00:00","PROD-104","WO-10700","Functional Test","Pass","INSP-4"
"QC-3764","2026-03-12 05:00:00","PROD-104","WO-10700","Functional Test","Pass","INSP-2"
"QC-3765","2026-03-12 06:00:00","PROD-104","WO-10700","Visual Inspection","Pass","INSP-4"
"QC-3766","2026-03-12 07:00:00","PROD-104","WO-10700","Dimensional Accuracy","Pass","INSP-3"
"QC-3767","2026-03-12 08:00:00","PROD-104","WO-10700","Visual Inspection","Pass","INSP-5"
"QC-3768","2025-04-24 00:00:00","PROD-104","WO-10702","Functional Test","Pass","INSP-5"
"QC-3769","2025-04-24 01:00:00","PROD-104","WO-10702","Functional Test","Pass","INSP-1"
"QC-3770","2025-04-24 02:00:00","PROD-104","WO-10702","Functional Test","Pass","INSP-1"
"QC-3771","2025-04-24 03:00:00","PROD-104","WO-10702","Functional Test","Pass","INSP-5"
"QC-3772","2025-04-24 04:00:00","PROD-104","WO-10702","Functional Test","Pass","INSP-3"
"QC-3773","2025-04-24 05:00:00","PROD-104","WO-10702","Functional Test","Pass","INSP-5"
"QC-3774","2025-04-24 06:00:00","PROD-104","WO-10702","Visual Inspection","Pass","INSP-5"
"QC-3775","2025-04-24 07:00:00","PROD-104","WO-10702","Visual Inspection","Pass","INSP-3"
"QC-3776","2025-04-24 08:00:00","PROD-104","WO-10702","Functional Test","Pass","INSP-5"
"QC-3777","2025-04-24 09:00:00","PROD-104","WO-10702","Visual Inspection","Pass","INSP-1"
"QC-3778","2025-04-24 10:00:00","PROD-104","WO-10702","Functional Test","Pass","INSP-1"
"QC-3779","2025-04-24 11:00:00","PROD-104","WO-10702","Dimensional Accuracy","Pass","INSP-4"
"QC-3780","2025-04-24 12:00:00","PROD-104","WO-10702","Dimensional Accuracy","Pass","INSP-2"
"QC-3781","2025-10-11 00:00:00","PROD-102","WO-10704","Dimensional Accuracy","Pass","INSP-4"
"QC-3782","2025-10-11 01:00:00","PROD-102","WO-10704","Visual Inspection","Pass","INSP-5"
"QC-3783","2025-10-11 02:00:00","PROD-102","WO-10704","Visual Inspection","Pass","INSP-3"
"QC-3784","2025-10-11 03:00:00","PROD-102","WO-10704","Visual Inspection","Pass","INSP-4"
"QC-3785","2025-10-11 04:00:00","PROD-102","WO-10704","Functional Test","Pass","INSP-4"
"QC-3786","2025-10-11 05:00:00","PROD-102","WO-10704","Dimensional Accuracy","Pass","INSP-3"
"QC-3787","2025-10-11 06:00:00","PROD-102","WO-10704","Dimensional Accuracy","Pass","INSP-5"
"QC-3788","2025-10-11 07:00:00","PROD-102","WO-10704","Functional Test","Pass","INSP-2"
"QC-3789","2025-10-11 08:00:00","PROD-102","WO-10704","Dimensional Accuracy","Pass","INSP-2"
"QC-3790","2026-01-23 00:00:00","PROD-103","WO-10706","Dimensional Accuracy","Pass","INSP-4"
"QC-3791","2026-01-23 01:00:00","PROD-103","WO-10706","Functional Test","Pass","INSP-3"
"QC-3792","2026-01-23 02:00:00","PROD-103","WO-10706","Dimensional Accuracy","Pass","INSP-2"
"QC-3793","2026-01-23 03:00:00","PROD-103","WO-10706","Dimensional Accuracy","Pass","INSP-5"
"QC-3794","2026-01-23 04:00:00","PROD-103","WO-10706","Dimensional Accuracy","Pass","INSP-5"
"QC-3795","2026-01-23 05:00:00","PROD-103","WO-10706","Functional Test","Pass","INSP-2"
"QC-3796","2026-01-23 06:00:00","PROD-103","WO-10706","Visual Inspection","Pass","INSP-2"
"QC-3797","2026-01-23 07:00:00","PROD-103","WO-10706","Visual Inspection","Pass","INSP-4"
"QC-3798","2026-01-23 08:00:00","PROD-103","WO-10706","Dimensional Accuracy","Pass","INSP-4"
"QC-3799","2026-01-23 09:00:00","PROD-103","WO-10706","Visual Inspection","Pass","INSP-4"
"QC-3800","2026-01-23 10:00:00","PROD-103","WO-10706","Functional Test","Fail","INSP-3"
"QC-3801","2025-04-19 00:00:00","PROD-101","WO-10707","Visual Inspection","Fail","INSP-1"
"QC-3802","2025-04-19 01:00:00","PROD-101","WO-10707","Dimensional Accuracy","Pass","INSP-1"
"QC-3803","2025-04-19 02:00:00","PROD-101","WO-10707","Functional Test","Pass","INSP-5"
"QC-3804","2025-04-19 03:00:00","PROD-101","WO-10707","Visual Inspection","Pass","INSP-3"
"QC-3805","2025-04-19 04:00:00","PROD-101","WO-10707","Visual Inspection","Pass","INSP-3"
"QC-3806","2025-04-19 05:00:00","PROD-101","WO-10707","Visual Inspection","Pass","INSP-3"
"QC-3807","2025-04-19 06:00:00","PROD-101","WO-10707","Functional Test","Pass","INSP-5"
"QC-3808","2025-04-19 07:00:00","PROD-101","WO-10707","Dimensional Accuracy","Pass","INSP-5"
"QC-3809","2025-04-19 08:00:00","PROD-101","WO-10707","Visual Inspection","Pass","INSP-5"
"QC-3810","2025-06-24 00:00:00","PROD-104","WO-10708","Visual Inspection","Pass","INSP-3"
"QC-3811","2025-06-24 01:00:00","PROD-104","WO-10708","Functional Test","Pass","INSP-1"
"QC-3812","2025-06-24 02:00:00","PROD-104","WO-10708","Visual Inspection","Pass","INSP-4"
"QC-3813","2025-06-24 03:00:00","PROD-104","WO-10708","Visual Inspection","Pass","INSP-1"
"QC-3814","2025-06-24 04:00:00","PROD-104","WO-10708","Visual Inspection","Pass","INSP-3"
"QC-3815","2025-06-24 05:00:00","PROD-104","WO-10708","Visual Inspection","Pass","INSP-5"
"QC-3816","2025-08-10 00:00:00","PROD-104","WO-10709","Visual Inspection","Pass","INSP-3"
"QC-3817","2025-08-10 01:00:00","PROD-104","WO-10709","Dimensional Accuracy","Pass","INSP-5"
"QC-3818","2025-08-10 02:00:00","PROD-104","WO-10709","Visual Inspection","Pass","INSP-2"
"QC-3819","2025-08-10 03:00:00","PROD-104","WO-10709","Visual Inspection","Pass","INSP-2"
"QC-3820","2025-08-10 04:00:00","PROD-104","WO-10709","Functional Test","Pass","INSP-5"
"QC-3821","2025-08-10 05:00:00","PROD-104","WO-10709","Visual Inspection","Pass","INSP-1"
"QC-3822","2025-08-10 06:00:00","PROD-104","WO-10709","Dimensional Accuracy","Pass","INSP-2"
"QC-3823","2025-08-10 07:00:00","PROD-104","WO-10709","Functional Test","Fail","INSP-2"
"QC-3824","2025-08-10 08:00:00","PROD-104","WO-10709","Dimensional Accuracy","Pass","INSP-3"
"QC-3825","2025-08-10 09:00:00","PROD-104","WO-10709","Dimensional Accuracy","Pass","INSP-3"
"QC-3826","2025-08-10 10:00:00","PROD-104","WO-10709","Visual Inspection","Pass","INSP-3"
"QC-3827","2025-08-10 11:00:00","PROD-104","WO-10709","Visual Inspection","Pass","INSP-4"
"QC-3828","2025-08-10 12:00:00","PROD-104","WO-10709","Dimensional Accuracy","Pass","INSP-2"
"QC-3829","2025-08-10 13:00:00","PROD-104","WO-10709","Visual Inspection","Pass","INSP-5"
"QC-3830","2025-04-08 00:00:00","PROD-101","WO-10713","Dimensional Accuracy","Pass","INSP-3"
"QC-3831","2025-04-08 01:00:00","PROD-101","WO-10713","Visual Inspection","Pass","INSP-3"
"QC-3832","2025-04-08 02:00:00","PROD-101","WO-10713","Visual Inspection","Pass","INSP-1"
"QC-3833","2025-04-08 03:00:00","PROD-101","WO-10713","Dimensional Accuracy","Pass","INSP-4"
"QC-3834","2025-04-08 04:00:00","PROD-101","WO-10713","Functional Test","Pass","INSP-1"
"QC-3835","2025-04-08 05:00:00","PROD-101","WO-10713","Visual Inspection","Pass","INSP-2"
"QC-3836","2025-04-08 06:00:00","PROD-101","WO-10713","Visual Inspection","Pass","INSP-3"
"QC-3837","2025-04-08 07:00:00","PROD-101","WO-10713","Visual Inspection","Pass","INSP-5"
"QC-3838","2025-04-08 08:00:00","PROD-101","WO-10713","Visual Inspection","Pass","INSP-3"
"QC-3839","2025-04-08 09:00:00","PROD-101","WO-10713","Visual Inspection","Pass","INSP-4"
"QC-3840","2025-04-08 10:00:00","PROD-101","WO-10713","Functional Test","Pass","INSP-1"
"QC-3841","2025-08-27 00:00:00","PROD-101","WO-10716","Functional Test","Pass","INSP-2"
"QC-3842","2025-08-27 01:00:00","PROD-101","WO-10716","Dimensional Accuracy","Pass","INSP-5"
"QC-3843","2025-08-27 02:00:00","PROD-101","WO-10716","Dimensional Accuracy","Pass","INSP-5"
"QC-3844","2025-08-27 03:00:00","PROD-101","WO-10716","Functional Test","Fail","INSP-5"
"QC-3845","2025-08-27 04:00:00","PROD-101","WO-10716","Visual Inspection","Pass","INSP-5"
"QC-3846","2025-08-27 05:00:00","PROD-101","WO-10716","Visual Inspection","Pass","INSP-2"
"QC-3847","2025-08-27 06:00:00","PROD-101","WO-10716","Visual Inspection","Pass","INSP-4"
"QC-3848","2025-08-27 07:00:00","PROD-101","WO-10716","Dimensional Accuracy","Pass","INSP-2"
"QC-3849","2025-08-27 08:00:00","PROD-101","WO-10716","Dimensional Accuracy","Pass","INSP-3"
"QC-3850","2025-11-22 00:00:00","PROD-101","WO-10719","Visual Inspection","Pass","INSP-1"
"QC-3851","2025-11-22 01:00:00","PROD-101","WO-10719","Functional Test","Pass","INSP-3"
"QC-3852","2025-11-22 02:00:00","PROD-101","WO-10719","Visual Inspection","Pass","INSP-1"
"QC-3853","2025-11-22 03:00:00","PROD-101","WO-10719","Functional Test","Pass","INSP-1"
"QC-3854","2025-11-22 04:00:00","PROD-101","WO-10719","Visual Inspection","Pass","INSP-4"
"QC-3855","2025-11-22 05:00:00","PROD-101","WO-10719","Dimensional Accuracy","Pass","INSP-1"
"QC-3856","2025-11-22 06:00:00","PROD-101","WO-10719","Visual Inspection","Pass","INSP-3"
"QC-3857","2025-11-22 07:00:00","PROD-101","WO-10719","Dimensional Accuracy","Pass","INSP-4"
"QC-3858","2025-11-22 08:00:00","PROD-101","WO-10719","Functional Test","Pass","INSP-5"
"QC-3859","2025-11-22 09:00:00","PROD-101","WO-10719","Visual Inspection","Pass","INSP-1"
"QC-3860","2025-11-22 10:00:00","PROD-101","WO-10719","Dimensional Accuracy","Pass","INSP-1"
"QC-3861","2025-11-22 11:00:00","PROD-101","WO-10719","Dimensional Accuracy","Pass","INSP-2"
"QC-3862","2025-11-22 12:00:00","PROD-101","WO-10719","Functional Test","Pass","INSP-4"
"QC-3863","2025-11-22 13:00:00","PROD-101","WO-10719","Dimensional Accuracy","Pass","INSP-5"
"QC-3864","2025-11-22 14:00:00","PROD-101","WO-10719","Visual Inspection","Pass","INSP-2"
"QC-3865","2025-06-23 00:00:00","PROD-102","WO-10720","Dimensional Accuracy","Pass","INSP-2"
"QC-3866","2025-06-23 01:00:00","PROD-102","WO-10720","Visual Inspection","Pass","INSP-3"
"QC-3867","2025-06-23 02:00:00","PROD-102","WO-10720","Functional Test","Pass","INSP-4"
"QC-3868","2025-06-23 03:00:00","PROD-102","WO-10720","Dimensional Accuracy","Pass","INSP-2"
"QC-3869","2025-09-27 00:00:00","PROD-101","WO-10722","Dimensional Accuracy","Pass","INSP-3"
"QC-3870","2025-09-27 01:00:00","PROD-101","WO-10722","Dimensional Accuracy","Pass","INSP-2"
"QC-3871","2025-09-27 02:00:00","PROD-101","WO-10722","Functional Test","Pass","INSP-3"
"QC-3872","2025-09-27 03:00:00","PROD-101","WO-10722","Dimensional Accuracy","Pass","INSP-2"
"QC-3873","2025-09-27 04:00:00","PROD-101","WO-10722","Visual Inspection","Pass","INSP-5"
"QC-3874","2025-09-27 05:00:00","PROD-101","WO-10722","Dimensional Accuracy","Pass","INSP-2"
"QC-3875","2025-09-27 06:00:00","PROD-101","WO-10722","Functional Test","Pass","INSP-5"
"QC-3876","2025-09-27 07:00:00","PROD-101","WO-10722","Dimensional Accuracy","Pass","INSP-4"
"QC-3877","2025-09-27 08:00:00","PROD-101","WO-10722","Dimensional Accuracy","Pass","INSP-5"
"QC-3878","2025-10-15 00:00:00","PROD-102","WO-10725","Visual Inspection","Pass","INSP-4"
"QC-3879","2025-10-15 01:00:00","PROD-102","WO-10725","Visual Inspection","Fail","INSP-3"
"QC-3880","2025-10-15 02:00:00","PROD-102","WO-10725","Visual Inspection","Pass","INSP-1"
"QC-3881","2025-10-15 03:00:00","PROD-102","WO-10725","Visual Inspection","Pass","INSP-5"
"QC-3882","2025-10-15 04:00:00","PROD-102","WO-10725","Visual Inspection","Pass","INSP-2"
"QC-3883","2025-10-15 05:00:00","PROD-102","WO-10725","Visual Inspection","Pass","INSP-4"
"QC-3884","2025-10-15 06:00:00","PROD-102","WO-10725","Visual Inspection","Pass","INSP-5"
"QC-3885","2025-10-15 07:00:00","PROD-102","WO-10725","Visual Inspection","Pass","INSP-1"
"QC-3886","2025-10-15 08:00:00","PROD-102","WO-10725","Dimensional Accuracy","Pass","INSP-5"
"QC-3887","2025-10-15 09:00:00","PROD-102","WO-10725","Dimensional Accuracy","Pass","INSP-1"
"QC-3888","2025-10-15 10:00:00","PROD-102","WO-10725","Functional Test","Pass","INSP-2"
"QC-3889","2025-10-15 11:00:00","PROD-102","WO-10725","Visual Inspection","Pass","INSP-2"
"QC-3890","2025-08-25 00:00:00","PROD-101","WO-10729","Visual Inspection","Pass","INSP-4"
"QC-3891","2025-08-25 01:00:00","PROD-101","WO-10729","Visual Inspection","Pass","INSP-2"
"QC-3892","2025-08-25 02:00:00","PROD-101","WO-10729","Dimensional Accuracy","Pass","INSP-5"
"QC-3893","2025-08-25 03:00:00","PROD-101","WO-10729","Dimensional Accuracy","Pass","INSP-5"
"QC-3894","2025-11-23 00:00:00","PROD-104","WO-10731","Functional Test","Pass","INSP-1"
"QC-3895","2025-11-23 01:00:00","PROD-104","WO-10731","Dimensional Accuracy","Pass","INSP-4"
"QC-3896","2025-04-22 00:00:00","PROD-102","WO-10733","Dimensional Accuracy","Pass","INSP-1"
"QC-3897","2025-04-22 01:00:00","PROD-102","WO-10733","Dimensional Accuracy","Pass","INSP-2"
"QC-3898","2025-04-22 02:00:00","PROD-102","WO-10733","Visual Inspection","Pass","INSP-1"
"QC-3899","2025-04-22 03:00:00","PROD-102","WO-10733","Dimensional Accuracy","Pass","INSP-5"
"QC-3900","2025-04-22 04:00:00","PROD-102","WO-10733","Functional Test","Pass","INSP-5"
"QC-3901","2025-04-22 05:00:00","PROD-102","WO-10733","Visual Inspection","Pass","INSP-3"
"QC-3902","2025-07-07 00:00:00","PROD-101","WO-10734","Visual Inspection","Pass","INSP-5"
"QC-3903","2025-07-07 01:00:00","PROD-101","WO-10734","Dimensional Accuracy","Pass","INSP-3"
"QC-3904","2025-07-07 02:00:00","PROD-101","WO-10734","Functional Test","Pass","INSP-5"
"QC-3905","2025-07-07 03:00:00","PROD-101","WO-10734","Dimensional Accuracy","Pass","INSP-4"
"QC-3906","2025-07-07 04:00:00","PROD-101","WO-10734","Dimensional Accuracy","Pass","INSP-5"
"QC-3907","2025-07-07 05:00:00","PROD-101","WO-10734","Dimensional Accuracy","Pass","INSP-3"
"QC-3908","2025-07-07 06:00:00","PROD-101","WO-10734","Functional Test","Pass","INSP-5"
"QC-3909","2025-07-07 07:00:00","PROD-101","WO-10734","Visual Inspection","Pass","INSP-1"
"QC-3910","2025-07-07 08:00:00","PROD-101","WO-10734","Visual Inspection","Pass","INSP-5"
"QC-3911","2025-07-07 09:00:00","PROD-101","WO-10734","Visual Inspection","Pass","INSP-4"
"QC-3912","2025-07-07 10:00:00","PROD-101","WO-10734","Dimensional Accuracy","Pass","INSP-2"
"QC-3913","2025-12-18 00:00:00","PROD-101","WO-10736","Visual Inspection","Pass","INSP-1"
"QC-3914","2025-12-18 01:00:00","PROD-101","WO-10736","Dimensional Accuracy","Pass","INSP-3"
"QC-3915","2025-12-18 02:00:00","PROD-101","WO-10736","Dimensional Accuracy","Pass","INSP-3"
"QC-3916","2025-12-18 03:00:00","PROD-101","WO-10736","Visual Inspection","Pass","INSP-2"
"QC-3917","2025-12-18 04:00:00","PROD-101","WO-10736","Visual Inspection","Pass","INSP-3"
"QC-3918","2025-12-18 05:00:00","PROD-101","WO-10736","Visual Inspection","Pass","INSP-3"
"QC-3919","2025-12-18 06:00:00","PROD-101","WO-10736","Visual Inspection","Pass","INSP-5"
"QC-3920","2025-12-18 07:00:00","PROD-101","WO-10736","Functional Test","Pass","INSP-3"
"QC-3921","2025-12-18 08:00:00","PROD-101","WO-10736","Dimensional Accuracy","Pass","INSP-2"
"QC-3922","2025-12-18 09:00:00","PROD-101","WO-10736","Visual Inspection","Pass","INSP-3"
"QC-3923","2025-12-18 10:00:00","PROD-101","WO-10736","Dimensional Accuracy","Pass","INSP-5"
"QC-3924","2025-12-18 11:00:00","PROD-101","WO-10736","Dimensional Accuracy","Pass","INSP-1"
"QC-3925","2025-12-18 12:00:00","PROD-101","WO-10736","Visual Inspection","Pass","INSP-4"
"QC-3926","2025-12-18 13:00:00","PROD-101","WO-10736","Dimensional Accuracy","Pass","INSP-1"
"QC-3927","2025-12-18 14:00:00","PROD-101","WO-10736","Visual Inspection","Pass","INSP-1"
"QC-3928","2025-12-02 00:00:00","PROD-102","WO-10737","Dimensional Accuracy","Pass","INSP-1"
"QC-3929","2025-12-02 01:00:00","PROD-102","WO-10737","Dimensional Accuracy","Pass","INSP-1"
"QC-3930","2025-12-02 02:00:00","PROD-102","WO-10737","Visual Inspection","Pass","INSP-4"
"QC-3931","2025-08-02 00:00:00","PROD-103","WO-10741","Visual Inspection","Pass","INSP-3"
"QC-3932","2025-08-02 01:00:00","PROD-103","WO-10741","Visual Inspection","Pass","INSP-1"
"QC-3933","2025-08-02 02:00:00","PROD-103","WO-10741","Dimensional Accuracy","Pass","INSP-3"
"QC-3934","2025-08-02 03:00:00","PROD-103","WO-10741","Visual Inspection","Pass","INSP-3"
"QC-3935","2025-08-02 04:00:00","PROD-103","WO-10741","Visual Inspection","Pass","INSP-1"
"QC-3936","2025-08-02 05:00:00","PROD-103","WO-10741","Functional Test","Pass","INSP-2"
"QC-3937","2025-08-02 06:00:00","PROD-103","WO-10741","Functional Test","Pass","INSP-3"
"QC-3938","2025-08-02 07:00:00","PROD-103","WO-10741","Functional Test","Pass","INSP-2"
"QC-3939","2025-08-02 08:00:00","PROD-103","WO-10741","Dimensional Accuracy","Pass","INSP-3"
"QC-3940","2025-08-02 09:00:00","PROD-103","WO-10741","Dimensional Accuracy","Pass","INSP-5"
"QC-3941","2026-01-01 00:00:00","PROD-103","WO-10743","Dimensional Accuracy","Pass","INSP-3"
"QC-3942","2026-01-01 01:00:00","PROD-103","WO-10743","Visual Inspection","Pass","INSP-3"
"QC-3943","2026-01-01 02:00:00","PROD-103","WO-10743","Functional Test","Pass","INSP-1"
"QC-3944","2026-01-01 03:00:00","PROD-103","WO-10743","Functional Test","Pass","INSP-3"
"QC-3945","2026-01-01 04:00:00","PROD-103","WO-10743","Dimensional Accuracy","Pass","INSP-2"
"QC-3946","2025-11-04 00:00:00","PROD-104","WO-10744","Dimensional Accuracy","Pass","INSP-4"
"QC-3947","2025-11-04 01:00:00","PROD-104","WO-10744","Functional Test","Pass","INSP-1"
"QC-3948","2025-11-04 02:00:00","PROD-104","WO-10744","Visual Inspection","Pass","INSP-4"
"QC-3949","2025-11-04 03:00:00","PROD-104","WO-10744","Functional Test","Pass","INSP-1"
"QC-3950","2025-11-04 04:00:00","PROD-104","WO-10744","Functional Test","Pass","INSP-2"
"QC-3951","2025-11-04 05:00:00","PROD-104","WO-10744","Visual Inspection","Pass","INSP-2"
"QC-3952","2025-11-04 06:00:00","PROD-104","WO-10744","Dimensional Accuracy","Pass","INSP-2"
"QC-3953","2025-09-01 00:00:00","PROD-104","WO-10745","Visual Inspection","Pass","INSP-4"
"QC-3954","2025-09-01 01:00:00","PROD-104","WO-10745","Functional Test","Fail","INSP-3"
"QC-3955","2025-09-01 02:00:00","PROD-104","WO-10745","Visual Inspection","Pass","INSP-5"
"QC-3956","2025-09-01 03:00:00","PROD-104","WO-10745","Functional Test","Pass","INSP-1"
"QC-3957","2025-09-01 04:00:00","PROD-104","WO-10745","Dimensional Accuracy","Pass","INSP-5"
"QC-3958","2025-09-01 05:00:00","PROD-104","WO-10745","Visual Inspection","Pass","INSP-3"
"QC-3959","2025-09-01 06:00:00","PROD-104","WO-10745","Dimensional Accuracy","Pass","INSP-2"
"QC-3960","2025-09-01 07:00:00","PROD-104","WO-10745","Visual Inspection","Pass","INSP-3"
"QC-3961","2025-09-01 08:00:00","PROD-104","WO-10745","Visual Inspection","Pass","INSP-2"
"QC-3962","2025-09-01 09:00:00","PROD-104","WO-10745","Dimensional Accuracy","Pass","INSP-5"
"QC-3963","2025-09-01 10:00:00","PROD-104","WO-10745","Dimensional Accuracy","Pass","INSP-2"
"QC-3964","2025-09-01 11:00:00","PROD-104","WO-10745","Visual Inspection","Pass","INSP-3"
"QC-3965","2025-09-01 12:00:00","PROD-104","WO-10745","Dimensional Accuracy","Pass","INSP-2"
"QC-3966","2025-09-01 13:00:00","PROD-104","WO-10745","Dimensional Accuracy","Pass","INSP-1"
"QC-3967","2025-09-01 14:00:00","PROD-104","WO-10745","Dimensional Accuracy","Pass","INSP-4"
"QC-3968","2025-09-01 15:00:00","PROD-104","WO-10745","Visual Inspection","Fail","INSP-3"
"QC-3969","2025-09-01 16:00:00","PROD-104","WO-10745","Visual Inspection","Pass","INSP-3"
"QC-3970","2025-09-01 17:00:00","PROD-104","WO-10745","Dimensional Accuracy","Pass","INSP-5"
"QC-3971","2026-01-14 00:00:00","PROD-102","WO-10746","Dimensional Accuracy","Pass","INSP-5"
"QC-3972","2026-01-14 01:00:00","PROD-102","WO-10746","Dimensional Accuracy","Pass","INSP-3"
"QC-3973","2026-01-14 02:00:00","PROD-102","WO-10746","Functional Test","Pass","INSP-1"
"QC-3974","2026-01-14 03:00:00","PROD-102","WO-10746","Visual Inspection","Pass","INSP-5"
"QC-3975","2026-01-14 04:00:00","PROD-102","WO-10746","Dimensional Accuracy","Pass","INSP-1"
"QC-3976","2026-01-14 05:00:00","PROD-102","WO-10746","Visual Inspection","Pass","INSP-4"
"QC-3977","2026-01-14 06:00:00","PROD-102","WO-10746","Functional Test","Pass","INSP-4"
"QC-3978","2026-01-14 07:00:00","PROD-102","WO-10746","Dimensional Accuracy","Pass","INSP-2"
"QC-3979","2026-01-14 08:00:00","PROD-102","WO-10746","Dimensional Accuracy","Pass","INSP-4"
"QC-3980","2026-01-14 09:00:00","PROD-102","WO-10746","Visual Inspection","Pass","INSP-2"
"QC-3981","2026-01-14 10:00:00","PROD-102","WO-10746","Functional Test","Pass","INSP-4"
"QC-3982","2026-02-08 00:00:00","PROD-102","WO-10747","Functional Test","Fail","INSP-5"
"QC-3983","2026-02-08 01:00:00","PROD-102","WO-10747","Functional Test","Pass","INSP-5"
"QC-3984","2026-02-08 02:00:00","PROD-102","WO-10747","Dimensional Accuracy","Pass","INSP-2"
"QC-3985","2026-02-08 03:00:00","PROD-102","WO-10747","Dimensional Accuracy","Pass","INSP-2"
"QC-3986","2026-02-08 04:00:00","PROD-102","WO-10747","Dimensional Accuracy","Pass","INSP-2"
"QC-3987","2026-02-08 05:00:00","PROD-102","WO-10747","Functional Test","Pass","INSP-5"
"QC-3988","2026-02-08 06:00:00","PROD-102","WO-10747","Functional Test","Pass","INSP-5"
"QC-3989","2026-02-08 07:00:00","PROD-102","WO-10747","Dimensional Accuracy","Pass","INSP-5"
"QC-3990","2026-02-08 08:00:00","PROD-102","WO-10747","Functional Test","Pass","INSP-5"
"QC-3991","2026-02-08 09:00:00","PROD-102","WO-10747","Dimensional Accuracy","Pass","INSP-2"
"QC-3992","2026-02-08 10:00:00","PROD-102","WO-10747","Functional Test","Pass","INSP-4"
"QC-3993","2026-02-08 11:00:00","PROD-102","WO-10747","Visual Inspection","Pass","INSP-2"
"QC-3994","2026-02-08 12:00:00","PROD-102","WO-10747","Functional Test","Pass","INSP-5"
"QC-3995","2026-01-01 00:00:00","PROD-102","WO-10750","Dimensional Accuracy","Fail","INSP-1"
"QC-3996","2026-01-01 01:00:00","PROD-102","WO-10750","Functional Test","Pass","INSP-5"
"QC-3997","2026-01-01 02:00:00","PROD-102","WO-10750","Functional Test","Pass","INSP-3"
"QC-3998","2026-01-01 03:00:00","PROD-102","WO-10750","Dimensional Accuracy","Pass","INSP-3"
"QC-3999","2026-01-01 04:00:00","PROD-102","WO-10750","Functional Test","Pass","INSP-2"
"QC-4000","2025-05-19 00:00:00","PROD-102","WO-10751","Dimensional Accuracy","Pass","INSP-5"
"QC-4001","2025-05-19 01:00:00","PROD-102","WO-10751","Visual Inspection","Pass","INSP-5"
"QC-4002","2025-04-04 00:00:00","PROD-103","WO-10752","Dimensional Accuracy","Pass","INSP-3"
"QC-4003","2025-04-04 01:00:00","PROD-103","WO-10752","Visual Inspection","Pass","INSP-1"
"QC-4004","2025-04-04 02:00:00","PROD-103","WO-10752","Dimensional Accuracy","Pass","INSP-2"
"QC-4005","2025-09-14 00:00:00","PROD-104","WO-10753","Visual Inspection","Pass","INSP-1"
"QC-4006","2025-09-14 01:00:00","PROD-104","WO-10753","Functional Test","Pass","INSP-4"
"QC-4007","2025-09-14 02:00:00","PROD-104","WO-10753","Visual Inspection","Pass","INSP-2"
"QC-4008","2025-09-14 03:00:00","PROD-104","WO-10753","Visual Inspection","Pass","INSP-5"
"QC-4009","2025-09-14 04:00:00","PROD-104","WO-10753","Dimensional Accuracy","Pass","INSP-1"
"QC-4010","2025-09-14 05:00:00","PROD-104","WO-10753","Functional Test","Pass","INSP-4"
"QC-4011","2025-09-14 06:00:00","PROD-104","WO-10753","Dimensional Accuracy","Pass","INSP-4"
"QC-4012","2025-09-14 07:00:00","PROD-104","WO-10753","Dimensional Accuracy","Pass","INSP-4"
"QC-4013","2025-09-14 08:00:00","PROD-104","WO-10753","Dimensional Accuracy","Pass","INSP-5"
"QC-4014","2025-09-14 09:00:00","PROD-104","WO-10753","Functional Test","Pass","INSP-4"
"QC-4015","2025-06-15 00:00:00","PROD-103","WO-10754","Functional Test","Pass","INSP-3"
"QC-4016","2025-06-15 01:00:00","PROD-103","WO-10754","Visual Inspection","Pass","INSP-2"
"QC-4017","2025-06-15 02:00:00","PROD-103","WO-10754","Functional Test","Pass","INSP-2"
"QC-4018","2025-06-15 03:00:00","PROD-103","WO-10754","Visual Inspection","Pass","INSP-3"
"QC-4019","2025-06-15 04:00:00","PROD-103","WO-10754","Functional Test","Pass","INSP-3"
"QC-4020","2026-02-03 00:00:00","PROD-103","WO-10755","Functional Test","Pass","INSP-5"
"QC-4021","2026-02-03 01:00:00","PROD-103","WO-10755","Dimensional Accuracy","Pass","INSP-1"
"QC-4022","2026-02-03 02:00:00","PROD-103","WO-10755","Functional Test","Pass","INSP-3"
"QC-4023","2025-05-19 00:00:00","PROD-102","WO-10759","Visual Inspection","Pass","INSP-4"
"QC-4024","2025-05-19 01:00:00","PROD-102","WO-10759","Visual Inspection","Pass","INSP-3"
"QC-4025","2025-05-19 02:00:00","PROD-102","WO-10759","Dimensional Accuracy","Pass","INSP-1"
"QC-4026","2025-05-19 03:00:00","PROD-102","WO-10759","Visual Inspection","Pass","INSP-3"
"QC-4027","2025-05-19 04:00:00","PROD-102","WO-10759","Visual Inspection","Pass","INSP-4"
"QC-4028","2025-05-19 05:00:00","PROD-102","WO-10759","Visual Inspection","Pass","INSP-4"
"QC-4029","2025-05-19 06:00:00","PROD-102","WO-10759","Dimensional Accuracy","Pass","INSP-2"
"QC-4030","2025-05-19 07:00:00","PROD-102","WO-10759","Functional Test","Fail","INSP-5"
"QC-4031","2025-05-19 08:00:00","PROD-102","WO-10759","Visual Inspection","Pass","INSP-5"
"QC-4032","2025-05-19 09:00:00","PROD-102","WO-10759","Visual Inspection","Pass","INSP-4"
"QC-4033","2025-05-19 10:00:00","PROD-102","WO-10759","Functional Test","Pass","INSP-3"
"QC-4034","2025-09-24 00:00:00","PROD-104","WO-10760","Dimensional Accuracy","Pass","INSP-4"
"QC-4035","2025-09-24 01:00:00","PROD-104","WO-10760","Functional Test","Fail","INSP-3"
"QC-4036","2025-09-24 02:00:00","PROD-104","WO-10760","Functional Test","Pass","INSP-1"
"QC-4037","2025-09-24 03:00:00","PROD-104","WO-10760","Dimensional Accuracy","Pass","INSP-5"
"QC-4038","2025-09-24 04:00:00","PROD-104","WO-10760","Visual Inspection","Pass","INSP-1"
"QC-4039","2025-09-24 05:00:00","PROD-104","WO-10760","Dimensional Accuracy","Pass","INSP-2"
"QC-4040","2025-07-05 00:00:00","PROD-103","WO-10761","Visual Inspection","Pass","INSP-1"
"QC-4041","2025-07-05 01:00:00","PROD-103","WO-10761","Visual Inspection","Pass","INSP-3"
"QC-4042","2025-07-05 02:00:00","PROD-103","WO-10761","Functional Test","Pass","INSP-5"
"QC-4043","2025-07-05 03:00:00","PROD-103","WO-10761","Dimensional Accuracy","Pass","INSP-3"
"QC-4044","2025-07-05 04:00:00","PROD-103","WO-10761","Dimensional Accuracy","Pass","INSP-4"
"QC-4045","2025-07-05 05:00:00","PROD-103","WO-10761","Functional Test","Pass","INSP-3"
"QC-4046","2025-07-05 06:00:00","PROD-103","WO-10761","Functional Test","Pass","INSP-4"
"QC-4047","2025-07-05 07:00:00","PROD-103","WO-10761","Visual Inspection","Pass","INSP-4"
"QC-4048","2025-07-05 08:00:00","PROD-103","WO-10761","Functional Test","Pass","INSP-1"
"QC-4049","2025-08-12 00:00:00","PROD-104","WO-10764","Functional Test","Pass","INSP-2"
"QC-4050","2025-08-12 01:00:00","PROD-104","WO-10764","Visual Inspection","Pass","INSP-1"
"QC-4051","2025-08-12 02:00:00","PROD-104","WO-10764","Dimensional Accuracy","Pass","INSP-3"
"QC-4052","2025-08-12 03:00:00","PROD-104","WO-10764","Visual Inspection","Pass","INSP-3"
"QC-4053","2025-08-12 04:00:00","PROD-104","WO-10764","Visual Inspection","Pass","INSP-5"
"QC-4054","2025-08-12 05:00:00","PROD-104","WO-10764","Dimensional Accuracy","Pass","INSP-4"
"QC-4055","2025-08-12 06:00:00","PROD-104","WO-10764","Visual Inspection","Pass","INSP-5"
"QC-4056","2025-08-12 07:00:00","PROD-104","WO-10764","Visual Inspection","Pass","INSP-2"
"QC-4057","2025-08-12 08:00:00","PROD-104","WO-10764","Dimensional Accuracy","Fail","INSP-1"
"QC-4058","2025-10-23 00:00:00","PROD-102","WO-10765","Functional Test","Pass","INSP-5"
"QC-4059","2025-10-23 01:00:00","PROD-102","WO-10765","Visual Inspection","Pass","INSP-2"
"QC-4060","2025-10-23 02:00:00","PROD-102","WO-10765","Visual Inspection","Pass","INSP-3"
"QC-4061","2025-10-23 03:00:00","PROD-102","WO-10765","Functional Test","Pass","INSP-1"
"QC-4062","2025-07-14 00:00:00","PROD-101","WO-10766","Dimensional Accuracy","Pass","INSP-4"
"QC-4063","2025-07-14 01:00:00","PROD-101","WO-10766","Functional Test","Pass","INSP-4"
"QC-4064","2025-07-14 02:00:00","PROD-101","WO-10766","Functional Test","Pass","INSP-5"
"QC-4065","2025-07-14 03:00:00","PROD-101","WO-10766","Dimensional Accuracy","Pass","INSP-3"
"QC-4066","2025-07-14 04:00:00","PROD-101","WO-10766","Visual Inspection","Pass","INSP-2"
"QC-4067","2025-07-14 05:00:00","PROD-101","WO-10766","Visual Inspection","Pass","INSP-4"
"QC-4068","2025-05-09 00:00:00","PROD-102","WO-10767","Dimensional Accuracy","Pass","INSP-2"
"QC-4069","2025-05-09 01:00:00","PROD-102","WO-10767","Functional Test","Pass","INSP-4"
"QC-4070","2025-05-09 02:00:00","PROD-102","WO-10767","Dimensional Accuracy","Pass","INSP-5"
"QC-4071","2025-05-09 03:00:00","PROD-102","WO-10767","Functional Test","Pass","INSP-1"
"QC-4072","2025-05-09 04:00:00","PROD-102","WO-10767","Dimensional Accuracy","Pass","INSP-1"
"QC-4073","2025-05-09 05:00:00","PROD-102","WO-10767","Functional Test","Pass","INSP-4"
"QC-4074","2025-05-09 06:00:00","PROD-102","WO-10767","Visual Inspection","Pass","INSP-4"
"QC-4075","2025-05-09 07:00:00","PROD-102","WO-10767","Functional Test","Pass","INSP-4"
"QC-4076","2025-05-09 08:00:00","PROD-102","WO-10767","Functional Test","Pass","INSP-4"
"QC-4077","2025-05-09 09:00:00","PROD-102","WO-10767","Dimensional Accuracy","Pass","INSP-4"
"QC-4078","2025-05-09 10:00:00","PROD-102","WO-10767","Visual Inspection","Pass","INSP-3"
"QC-4079","2025-05-09 11:00:00","PROD-102","WO-10767","Functional Test","Pass","INSP-2"
"QC-4080","2025-05-12 00:00:00","PROD-103","WO-10769","Functional Test","Pass","INSP-3"
"QC-4081","2025-05-12 01:00:00","PROD-103","WO-10769","Functional Test","Fail","INSP-4"
"QC-4082","2025-05-12 02:00:00","PROD-103","WO-10769","Functional Test","Pass","INSP-2"
"QC-4083","2025-05-12 03:00:00","PROD-103","WO-10769","Functional Test","Pass","INSP-5"
"QC-4084","2025-05-12 04:00:00","PROD-103","WO-10769","Functional Test","Pass","INSP-4"
"QC-4085","2025-05-12 05:00:00","PROD-103","WO-10769","Functional Test","Pass","INSP-4"
"QC-4086","2025-05-12 06:00:00","PROD-103","WO-10769","Functional Test","Pass","INSP-4"
"QC-4087","2025-05-12 07:00:00","PROD-103","WO-10769","Dimensional Accuracy","Pass","INSP-2"
"QC-4088","2025-06-22 00:00:00","PROD-101","WO-10772","Visual Inspection","Pass","INSP-4"
"QC-4089","2025-06-22 01:00:00","PROD-101","WO-10772","Visual Inspection","Pass","INSP-5"
"QC-4090","2025-06-22 02:00:00","PROD-101","WO-10772","Dimensional Accuracy","Pass","INSP-4"
"QC-4091","2025-06-22 03:00:00","PROD-101","WO-10772","Visual Inspection","Pass","INSP-1"
"QC-4092","2025-06-22 04:00:00","PROD-101","WO-10772","Visual Inspection","Pass","INSP-2"
"QC-4093","2025-06-22 05:00:00","PROD-101","WO-10772","Dimensional Accuracy","Pass","INSP-1"
"QC-4094","2025-06-22 06:00:00","PROD-101","WO-10772","Dimensional Accuracy","Pass","INSP-3"
"QC-4095","2025-06-22 07:00:00","PROD-101","WO-10772","Visual Inspection","Pass","INSP-5"
"QC-4096","2025-06-22 08:00:00","PROD-101","WO-10772","Functional Test","Pass","INSP-1"
"QC-4097","2026-01-19 00:00:00","PROD-103","WO-10775","Dimensional Accuracy","Pass","INSP-3"
"QC-4098","2026-01-19 01:00:00","PROD-103","WO-10775","Visual Inspection","Pass","INSP-5"
"QC-4099","2026-01-19 02:00:00","PROD-103","WO-10775","Visual Inspection","Pass","INSP-4"
"QC-4100","2026-01-19 03:00:00","PROD-103","WO-10775","Visual Inspection","Pass","INSP-1"
"QC-4101","2026-01-19 04:00:00","PROD-103","WO-10775","Dimensional Accuracy","Pass","INSP-4"
"QC-4102","2025-08-17 00:00:00","PROD-101","WO-10777","Dimensional Accuracy","Pass","INSP-3"
"QC-4103","2025-08-17 01:00:00","PROD-101","WO-10777","Functional Test","Pass","INSP-3"
"QC-4104","2025-08-17 02:00:00","PROD-101","WO-10777","Functional Test","Pass","INSP-3"
"QC-4105","2025-08-17 03:00:00","PROD-101","WO-10777","Functional Test","Pass","INSP-4"
"QC-4106","2025-08-17 04:00:00","PROD-101","WO-10777","Dimensional Accuracy","Pass","INSP-5"
"QC-4107","2025-08-17 05:00:00","PROD-101","WO-10777","Visual Inspection","Pass","INSP-4"
"QC-4108","2025-11-08 00:00:00","PROD-102","WO-10779","Dimensional Accuracy","Pass","INSP-2"
"QC-4109","2025-11-08 01:00:00","PROD-102","WO-10779","Dimensional Accuracy","Pass","INSP-5"
"QC-4110","2025-11-08 02:00:00","PROD-102","WO-10779","Dimensional Accuracy","Pass","INSP-1"
"QC-4111","2025-11-08 03:00:00","PROD-102","WO-10779","Dimensional Accuracy","Pass","INSP-2"
"QC-4112","2025-11-08 04:00:00","PROD-102","WO-10779","Functional Test","Pass","INSP-1"
"QC-4113","2025-11-08 05:00:00","PROD-102","WO-10779","Visual Inspection","Pass","INSP-2"
"QC-4114","2025-11-08 06:00:00","PROD-102","WO-10779","Visual Inspection","Pass","INSP-5"
"QC-4115","2025-11-08 07:00:00","PROD-102","WO-10779","Dimensional Accuracy","Pass","INSP-3"
"QC-4116","2025-11-08 08:00:00","PROD-102","WO-10779","Functional Test","Pass","INSP-5"
"QC-4117","2025-11-08 09:00:00","PROD-102","WO-10779","Visual Inspection","Pass","INSP-1"
"QC-4118","2025-11-08 10:00:00","PROD-102","WO-10779","Dimensional Accuracy","Pass","INSP-3"
"QC-4119","2025-11-08 11:00:00","PROD-102","WO-10779","Functional Test","Pass","INSP-3"
"QC-4120","2025-11-08 12:00:00","PROD-102","WO-10779","Visual Inspection","Pass","INSP-5"
"QC-4121","2025-05-06 00:00:00","PROD-104","WO-10780","Visual Inspection","Pass","INSP-4"
"QC-4122","2025-05-06 01:00:00","PROD-104","WO-10780","Visual Inspection","Pass","INSP-5"
"QC-4123","2025-05-06 02:00:00","PROD-104","WO-10780","Visual Inspection","Pass","INSP-2"
"QC-4124","2025-05-06 03:00:00","PROD-104","WO-10780","Visual Inspection","Pass","INSP-5"
"QC-4125","2025-05-06 04:00:00","PROD-104","WO-10780","Functional Test","Pass","INSP-4"
"QC-4126","2025-05-06 05:00:00","PROD-104","WO-10780","Dimensional Accuracy","Pass","INSP-1"
"QC-4127","2025-05-06 06:00:00","PROD-104","WO-10780","Visual Inspection","Pass","INSP-2"
"QC-4128","2025-05-06 07:00:00","PROD-104","WO-10780","Visual Inspection","Pass","INSP-3"
"QC-4129","2025-05-06 08:00:00","PROD-104","WO-10780","Dimensional Accuracy","Pass","INSP-2"
"QC-4130","2025-05-06 09:00:00","PROD-104","WO-10780","Functional Test","Pass","INSP-5"
"QC-4131","2025-05-06 10:00:00","PROD-104","WO-10780","Dimensional Accuracy","Pass","INSP-4"
"QC-4132","2025-05-06 11:00:00","PROD-104","WO-10780","Visual Inspection","Pass","INSP-1"
"QC-4133","2025-05-06 12:00:00","PROD-104","WO-10780","Functional Test","Pass","INSP-1"
"QC-4134","2025-05-06 13:00:00","PROD-104","WO-10780","Visual Inspection","Pass","INSP-4"
"QC-4135","2025-05-06 14:00:00","PROD-104","WO-10780","Functional Test","Pass","INSP-2"
"QC-4136","2025-11-24 00:00:00","PROD-102","WO-10782","Dimensional Accuracy","Pass","INSP-1"
"QC-4137","2025-11-24 01:00:00","PROD-102","WO-10782","Dimensional Accuracy","Pass","INSP-5"
"QC-4138","2025-11-24 02:00:00","PROD-102","WO-10782","Visual Inspection","Pass","INSP-4"
"QC-4139","2025-11-24 03:00:00","PROD-102","WO-10782","Functional Test","Pass","INSP-2"
"QC-4140","2025-11-24 04:00:00","PROD-102","WO-10782","Functional Test","Pass","INSP-4"
"QC-4141","2025-11-24 05:00:00","PROD-102","WO-10782","Visual Inspection","Pass","INSP-5"
"QC-4142","2025-11-24 06:00:00","PROD-102","WO-10782","Functional Test","Pass","INSP-4"
"QC-4143","2025-11-24 07:00:00","PROD-102","WO-10782","Dimensional Accuracy","Pass","INSP-3"
"QC-4144","2025-11-24 08:00:00","PROD-102","WO-10782","Dimensional Accuracy","Pass","INSP-4"
"QC-4145","2025-11-24 09:00:00","PROD-102","WO-10782","Functional Test","Pass","INSP-5"
"QC-4146","2025-11-24 10:00:00","PROD-102","WO-10782","Functional Test","Pass","INSP-1"
"QC-4147","2026-01-22 00:00:00","PROD-101","WO-10783","Visual Inspection","Pass","INSP-5"
"QC-4148","2026-01-22 01:00:00","PROD-101","WO-10783","Dimensional Accuracy","Pass","INSP-5"
"QC-4149","2026-01-22 02:00:00","PROD-101","WO-10783","Visual Inspection","Pass","INSP-5"
"QC-4150","2026-01-22 03:00:00","PROD-101","WO-10783","Functional Test","Pass","INSP-3"
"QC-4151","2026-01-22 04:00:00","PROD-101","WO-10783","Visual Inspection","Pass","INSP-5"
"QC-4152","2026-01-22 05:00:00","PROD-101","WO-10783","Functional Test","Pass","INSP-4"
"QC-4153","2026-01-22 06:00:00","PROD-101","WO-10783","Functional Test","Pass","INSP-3"
"QC-4154","2026-01-22 07:00:00","PROD-101","WO-10783","Dimensional Accuracy","Pass","INSP-2"
"QC-4155","2026-01-22 08:00:00","PROD-101","WO-10783","Functional Test","Pass","INSP-5"
"QC-4156","2026-01-22 09:00:00","PROD-101","WO-10783","Visual Inspection","Pass","INSP-5"
"QC-4157","2026-01-22 10:00:00","PROD-101","WO-10783","Dimensional Accuracy","Pass","INSP-4"
"QC-4158","2026-01-22 11:00:00","PROD-101","WO-10783","Visual Inspection","Pass","INSP-5"
"QC-4159","2026-01-22 12:00:00","PROD-101","WO-10783","Dimensional Accuracy","Pass","INSP-5"
"QC-4160","2026-01-22 13:00:00","PROD-101","WO-10783","Visual Inspection","Pass","INSP-1"
"QC-4161","2026-01-22 14:00:00","PROD-101","WO-10783","Dimensional Accuracy","Pass","INSP-1"
"QC-4162","2026-01-22 15:00:00","PROD-101","WO-10783","Dimensional Accuracy","Fail","INSP-2"
"QC-4163","2026-01-22 16:00:00","PROD-101","WO-10783","Functional Test","Pass","INSP-2"
"QC-4164","2025-09-15 00:00:00","PROD-103","WO-10784","Visual Inspection","Pass","INSP-1"
"QC-4165","2025-09-15 01:00:00","PROD-103","WO-10784","Visual Inspection","Pass","INSP-2"
"QC-4166","2025-09-15 02:00:00","PROD-103","WO-10784","Functional Test","Pass","INSP-3"
"QC-4167","2025-09-15 03:00:00","PROD-103","WO-10784","Dimensional Accuracy","Pass","INSP-3"
"QC-4168","2026-01-10 00:00:00","PROD-102","WO-10785","Functional Test","Pass","INSP-3"
"QC-4169","2026-01-10 01:00:00","PROD-102","WO-10785","Dimensional Accuracy","Pass","INSP-3"
"QC-4170","2026-01-10 02:00:00","PROD-102","WO-10785","Visual Inspection","Pass","INSP-2"
"QC-4171","2026-01-10 03:00:00","PROD-102","WO-10785","Functional Test","Pass","INSP-4"
"QC-4172","2026-01-10 04:00:00","PROD-102","WO-10785","Visual Inspection","Pass","INSP-1"
"QC-4173","2026-01-10 05:00:00","PROD-102","WO-10785","Visual Inspection","Pass","INSP-5"
"QC-4174","2025-06-12 00:00:00","PROD-102","WO-10786","Functional Test","Pass","INSP-4"
"QC-4175","2025-06-12 01:00:00","PROD-102","WO-10786","Functional Test","Pass","INSP-3"
"QC-4176","2025-06-12 02:00:00","PROD-102","WO-10786","Dimensional Accuracy","Pass","INSP-4"
"QC-4177","2025-06-12 03:00:00","PROD-102","WO-10786","Visual Inspection","Pass","INSP-4"
"QC-4178","2025-06-12 04:00:00","PROD-102","WO-10786","Functional Test","Pass","INSP-5"
"QC-4179","2025-06-12 05:00:00","PROD-102","WO-10786","Visual Inspection","Pass","INSP-2"
"QC-4180","2026-03-30 00:00:00","PROD-101","WO-10787","Visual Inspection","Pass","INSP-1"
"QC-4181","2026-03-30 01:00:00","PROD-101","WO-10787","Functional Test","Pass","INSP-4"
"QC-4182","2026-03-30 02:00:00","PROD-101","WO-10787","Dimensional Accuracy","Pass","INSP-4"
"QC-4183","2026-03-30 03:00:00","PROD-101","WO-10787","Visual Inspection","Pass","INSP-2"
"QC-4184","2026-03-30 04:00:00","PROD-101","WO-10787","Functional Test","Pass","INSP-4"
"QC-4185","2025-07-05 00:00:00","PROD-101","WO-10788","Functional Test","Pass","INSP-2"
"QC-4186","2025-07-05 01:00:00","PROD-101","WO-10788","Visual Inspection","Pass","INSP-1"
"QC-4187","2025-07-05 02:00:00","PROD-101","WO-10788","Functional Test","Pass","INSP-3"
"QC-4188","2025-07-05 03:00:00","PROD-101","WO-10788","Visual Inspection","Pass","INSP-5"
"QC-4189","2025-07-05 04:00:00","PROD-101","WO-10788","Dimensional Accuracy","Pass","INSP-5"
"QC-4190","2025-07-05 05:00:00","PROD-101","WO-10788","Functional Test","Pass","INSP-2"
"QC-4191","2025-07-05 06:00:00","PROD-101","WO-10788","Visual Inspection","Pass","INSP-1"
"QC-4192","2025-07-13 00:00:00","PROD-102","WO-10789","Functional Test","Pass","INSP-2"
"QC-4193","2025-07-13 01:00:00","PROD-102","WO-10789","Functional Test","Pass","INSP-3"
"QC-4194","2025-07-13 02:00:00","PROD-102","WO-10789","Dimensional Accuracy","Fail","INSP-5"
"QC-4195","2025-07-13 03:00:00","PROD-102","WO-10789","Dimensional Accuracy","Pass","INSP-1"
"QC-4196","2025-07-13 04:00:00","PROD-102","WO-10789","Functional Test","Pass","INSP-3"
"QC-4197","2025-07-13 05:00:00","PROD-102","WO-10789","Dimensional Accuracy","Pass","INSP-1"
"QC-4198","2025-07-13 06:00:00","PROD-102","WO-10789","Dimensional Accuracy","Pass","INSP-1"
"QC-4199","2025-07-13 07:00:00","PROD-102","WO-10789","Visual Inspection","Pass","INSP-1"
"QC-4200","2025-07-13 08:00:00","PROD-102","WO-10789","Visual Inspection","Pass","INSP-3"
"QC-4201","2025-08-26 00:00:00","PROD-102","WO-10790","Dimensional Accuracy","Pass","INSP-4"
"QC-4202","2025-08-26 01:00:00","PROD-102","WO-10790","Visual Inspection","Pass","INSP-5"
"QC-4203","2025-08-26 02:00:00","PROD-102","WO-10790","Visual Inspection","Pass","INSP-5"
"QC-4204","2025-08-26 03:00:00","PROD-102","WO-10790","Dimensional Accuracy","Pass","INSP-4"
"QC-4205","2025-08-26 04:00:00","PROD-102","WO-10790","Dimensional Accuracy","Pass","INSP-4"
"QC-4206","2025-08-26 05:00:00","PROD-102","WO-10790","Functional Test","Pass","INSP-5"
"QC-4207","2025-08-26 06:00:00","PROD-102","WO-10790","Functional Test","Pass","INSP-3"
"QC-4208","2025-08-26 07:00:00","PROD-102","WO-10790","Dimensional Accuracy","Pass","INSP-3"
"QC-4209","2025-08-26 08:00:00","PROD-102","WO-10790","Visual Inspection","Pass","INSP-4"
"QC-4210","2025-08-26 09:00:00","PROD-102","WO-10790","Visual Inspection","Pass","INSP-4"
"QC-4211","2025-08-26 10:00:00","PROD-102","WO-10790","Dimensional Accuracy","Pass","INSP-3"
"QC-4212","2025-08-15 00:00:00","PROD-103","WO-10792","Functional Test","Pass","INSP-4"
"QC-4213","2025-08-15 01:00:00","PROD-103","WO-10792","Visual Inspection","Pass","INSP-4"
"QC-4214","2025-08-15 02:00:00","PROD-103","WO-10792","Visual Inspection","Pass","INSP-3"
"QC-4215","2025-08-15 03:00:00","PROD-103","WO-10792","Visual Inspection","Fail","INSP-4"
"QC-4216","2025-08-25 00:00:00","PROD-101","WO-10794","Functional Test","Pass","INSP-2"
"QC-4217","2025-08-25 01:00:00","PROD-101","WO-10794","Visual Inspection","Pass","INSP-3"
"QC-4218","2025-08-25 02:00:00","PROD-101","WO-10794","Visual Inspection","Pass","INSP-3"
"QC-4219","2025-08-25 03:00:00","PROD-101","WO-10794","Dimensional Accuracy","Pass","INSP-3"
"QC-4220","2025-08-25 04:00:00","PROD-101","WO-10794","Visual Inspection","Pass","INSP-5"
"QC-4221","2025-08-25 05:00:00","PROD-101","WO-10794","Visual Inspection","Pass","INSP-2"
"QC-4222","2025-08-25 06:00:00","PROD-101","WO-10794","Dimensional Accuracy","Pass","INSP-2"
"QC-4223","2025-08-25 07:00:00","PROD-101","WO-10794","Visual Inspection","Pass","INSP-5"
"QC-4224","2025-08-25 08:00:00","PROD-101","WO-10794","Functional Test","Pass","INSP-2"
"QC-4225","2025-08-25 09:00:00","PROD-101","WO-10794","Functional Test","Pass","INSP-1"
"QC-4226","2025-08-25 10:00:00","PROD-101","WO-10794","Visual Inspection","Fail","INSP-1"
"QC-4227","2025-08-25 11:00:00","PROD-101","WO-10794","Visual Inspection","Fail","INSP-4"
"QC-4228","2025-08-25 12:00:00","PROD-101","WO-10794","Dimensional Accuracy","Pass","INSP-3"
"QC-4229","2025-08-25 13:00:00","PROD-101","WO-10794","Functional Test","Fail","INSP-2"
"QC-4230","2025-08-25 14:00:00","PROD-101","WO-10794","Dimensional Accuracy","Pass","INSP-4"
"QC-4231","2025-08-25 15:00:00","PROD-101","WO-10794","Visual Inspection","Pass","INSP-4"
"QC-4232","2025-05-30 00:00:00","PROD-101","WO-10796","Functional Test","Pass","INSP-5"
"QC-4233","2025-05-30 01:00:00","PROD-101","WO-10796","Dimensional Accuracy","Pass","INSP-5"
"QC-4234","2025-05-30 02:00:00","PROD-101","WO-10796","Visual Inspection","Pass","INSP-1"
"QC-4235","2025-05-30 03:00:00","PROD-101","WO-10796","Dimensional Accuracy","Pass","INSP-4"
"QC-4236","2025-05-30 04:00:00","PROD-101","WO-10796","Dimensional Accuracy","Pass","INSP-1"
"QC-4237","2025-05-30 05:00:00","PROD-101","WO-10796","Functional Test","Pass","INSP-2"
"QC-4238","2025-07-31 00:00:00","PROD-102","WO-10797","Functional Test","Pass","INSP-1"
"QC-4239","2025-07-31 01:00:00","PROD-102","WO-10797","Visual Inspection","Fail","INSP-5"
"QC-4240","2025-07-31 02:00:00","PROD-102","WO-10797","Functional Test","Pass","INSP-2"
"QC-4241","2025-07-31 03:00:00","PROD-102","WO-10797","Dimensional Accuracy","Pass","INSP-1"
"QC-4242","2025-07-31 04:00:00","PROD-102","WO-10797","Dimensional Accuracy","Pass","INSP-2"
"QC-4243","2025-11-11 00:00:00","PROD-103","WO-10799","Dimensional Accuracy","Pass","INSP-1"
"QC-4244","2025-11-11 01:00:00","PROD-103","WO-10799","Visual Inspection","Pass","INSP-2"
"QC-4245","2025-11-11 02:00:00","PROD-103","WO-10799","Functional Test","Pass","INSP-3"
"QC-4246","2025-11-11 03:00:00","PROD-103","WO-10799","Visual Inspection","Pass","INSP-1"
"QC-4247","2025-11-11 04:00:00","PROD-103","WO-10799","Functional Test","Pass","INSP-3"
"QC-4248","2025-11-11 05:00:00","PROD-103","WO-10799","Dimensional Accuracy","Pass","INSP-2"
"QC-4249","2025-11-11 06:00:00","PROD-103","WO-10799","Dimensional Accuracy","Pass","INSP-1"
"QC-4250","2025-11-11 07:00:00","PROD-103","WO-10799","Dimensional Accuracy","Pass","INSP-5"
"QC-4251","2025-11-11 08:00:00","PROD-103","WO-10799","Visual Inspection","Pass","INSP-3"
"QC-4252","2025-10-30 00:00:00","PROD-103","WO-10801","Visual Inspection","Pass","INSP-5"
"QC-4253","2025-10-30 01:00:00","PROD-103","WO-10801","Dimensional Accuracy","Pass","INSP-1"
"QC-4254","2025-10-30 02:00:00","PROD-103","WO-10801","Dimensional Accuracy","Pass","INSP-4"
"QC-4255","2025-10-30 03:00:00","PROD-103","WO-10801","Dimensional Accuracy","Pass","INSP-3"
"QC-4256","2025-10-30 04:00:00","PROD-103","WO-10801","Functional Test","Pass","INSP-4"
"QC-4257","2025-10-30 05:00:00","PROD-103","WO-10801","Visual Inspection","Pass","INSP-1"
"QC-4258","2025-10-30 06:00:00","PROD-103","WO-10801","Visual Inspection","Pass","INSP-5"
"QC-4259","2025-10-30 07:00:00","PROD-103","WO-10801","Visual Inspection","Pass","INSP-1"
"QC-4260","2025-10-30 08:00:00","PROD-103","WO-10801","Functional Test","Pass","INSP-3"
"QC-4261","2025-10-30 09:00:00","PROD-103","WO-10801","Dimensional Accuracy","Pass","INSP-1"
"QC-4262","2025-11-19 00:00:00","PROD-101","WO-10802","Dimensional Accuracy","Pass","INSP-3"
"QC-4263","2025-11-19 01:00:00","PROD-101","WO-10802","Visual Inspection","Pass","INSP-3"
"QC-4264","2025-11-19 02:00:00","PROD-101","WO-10802","Visual Inspection","Pass","INSP-4"
"QC-4265","2025-06-22 00:00:00","PROD-103","WO-10804","Visual Inspection","Pass","INSP-3"
"QC-4266","2025-06-22 01:00:00","PROD-103","WO-10804","Dimensional Accuracy","Pass","INSP-3"
"QC-4267","2025-06-22 02:00:00","PROD-103","WO-10804","Visual Inspection","Pass","INSP-5"
"QC-4268","2025-06-22 03:00:00","PROD-103","WO-10804","Dimensional Accuracy","Pass","INSP-1"
"QC-4269","2025-06-22 04:00:00","PROD-103","WO-10804","Dimensional Accuracy","Pass","INSP-5"
"QC-4270","2025-06-22 05:00:00","PROD-103","WO-10804","Dimensional Accuracy","Pass","INSP-2"
"QC-4271","2025-06-22 06:00:00","PROD-103","WO-10804","Functional Test","Pass","INSP-3"
"QC-4272","2025-06-22 07:00:00","PROD-103","WO-10804","Dimensional Accuracy","Pass","INSP-2"
"QC-4273","2025-06-22 08:00:00","PROD-103","WO-10804","Visual Inspection","Pass","INSP-1"
"QC-4274","2025-06-22 09:00:00","PROD-103","WO-10804","Visual Inspection","Pass","INSP-3"
"QC-4275","2025-06-22 10:00:00","PROD-103","WO-10804","Visual Inspection","Pass","INSP-2"
"QC-4276","2025-06-22 11:00:00","PROD-103","WO-10804","Visual Inspection","Pass","INSP-1"
"QC-4277","2025-06-22 12:00:00","PROD-103","WO-10804","Dimensional Accuracy","Pass","INSP-2"
"QC-4278","2025-06-22 13:00:00","PROD-103","WO-10804","Dimensional Accuracy","Pass","INSP-5"
"QC-4279","2025-06-22 14:00:00","PROD-103","WO-10804","Dimensional Accuracy","Pass","INSP-1"
"QC-4280","2025-06-22 15:00:00","PROD-103","WO-10804","Dimensional Accuracy","Pass","INSP-5"
"QC-4281","2025-06-22 16:00:00","PROD-103","WO-10804","Functional Test","Pass","INSP-3"
"QC-4282","2026-03-27 00:00:00","PROD-104","WO-10805","Visual Inspection","Pass","INSP-1"
"QC-4283","2026-03-27 01:00:00","PROD-104","WO-10805","Functional Test","Pass","INSP-4"
"QC-4284","2026-03-27 02:00:00","PROD-104","WO-10805","Visual Inspection","Pass","INSP-2"
"QC-4285","2026-03-27 03:00:00","PROD-104","WO-10805","Visual Inspection","Pass","INSP-4"
"QC-4286","2026-03-27 04:00:00","PROD-104","WO-10805","Functional Test","Pass","INSP-3"
"QC-4287","2026-03-27 05:00:00","PROD-104","WO-10805","Dimensional Accuracy","Pass","INSP-4"
"QC-4288","2026-03-27 06:00:00","PROD-104","WO-10805","Functional Test","Fail","INSP-2"
"QC-4289","2026-03-27 07:00:00","PROD-104","WO-10805","Visual Inspection","Pass","INSP-3"
"QC-4290","2026-02-06 00:00:00","PROD-102","WO-10806","Functional Test","Pass","INSP-3"
"QC-4291","2026-02-06 01:00:00","PROD-102","WO-10806","Functional Test","Pass","INSP-3"
"QC-4292","2026-02-06 02:00:00","PROD-102","WO-10806","Visual Inspection","Pass","INSP-1"
"QC-4293","2026-02-06 03:00:00","PROD-102","WO-10806","Functional Test","Pass","INSP-4"
"QC-4294","2026-02-06 04:00:00","PROD-102","WO-10806","Functional Test","Pass","INSP-5"
"QC-4295","2026-02-06 05:00:00","PROD-102","WO-10806","Functional Test","Pass","INSP-3"
"QC-4296","2026-02-06 06:00:00","PROD-102","WO-10806","Dimensional Accuracy","Pass","INSP-5"
"QC-4297","2026-02-06 07:00:00","PROD-102","WO-10806","Functional Test","Pass","INSP-5"
"QC-4298","2026-02-06 08:00:00","PROD-102","WO-10806","Dimensional Accuracy","Fail","INSP-1"
"QC-4299","2026-02-06 09:00:00","PROD-102","WO-10806","Visual Inspection","Pass","INSP-3"
"QC-4300","2025-07-23 00:00:00","PROD-101","WO-10808","Visual Inspection","Pass","INSP-2"
"QC-4301","2025-07-23 01:00:00","PROD-101","WO-10808","Dimensional Accuracy","Pass","INSP-4"
"QC-4302","2025-07-23 02:00:00","PROD-101","WO-10808","Dimensional Accuracy","Pass","INSP-1"
"QC-4303","2025-04-11 00:00:00","PROD-103","WO-10809","Functional Test","Pass","INSP-1"
"QC-4304","2025-04-11 01:00:00","PROD-103","WO-10809","Visual Inspection","Pass","INSP-4"
"QC-4305","2025-04-11 02:00:00","PROD-103","WO-10809","Visual Inspection","Pass","INSP-2"
"QC-4306","2025-04-11 03:00:00","PROD-103","WO-10809","Dimensional Accuracy","Pass","INSP-3"
"QC-4307","2025-04-11 04:00:00","PROD-103","WO-10809","Visual Inspection","Pass","INSP-1"
"QC-4308","2025-04-11 05:00:00","PROD-103","WO-10809","Visual Inspection","Pass","INSP-2"
"QC-4309","2025-04-11 06:00:00","PROD-103","WO-10809","Functional Test","Pass","INSP-2"
"QC-4310","2025-04-11 07:00:00","PROD-103","WO-10809","Visual Inspection","Pass","INSP-4"
"QC-4311","2025-04-11 08:00:00","PROD-103","WO-10809","Functional Test","Pass","INSP-4"
"QC-4312","2025-06-30 00:00:00","PROD-103","WO-10810","Functional Test","Pass","INSP-3"
"QC-4313","2025-06-30 01:00:00","PROD-103","WO-10810","Visual Inspection","Pass","INSP-5"
"QC-4314","2025-06-30 02:00:00","PROD-103","WO-10810","Dimensional Accuracy","Pass","INSP-1"
"QC-4315","2025-06-30 03:00:00","PROD-103","WO-10810","Dimensional Accuracy","Pass","INSP-3"
"QC-4316","2025-07-29 00:00:00","PROD-102","WO-10812","Functional Test","Pass","INSP-2"
"QC-4317","2025-07-29 01:00:00","PROD-102","WO-10812","Dimensional Accuracy","Pass","INSP-5"
"QC-4318","2025-07-29 02:00:00","PROD-102","WO-10812","Dimensional Accuracy","Pass","INSP-5"
"QC-4319","2025-05-06 00:00:00","PROD-101","WO-10813","Visual Inspection","Pass","INSP-2"
"QC-4320","2025-05-06 01:00:00","PROD-101","WO-10813","Dimensional Accuracy","Pass","INSP-4"
"QC-4321","2025-05-06 02:00:00","PROD-101","WO-10813","Functional Test","Pass","INSP-3"
"QC-4322","2025-05-06 03:00:00","PROD-101","WO-10813","Dimensional Accuracy","Pass","INSP-5"
"QC-4323","2025-05-06 04:00:00","PROD-101","WO-10813","Dimensional Accuracy","Pass","INSP-4"
"QC-4324","2025-05-06 05:00:00","PROD-101","WO-10813","Visual Inspection","Pass","INSP-1"
"QC-4325","2025-05-06 06:00:00","PROD-101","WO-10813","Functional Test","Pass","INSP-2"
"QC-4326","2025-08-13 00:00:00","PROD-104","WO-10814","Dimensional Accuracy","Pass","INSP-2"
"QC-4327","2025-08-13 01:00:00","PROD-104","WO-10814","Dimensional Accuracy","Pass","INSP-3"
"QC-4328","2025-08-13 02:00:00","PROD-104","WO-10814","Functional Test","Pass","INSP-3"
"QC-4329","2025-08-13 03:00:00","PROD-104","WO-10814","Visual Inspection","Pass","INSP-2"
"QC-4330","2025-08-13 04:00:00","PROD-104","WO-10814","Functional Test","Pass","INSP-3"
"QC-4331","2025-08-13 05:00:00","PROD-104","WO-10814","Visual Inspection","Pass","INSP-3"
"QC-4332","2025-08-13 06:00:00","PROD-104","WO-10814","Visual Inspection","Pass","INSP-1"
"QC-4333","2025-08-13 07:00:00","PROD-104","WO-10814","Visual Inspection","Pass","INSP-3"
"QC-4334","2025-08-13 08:00:00","PROD-104","WO-10814","Functional Test","Pass","INSP-2"
"QC-4335","2025-08-13 09:00:00","PROD-104","WO-10814","Visual Inspection","Pass","INSP-1"
"QC-4336","2025-08-13 10:00:00","PROD-104","WO-10814","Dimensional Accuracy","Pass","INSP-2"
"QC-4337","2026-02-05 00:00:00","PROD-104","WO-10815","Visual Inspection","Pass","INSP-4"
"QC-4338","2026-02-05 01:00:00","PROD-104","WO-10815","Visual Inspection","Pass","INSP-1"
"QC-4339","2026-02-05 02:00:00","PROD-104","WO-10815","Functional Test","Pass","INSP-2"
"QC-4340","2026-02-05 03:00:00","PROD-104","WO-10815","Functional Test","Pass","INSP-2"
"QC-4341","2026-02-05 04:00:00","PROD-104","WO-10815","Dimensional Accuracy","Pass","INSP-2"
"QC-4342","2026-02-05 05:00:00","PROD-104","WO-10815","Visual Inspection","Pass","INSP-1"
"QC-4343","2026-02-05 06:00:00","PROD-104","WO-10815","Visual Inspection","Fail","INSP-5"
"QC-4344","2026-02-05 07:00:00","PROD-104","WO-10815","Functional Test","Pass","INSP-3"
"QC-4345","2026-02-05 08:00:00","PROD-104","WO-10815","Dimensional Accuracy","Pass","INSP-2"
"QC-4346","2026-02-05 09:00:00","PROD-104","WO-10815","Functional Test","Pass","INSP-3"
"QC-4347","2026-02-05 10:00:00","PROD-104","WO-10815","Functional Test","Pass","INSP-5"
"QC-4348","2025-11-21 00:00:00","PROD-104","WO-10816","Visual Inspection","Pass","INSP-3"
"QC-4349","2025-11-21 01:00:00","PROD-104","WO-10816","Visual Inspection","Pass","INSP-4"
"QC-4350","2025-11-21 02:00:00","PROD-104","WO-10816","Functional Test","Pass","INSP-1"
"QC-4351","2025-11-21 03:00:00","PROD-104","WO-10816","Dimensional Accuracy","Pass","INSP-1"
"QC-4352","2025-11-21 04:00:00","PROD-104","WO-10816","Visual Inspection","Pass","INSP-4"
"QC-4353","2025-11-21 05:00:00","PROD-104","WO-10816","Functional Test","Pass","INSP-4"
"QC-4354","2025-11-21 06:00:00","PROD-104","WO-10816","Functional Test","Pass","INSP-4"
"QC-4355","2025-11-21 07:00:00","PROD-104","WO-10816","Visual Inspection","Pass","INSP-5"
"QC-4356","2025-11-21 08:00:00","PROD-104","WO-10816","Visual Inspection","Pass","INSP-1"
"QC-4357","2025-11-21 09:00:00","PROD-104","WO-10816","Visual Inspection","Fail","INSP-3"
"QC-4358","2025-11-21 10:00:00","PROD-104","WO-10816","Dimensional Accuracy","Pass","INSP-3"
"QC-4359","2025-11-21 11:00:00","PROD-104","WO-10816","Visual Inspection","Pass","INSP-1"
"QC-4360","2025-11-21 12:00:00","PROD-104","WO-10816","Visual Inspection","Pass","INSP-2"
"QC-4361","2025-11-21 13:00:00","PROD-104","WO-10816","Dimensional Accuracy","Pass","INSP-3"
"QC-4362","2025-11-21 14:00:00","PROD-104","WO-10816","Dimensional Accuracy","Pass","INSP-5"
"QC-4363","2025-11-21 15:00:00","PROD-104","WO-10816","Visual Inspection","Pass","INSP-4"
"QC-4364","2025-11-21 16:00:00","PROD-104","WO-10816","Functional Test","Pass","INSP-5"
"QC-4365","2025-11-21 17:00:00","PROD-104","WO-10816","Dimensional Accuracy","Pass","INSP-4"
"QC-4366","2026-02-09 00:00:00","PROD-102","WO-10817","Dimensional Accuracy","Pass","INSP-2"
"QC-4367","2026-02-09 01:00:00","PROD-102","WO-10817","Visual Inspection","Pass","INSP-4"
"QC-4368","2026-02-09 02:00:00","PROD-102","WO-10817","Dimensional Accuracy","Fail","INSP-4"
"QC-4369","2025-05-06 00:00:00","PROD-104","WO-10819","Functional Test","Pass","INSP-3"
"QC-4370","2025-05-06 01:00:00","PROD-104","WO-10819","Visual Inspection","Pass","INSP-1"
"QC-4371","2025-05-06 02:00:00","PROD-104","WO-10819","Dimensional Accuracy","Pass","INSP-5"
"QC-4372","2025-05-06 03:00:00","PROD-104","WO-10819","Dimensional Accuracy","Pass","INSP-5"
"QC-4373","2025-05-06 04:00:00","PROD-104","WO-10819","Dimensional Accuracy","Pass","INSP-4"
"QC-4374","2025-05-06 05:00:00","PROD-104","WO-10819","Dimensional Accuracy","Pass","INSP-3"
"QC-4375","2025-05-06 06:00:00","PROD-104","WO-10819","Functional Test","Pass","INSP-2"
"QC-4376","2025-05-29 00:00:00","PROD-102","WO-10820","Visual Inspection","Pass","INSP-4"
"QC-4377","2025-05-29 01:00:00","PROD-102","WO-10820","Functional Test","Pass","INSP-3"
"QC-4378","2025-05-29 02:00:00","PROD-102","WO-10820","Functional Test","Pass","INSP-2"
"QC-4379","2025-05-29 03:00:00","PROD-102","WO-10820","Functional Test","Pass","INSP-2"
"QC-4380","2025-05-29 04:00:00","PROD-102","WO-10820","Visual Inspection","Pass","INSP-2"
"QC-4381","2025-09-22 00:00:00","PROD-102","WO-10821","Visual Inspection","Pass","INSP-5"
"QC-4382","2025-09-22 01:00:00","PROD-102","WO-10821","Dimensional Accuracy","Pass","INSP-4"
"QC-4383","2025-09-22 02:00:00","PROD-102","WO-10821","Dimensional Accuracy","Pass","INSP-1"
"QC-4384","2025-08-24 00:00:00","PROD-102","WO-10822","Functional Test","Pass","INSP-3"
"QC-4385","2025-08-24 01:00:00","PROD-102","WO-10822","Dimensional Accuracy","Pass","INSP-1"
"QC-4386","2025-08-24 02:00:00","PROD-102","WO-10822","Dimensional Accuracy","Pass","INSP-4"
"QC-4387","2025-08-24 03:00:00","PROD-102","WO-10822","Functional Test","Pass","INSP-3"
"QC-4388","2025-08-24 04:00:00","PROD-102","WO-10822","Dimensional Accuracy","Pass","INSP-5"
"QC-4389","2025-08-24 05:00:00","PROD-102","WO-10822","Dimensional Accuracy","Fail","INSP-4"
"QC-4390","2025-08-24 06:00:00","PROD-102","WO-10822","Visual Inspection","Pass","INSP-1"
"QC-4391","2025-08-24 07:00:00","PROD-102","WO-10822","Visual Inspection","Pass","INSP-5"
"QC-4392","2025-08-24 08:00:00","PROD-102","WO-10822","Functional Test","Fail","INSP-4"
"QC-4393","2025-08-24 09:00:00","PROD-102","WO-10822","Visual Inspection","Pass","INSP-1"
"QC-4394","2025-08-24 10:00:00","PROD-102","WO-10822","Visual Inspection","Pass","INSP-5"
"QC-4395","2025-12-05 00:00:00","PROD-103","WO-10823","Dimensional Accuracy","Pass","INSP-2"
"QC-4396","2025-12-05 01:00:00","PROD-103","WO-10823","Functional Test","Pass","INSP-5"
"QC-4397","2025-12-05 02:00:00","PROD-103","WO-10823","Functional Test","Pass","INSP-1"
"QC-4398","2025-12-05 03:00:00","PROD-103","WO-10823","Visual Inspection","Pass","INSP-5"
"QC-4399","2025-12-05 04:00:00","PROD-103","WO-10823","Dimensional Accuracy","Pass","INSP-5"
"QC-4400","2025-12-05 05:00:00","PROD-103","WO-10823","Dimensional Accuracy","Pass","INSP-5"
"QC-4401","2025-06-30 00:00:00","PROD-102","WO-10826","Visual Inspection","Pass","INSP-3"
"QC-4402","2025-06-30 01:00:00","PROD-102","WO-10826","Dimensional Accuracy","Pass","INSP-4"
"QC-4403","2025-06-30 02:00:00","PROD-102","WO-10826","Dimensional Accuracy","Pass","INSP-2"
"QC-4404","2025-06-30 03:00:00","PROD-102","WO-10826","Visual Inspection","Pass","INSP-2"
"QC-4405","2026-01-18 00:00:00","PROD-102","WO-10827","Functional Test","Pass","INSP-4"
"QC-4406","2026-01-18 01:00:00","PROD-102","WO-10827","Visual Inspection","Pass","INSP-2"
"QC-4407","2026-01-18 02:00:00","PROD-102","WO-10827","Visual Inspection","Pass","INSP-4"
"QC-4408","2026-01-18 03:00:00","PROD-102","WO-10827","Visual Inspection","Fail","INSP-5"
"QC-4409","2026-01-18 04:00:00","PROD-102","WO-10827","Functional Test","Pass","INSP-3"
"QC-4410","2026-01-18 05:00:00","PROD-102","WO-10827","Functional Test","Pass","INSP-5"
"QC-4411","2026-01-18 06:00:00","PROD-102","WO-10827","Functional Test","Pass","INSP-4"
"QC-4412","2026-01-18 07:00:00","PROD-102","WO-10827","Functional Test","Pass","INSP-1"
"QC-4413","2026-01-18 08:00:00","PROD-102","WO-10827","Dimensional Accuracy","Pass","INSP-3"
"QC-4414","2026-01-18 09:00:00","PROD-102","WO-10827","Functional Test","Pass","INSP-5"
"QC-4415","2026-01-18 10:00:00","PROD-102","WO-10827","Functional Test","Pass","INSP-5"
"QC-4416","2026-01-18 11:00:00","PROD-102","WO-10827","Functional Test","Pass","INSP-4"
"QC-4417","2026-01-18 12:00:00","PROD-102","WO-10827","Visual Inspection","Fail","INSP-3"
"QC-4418","2026-01-18 13:00:00","PROD-102","WO-10827","Functional Test","Pass","INSP-3"
"QC-4419","2025-09-12 00:00:00","PROD-103","WO-10828","Functional Test","Pass","INSP-2"
"QC-4420","2025-09-12 01:00:00","PROD-103","WO-10828","Visual Inspection","Pass","INSP-5"
"QC-4421","2025-09-12 02:00:00","PROD-103","WO-10828","Functional Test","Pass","INSP-1"
"QC-4422","2025-09-12 03:00:00","PROD-103","WO-10828","Functional Test","Pass","INSP-5"
"QC-4423","2025-09-12 04:00:00","PROD-103","WO-10828","Functional Test","Pass","INSP-1"
"QC-4424","2025-09-12 05:00:00","PROD-103","WO-10828","Visual Inspection","Pass","INSP-5"
"QC-4425","2025-09-12 06:00:00","PROD-103","WO-10828","Functional Test","Pass","INSP-3"
"QC-4426","2025-09-12 07:00:00","PROD-103","WO-10828","Visual Inspection","Pass","INSP-4"
"QC-4427","2025-09-12 08:00:00","PROD-103","WO-10828","Visual Inspection","Pass","INSP-4"
"QC-4428","2025-12-27 00:00:00","PROD-102","WO-10829","Dimensional Accuracy","Pass","INSP-2"
"QC-4429","2025-12-27 01:00:00","PROD-102","WO-10829","Functional Test","Fail","INSP-1"
"QC-4430","2025-12-27 02:00:00","PROD-102","WO-10829","Dimensional Accuracy","Pass","INSP-5"
"QC-4431","2025-12-27 03:00:00","PROD-102","WO-10829","Functional Test","Fail","INSP-5"
"QC-4432","2025-12-27 04:00:00","PROD-102","WO-10829","Visual Inspection","Pass","INSP-1"
"QC-4433","2025-12-27 05:00:00","PROD-102","WO-10829","Dimensional Accuracy","Pass","INSP-3"
"QC-4434","2025-12-21 00:00:00","PROD-104","WO-10831","Visual Inspection","Fail","INSP-2"
"QC-4435","2025-12-21 01:00:00","PROD-104","WO-10831","Functional Test","Pass","INSP-5"
"QC-4436","2025-12-21 02:00:00","PROD-104","WO-10831","Dimensional Accuracy","Pass","INSP-5"
"QC-4437","2025-12-21 03:00:00","PROD-104","WO-10831","Dimensional Accuracy","Pass","INSP-3"
"QC-4438","2025-12-21 04:00:00","PROD-104","WO-10831","Visual Inspection","Pass","INSP-3"
"QC-4439","2025-12-21 05:00:00","PROD-104","WO-10831","Dimensional Accuracy","Pass","INSP-2"
"QC-4440","2025-12-21 06:00:00","PROD-104","WO-10831","Functional Test","Pass","INSP-3"
"QC-4441","2025-12-21 07:00:00","PROD-104","WO-10831","Functional Test","Pass","INSP-1"
"QC-4442","2025-12-21 08:00:00","PROD-104","WO-10831","Dimensional Accuracy","Pass","INSP-1"
"QC-4443","2025-12-21 09:00:00","PROD-104","WO-10831","Dimensional Accuracy","Pass","INSP-1"
"QC-4444","2025-12-21 10:00:00","PROD-104","WO-10831","Functional Test","Pass","INSP-5"
"QC-4445","2025-12-21 11:00:00","PROD-104","WO-10831","Dimensional Accuracy","Pass","INSP-3"
"QC-4446","2026-03-09 00:00:00","PROD-104","WO-10832","Functional Test","Pass","INSP-5"
"QC-4447","2026-03-09 01:00:00","PROD-104","WO-10832","Functional Test","Pass","INSP-3"
"QC-4448","2026-03-09 02:00:00","PROD-104","WO-10832","Visual Inspection","Pass","INSP-4"
"QC-4449","2026-03-09 03:00:00","PROD-104","WO-10832","Functional Test","Pass","INSP-2"
"QC-4450","2026-03-09 04:00:00","PROD-104","WO-10832","Visual Inspection","Fail","INSP-5"
"QC-4451","2026-03-09 05:00:00","PROD-104","WO-10832","Dimensional Accuracy","Pass","INSP-2"
"QC-4452","2026-03-09 06:00:00","PROD-104","WO-10832","Functional Test","Pass","INSP-4"
"QC-4453","2026-03-09 07:00:00","PROD-104","WO-10832","Functional Test","Pass","INSP-5"
"QC-4454","2026-03-09 08:00:00","PROD-104","WO-10832","Visual Inspection","Pass","INSP-5"
"QC-4455","2026-03-09 09:00:00","PROD-104","WO-10832","Functional Test","Pass","INSP-5"
"QC-4456","2026-03-09 10:00:00","PROD-104","WO-10832","Functional Test","Pass","INSP-2"
"QC-4457","2026-03-09 11:00:00","PROD-104","WO-10832","Visual Inspection","Pass","INSP-5"
"QC-4458","2026-03-09 12:00:00","PROD-104","WO-10832","Functional Test","Pass","INSP-2"
"QC-4459","2026-03-09 13:00:00","PROD-104","WO-10832","Visual Inspection","Pass","INSP-4"
"QC-4460","2026-03-09 14:00:00","PROD-104","WO-10832","Functional Test","Pass","INSP-5"
"QC-4461","2026-03-09 15:00:00","PROD-104","WO-10832","Functional Test","Pass","INSP-1"
"QC-4462","2026-03-09 16:00:00","PROD-104","WO-10832","Functional Test","Pass","INSP-3"
"QC-4463","2026-03-23 00:00:00","PROD-103","WO-10833","Visual Inspection","Pass","INSP-5"
"QC-4464","2026-03-23 01:00:00","PROD-103","WO-10833","Dimensional Accuracy","Pass","INSP-2"
"QC-4465","2026-03-23 02:00:00","PROD-103","WO-10833","Dimensional Accuracy","Pass","INSP-2"
"QC-4466","2026-03-23 03:00:00","PROD-103","WO-10833","Dimensional Accuracy","Pass","INSP-5"
"QC-4467","2026-03-23 04:00:00","PROD-103","WO-10833","Functional Test","Pass","INSP-4"
"QC-4468","2026-03-23 05:00:00","PROD-103","WO-10833","Dimensional Accuracy","Pass","INSP-4"
"QC-4469","2026-03-23 06:00:00","PROD-103","WO-10833","Visual Inspection","Pass","INSP-2"
"QC-4470","2025-05-30 00:00:00","PROD-102","WO-10835","Visual Inspection","Pass","INSP-5"
"QC-4471","2025-05-30 01:00:00","PROD-102","WO-10835","Functional Test","Pass","INSP-3"
"QC-4472","2025-05-30 02:00:00","PROD-102","WO-10835","Functional Test","Pass","INSP-2"
"QC-4473","2025-05-30 03:00:00","PROD-102","WO-10835","Functional Test","Pass","INSP-3"
"QC-4474","2025-05-30 04:00:00","PROD-102","WO-10835","Visual Inspection","Fail","INSP-5"
"QC-4475","2025-05-30 05:00:00","PROD-102","WO-10835","Dimensional Accuracy","Pass","INSP-5"
"QC-4476","2025-05-30 06:00:00","PROD-102","WO-10835","Functional Test","Pass","INSP-4"
"QC-4477","2025-05-30 07:00:00","PROD-102","WO-10835","Functional Test","Pass","INSP-1"
"QC-4478","2025-05-30 08:00:00","PROD-102","WO-10835","Dimensional Accuracy","Pass","INSP-1"
"QC-4479","2025-05-30 09:00:00","PROD-102","WO-10835","Dimensional Accuracy","Pass","INSP-5"
"QC-4480","2025-05-30 10:00:00","PROD-102","WO-10835","Dimensional Accuracy","Pass","INSP-4"
"QC-4481","2025-05-30 11:00:00","PROD-102","WO-10835","Functional Test","Pass","INSP-5"
"QC-4482","2025-05-30 12:00:00","PROD-102","WO-10835","Functional Test","Pass","INSP-4"
"QC-4483","2025-05-30 13:00:00","PROD-102","WO-10835","Functional Test","Pass","INSP-5"
"QC-4484","2025-09-21 00:00:00","PROD-102","WO-10836","Visual Inspection","Pass","INSP-4"
"QC-4485","2025-09-21 01:00:00","PROD-102","WO-10836","Dimensional Accuracy","Pass","INSP-3"
"QC-4486","2025-09-21 02:00:00","PROD-102","WO-10836","Dimensional Accuracy","Pass","INSP-3"
"QC-4487","2025-09-21 03:00:00","PROD-102","WO-10836","Functional Test","Pass","INSP-1"
"QC-4488","2025-09-21 04:00:00","PROD-102","WO-10836","Functional Test","Pass","INSP-4"
"QC-4489","2025-09-21 05:00:00","PROD-102","WO-10836","Dimensional Accuracy","Fail","INSP-3"
"QC-4490","2025-09-21 06:00:00","PROD-102","WO-10836","Visual Inspection","Pass","INSP-2"
"QC-4491","2025-09-21 07:00:00","PROD-102","WO-10836","Functional Test","Pass","INSP-1"
"QC-4492","2025-09-21 08:00:00","PROD-102","WO-10836","Functional Test","Pass","INSP-1"
"QC-4493","2025-09-21 09:00:00","PROD-102","WO-10836","Visual Inspection","Pass","INSP-4"
"QC-4494","2026-03-18 00:00:00","PROD-102","WO-10838","Visual Inspection","Pass","INSP-1"
"QC-4495","2026-03-18 01:00:00","PROD-102","WO-10838","Functional Test","Pass","INSP-4"
"QC-4496","2026-03-18 02:00:00","PROD-102","WO-10838","Dimensional Accuracy","Pass","INSP-5"
"QC-4497","2025-11-19 00:00:00","PROD-102","WO-10839","Dimensional Accuracy","Pass","INSP-2"
"QC-4498","2025-11-19 01:00:00","PROD-102","WO-10839","Visual Inspection","Pass","INSP-5"
"QC-4499","2025-11-19 02:00:00","PROD-102","WO-10839","Visual Inspection","Pass","INSP-4"
"QC-4500","2025-11-19 03:00:00","PROD-102","WO-10839","Functional Test","Pass","INSP-5"
"QC-4501","2025-11-19 04:00:00","PROD-102","WO-10839","Visual Inspection","Pass","INSP-2"
"QC-4502","2025-11-19 05:00:00","PROD-102","WO-10839","Dimensional Accuracy","Pass","INSP-2"
"QC-4503","2025-11-19 06:00:00","PROD-102","WO-10839","Dimensional Accuracy","Pass","INSP-2"
"QC-4504","2025-11-19 07:00:00","PROD-102","WO-10839","Dimensional Accuracy","Pass","INSP-5"
"QC-4505","2025-11-19 08:00:00","PROD-102","WO-10839","Visual Inspection","Pass","INSP-5"
"QC-4506","2025-11-19 09:00:00","PROD-102","WO-10839","Functional Test","Pass","INSP-1"
"QC-4507","2025-11-19 10:00:00","PROD-102","WO-10839","Visual Inspection","Pass","INSP-4"
"QC-4508","2025-11-19 11:00:00","PROD-102","WO-10839","Visual Inspection","Pass","INSP-1"
"QC-4509","2025-11-19 12:00:00","PROD-102","WO-10839","Dimensional Accuracy","Pass","INSP-3"
"QC-4510","2025-04-29 00:00:00","PROD-102","WO-10840","Visual Inspection","Pass","INSP-5"
"QC-4511","2025-04-29 01:00:00","PROD-102","WO-10840","Visual Inspection","Pass","INSP-3"
"QC-4512","2025-04-30 00:00:00","PROD-103","WO-10841","Visual Inspection","Pass","INSP-3"
"QC-4513","2025-04-30 01:00:00","PROD-103","WO-10841","Functional Test","Pass","INSP-4"
"QC-4514","2025-04-30 02:00:00","PROD-103","WO-10841","Dimensional Accuracy","Pass","INSP-1"
"QC-4515","2025-09-09 00:00:00","PROD-103","WO-10842","Functional Test","Pass","INSP-5"
"QC-4516","2025-09-09 01:00:00","PROD-103","WO-10842","Functional Test","Pass","INSP-3"
"QC-4517","2025-09-09 02:00:00","PROD-103","WO-10842","Visual Inspection","Pass","INSP-1"
"QC-4518","2025-09-09 03:00:00","PROD-103","WO-10842","Visual Inspection","Pass","INSP-4"
"QC-4519","2025-09-09 04:00:00","PROD-103","WO-10842","Dimensional Accuracy","Pass","INSP-4"
"QC-4520","2025-09-09 05:00:00","PROD-103","WO-10842","Functional Test","Pass","INSP-1"
"QC-4521","2025-09-09 06:00:00","PROD-103","WO-10842","Dimensional Accuracy","Pass","INSP-5"
"QC-4522","2025-09-09 07:00:00","PROD-103","WO-10842","Dimensional Accuracy","Pass","INSP-5"
"QC-4523","2025-09-09 08:00:00","PROD-103","WO-10842","Dimensional Accuracy","Pass","INSP-2"
"QC-4524","2025-09-09 09:00:00","PROD-103","WO-10842","Dimensional Accuracy","Pass","INSP-2"
"QC-4525","2025-09-09 10:00:00","PROD-103","WO-10842","Dimensional Accuracy","Pass","INSP-4"
"QC-4526","2025-09-09 11:00:00","PROD-103","WO-10842","Functional Test","Pass","INSP-1"
"QC-4527","2025-09-09 12:00:00","PROD-103","WO-10842","Dimensional Accuracy","Pass","INSP-3"
"QC-4528","2025-09-09 13:00:00","PROD-103","WO-10842","Dimensional Accuracy","Pass","INSP-5"
"QC-4529","2025-06-02 00:00:00","PROD-102","WO-10843","Dimensional Accuracy","Pass","INSP-5"
"QC-4530","2025-06-02 01:00:00","PROD-102","WO-10843","Visual Inspection","Pass","INSP-1"
"QC-4531","2025-06-02 02:00:00","PROD-102","WO-10843","Visual Inspection","Pass","INSP-5"
"QC-4532","2025-06-02 03:00:00","PROD-102","WO-10843","Visual Inspection","Pass","INSP-4"
"QC-4533","2025-06-02 04:00:00","PROD-102","WO-10843","Functional Test","Pass","INSP-2"
"QC-4534","2025-06-02 05:00:00","PROD-102","WO-10843","Functional Test","Pass","INSP-4"
"QC-4535","2025-06-02 06:00:00","PROD-102","WO-10843","Functional Test","Pass","INSP-3"
"QC-4536","2025-06-02 07:00:00","PROD-102","WO-10843","Visual Inspection","Pass","INSP-2"
"QC-4537","2025-06-02 08:00:00","PROD-102","WO-10843","Functional Test","Pass","INSP-3"
"QC-4538","2025-06-02 09:00:00","PROD-102","WO-10843","Functional Test","Pass","INSP-2"
"QC-4539","2026-03-27 00:00:00","PROD-102","WO-10846","Functional Test","Pass","INSP-4"
"QC-4540","2026-03-27 01:00:00","PROD-102","WO-10846","Visual Inspection","Pass","INSP-2"
"QC-4541","2026-03-27 02:00:00","PROD-102","WO-10846","Dimensional Accuracy","Pass","INSP-5"
"QC-4542","2026-03-27 03:00:00","PROD-102","WO-10846","Functional Test","Pass","INSP-4"
"QC-4543","2026-03-27 04:00:00","PROD-102","WO-10846","Visual Inspection","Pass","INSP-2"
"QC-4544","2026-03-27 05:00:00","PROD-102","WO-10846","Visual Inspection","Pass","INSP-2"
"QC-4545","2026-03-27 06:00:00","PROD-102","WO-10846","Functional Test","Pass","INSP-1"
"QC-4546","2026-03-27 07:00:00","PROD-102","WO-10846","Visual Inspection","Pass","INSP-4"
"QC-4547","2025-08-17 00:00:00","PROD-101","WO-10848","Dimensional Accuracy","Pass","INSP-2"
"QC-4548","2025-08-17 01:00:00","PROD-101","WO-10848","Functional Test","Pass","INSP-5"
"QC-4549","2025-08-17 02:00:00","PROD-101","WO-10848","Functional Test","Pass","INSP-5"
"QC-4550","2025-08-17 03:00:00","PROD-101","WO-10848","Visual Inspection","Fail","INSP-5"
"QC-4551","2025-08-17 04:00:00","PROD-101","WO-10848","Dimensional Accuracy","Pass","INSP-5"
"QC-4552","2025-08-17 05:00:00","PROD-101","WO-10848","Functional Test","Pass","INSP-3"
"QC-4553","2025-08-17 06:00:00","PROD-101","WO-10848","Functional Test","Pass","INSP-5"
"QC-4554","2025-08-17 07:00:00","PROD-101","WO-10848","Visual Inspection","Pass","INSP-3"
"QC-4555","2025-08-17 08:00:00","PROD-101","WO-10848","Functional Test","Pass","INSP-4"
"QC-4556","2025-08-17 09:00:00","PROD-101","WO-10848","Functional Test","Pass","INSP-5"
"QC-4557","2025-08-17 10:00:00","PROD-101","WO-10848","Dimensional Accuracy","Pass","INSP-3"
"QC-4558","2025-08-17 11:00:00","PROD-101","WO-10848","Functional Test","Pass","INSP-3"
"QC-4559","2026-01-20 00:00:00","PROD-102","WO-10851","Visual Inspection","Pass","INSP-4"
"QC-4560","2026-01-20 01:00:00","PROD-102","WO-10851","Functional Test","Pass","INSP-2"
"QC-4561","2026-01-20 02:00:00","PROD-102","WO-10851","Dimensional Accuracy","Pass","INSP-4"
"QC-4562","2026-01-20 03:00:00","PROD-102","WO-10851","Dimensional Accuracy","Pass","INSP-4"
"QC-4563","2026-01-20 04:00:00","PROD-102","WO-10851","Dimensional Accuracy","Pass","INSP-2"
"QC-4564","2025-05-29 00:00:00","PROD-103","WO-10852","Dimensional Accuracy","Pass","INSP-5"
"QC-4565","2025-05-29 01:00:00","PROD-103","WO-10852","Dimensional Accuracy","Pass","INSP-3"
"QC-4566","2025-05-29 02:00:00","PROD-103","WO-10852","Visual Inspection","Pass","INSP-1"
"QC-4567","2025-05-29 03:00:00","PROD-103","WO-10852","Functional Test","Pass","INSP-4"
"QC-4568","2026-01-10 00:00:00","PROD-104","WO-10856","Visual Inspection","Pass","INSP-1"
"QC-4569","2026-01-10 01:00:00","PROD-104","WO-10856","Functional Test","Pass","INSP-2"
"QC-4570","2026-01-10 02:00:00","PROD-104","WO-10856","Visual Inspection","Fail","INSP-3"
"QC-4571","2026-01-10 03:00:00","PROD-104","WO-10856","Functional Test","Fail","INSP-4"
"QC-4572","2026-01-10 04:00:00","PROD-104","WO-10856","Functional Test","Pass","INSP-1"
"QC-4573","2026-01-10 05:00:00","PROD-104","WO-10856","Functional Test","Pass","INSP-2"
"QC-4574","2026-01-10 06:00:00","PROD-104","WO-10856","Visual Inspection","Pass","INSP-4"
"QC-4575","2026-01-10 07:00:00","PROD-104","WO-10856","Visual Inspection","Pass","INSP-3"
"QC-4576","2025-09-24 00:00:00","PROD-103","WO-10857","Visual Inspection","Fail","INSP-4"
"QC-4577","2025-09-24 01:00:00","PROD-103","WO-10857","Dimensional Accuracy","Pass","INSP-4"
"QC-4578","2025-09-24 02:00:00","PROD-103","WO-10857","Functional Test","Pass","INSP-1"
"QC-4579","2025-09-24 03:00:00","PROD-103","WO-10857","Functional Test","Pass","INSP-4"
"QC-4580","2025-09-24 04:00:00","PROD-103","WO-10857","Visual Inspection","Pass","INSP-4"
"QC-4581","2025-09-24 05:00:00","PROD-103","WO-10857","Functional Test","Pass","INSP-5"
"QC-4582","2025-09-24 06:00:00","PROD-103","WO-10857","Dimensional Accuracy","Pass","INSP-5"
"QC-4583","2026-03-28 00:00:00","PROD-104","WO-10858","Visual Inspection","Fail","INSP-3"
"QC-4584","2026-03-28 01:00:00","PROD-104","WO-10858","Functional Test","Pass","INSP-2"
"QC-4585","2026-03-28 02:00:00","PROD-104","WO-10858","Dimensional Accuracy","Pass","INSP-1"
"QC-4586","2026-03-28 03:00:00","PROD-104","WO-10858","Dimensional Accuracy","Pass","INSP-1"
"QC-4587","2026-03-28 04:00:00","PROD-104","WO-10858","Functional Test","Fail","INSP-1"
"QC-4588","2026-03-28 05:00:00","PROD-104","WO-10858","Visual Inspection","Pass","INSP-3"
"QC-4589","2025-05-13 00:00:00","PROD-102","WO-10859","Dimensional Accuracy","Pass","INSP-1"
"QC-4590","2025-05-13 01:00:00","PROD-102","WO-10859","Dimensional Accuracy","Pass","INSP-3"
"QC-4591","2025-05-13 02:00:00","PROD-102","WO-10859","Dimensional Accuracy","Pass","INSP-4"
"QC-4592","2025-05-13 03:00:00","PROD-102","WO-10859","Visual Inspection","Pass","INSP-4"
"QC-4593","2025-05-13 04:00:00","PROD-102","WO-10859","Dimensional Accuracy","Pass","INSP-3"
"QC-4594","2025-05-13 05:00:00","PROD-102","WO-10859","Visual Inspection","Pass","INSP-3"
"QC-4595","2025-05-13 06:00:00","PROD-102","WO-10859","Dimensional Accuracy","Pass","INSP-1"
"QC-4596","2025-05-13 07:00:00","PROD-102","WO-10859","Visual Inspection","Pass","INSP-3"
"QC-4597","2025-05-13 08:00:00","PROD-102","WO-10859","Dimensional Accuracy","Fail","INSP-3"
"QC-4598","2025-05-13 09:00:00","PROD-102","WO-10859","Visual Inspection","Pass","INSP-3"
"QC-4599","2025-05-13 10:00:00","PROD-102","WO-10859","Functional Test","Pass","INSP-3"
"QC-4600","2025-05-13 11:00:00","PROD-102","WO-10859","Dimensional Accuracy","Pass","INSP-5"
"QC-4601","2025-04-15 00:00:00","PROD-101","WO-10860","Functional Test","Pass","INSP-3"
"QC-4602","2025-04-15 01:00:00","PROD-101","WO-10860","Functional Test","Pass","INSP-5"
"QC-4603","2025-04-15 02:00:00","PROD-101","WO-10860","Dimensional Accuracy","Pass","INSP-2"
"QC-4604","2025-04-15 03:00:00","PROD-101","WO-10860","Dimensional Accuracy","Pass","INSP-1"
"QC-4605","2025-04-15 04:00:00","PROD-101","WO-10860","Functional Test","Pass","INSP-5"
"QC-4606","2025-04-15 05:00:00","PROD-101","WO-10860","Functional Test","Pass","INSP-3"
"QC-4607","2025-04-15 06:00:00","PROD-101","WO-10860","Dimensional Accuracy","Pass","INSP-2"
"QC-4608","2025-04-15 07:00:00","PROD-101","WO-10860","Visual Inspection","Pass","INSP-3"
"QC-4609","2025-04-15 08:00:00","PROD-101","WO-10860","Visual Inspection","Pass","INSP-3"
"QC-4610","2025-12-07 00:00:00","PROD-104","WO-10861","Functional Test","Pass","INSP-5"
"QC-4611","2025-12-07 01:00:00","PROD-104","WO-10861","Functional Test","Pass","INSP-5"
"QC-4612","2025-12-07 02:00:00","PROD-104","WO-10861","Functional Test","Pass","INSP-2"
"QC-4613","2025-12-07 03:00:00","PROD-104","WO-10861","Visual Inspection","Pass","INSP-4"
"QC-4614","2025-08-21 00:00:00","PROD-103","WO-10862","Visual Inspection","Pass","INSP-3"
"QC-4615","2025-08-21 01:00:00","PROD-103","WO-10862","Functional Test","Pass","INSP-2"
"QC-4616","2025-08-21 02:00:00","PROD-103","WO-10862","Dimensional Accuracy","Pass","INSP-2"
"QC-4617","2025-08-21 03:00:00","PROD-103","WO-10862","Dimensional Accuracy","Pass","INSP-3"
"QC-4618","2025-08-21 04:00:00","PROD-103","WO-10862","Functional Test","Pass","INSP-5"
"QC-4619","2025-08-21 05:00:00","PROD-103","WO-10862","Functional Test","Pass","INSP-2"
"QC-4620","2025-08-21 06:00:00","PROD-103","WO-10862","Visual Inspection","Pass","INSP-2"
"QC-4621","2025-08-21 07:00:00","PROD-103","WO-10862","Functional Test","Pass","INSP-4"
"QC-4622","2025-08-21 08:00:00","PROD-103","WO-10862","Visual Inspection","Pass","INSP-1"
"QC-4623","2025-08-21 09:00:00","PROD-103","WO-10862","Visual Inspection","Pass","INSP-1"
"QC-4624","2025-08-21 10:00:00","PROD-103","WO-10862","Visual Inspection","Pass","INSP-5"
"QC-4625","2025-08-21 11:00:00","PROD-103","WO-10862","Dimensional Accuracy","Pass","INSP-3"
"QC-4626","2025-08-21 12:00:00","PROD-103","WO-10862","Dimensional Accuracy","Pass","INSP-5"
"QC-4627","2025-08-21 13:00:00","PROD-103","WO-10862","Functional Test","Pass","INSP-4"
"QC-4628","2025-08-21 14:00:00","PROD-103","WO-10862","Functional Test","Fail","INSP-1"
"QC-4629","2025-08-21 15:00:00","PROD-103","WO-10862","Dimensional Accuracy","Pass","INSP-4"
"QC-4630","2025-08-21 16:00:00","PROD-103","WO-10862","Dimensional Accuracy","Pass","INSP-1"
"QC-4631","2025-08-21 17:00:00","PROD-103","WO-10862","Dimensional Accuracy","Pass","INSP-5"
"QC-4632","2025-08-21 18:00:00","PROD-103","WO-10862","Dimensional Accuracy","Pass","INSP-4"
"QC-4633","2025-08-12 00:00:00","PROD-101","WO-10865","Functional Test","Pass","INSP-5"
"QC-4634","2025-08-12 01:00:00","PROD-101","WO-10865","Dimensional Accuracy","Pass","INSP-2"
"QC-4635","2025-08-12 02:00:00","PROD-101","WO-10865","Functional Test","Pass","INSP-1"
"QC-4636","2025-08-12 03:00:00","PROD-101","WO-10865","Functional Test","Pass","INSP-4"
"QC-4637","2025-08-12 04:00:00","PROD-101","WO-10865","Visual Inspection","Pass","INSP-5"
"QC-4638","2025-08-12 05:00:00","PROD-101","WO-10865","Visual Inspection","Pass","INSP-1"
"QC-4639","2025-08-12 06:00:00","PROD-101","WO-10865","Functional Test","Pass","INSP-5"
"QC-4640","2025-08-12 07:00:00","PROD-101","WO-10865","Dimensional Accuracy","Pass","INSP-5"
"QC-4641","2026-03-12 00:00:00","PROD-102","WO-10866","Visual Inspection","Pass","INSP-2"
"QC-4642","2026-03-12 01:00:00","PROD-102","WO-10866","Functional Test","Pass","INSP-5"
"QC-4643","2026-03-12 02:00:00","PROD-102","WO-10866","Functional Test","Pass","INSP-3"
"QC-4644","2026-03-12 03:00:00","PROD-102","WO-10866","Dimensional Accuracy","Pass","INSP-3"
"QC-4645","2026-03-12 04:00:00","PROD-102","WO-10866","Dimensional Accuracy","Pass","INSP-5"
"QC-4646","2026-03-12 05:00:00","PROD-102","WO-10866","Visual Inspection","Pass","INSP-5"
"QC-4647","2026-03-12 06:00:00","PROD-102","WO-10866","Functional Test","Pass","INSP-5"
"QC-4648","2026-03-12 07:00:00","PROD-102","WO-10866","Visual Inspection","Pass","INSP-2"
"QC-4649","2026-03-12 08:00:00","PROD-102","WO-10866","Functional Test","Pass","INSP-2"
"QC-4650","2026-02-18 00:00:00","PROD-104","WO-10867","Dimensional Accuracy","Pass","INSP-3"
"QC-4651","2026-02-18 01:00:00","PROD-104","WO-10867","Dimensional Accuracy","Pass","INSP-1"
"QC-4652","2026-02-18 02:00:00","PROD-104","WO-10867","Visual Inspection","Pass","INSP-3"
"QC-4653","2026-02-18 03:00:00","PROD-104","WO-10867","Dimensional Accuracy","Pass","INSP-2"
"QC-4654","2026-02-18 04:00:00","PROD-104","WO-10867","Functional Test","Pass","INSP-1"
"QC-4655","2026-02-18 05:00:00","PROD-104","WO-10867","Visual Inspection","Pass","INSP-3"
"QC-4656","2026-02-18 06:00:00","PROD-104","WO-10867","Visual Inspection","Pass","INSP-5"
"QC-4657","2026-02-18 07:00:00","PROD-104","WO-10867","Functional Test","Pass","INSP-5"
"QC-4658","2025-08-06 00:00:00","PROD-102","WO-10868","Visual Inspection","Pass","INSP-4"
"QC-4659","2025-08-06 01:00:00","PROD-102","WO-10868","Dimensional Accuracy","Pass","INSP-5"
"QC-4660","2025-08-06 02:00:00","PROD-102","WO-10868","Dimensional Accuracy","Pass","INSP-3"
"QC-4661","2025-08-06 03:00:00","PROD-102","WO-10868","Functional Test","Pass","INSP-1"
"QC-4662","2025-08-06 04:00:00","PROD-102","WO-10868","Visual Inspection","Pass","INSP-4"
"QC-4663","2025-08-06 05:00:00","PROD-102","WO-10868","Visual Inspection","Pass","INSP-5"
"QC-4664","2025-08-06 06:00:00","PROD-102","WO-10868","Functional Test","Pass","INSP-4"
"QC-4665","2025-08-06 07:00:00","PROD-102","WO-10868","Dimensional Accuracy","Pass","INSP-2"
"QC-4666","2025-08-06 08:00:00","PROD-102","WO-10868","Visual Inspection","Pass","INSP-2"
"QC-4667","2025-08-30 00:00:00","PROD-103","WO-10869","Dimensional Accuracy","Fail","INSP-4"
"QC-4668","2025-08-30 01:00:00","PROD-103","WO-10869","Functional Test","Pass","INSP-1"
"QC-4669","2025-08-30 02:00:00","PROD-103","WO-10869","Visual Inspection","Pass","INSP-2"
"QC-4670","2026-03-07 00:00:00","PROD-101","WO-10870","Dimensional Accuracy","Pass","INSP-2"
"QC-4671","2026-03-07 01:00:00","PROD-101","WO-10870","Dimensional Accuracy","Pass","INSP-4"
"QC-4672","2026-03-07 02:00:00","PROD-101","WO-10870","Visual Inspection","Pass","INSP-5"
"QC-4673","2026-03-07 03:00:00","PROD-101","WO-10870","Visual Inspection","Pass","INSP-1"
"QC-4674","2026-03-07 04:00:00","PROD-101","WO-10870","Functional Test","Pass","INSP-5"
"QC-4675","2026-03-07 05:00:00","PROD-101","WO-10870","Dimensional Accuracy","Pass","INSP-2"
"QC-4676","2026-03-07 06:00:00","PROD-101","WO-10870","Visual Inspection","Pass","INSP-3"
"QC-4677","2026-02-13 00:00:00","PROD-103","WO-10871","Functional Test","Fail","INSP-5"
"QC-4678","2026-02-13 01:00:00","PROD-103","WO-10871","Dimensional Accuracy","Pass","INSP-4"
"QC-4679","2026-02-13 02:00:00","PROD-103","WO-10871","Visual Inspection","Pass","INSP-1"
"QC-4680","2026-02-13 03:00:00","PROD-103","WO-10871","Dimensional Accuracy","Pass","INSP-1"
"QC-4681","2026-02-13 04:00:00","PROD-103","WO-10871","Visual Inspection","Fail","INSP-4"
"QC-4682","2026-02-13 05:00:00","PROD-103","WO-10871","Visual Inspection","Pass","INSP-1"
"QC-4683","2025-05-31 00:00:00","PROD-104","WO-10874","Visual Inspection","Pass","INSP-4"
"QC-4684","2025-05-31 01:00:00","PROD-104","WO-10874","Functional Test","Fail","INSP-1"
"QC-4685","2025-05-31 02:00:00","PROD-104","WO-10874","Functional Test","Pass","INSP-5"
"QC-4686","2025-05-31 03:00:00","PROD-104","WO-10874","Dimensional Accuracy","Pass","INSP-5"
"QC-4687","2025-05-31 04:00:00","PROD-104","WO-10874","Dimensional Accuracy","Pass","INSP-5"
"QC-4688","2025-10-04 00:00:00","PROD-104","WO-10875","Visual Inspection","Pass","INSP-5"
"QC-4689","2025-10-04 01:00:00","PROD-104","WO-10875","Visual Inspection","Pass","INSP-2"
"QC-4690","2025-10-04 02:00:00","PROD-104","WO-10875","Visual Inspection","Pass","INSP-1"
"QC-4691","2025-10-04 03:00:00","PROD-104","WO-10875","Dimensional Accuracy","Pass","INSP-1"
"QC-4692","2025-10-04 04:00:00","PROD-104","WO-10875","Dimensional Accuracy","Pass","INSP-5"
"QC-4693","2025-10-04 05:00:00","PROD-104","WO-10875","Dimensional Accuracy","Pass","INSP-5"
"QC-4694","2025-10-04 06:00:00","PROD-104","WO-10875","Functional Test","Pass","INSP-4"
"QC-4695","2025-10-04 07:00:00","PROD-104","WO-10875","Dimensional Accuracy","Pass","INSP-5"
"QC-4696","2025-10-04 08:00:00","PROD-104","WO-10875","Functional Test","Pass","INSP-5"
"QC-4697","2025-10-04 09:00:00","PROD-104","WO-10875","Functional Test","Fail","INSP-4"
"QC-4698","2025-05-14 00:00:00","PROD-103","WO-10878","Visual Inspection","Pass","INSP-4"
"QC-4699","2025-05-14 01:00:00","PROD-103","WO-10878","Dimensional Accuracy","Pass","INSP-3"
"QC-4700","2025-05-14 02:00:00","PROD-103","WO-10878","Dimensional Accuracy","Pass","INSP-5"
"QC-4701","2025-11-16 00:00:00","PROD-104","WO-10880","Visual Inspection","Pass","INSP-2"
"QC-4702","2025-11-16 01:00:00","PROD-104","WO-10880","Functional Test","Pass","INSP-3"
"QC-4703","2025-11-16 02:00:00","PROD-104","WO-10880","Visual Inspection","Pass","INSP-1"
"QC-4704","2025-11-16 03:00:00","PROD-104","WO-10880","Dimensional Accuracy","Pass","INSP-4"
"QC-4705","2025-11-16 04:00:00","PROD-104","WO-10880","Functional Test","Pass","INSP-2"
"QC-4706","2025-11-16 05:00:00","PROD-104","WO-10880","Dimensional Accuracy","Pass","INSP-2"
"QC-4707","2025-11-16 06:00:00","PROD-104","WO-10880","Functional Test","Pass","INSP-3"
"QC-4708","2025-11-16 07:00:00","PROD-104","WO-10880","Functional Test","Pass","INSP-5"
"QC-4709","2025-11-16 08:00:00","PROD-104","WO-10880","Visual Inspection","Pass","INSP-2"
"QC-4710","2025-11-16 09:00:00","PROD-104","WO-10880","Functional Test","Pass","INSP-3"
"QC-4711","2025-11-16 10:00:00","PROD-104","WO-10880","Dimensional Accuracy","Pass","INSP-5"
"QC-4712","2025-05-02 00:00:00","PROD-103","WO-10882","Functional Test","Pass","INSP-3"
"QC-4713","2025-05-02 01:00:00","PROD-103","WO-10882","Functional Test","Fail","INSP-2"
"QC-4714","2025-05-02 02:00:00","PROD-103","WO-10882","Dimensional Accuracy","Pass","INSP-1"
"QC-4715","2025-05-02 03:00:00","PROD-103","WO-10882","Visual Inspection","Pass","INSP-2"
"QC-4716","2025-05-02 04:00:00","PROD-103","WO-10882","Dimensional Accuracy","Pass","INSP-4"
"QC-4717","2025-05-02 05:00:00","PROD-103","WO-10882","Visual Inspection","Pass","INSP-1"
"QC-4718","2026-02-27 00:00:00","PROD-103","WO-10883","Dimensional Accuracy","Fail","INSP-2"
"QC-4719","2026-02-27 01:00:00","PROD-103","WO-10883","Visual Inspection","Pass","INSP-4"
"QC-4720","2026-02-27 02:00:00","PROD-103","WO-10883","Visual Inspection","Pass","INSP-3"
"QC-4721","2025-12-07 00:00:00","PROD-101","WO-10886","Dimensional Accuracy","Pass","INSP-2"
"QC-4722","2025-12-07 01:00:00","PROD-101","WO-10886","Functional Test","Pass","INSP-1"
"QC-4723","2025-12-07 02:00:00","PROD-101","WO-10886","Functional Test","Pass","INSP-5"
"QC-4724","2025-12-07 03:00:00","PROD-101","WO-10886","Dimensional Accuracy","Pass","INSP-5"
"QC-4725","2025-12-07 04:00:00","PROD-101","WO-10886","Dimensional Accuracy","Pass","INSP-4"
"QC-4726","2025-12-07 05:00:00","PROD-101","WO-10886","Functional Test","Pass","INSP-2"
"QC-4727","2026-03-18 00:00:00","PROD-104","WO-10887","Functional Test","Pass","INSP-4"
"QC-4728","2026-03-18 01:00:00","PROD-104","WO-10887","Functional Test","Pass","INSP-1"
"QC-4729","2026-03-18 02:00:00","PROD-104","WO-10887","Functional Test","Pass","INSP-5"
"QC-4730","2025-06-17 00:00:00","PROD-102","WO-10888","Dimensional Accuracy","Pass","INSP-4"
"QC-4731","2025-06-17 01:00:00","PROD-102","WO-10888","Visual Inspection","Pass","INSP-3"
"QC-4732","2025-06-17 02:00:00","PROD-102","WO-10888","Dimensional Accuracy","Pass","INSP-5"
"QC-4733","2025-06-17 03:00:00","PROD-102","WO-10888","Functional Test","Pass","INSP-5"
"QC-4734","2026-03-20 00:00:00","PROD-101","WO-10889","Functional Test","Pass","INSP-3"
"QC-4735","2026-03-20 01:00:00","PROD-101","WO-10889","Dimensional Accuracy","Pass","INSP-3"
"QC-4736","2026-03-20 02:00:00","PROD-101","WO-10889","Dimensional Accuracy","Pass","INSP-3"
"QC-4737","2026-03-20 03:00:00","PROD-101","WO-10889","Functional Test","Pass","INSP-1"
"QC-4738","2026-03-20 04:00:00","PROD-101","WO-10889","Dimensional Accuracy","Pass","INSP-4"
"QC-4739","2026-03-20 05:00:00","PROD-101","WO-10889","Visual Inspection","Pass","INSP-2"
"QC-4740","2026-03-20 06:00:00","PROD-101","WO-10889","Functional Test","Pass","INSP-1"
"QC-4741","2026-03-20 07:00:00","PROD-101","WO-10889","Functional Test","Pass","INSP-2"
"QC-4742","2025-08-04 00:00:00","PROD-104","WO-10890","Functional Test","Pass","INSP-4"
"QC-4743","2025-08-04 01:00:00","PROD-104","WO-10890","Dimensional Accuracy","Pass","INSP-2"
"QC-4744","2025-08-04 02:00:00","PROD-104","WO-10890","Dimensional Accuracy","Pass","INSP-2"
"QC-4745","2025-08-04 03:00:00","PROD-104","WO-10890","Dimensional Accuracy","Pass","INSP-5"
"QC-4746","2025-11-20 00:00:00","PROD-103","WO-10891","Dimensional Accuracy","Pass","INSP-2"
"QC-4747","2025-11-20 01:00:00","PROD-103","WO-10891","Visual Inspection","Pass","INSP-3"
"QC-4748","2025-11-20 02:00:00","PROD-103","WO-10891","Dimensional Accuracy","Pass","INSP-4"
"QC-4749","2025-11-20 03:00:00","PROD-103","WO-10891","Dimensional Accuracy","Pass","INSP-4"
"QC-4750","2025-11-20 00:00:00","PROD-104","WO-10892","Visual Inspection","Pass","INSP-3"
"QC-4751","2025-11-20 01:00:00","PROD-104","WO-10892","Visual Inspection","Pass","INSP-4"
"QC-4752","2025-11-20 02:00:00","PROD-104","WO-10892","Dimensional Accuracy","Pass","INSP-2"
"QC-4753","2025-12-09 00:00:00","PROD-102","WO-10893","Functional Test","Pass","INSP-2"
"QC-4754","2025-12-09 01:00:00","PROD-102","WO-10893","Visual Inspection","Pass","INSP-3"
"QC-4755","2025-07-20 00:00:00","PROD-104","WO-10894","Visual Inspection","Pass","INSP-1"
"QC-4756","2025-07-20 01:00:00","PROD-104","WO-10894","Visual Inspection","Pass","INSP-1"
"QC-4757","2025-07-20 02:00:00","PROD-104","WO-10894","Functional Test","Pass","INSP-4"
"QC-4758","2025-07-20 03:00:00","PROD-104","WO-10894","Dimensional Accuracy","Pass","INSP-1"
"QC-4759","2025-07-20 04:00:00","PROD-104","WO-10894","Visual Inspection","Pass","INSP-5"
"QC-4760","2025-07-20 05:00:00","PROD-104","WO-10894","Visual Inspection","Pass","INSP-3"
"QC-4761","2025-07-20 06:00:00","PROD-104","WO-10894","Dimensional Accuracy","Pass","INSP-3"
"QC-4762","2025-07-20 07:00:00","PROD-104","WO-10894","Functional Test","Pass","INSP-1"
"QC-4763","2025-07-20 08:00:00","PROD-104","WO-10894","Functional Test","Pass","INSP-5"
"QC-4764","2025-04-14 00:00:00","PROD-104","WO-10895","Visual Inspection","Pass","INSP-3"
"QC-4765","2025-04-14 01:00:00","PROD-104","WO-10895","Dimensional Accuracy","Pass","INSP-1"
"QC-4766","2025-04-14 02:00:00","PROD-104","WO-10895","Dimensional Accuracy","Pass","INSP-2"
"QC-4767","2025-10-24 00:00:00","PROD-103","WO-10896","Dimensional Accuracy","Pass","INSP-4"
"QC-4768","2025-10-24 01:00:00","PROD-103","WO-10896","Dimensional Accuracy","Pass","INSP-4"
"QC-4769","2025-05-27 00:00:00","PROD-102","WO-10897","Visual Inspection","Pass","INSP-2"
"QC-4770","2025-05-27 01:00:00","PROD-102","WO-10897","Functional Test","Pass","INSP-4"
"QC-4771","2025-05-27 02:00:00","PROD-102","WO-10897","Visual Inspection","Pass","INSP-1"
"QC-4772","2025-05-27 03:00:00","PROD-102","WO-10897","Functional Test","Pass","INSP-2"
"QC-4773","2025-05-27 04:00:00","PROD-102","WO-10897","Functional Test","Pass","INSP-5"
"QC-4774","2025-10-09 00:00:00","PROD-104","WO-10898","Dimensional Accuracy","Pass","INSP-4"
"QC-4775","2025-10-09 01:00:00","PROD-104","WO-10898","Functional Test","Pass","INSP-5"
"QC-4776","2025-10-09 02:00:00","PROD-104","WO-10898","Dimensional Accuracy","Pass","INSP-2"
"QC-4777","2025-10-09 03:00:00","PROD-104","WO-10898","Functional Test","Fail","INSP-3"
"QC-4778","2025-10-09 04:00:00","PROD-104","WO-10898","Visual Inspection","Pass","INSP-1"
"QC-4779","2025-10-09 05:00:00","PROD-104","WO-10898","Functional Test","Fail","INSP-2"
"QC-4780","2025-10-09 06:00:00","PROD-104","WO-10898","Visual Inspection","Pass","INSP-2"
"QC-4781","2025-10-09 07:00:00","PROD-104","WO-10898","Visual Inspection","Pass","INSP-1"
"QC-4782","2025-10-09 08:00:00","PROD-104","WO-10898","Visual Inspection","Pass","INSP-5"
"QC-4783","2025-10-09 09:00:00","PROD-104","WO-10898","Dimensional Accuracy","Pass","INSP-1"
"QC-4784","2025-10-09 10:00:00","PROD-104","WO-10898","Visual Inspection","Pass","INSP-2"
"QC-4785","2025-10-09 11:00:00","PROD-104","WO-10898","Dimensional Accuracy","Pass","INSP-2"
"QC-4786","2025-10-09 12:00:00","PROD-104","WO-10898","Visual Inspection","Pass","INSP-1"
"QC-4787","2025-10-09 13:00:00","PROD-104","WO-10898","Visual Inspection","Pass","INSP-4"
"QC-4788","2025-10-09 14:00:00","PROD-104","WO-10898","Dimensional Accuracy","Pass","INSP-2"
"QC-4789","2025-10-09 15:00:00","PROD-104","WO-10898","Dimensional Accuracy","Pass","INSP-5"
"QC-4790","2025-10-09 16:00:00","PROD-104","WO-10898","Dimensional Accuracy","Pass","INSP-4"
"QC-4791","2026-03-25 00:00:00","PROD-101","WO-10899","Visual Inspection","Pass","INSP-4"
"QC-4792","2026-03-25 01:00:00","PROD-101","WO-10899","Visual Inspection","Pass","INSP-4"
"QC-4793","2026-03-25 02:00:00","PROD-101","WO-10899","Visual Inspection","Pass","INSP-2"
"QC-4794","2026-03-25 03:00:00","PROD-101","WO-10899","Dimensional Accuracy","Pass","INSP-3"
"QC-4795","2026-03-25 04:00:00","PROD-101","WO-10899","Visual Inspection","Pass","INSP-1"
"QC-4796","2026-03-25 05:00:00","PROD-101","WO-10899","Functional Test","Pass","INSP-5"
"QC-4797","2026-03-25 06:00:00","PROD-101","WO-10899","Visual Inspection","Pass","INSP-4"
"QC-4798","2026-03-25 07:00:00","PROD-101","WO-10899","Functional Test","Pass","INSP-4"
"QC-4799","2026-03-25 08:00:00","PROD-101","WO-10899","Dimensional Accuracy","Pass","INSP-5"
"QC-4800","2026-03-25 09:00:00","PROD-101","WO-10899","Visual Inspection","Pass","INSP-5"
"QC-4801","2026-03-25 10:00:00","PROD-101","WO-10899","Dimensional Accuracy","Pass","INSP-1"
"QC-4802","2025-11-23 00:00:00","PROD-103","WO-10901","Functional Test","Pass","INSP-1"
"QC-4803","2025-11-23 01:00:00","PROD-103","WO-10901","Dimensional Accuracy","Pass","INSP-4"
"QC-4804","2025-11-23 02:00:00","PROD-103","WO-10901","Functional Test","Fail","INSP-5"
"QC-4805","2026-02-11 00:00:00","PROD-104","WO-10902","Dimensional Accuracy","Pass","INSP-5"
"QC-4806","2026-02-11 01:00:00","PROD-104","WO-10902","Dimensional Accuracy","Pass","INSP-4"
"QC-4807","2026-02-11 02:00:00","PROD-104","WO-10902","Dimensional Accuracy","Fail","INSP-5"
"QC-4808","2026-02-11 03:00:00","PROD-104","WO-10902","Dimensional Accuracy","Pass","INSP-1"
"QC-4809","2025-07-16 00:00:00","PROD-104","WO-10904","Dimensional Accuracy","Pass","INSP-1"
"QC-4810","2025-07-16 01:00:00","PROD-104","WO-10904","Functional Test","Pass","INSP-2"
"QC-4811","2025-07-16 02:00:00","PROD-104","WO-10904","Functional Test","Pass","INSP-4"
"QC-4812","2025-07-16 03:00:00","PROD-104","WO-10904","Dimensional Accuracy","Pass","INSP-2"
"QC-4813","2025-07-16 04:00:00","PROD-104","WO-10904","Functional Test","Pass","INSP-3"
"QC-4814","2025-07-16 05:00:00","PROD-104","WO-10904","Functional Test","Pass","INSP-3"
"QC-4815","2025-07-16 06:00:00","PROD-104","WO-10904","Dimensional Accuracy","Pass","INSP-4"
"QC-4816","2025-08-14 00:00:00","PROD-102","WO-10906","Visual Inspection","Fail","INSP-1"
"QC-4817","2025-08-14 01:00:00","PROD-102","WO-10906","Dimensional Accuracy","Fail","INSP-3"
"QC-4818","2025-08-14 02:00:00","PROD-102","WO-10906","Functional Test","Pass","INSP-4"
"QC-4819","2025-08-14 03:00:00","PROD-102","WO-10906","Functional Test","Pass","INSP-5"
"QC-4820","2025-08-14 04:00:00","PROD-102","WO-10906","Dimensional Accuracy","Pass","INSP-4"
"QC-4821","2025-08-14 05:00:00","PROD-102","WO-10906","Functional Test","Pass","INSP-4"
"QC-4822","2025-08-14 06:00:00","PROD-102","WO-10906","Visual Inspection","Pass","INSP-5"
"QC-4823","2025-09-16 00:00:00","PROD-103","WO-10908","Visual Inspection","Fail","INSP-5"
"QC-4824","2025-09-16 01:00:00","PROD-103","WO-10908","Functional Test","Pass","INSP-3"
"QC-4825","2025-09-16 02:00:00","PROD-103","WO-10908","Dimensional Accuracy","Pass","INSP-1"
"QC-4826","2025-09-16 03:00:00","PROD-103","WO-10908","Visual Inspection","Pass","INSP-5"
"QC-4827","2025-07-24 00:00:00","PROD-103","WO-10909","Dimensional Accuracy","Pass","INSP-5"
"QC-4828","2025-07-24 01:00:00","PROD-103","WO-10909","Visual Inspection","Pass","INSP-4"
"QC-4829","2025-07-24 02:00:00","PROD-103","WO-10909","Dimensional Accuracy","Pass","INSP-4"
"QC-4830","2025-07-24 03:00:00","PROD-103","WO-10909","Visual Inspection","Pass","INSP-5"
"QC-4831","2025-07-24 04:00:00","PROD-103","WO-10909","Functional Test","Pass","INSP-3"
"QC-4832","2025-07-24 05:00:00","PROD-103","WO-10909","Dimensional Accuracy","Pass","INSP-3"
"QC-4833","2025-07-24 06:00:00","PROD-103","WO-10909","Dimensional Accuracy","Pass","INSP-3"
"QC-4834","2025-07-24 07:00:00","PROD-103","WO-10909","Visual Inspection","Pass","INSP-2"
"QC-4835","2025-07-24 08:00:00","PROD-103","WO-10909","Dimensional Accuracy","Pass","INSP-5"
"QC-4836","2025-07-24 09:00:00","PROD-103","WO-10909","Functional Test","Fail","INSP-2"
"QC-4837","2025-07-24 10:00:00","PROD-103","WO-10909","Functional Test","Pass","INSP-3"
"QC-4838","2025-07-24 11:00:00","PROD-103","WO-10909","Functional Test","Pass","INSP-1"
"QC-4839","2025-07-24 12:00:00","PROD-103","WO-10909","Functional Test","Pass","INSP-3"
"QC-4840","2025-07-24 13:00:00","PROD-103","WO-10909","Functional Test","Pass","INSP-1"
"QC-4841","2025-07-24 14:00:00","PROD-103","WO-10909","Dimensional Accuracy","Pass","INSP-2"
"QC-4842","2025-07-24 15:00:00","PROD-103","WO-10909","Visual Inspection","Pass","INSP-2"
"QC-4843","2025-07-24 16:00:00","PROD-103","WO-10909","Dimensional Accuracy","Pass","INSP-3"
"QC-4844","2025-07-24 17:00:00","PROD-103","WO-10909","Visual Inspection","Pass","INSP-4"
"QC-4845","2026-03-28 00:00:00","PROD-104","WO-10911","Visual Inspection","Pass","INSP-5"
"QC-4846","2026-03-28 01:00:00","PROD-104","WO-10911","Visual Inspection","Pass","INSP-2"
"QC-4847","2026-03-28 02:00:00","PROD-104","WO-10911","Functional Test","Pass","INSP-4"
"QC-4848","2026-03-28 03:00:00","PROD-104","WO-10911","Functional Test","Pass","INSP-2"
"QC-4849","2026-03-28 04:00:00","PROD-104","WO-10911","Functional Test","Pass","INSP-4"
"QC-4850","2026-03-28 05:00:00","PROD-104","WO-10911","Dimensional Accuracy","Pass","INSP-1"
"QC-4851","2026-03-28 06:00:00","PROD-104","WO-10911","Visual Inspection","Pass","INSP-2"
"QC-4852","2026-03-28 07:00:00","PROD-104","WO-10911","Visual Inspection","Pass","INSP-1"
"QC-4853","2026-03-28 08:00:00","PROD-104","WO-10911","Dimensional Accuracy","Pass","INSP-2"
"QC-4854","2026-03-28 09:00:00","PROD-104","WO-10911","Visual Inspection","Pass","INSP-4"
"QC-4855","2026-03-28 10:00:00","PROD-104","WO-10911","Dimensional Accuracy","Pass","INSP-5"
"QC-4856","2025-12-01 00:00:00","PROD-104","WO-10913","Dimensional Accuracy","Fail","INSP-1"
"QC-4857","2025-12-01 01:00:00","PROD-104","WO-10913","Visual Inspection","Pass","INSP-3"
"QC-4858","2025-12-01 02:00:00","PROD-104","WO-10913","Dimensional Accuracy","Pass","INSP-4"
"QC-4859","2025-12-01 03:00:00","PROD-104","WO-10913","Visual Inspection","Pass","INSP-2"
"QC-4860","2025-12-01 04:00:00","PROD-104","WO-10913","Dimensional Accuracy","Pass","INSP-2"
"QC-4861","2025-12-01 05:00:00","PROD-104","WO-10913","Functional Test","Pass","INSP-1"
"QC-4862","2025-12-01 06:00:00","PROD-104","WO-10913","Visual Inspection","Pass","INSP-1"
"QC-4863","2025-12-01 07:00:00","PROD-104","WO-10913","Visual Inspection","Pass","INSP-2"
"QC-4864","2025-12-01 08:00:00","PROD-104","WO-10913","Visual Inspection","Pass","INSP-3"
"QC-4865","2025-12-01 09:00:00","PROD-104","WO-10913","Dimensional Accuracy","Pass","INSP-5"
"QC-4866","2025-04-27 00:00:00","PROD-104","WO-10915","Visual Inspection","Pass","INSP-2"
"QC-4867","2025-04-27 01:00:00","PROD-104","WO-10915","Visual Inspection","Pass","INSP-1"
"QC-4868","2025-04-27 02:00:00","PROD-104","WO-10915","Visual Inspection","Pass","INSP-2"
"QC-4869","2025-04-27 03:00:00","PROD-104","WO-10915","Visual Inspection","Pass","INSP-4"
"QC-4870","2025-04-27 04:00:00","PROD-104","WO-10915","Functional Test","Pass","INSP-5"
"QC-4871","2025-04-27 05:00:00","PROD-104","WO-10915","Functional Test","Pass","INSP-5"
"QC-4872","2025-10-17 00:00:00","PROD-104","WO-10916","Functional Test","Pass","INSP-3"
"QC-4873","2025-10-17 01:00:00","PROD-104","WO-10916","Dimensional Accuracy","Pass","INSP-5"
"QC-4874","2025-10-17 02:00:00","PROD-104","WO-10916","Functional Test","Pass","INSP-3"
"QC-4875","2025-10-17 03:00:00","PROD-104","WO-10916","Functional Test","Pass","INSP-5"
"QC-4876","2025-10-17 04:00:00","PROD-104","WO-10916","Visual Inspection","Pass","INSP-5"
"QC-4877","2026-02-19 00:00:00","PROD-101","WO-10917","Visual Inspection","Pass","INSP-5"
"QC-4878","2026-02-19 01:00:00","PROD-101","WO-10917","Dimensional Accuracy","Pass","INSP-4"
"QC-4879","2026-02-19 02:00:00","PROD-101","WO-10917","Functional Test","Pass","INSP-3"
"QC-4880","2026-02-19 03:00:00","PROD-101","WO-10917","Dimensional Accuracy","Pass","INSP-5"
"QC-4881","2026-02-19 04:00:00","PROD-101","WO-10917","Visual Inspection","Pass","INSP-5"
"QC-4882","2026-02-19 05:00:00","PROD-101","WO-10917","Dimensional Accuracy","Pass","INSP-1"
"QC-4883","2026-02-19 06:00:00","PROD-101","WO-10917","Visual Inspection","Pass","INSP-5"
"QC-4884","2025-08-20 00:00:00","PROD-101","WO-10920","Dimensional Accuracy","Pass","INSP-4"
"QC-4885","2025-08-20 01:00:00","PROD-101","WO-10920","Functional Test","Pass","INSP-3"
"QC-4886","2025-08-20 02:00:00","PROD-101","WO-10920","Visual Inspection","Pass","INSP-3"
"QC-4887","2025-08-20 03:00:00","PROD-101","WO-10920","Dimensional Accuracy","Pass","INSP-5"
"QC-4888","2025-08-04 00:00:00","PROD-103","WO-10921","Functional Test","Pass","INSP-3"
"QC-4889","2025-08-04 01:00:00","PROD-103","WO-10921","Dimensional Accuracy","Pass","INSP-5"
"QC-4890","2025-08-04 02:00:00","PROD-103","WO-10921","Functional Test","Pass","INSP-4"
"QC-4891","2025-08-04 03:00:00","PROD-103","WO-10921","Dimensional Accuracy","Pass","INSP-5"
"QC-4892","2025-08-04 04:00:00","PROD-103","WO-10921","Functional Test","Pass","INSP-1"
"QC-4893","2025-08-04 05:00:00","PROD-103","WO-10921","Dimensional Accuracy","Pass","INSP-2"
"QC-4894","2025-08-04 06:00:00","PROD-103","WO-10921","Visual Inspection","Fail","INSP-3"
"QC-4895","2025-08-04 07:00:00","PROD-103","WO-10921","Visual Inspection","Pass","INSP-1"
"QC-4896","2025-08-04 08:00:00","PROD-103","WO-10921","Visual Inspection","Pass","INSP-2"
"QC-4897","2025-09-29 00:00:00","PROD-102","WO-10925","Visual Inspection","Pass","INSP-5"
"QC-4898","2025-09-29 01:00:00","PROD-102","WO-10925","Visual Inspection","Pass","INSP-2"
"QC-4899","2025-09-29 02:00:00","PROD-102","WO-10925","Visual Inspection","Pass","INSP-4"
"QC-4900","2025-09-29 03:00:00","PROD-102","WO-10925","Visual Inspection","Pass","INSP-4"
"QC-4901","2025-09-29 04:00:00","PROD-102","WO-10925","Visual Inspection","Pass","INSP-5"
"QC-4902","2025-09-29 05:00:00","PROD-102","WO-10925","Functional Test","Pass","INSP-2"
"QC-4903","2025-09-29 06:00:00","PROD-102","WO-10925","Visual Inspection","Pass","INSP-4"
"QC-4904","2025-09-29 07:00:00","PROD-102","WO-10925","Functional Test","Pass","INSP-1"
"QC-4905","2025-09-29 08:00:00","PROD-102","WO-10925","Visual Inspection","Pass","INSP-1"
"QC-4906","2025-09-29 09:00:00","PROD-102","WO-10925","Functional Test","Fail","INSP-4"
"QC-4907","2025-04-15 00:00:00","PROD-103","WO-10926","Visual Inspection","Pass","INSP-4"
"QC-4908","2025-04-15 01:00:00","PROD-103","WO-10926","Functional Test","Pass","INSP-5"
"QC-4909","2025-04-15 02:00:00","PROD-103","WO-10926","Functional Test","Fail","INSP-1"
"QC-4910","2025-04-15 03:00:00","PROD-103","WO-10926","Dimensional Accuracy","Pass","INSP-3"
"QC-4911","2025-04-15 04:00:00","PROD-103","WO-10926","Dimensional Accuracy","Pass","INSP-2"
"QC-4912","2025-04-15 05:00:00","PROD-103","WO-10926","Functional Test","Pass","INSP-1"
"QC-4913","2025-04-15 06:00:00","PROD-103","WO-10926","Dimensional Accuracy","Fail","INSP-2"
"QC-4914","2025-10-19 00:00:00","PROD-104","WO-10928","Functional Test","Pass","INSP-4"
"QC-4915","2025-10-19 01:00:00","PROD-104","WO-10928","Dimensional Accuracy","Pass","INSP-1"
"QC-4916","2025-10-19 02:00:00","PROD-104","WO-10928","Visual Inspection","Pass","INSP-5"
"QC-4917","2025-10-19 03:00:00","PROD-104","WO-10928","Dimensional Accuracy","Pass","INSP-4"
"QC-4918","2025-10-19 04:00:00","PROD-104","WO-10928","Dimensional Accuracy","Pass","INSP-3"
"QC-4919","2025-10-19 05:00:00","PROD-104","WO-10928","Functional Test","Pass","INSP-5"
"QC-4920","2025-10-19 06:00:00","PROD-104","WO-10928","Dimensional Accuracy","Pass","INSP-1"
"QC-4921","2025-10-19 07:00:00","PROD-104","WO-10928","Functional Test","Pass","INSP-3"
"QC-4922","2025-10-19 08:00:00","PROD-104","WO-10928","Dimensional Accuracy","Pass","INSP-2"
"QC-4923","2026-01-10 00:00:00","PROD-104","WO-10929","Functional Test","Pass","INSP-4"
"QC-4924","2026-01-10 01:00:00","PROD-104","WO-10929","Visual Inspection","Pass","INSP-4"
"QC-4925","2026-01-10 02:00:00","PROD-104","WO-10929","Visual Inspection","Pass","INSP-1"
"QC-4926","2026-01-10 03:00:00","PROD-104","WO-10929","Functional Test","Pass","INSP-2"
"QC-4927","2026-01-10 04:00:00","PROD-104","WO-10929","Functional Test","Pass","INSP-1"
"QC-4928","2026-01-10 05:00:00","PROD-104","WO-10929","Dimensional Accuracy","Pass","INSP-2"
"QC-4929","2026-01-10 06:00:00","PROD-104","WO-10929","Visual Inspection","Pass","INSP-3"
"QC-4930","2026-01-10 07:00:00","PROD-104","WO-10929","Visual Inspection","Pass","INSP-2"
"QC-4931","2026-01-10 08:00:00","PROD-104","WO-10929","Dimensional Accuracy","Pass","INSP-4"
"QC-4932","2026-01-10 09:00:00","PROD-104","WO-10929","Dimensional Accuracy","Pass","INSP-2"
"QC-4933","2025-09-06 00:00:00","PROD-102","WO-10930","Dimensional Accuracy","Pass","INSP-3"
"QC-4934","2025-09-06 01:00:00","PROD-102","WO-10930","Visual Inspection","Pass","INSP-1"
"QC-4935","2025-09-06 02:00:00","PROD-102","WO-10930","Dimensional Accuracy","Pass","INSP-5"
"QC-4936","2025-09-06 03:00:00","PROD-102","WO-10930","Dimensional Accuracy","Pass","INSP-4"
"QC-4937","2025-09-06 04:00:00","PROD-102","WO-10930","Functional Test","Pass","INSP-5"
"QC-4938","2025-09-06 05:00:00","PROD-102","WO-10930","Visual Inspection","Fail","INSP-5"
"QC-4939","2025-09-06 06:00:00","PROD-102","WO-10930","Visual Inspection","Pass","INSP-2"
"QC-4940","2025-09-06 07:00:00","PROD-102","WO-10930","Visual Inspection","Pass","INSP-1"
"QC-4941","2025-09-06 08:00:00","PROD-102","WO-10930","Functional Test","Pass","INSP-2"
"QC-4942","2025-09-06 09:00:00","PROD-102","WO-10930","Visual Inspection","Pass","INSP-5"
"QC-4943","2025-09-06 10:00:00","PROD-102","WO-10930","Functional Test","Pass","INSP-2"
"QC-4944","2025-09-06 11:00:00","PROD-102","WO-10930","Dimensional Accuracy","Pass","INSP-3"
"QC-4945","2025-09-06 12:00:00","PROD-102","WO-10930","Dimensional Accuracy","Pass","INSP-5"
"QC-4946","2025-09-06 13:00:00","PROD-102","WO-10930","Functional Test","Pass","INSP-3"
"QC-4947","2025-09-06 14:00:00","PROD-102","WO-10930","Functional Test","Pass","INSP-3"
"QC-4948","2025-09-06 15:00:00","PROD-102","WO-10930","Dimensional Accuracy","Pass","INSP-1"
"QC-4949","2025-09-06 16:00:00","PROD-102","WO-10930","Visual Inspection","Pass","INSP-2"
"QC-4950","2025-11-02 00:00:00","PROD-102","WO-10934","Functional Test","Pass","INSP-1"
"QC-4951","2025-11-02 01:00:00","PROD-102","WO-10934","Visual Inspection","Pass","INSP-4"
"QC-4952","2025-11-02 02:00:00","PROD-102","WO-10934","Visual Inspection","Pass","INSP-1"
"QC-4953","2025-11-02 03:00:00","PROD-102","WO-10934","Visual Inspection","Pass","INSP-4"
"QC-4954","2025-11-02 04:00:00","PROD-102","WO-10934","Dimensional Accuracy","Pass","INSP-4"
"QC-4955","2026-01-24 00:00:00","PROD-103","WO-10936","Dimensional Accuracy","Pass","INSP-1"
"QC-4956","2026-01-24 01:00:00","PROD-103","WO-10936","Functional Test","Pass","INSP-5"
"QC-4957","2025-04-19 00:00:00","PROD-101","WO-10937","Visual Inspection","Pass","INSP-1"
"QC-4958","2025-04-19 01:00:00","PROD-101","WO-10937","Dimensional Accuracy","Pass","INSP-3"
"QC-4959","2025-04-19 02:00:00","PROD-101","WO-10937","Visual Inspection","Pass","INSP-2"
"QC-4960","2025-04-19 03:00:00","PROD-101","WO-10937","Visual Inspection","Pass","INSP-3"
"QC-4961","2025-04-19 04:00:00","PROD-101","WO-10937","Visual Inspection","Pass","INSP-5"
"QC-4962","2025-04-19 05:00:00","PROD-101","WO-10937","Visual Inspection","Pass","INSP-1"
"QC-4963","2025-04-19 06:00:00","PROD-101","WO-10937","Dimensional Accuracy","Pass","INSP-5"
"QC-4964","2025-04-19 07:00:00","PROD-101","WO-10937","Dimensional Accuracy","Pass","INSP-1"
"QC-4965","2025-04-19 08:00:00","PROD-101","WO-10937","Visual Inspection","Pass","INSP-2"
"QC-4966","2025-04-19 09:00:00","PROD-101","WO-10937","Dimensional Accuracy","Pass","INSP-3"
"QC-4967","2025-04-19 10:00:00","PROD-101","WO-10937","Dimensional Accuracy","Pass","INSP-1"
"QC-4968","2025-04-19 11:00:00","PROD-101","WO-10937","Functional Test","Pass","INSP-4"
"QC-4969","2025-04-19 12:00:00","PROD-101","WO-10937","Functional Test","Pass","INSP-2"
"QC-4970","2025-10-22 00:00:00","PROD-103","WO-10939","Functional Test","Pass","INSP-4"
"QC-4971","2025-10-22 01:00:00","PROD-103","WO-10939","Visual Inspection","Pass","INSP-4"
"QC-4972","2025-10-22 02:00:00","PROD-103","WO-10939","Dimensional Accuracy","Pass","INSP-2"
"QC-4973","2025-10-22 03:00:00","PROD-103","WO-10939","Dimensional Accuracy","Pass","INSP-4"
"QC-4974","2025-10-22 04:00:00","PROD-103","WO-10939","Dimensional Accuracy","Pass","INSP-3"
"QC-4975","2025-10-22 05:00:00","PROD-103","WO-10939","Visual Inspection","Pass","INSP-3"
"QC-4976","2025-10-22 06:00:00","PROD-103","WO-10939","Visual Inspection","Pass","INSP-1"
"QC-4977","2025-10-22 07:00:00","PROD-103","WO-10939","Functional Test","Pass","INSP-1"
"QC-4978","2025-06-11 00:00:00","PROD-104","WO-10940","Functional Test","Pass","INSP-2"
"QC-4979","2025-06-11 01:00:00","PROD-104","WO-10940","Functional Test","Pass","INSP-3"
"QC-4980","2025-06-11 02:00:00","PROD-104","WO-10940","Dimensional Accuracy","Pass","INSP-5"
"QC-4981","2025-06-11 03:00:00","PROD-104","WO-10940","Functional Test","Pass","INSP-5"
"QC-4982","2025-06-11 04:00:00","PROD-104","WO-10940","Functional Test","Pass","INSP-3"
"QC-4983","2025-06-11 05:00:00","PROD-104","WO-10940","Dimensional Accuracy","Fail","INSP-1"
"QC-4984","2025-06-11 06:00:00","PROD-104","WO-10940","Functional Test","Pass","INSP-1"
"QC-4985","2025-06-11 07:00:00","PROD-104","WO-10940","Functional Test","Pass","INSP-1"
"QC-4986","2025-11-09 00:00:00","PROD-102","WO-10941","Dimensional Accuracy","Pass","INSP-4"
"QC-4987","2025-11-09 01:00:00","PROD-102","WO-10941","Visual Inspection","Pass","INSP-1"
"QC-4988","2025-11-09 02:00:00","PROD-102","WO-10941","Functional Test","Pass","INSP-1"
"QC-4989","2025-11-09 03:00:00","PROD-102","WO-10941","Dimensional Accuracy","Fail","INSP-2"
"QC-4990","2025-11-09 04:00:00","PROD-102","WO-10941","Functional Test","Pass","INSP-2"
"QC-4991","2025-11-09 05:00:00","PROD-102","WO-10941","Functional Test","Pass","INSP-4"
"QC-4992","2025-11-09 06:00:00","PROD-102","WO-10941","Functional Test","Pass","INSP-5"
"QC-4993","2025-11-09 07:00:00","PROD-102","WO-10941","Dimensional Accuracy","Pass","INSP-1"
"QC-4994","2026-03-11 00:00:00","PROD-101","WO-10942","Dimensional Accuracy","Pass","INSP-4"
"QC-4995","2026-03-11 01:00:00","PROD-101","WO-10942","Functional Test","Pass","INSP-2"
"QC-4996","2026-03-11 02:00:00","PROD-101","WO-10942","Visual Inspection","Pass","INSP-4"
"QC-4997","2026-03-11 03:00:00","PROD-101","WO-10942","Dimensional Accuracy","Pass","INSP-1"
"QC-4998","2026-03-11 04:00:00","PROD-101","WO-10942","Visual Inspection","Pass","INSP-2"
"QC-4999","2026-03-11 05:00:00","PROD-101","WO-10942","Visual Inspection","Pass","INSP-1"
"QC-5000","2026-03-11 06:00:00","PROD-101","WO-10942","Visual Inspection","Pass","INSP-5"
"QC-5001","2026-03-11 07:00:00","PROD-101","WO-10942","Dimensional Accuracy","Pass","INSP-3"
"QC-5002","2026-01-13 00:00:00","PROD-101","WO-10945","Functional Test","Pass","INSP-1"
"QC-5003","2026-01-13 01:00:00","PROD-101","WO-10945","Dimensional Accuracy","Pass","INSP-2"
"QC-5004","2026-01-13 02:00:00","PROD-101","WO-10945","Dimensional Accuracy","Pass","INSP-4"
"QC-5005","2025-06-01 00:00:00","PROD-101","WO-10946","Functional Test","Pass","INSP-5"
"QC-5006","2025-06-01 01:00:00","PROD-101","WO-10946","Dimensional Accuracy","Pass","INSP-2"
"QC-5007","2025-06-01 02:00:00","PROD-101","WO-10946","Dimensional Accuracy","Pass","INSP-4"
"QC-5008","2025-06-01 03:00:00","PROD-101","WO-10946","Functional Test","Pass","INSP-1"
"QC-5009","2025-06-01 04:00:00","PROD-101","WO-10946","Functional Test","Pass","INSP-2"
"QC-5010","2025-06-01 05:00:00","PROD-101","WO-10946","Functional Test","Pass","INSP-3"
"QC-5011","2025-06-01 06:00:00","PROD-101","WO-10946","Dimensional Accuracy","Pass","INSP-5"
"QC-5012","2025-06-01 07:00:00","PROD-101","WO-10946","Dimensional Accuracy","Pass","INSP-3"
"QC-5013","2025-06-01 08:00:00","PROD-101","WO-10946","Functional Test","Pass","INSP-1"
"QC-5014","2025-06-01 09:00:00","PROD-101","WO-10946","Dimensional Accuracy","Pass","INSP-1"
"QC-5015","2025-06-01 10:00:00","PROD-101","WO-10946","Dimensional Accuracy","Pass","INSP-4"
"QC-5016","2025-06-01 11:00:00","PROD-101","WO-10946","Visual Inspection","Pass","INSP-4"
"QC-5017","2025-09-19 00:00:00","PROD-102","WO-10948","Visual Inspection","Pass","INSP-4"
"QC-5018","2025-09-19 01:00:00","PROD-102","WO-10948","Visual Inspection","Pass","INSP-3"
"QC-5019","2025-09-19 02:00:00","PROD-102","WO-10948","Functional Test","Pass","INSP-5"
"QC-5020","2025-09-19 03:00:00","PROD-102","WO-10948","Functional Test","Pass","INSP-4"
"QC-5021","2025-09-19 04:00:00","PROD-102","WO-10948","Visual Inspection","Pass","INSP-3"
"QC-5022","2025-09-19 05:00:00","PROD-102","WO-10948","Visual Inspection","Pass","INSP-5"
"QC-5023","2025-09-19 06:00:00","PROD-102","WO-10948","Visual Inspection","Pass","INSP-2"
"QC-5024","2025-09-19 07:00:00","PROD-102","WO-10948","Dimensional Accuracy","Pass","INSP-1"
"QC-5025","2025-09-19 08:00:00","PROD-102","WO-10948","Dimensional Accuracy","Pass","INSP-5"
"QC-5026","2025-09-19 09:00:00","PROD-102","WO-10948","Dimensional Accuracy","Pass","INSP-2"
"QC-5027","2025-09-19 10:00:00","PROD-102","WO-10948","Dimensional Accuracy","Pass","INSP-2"
"QC-5028","2025-09-19 11:00:00","PROD-102","WO-10948","Functional Test","Pass","INSP-2"
"QC-5029","2025-09-19 12:00:00","PROD-102","WO-10948","Visual Inspection","Pass","INSP-4"
"QC-5030","2025-09-19 13:00:00","PROD-102","WO-10948","Visual Inspection","Pass","INSP-1"
"QC-5031","2025-09-19 14:00:00","PROD-102","WO-10948","Functional Test","Pass","INSP-1"
"QC-5032","2025-09-19 15:00:00","PROD-102","WO-10948","Visual Inspection","Pass","INSP-2"
"QC-5033","2025-09-19 16:00:00","PROD-102","WO-10948","Dimensional Accuracy","Pass","INSP-2"
"QC-5034","2025-09-19 17:00:00","PROD-102","WO-10948","Visual Inspection","Pass","INSP-4"
"QC-5035","2025-05-28 00:00:00","PROD-103","WO-10950","Dimensional Accuracy","Pass","INSP-5"
"QC-5036","2025-05-28 01:00:00","PROD-103","WO-10950","Functional Test","Fail","INSP-2"
"QC-5037","2025-05-28 02:00:00","PROD-103","WO-10950","Functional Test","Pass","INSP-3"
"QC-5038","2025-05-28 03:00:00","PROD-103","WO-10950","Functional Test","Pass","INSP-1"
"QC-5039","2025-05-28 04:00:00","PROD-103","WO-10950","Visual Inspection","Pass","INSP-4"
"QC-5040","2025-10-04 00:00:00","PROD-102","WO-10951","Visual Inspection","Pass","INSP-5"
"QC-5041","2025-10-04 01:00:00","PROD-102","WO-10951","Dimensional Accuracy","Pass","INSP-5"
"QC-5042","2025-10-04 02:00:00","PROD-102","WO-10951","Functional Test","Pass","INSP-2"
"QC-5043","2025-10-04 03:00:00","PROD-102","WO-10951","Dimensional Accuracy","Pass","INSP-2"
"QC-5044","2025-10-04 04:00:00","PROD-102","WO-10951","Visual Inspection","Pass","INSP-4"
"QC-5045","2025-10-04 05:00:00","PROD-102","WO-10951","Visual Inspection","Pass","INSP-1"
"QC-5046","2025-10-04 06:00:00","PROD-102","WO-10951","Functional Test","Pass","INSP-2"
"QC-5047","2025-10-04 07:00:00","PROD-102","WO-10951","Visual Inspection","Pass","INSP-5"
"QC-5048","2025-10-04 08:00:00","PROD-102","WO-10951","Visual Inspection","Pass","INSP-1"
"QC-5049","2025-04-30 00:00:00","PROD-104","WO-10953","Dimensional Accuracy","Pass","INSP-5"
"QC-5050","2025-04-30 01:00:00","PROD-104","WO-10953","Visual Inspection","Pass","INSP-3"
"QC-5051","2025-04-30 02:00:00","PROD-104","WO-10953","Functional Test","Pass","INSP-4"
"QC-5052","2025-04-30 03:00:00","PROD-104","WO-10953","Dimensional Accuracy","Pass","INSP-1"
"QC-5053","2025-04-30 04:00:00","PROD-104","WO-10953","Dimensional Accuracy","Pass","INSP-1"
"QC-5054","2025-04-30 05:00:00","PROD-104","WO-10953","Visual Inspection","Pass","INSP-3"
"QC-5055","2025-12-13 00:00:00","PROD-102","WO-10955","Functional Test","Pass","INSP-4"
"QC-5056","2025-12-13 01:00:00","PROD-102","WO-10955","Functional Test","Pass","INSP-4"
"QC-5057","2025-12-13 02:00:00","PROD-102","WO-10955","Visual Inspection","Pass","INSP-2"
"QC-5058","2025-12-13 03:00:00","PROD-102","WO-10955","Visual Inspection","Pass","INSP-3"
"QC-5059","2025-12-13 04:00:00","PROD-102","WO-10955","Dimensional Accuracy","Pass","INSP-4"
"QC-5060","2025-12-13 05:00:00","PROD-102","WO-10955","Functional Test","Pass","INSP-4"
"QC-5061","2025-12-13 06:00:00","PROD-102","WO-10955","Functional Test","Pass","INSP-1"
"QC-5062","2026-01-27 00:00:00","PROD-102","WO-10957","Dimensional Accuracy","Pass","INSP-5"
"QC-5063","2026-01-27 01:00:00","PROD-102","WO-10957","Visual Inspection","Pass","INSP-1"
"QC-5064","2026-01-27 02:00:00","PROD-102","WO-10957","Functional Test","Pass","INSP-2"
"QC-5065","2025-10-05 00:00:00","PROD-104","WO-10959","Functional Test","Pass","INSP-3"
"QC-5066","2025-10-05 01:00:00","PROD-104","WO-10959","Dimensional Accuracy","Pass","INSP-2"
"QC-5067","2025-10-05 02:00:00","PROD-104","WO-10959","Functional Test","Pass","INSP-5"
"QC-5068","2025-10-05 03:00:00","PROD-104","WO-10959","Visual Inspection","Pass","INSP-3"
"QC-5069","2025-10-05 04:00:00","PROD-104","WO-10959","Functional Test","Pass","INSP-4"
"QC-5070","2025-10-05 05:00:00","PROD-104","WO-10959","Visual Inspection","Pass","INSP-4"
"QC-5071","2025-10-05 06:00:00","PROD-104","WO-10959","Functional Test","Pass","INSP-5"
"QC-5072","2025-10-05 07:00:00","PROD-104","WO-10959","Visual Inspection","Pass","INSP-2"
"QC-5073","2025-10-05 08:00:00","PROD-104","WO-10959","Visual Inspection","Pass","INSP-1"
"QC-5074","2025-11-26 00:00:00","PROD-103","WO-10962","Dimensional Accuracy","Pass","INSP-1"
"QC-5075","2025-11-26 01:00:00","PROD-103","WO-10962","Dimensional Accuracy","Pass","INSP-1"
"QC-5076","2025-11-26 02:00:00","PROD-103","WO-10962","Visual Inspection","Pass","INSP-4"
"QC-5077","2025-11-26 03:00:00","PROD-103","WO-10962","Functional Test","Pass","INSP-2"
"QC-5078","2025-11-26 04:00:00","PROD-103","WO-10962","Dimensional Accuracy","Pass","INSP-3"
"QC-5079","2025-11-26 05:00:00","PROD-103","WO-10962","Functional Test","Pass","INSP-2"
"QC-5080","2025-11-26 06:00:00","PROD-103","WO-10962","Functional Test","Pass","INSP-1"
"QC-5081","2025-06-23 00:00:00","PROD-103","WO-10964","Dimensional Accuracy","Pass","INSP-3"
"QC-5082","2025-06-23 01:00:00","PROD-103","WO-10964","Visual Inspection","Pass","INSP-1"
"QC-5083","2025-07-02 00:00:00","PROD-104","WO-10966","Functional Test","Pass","INSP-4"
"QC-5084","2025-07-02 01:00:00","PROD-104","WO-10966","Functional Test","Pass","INSP-3"
"QC-5085","2025-07-02 02:00:00","PROD-104","WO-10966","Visual Inspection","Pass","INSP-4"
"QC-5086","2025-08-28 00:00:00","PROD-104","WO-10968","Functional Test","Pass","INSP-1"
"QC-5087","2025-08-28 01:00:00","PROD-104","WO-10968","Dimensional Accuracy","Pass","INSP-2"
"QC-5088","2025-08-28 02:00:00","PROD-104","WO-10968","Visual Inspection","Pass","INSP-1"
"QC-5089","2025-08-28 03:00:00","PROD-104","WO-10968","Visual Inspection","Pass","INSP-3"
"QC-5090","2025-08-28 04:00:00","PROD-104","WO-10968","Dimensional Accuracy","Pass","INSP-4"
"QC-5091","2025-08-28 05:00:00","PROD-104","WO-10968","Visual Inspection","Pass","INSP-2"
"QC-5092","2025-08-28 06:00:00","PROD-104","WO-10968","Functional Test","Pass","INSP-4"
"QC-5093","2025-08-28 07:00:00","PROD-104","WO-10968","Visual Inspection","Fail","INSP-3"
"QC-5094","2025-08-28 08:00:00","PROD-104","WO-10968","Visual Inspection","Pass","INSP-5"
"QC-5095","2025-08-28 09:00:00","PROD-104","WO-10968","Functional Test","Pass","INSP-4"
"QC-5096","2025-08-28 10:00:00","PROD-104","WO-10968","Visual Inspection","Pass","INSP-5"
"QC-5097","2025-08-28 11:00:00","PROD-104","WO-10968","Dimensional Accuracy","Pass","INSP-1"
"QC-5098","2025-08-28 12:00:00","PROD-104","WO-10968","Dimensional Accuracy","Pass","INSP-1"
"QC-5099","2025-12-11 00:00:00","PROD-102","WO-10972","Dimensional Accuracy","Pass","INSP-4"
"QC-5100","2025-12-11 01:00:00","PROD-102","WO-10972","Visual Inspection","Pass","INSP-4"
"QC-5101","2025-12-11 02:00:00","PROD-102","WO-10972","Visual Inspection","Pass","INSP-4"
"QC-5102","2025-12-11 03:00:00","PROD-102","WO-10972","Functional Test","Pass","INSP-2"
"QC-5103","2025-12-11 04:00:00","PROD-102","WO-10972","Visual Inspection","Pass","INSP-1"
"QC-5104","2025-12-11 05:00:00","PROD-102","WO-10972","Dimensional Accuracy","Fail","INSP-4"
"QC-5105","2025-12-11 06:00:00","PROD-102","WO-10972","Dimensional Accuracy","Pass","INSP-4"
"QC-5106","2025-12-11 07:00:00","PROD-102","WO-10972","Functional Test","Pass","INSP-4"
"QC-5107","2025-10-25 00:00:00","PROD-102","WO-10974","Functional Test","Pass","INSP-5"
"QC-5108","2025-10-25 01:00:00","PROD-102","WO-10974","Dimensional Accuracy","Pass","INSP-1"
"QC-5109","2026-03-23 00:00:00","PROD-102","WO-10975","Dimensional Accuracy","Pass","INSP-3"
"QC-5110","2026-03-23 01:00:00","PROD-102","WO-10975","Functional Test","Pass","INSP-5"
"QC-5111","2026-03-23 02:00:00","PROD-102","WO-10975","Dimensional Accuracy","Pass","INSP-2"
"QC-5112","2026-03-23 03:00:00","PROD-102","WO-10975","Visual Inspection","Pass","INSP-5"
"QC-5113","2026-03-23 04:00:00","PROD-102","WO-10975","Dimensional Accuracy","Pass","INSP-5"
"QC-5114","2026-03-23 05:00:00","PROD-102","WO-10975","Functional Test","Fail","INSP-1"
"QC-5115","2026-03-23 06:00:00","PROD-102","WO-10975","Functional Test","Pass","INSP-5"
"QC-5116","2026-03-23 07:00:00","PROD-102","WO-10975","Dimensional Accuracy","Pass","INSP-3"
"QC-5117","2026-03-23 08:00:00","PROD-102","WO-10975","Visual Inspection","Pass","INSP-5"
"QC-5118","2026-03-23 09:00:00","PROD-102","WO-10975","Visual Inspection","Fail","INSP-1"
"QC-5119","2026-03-23 10:00:00","PROD-102","WO-10975","Dimensional Accuracy","Pass","INSP-5"
"QC-5120","2026-03-23 11:00:00","PROD-102","WO-10975","Dimensional Accuracy","Pass","INSP-2"
"QC-5121","2026-03-23 12:00:00","PROD-102","WO-10975","Visual Inspection","Pass","INSP-4"
"QC-5122","2026-03-23 13:00:00","PROD-102","WO-10975","Functional Test","Pass","INSP-1"
"QC-5123","2026-03-23 14:00:00","PROD-102","WO-10975","Visual Inspection","Pass","INSP-4"
"QC-5124","2026-03-23 15:00:00","PROD-102","WO-10975","Dimensional Accuracy","Pass","INSP-1"
"QC-5125","2026-03-23 16:00:00","PROD-102","WO-10975","Functional Test","Pass","INSP-5"
"QC-5126","2025-09-08 00:00:00","PROD-104","WO-10977","Functional Test","Pass","INSP-5"
"QC-5127","2025-09-08 01:00:00","PROD-104","WO-10977","Visual Inspection","Fail","INSP-4"
"QC-5128","2025-09-08 02:00:00","PROD-104","WO-10977","Dimensional Accuracy","Fail","INSP-5"
"QC-5129","2025-09-08 03:00:00","PROD-104","WO-10977","Functional Test","Pass","INSP-2"
"QC-5130","2025-09-08 04:00:00","PROD-104","WO-10977","Visual Inspection","Fail","INSP-5"
"QC-5131","2025-09-08 05:00:00","PROD-104","WO-10977","Visual Inspection","Pass","INSP-2"
"QC-5132","2025-09-08 06:00:00","PROD-104","WO-10977","Dimensional Accuracy","Pass","INSP-5"
"QC-5133","2025-09-08 07:00:00","PROD-104","WO-10977","Dimensional Accuracy","Pass","INSP-2"
"QC-5134","2026-01-27 00:00:00","PROD-102","WO-10978","Visual Inspection","Pass","INSP-2"
"QC-5135","2026-01-27 01:00:00","PROD-102","WO-10978","Visual Inspection","Pass","INSP-1"
"QC-5136","2026-01-27 02:00:00","PROD-102","WO-10978","Dimensional Accuracy","Pass","INSP-1"
"QC-5137","2026-01-27 03:00:00","PROD-102","WO-10978","Functional Test","Pass","INSP-5"
"QC-5138","2026-01-27 04:00:00","PROD-102","WO-10978","Functional Test","Pass","INSP-1"
"QC-5139","2026-01-27 05:00:00","PROD-102","WO-10978","Functional Test","Pass","INSP-1"
"QC-5140","2026-01-27 06:00:00","PROD-102","WO-10978","Functional Test","Pass","INSP-4"
"QC-5141","2025-08-07 00:00:00","PROD-104","WO-10979","Dimensional Accuracy","Pass","INSP-5"
"QC-5142","2025-08-07 01:00:00","PROD-104","WO-10979","Visual Inspection","Pass","INSP-1"
"QC-5143","2025-08-07 02:00:00","PROD-104","WO-10979","Visual Inspection","Pass","INSP-3"
"QC-5144","2025-10-13 00:00:00","PROD-103","WO-10980","Dimensional Accuracy","Fail","INSP-3"
"QC-5145","2025-10-13 01:00:00","PROD-103","WO-10980","Visual Inspection","Pass","INSP-4"
"QC-5146","2025-10-13 02:00:00","PROD-103","WO-10980","Functional Test","Pass","INSP-3"
"QC-5147","2025-10-13 03:00:00","PROD-103","WO-10980","Dimensional Accuracy","Pass","INSP-1"
"QC-5148","2025-10-13 04:00:00","PROD-103","WO-10980","Functional Test","Pass","INSP-1"
"QC-5149","2025-10-13 05:00:00","PROD-103","WO-10980","Dimensional Accuracy","Pass","INSP-2"
"QC-5150","2025-10-13 06:00:00","PROD-103","WO-10980","Visual Inspection","Pass","INSP-5"
"QC-5151","2025-06-16 00:00:00","PROD-101","WO-10982","Dimensional Accuracy","Pass","INSP-4"
"QC-5152","2025-06-16 01:00:00","PROD-101","WO-10982","Visual Inspection","Pass","INSP-1"
"QC-5153","2025-06-16 02:00:00","PROD-101","WO-10982","Dimensional Accuracy","Pass","INSP-3"
"QC-5154","2025-06-16 03:00:00","PROD-101","WO-10982","Dimensional Accuracy","Pass","INSP-3"
"QC-5155","2025-06-16 04:00:00","PROD-101","WO-10982","Dimensional Accuracy","Pass","INSP-5"
"QC-5156","2025-06-16 05:00:00","PROD-101","WO-10982","Dimensional Accuracy","Pass","INSP-5"
"QC-5157","2025-06-16 06:00:00","PROD-101","WO-10982","Visual Inspection","Pass","INSP-3"
"QC-5158","2025-06-16 07:00:00","PROD-101","WO-10982","Dimensional Accuracy","Pass","INSP-4"
"QC-5159","2025-11-05 00:00:00","PROD-104","WO-10983","Functional Test","Pass","INSP-3"
"QC-5160","2025-11-05 01:00:00","PROD-104","WO-10983","Dimensional Accuracy","Pass","INSP-4"
"QC-5161","2025-11-05 02:00:00","PROD-104","WO-10983","Dimensional Accuracy","Pass","INSP-1"
"QC-5162","2025-11-05 03:00:00","PROD-104","WO-10983","Visual Inspection","Pass","INSP-2"
"QC-5163","2025-11-05 04:00:00","PROD-104","WO-10983","Functional Test","Pass","INSP-5"
"QC-5164","2025-11-05 05:00:00","PROD-104","WO-10983","Visual Inspection","Pass","INSP-4"
"QC-5165","2025-11-05 06:00:00","PROD-104","WO-10983","Functional Test","Pass","INSP-5"
"QC-5166","2025-11-05 07:00:00","PROD-104","WO-10983","Dimensional Accuracy","Pass","INSP-2"
"QC-5167","2025-11-05 08:00:00","PROD-104","WO-10983","Functional Test","Pass","INSP-1"
"QC-5168","2026-02-20 00:00:00","PROD-104","WO-10984","Dimensional Accuracy","Pass","INSP-1"
"QC-5169","2026-02-20 01:00:00","PROD-104","WO-10984","Visual Inspection","Pass","INSP-4"
"QC-5170","2026-02-20 02:00:00","PROD-104","WO-10984","Dimensional Accuracy","Pass","INSP-4"
"QC-5171","2026-02-20 03:00:00","PROD-104","WO-10984","Functional Test","Pass","INSP-3"
"QC-5172","2026-02-20 04:00:00","PROD-104","WO-10984","Dimensional Accuracy","Pass","INSP-2"
"QC-5173","2026-02-20 05:00:00","PROD-104","WO-10984","Dimensional Accuracy","Pass","INSP-3"
"QC-5174","2026-02-20 06:00:00","PROD-104","WO-10984","Visual Inspection","Pass","INSP-2"
"QC-5175","2026-02-10 00:00:00","PROD-103","WO-10985","Functional Test","Pass","INSP-4"
"QC-5176","2026-02-10 01:00:00","PROD-103","WO-10985","Visual Inspection","Pass","INSP-2"
"QC-5177","2026-02-10 02:00:00","PROD-103","WO-10985","Functional Test","Pass","INSP-2"
"QC-5178","2026-02-10 03:00:00","PROD-103","WO-10985","Dimensional Accuracy","Pass","INSP-4"
"QC-5179","2026-02-10 04:00:00","PROD-103","WO-10985","Functional Test","Pass","INSP-2"
"QC-5180","2026-02-10 05:00:00","PROD-103","WO-10985","Functional Test","Pass","INSP-4"
"QC-5181","2026-02-10 06:00:00","PROD-103","WO-10985","Functional Test","Pass","INSP-3"
"QC-5182","2026-02-10 07:00:00","PROD-103","WO-10985","Dimensional Accuracy","Pass","INSP-1"
"QC-5183","2026-02-10 08:00:00","PROD-103","WO-10985","Dimensional Accuracy","Pass","INSP-4"
"QC-5184","2026-02-10 09:00:00","PROD-103","WO-10985","Visual Inspection","Pass","INSP-5"
"QC-5185","2026-03-31 00:00:00","PROD-103","WO-10986","Functional Test","Pass","INSP-2"
"QC-5186","2025-08-20 00:00:00","PROD-101","WO-10988","Dimensional Accuracy","Pass","INSP-4"
"QC-5187","2025-08-20 01:00:00","PROD-101","WO-10988","Dimensional Accuracy","Fail","INSP-5"
"QC-5188","2025-12-12 00:00:00","PROD-104","WO-10989","Functional Test","Pass","INSP-5"
"QC-5189","2025-12-12 01:00:00","PROD-104","WO-10989","Visual Inspection","Pass","INSP-4"
"QC-5190","2025-12-12 02:00:00","PROD-104","WO-10989","Dimensional Accuracy","Fail","INSP-4"
"QC-5191","2025-12-12 03:00:00","PROD-104","WO-10989","Visual Inspection","Pass","INSP-3"
"QC-5192","2025-12-12 04:00:00","PROD-104","WO-10989","Visual Inspection","Pass","INSP-3"
"QC-5193","2025-12-12 05:00:00","PROD-104","WO-10989","Functional Test","Pass","INSP-1"
"QC-5194","2025-12-12 06:00:00","PROD-104","WO-10989","Visual Inspection","Pass","INSP-4"
"QC-5195","2025-12-12 07:00:00","PROD-104","WO-10989","Dimensional Accuracy","Fail","INSP-2"
"QC-5196","2025-12-12 08:00:00","PROD-104","WO-10989","Visual Inspection","Fail","INSP-1"
"QC-5197","2025-10-11 00:00:00","PROD-101","WO-10990","Visual Inspection","Pass","INSP-5"
"QC-5198","2025-10-11 01:00:00","PROD-101","WO-10990","Dimensional Accuracy","Pass","INSP-5"
"QC-5199","2025-10-11 02:00:00","PROD-101","WO-10990","Dimensional Accuracy","Pass","INSP-2"
"QC-5200","2025-10-11 03:00:00","PROD-101","WO-10990","Dimensional Accuracy","Pass","INSP-4"
"QC-5201","2025-10-11 04:00:00","PROD-101","WO-10990","Visual Inspection","Pass","INSP-2"
"QC-5202","2025-10-11 05:00:00","PROD-101","WO-10990","Functional Test","Pass","INSP-1"
"QC-5203","2025-10-11 06:00:00","PROD-101","WO-10990","Visual Inspection","Pass","INSP-2"
"QC-5204","2025-10-11 07:00:00","PROD-101","WO-10990","Functional Test","Pass","INSP-2"
"QC-5205","2025-10-11 08:00:00","PROD-101","WO-10990","Functional Test","Pass","INSP-5"
"QC-5206","2025-10-11 09:00:00","PROD-101","WO-10990","Visual Inspection","Pass","INSP-2"
"QC-5207","2025-10-11 10:00:00","PROD-101","WO-10990","Functional Test","Pass","INSP-1"
"QC-5208","2025-10-11 11:00:00","PROD-101","WO-10990","Visual Inspection","Pass","INSP-4"
"QC-5209","2025-10-11 12:00:00","PROD-101","WO-10990","Dimensional Accuracy","Pass","INSP-2"
"QC-5210","2025-10-11 13:00:00","PROD-101","WO-10990","Functional Test","Fail","INSP-5"
"QC-5211","2025-10-11 14:00:00","PROD-101","WO-10990","Functional Test","Pass","INSP-4"
"QC-5212","2026-01-08 00:00:00","PROD-101","WO-10991","Functional Test","Pass","INSP-2"
"QC-5213","2026-01-08 01:00:00","PROD-101","WO-10991","Functional Test","Pass","INSP-3"
"QC-5214","2026-01-08 02:00:00","PROD-101","WO-10991","Visual Inspection","Pass","INSP-5"
"QC-5215","2026-01-08 03:00:00","PROD-101","WO-10991","Visual Inspection","Pass","INSP-4"
"QC-5216","2026-01-08 04:00:00","PROD-101","WO-10991","Functional Test","Fail","INSP-2"
"QC-5217","2026-01-08 05:00:00","PROD-101","WO-10991","Visual Inspection","Pass","INSP-2"
"QC-5218","2026-01-08 06:00:00","PROD-101","WO-10991","Visual Inspection","Pass","INSP-4"
"QC-5219","2026-01-08 07:00:00","PROD-101","WO-10991","Dimensional Accuracy","Pass","INSP-5"
"QC-5220","2025-08-10 00:00:00","PROD-102","WO-10992","Visual Inspection","Pass","INSP-5"
"QC-5221","2025-08-10 01:00:00","PROD-102","WO-10992","Dimensional Accuracy","Pass","INSP-3"
"QC-5222","2025-08-10 02:00:00","PROD-102","WO-10992","Visual Inspection","Pass","INSP-1"
"QC-5223","2025-08-10 03:00:00","PROD-102","WO-10992","Dimensional Accuracy","Fail","INSP-3"
"QC-5224","2025-08-10 04:00:00","PROD-102","WO-10992","Visual Inspection","Pass","INSP-2"
"QC-5225","2025-08-10 05:00:00","PROD-102","WO-10992","Functional Test","Pass","INSP-1"
"QC-5226","2025-08-10 06:00:00","PROD-102","WO-10992","Visual Inspection","Pass","INSP-2"
"QC-5227","2025-08-10 07:00:00","PROD-102","WO-10992","Visual Inspection","Fail","INSP-4"
"QC-5228","2025-11-12 00:00:00","PROD-103","WO-10993","Functional Test","Pass","INSP-1"
"QC-5229","2025-11-12 01:00:00","PROD-103","WO-10993","Functional Test","Pass","INSP-2"
"QC-5230","2025-11-12 02:00:00","PROD-103","WO-10993","Dimensional Accuracy","Pass","INSP-2"
"QC-5231","2025-11-12 03:00:00","PROD-103","WO-10993","Visual Inspection","Pass","INSP-5"
"QC-5232","2025-11-12 04:00:00","PROD-103","WO-10993","Dimensional Accuracy","Fail","INSP-2"
"QC-5233","2025-11-12 05:00:00","PROD-103","WO-10993","Visual Inspection","Pass","INSP-5"
"QC-5234","2025-11-12 06:00:00","PROD-103","WO-10993","Functional Test","Fail","INSP-3"
"QC-5235","2025-11-12 07:00:00","PROD-103","WO-10993","Visual Inspection","Pass","INSP-5"
"QC-5236","2025-11-12 08:00:00","PROD-103","WO-10993","Functional Test","Pass","INSP-5"
"QC-5237","2025-11-12 09:00:00","PROD-103","WO-10993","Dimensional Accuracy","Pass","INSP-4"
"QC-5238","2026-02-18 00:00:00","PROD-104","WO-10994","Functional Test","Fail","INSP-3"
"QC-5239","2026-02-18 01:00:00","PROD-104","WO-10994","Functional Test","Pass","INSP-1"
"QC-5240","2026-02-18 02:00:00","PROD-104","WO-10994","Functional Test","Pass","INSP-1"
"QC-5241","2026-02-18 03:00:00","PROD-104","WO-10994","Dimensional Accuracy","Pass","INSP-2"
"QC-5242","2026-02-18 04:00:00","PROD-104","WO-10994","Functional Test","Pass","INSP-4"
"QC-5243","2025-05-01 00:00:00","PROD-101","WO-10997","Visual Inspection","Pass","INSP-1"
"QC-5244","2025-05-01 01:00:00","PROD-101","WO-10997","Functional Test","Pass","INSP-3"
"QC-5245","2025-05-01 02:00:00","PROD-101","WO-10997","Visual Inspection","Pass","INSP-2"
"QC-5246","2025-05-01 03:00:00","PROD-101","WO-10997","Visual Inspection","Pass","INSP-5"
"QC-5247","2025-05-01 04:00:00","PROD-101","WO-10997","Visual Inspection","Pass","INSP-3"
"QC-5248","2025-05-01 05:00:00","PROD-101","WO-10997","Functional Test","Pass","INSP-4"
"QC-5249","2025-05-01 06:00:00","PROD-101","WO-10997","Visual Inspection","Pass","INSP-4"
"QC-5250","2025-05-01 07:00:00","PROD-101","WO-10997","Visual Inspection","Pass","INSP-2"
"QC-5251","2025-05-01 08:00:00","PROD-101","WO-10997","Dimensional Accuracy","Pass","INSP-1"
"QC-5252","2025-05-01 09:00:00","PROD-101","WO-10997","Dimensional Accuracy","Fail","INSP-4"
"QC-5253","2025-05-01 10:00:00","PROD-101","WO-10997","Functional Test","Pass","INSP-4"
"QC-5254","2025-05-01 11:00:00","PROD-101","WO-10997","Dimensional Accuracy","Pass","INSP-4"
"QC-5255","2025-08-07 00:00:00","PROD-103","WO-10998","Dimensional Accuracy","Pass","INSP-2"
"QC-5256","2025-08-07 01:00:00","PROD-103","WO-10998","Dimensional Accuracy","Pass","INSP-4"
"QC-5257","2025-08-07 02:00:00","PROD-103","WO-10998","Functional Test","Pass","INSP-3"
"QC-5258","2025-08-07 03:00:00","PROD-103","WO-10998","Functional Test","Pass","INSP-3"
"QC-5259","2025-08-07 04:00:00","PROD-103","WO-10998","Functional Test","Pass","INSP-2"
"QC-5260","2025-08-07 05:00:00","PROD-103","WO-10998","Visual Inspection","Pass","INSP-2"
"QC-5261","2025-08-07 06:00:00","PROD-103","WO-10998","Visual Inspection","Pass","INSP-1"
"QC-5262","2025-08-07 07:00:00","PROD-103","WO-10998","Visual Inspection","Pass","INSP-4"
"QC-5263","2025-08-07 08:00:00","PROD-103","WO-10998","Visual Inspection","Pass","INSP-2"
"QC-5264","2025-08-07 09:00:00","PROD-103","WO-10998","Dimensional Accuracy","Pass","INSP-1"
"QC-5265","2025-08-07 10:00:00","PROD-103","WO-10998","Visual Inspection","Pass","INSP-4"